type,id,category,file,source,score
unit,scv,deploy_move,SCV_Yes09.ogg,TMG_CANDIDATES/mods/liberty.sc2mod/enus.sc2assets/LocalizedData/Sounds/TerranUnitVO/SCV/SCV_Yes09.ogg,205
unit,scv,deploy_move,SCV_Yes10.ogg,TMG_CANDIDATES/mods/liberty.sc2mod/enus.sc2assets/LocalizedData/Sounds/TerranUnitVO/SCV/SCV_Yes10.ogg,205
unit,scv,deploy_move,SCV_Yes11.ogg,TMG_CANDIDATES/mods/liberty.sc2mod/enus.sc2assets/LocalizedData/Sounds/TerranUnitVO/SCV/SCV_Yes11.ogg,205
unit,scv,deploy_move,SCV_Yes12.ogg,TMG_CANDIDATES/mods/liberty.sc2mod/enus.sc2assets/LocalizedData/Sounds/TerranUnitVO/SCV/SCV_Yes12.ogg,205
unit,scv,deploy_move,SCV_Yes13.ogg,TMG_CANDIDATES/mods/liberty.sc2mod/enus.sc2assets/LocalizedData/Sounds/TerranUnitVO/SCV/SCV_Yes13.ogg,205
unit,scv,deploy_move,SCV_Yes14.ogg,TMG_CANDIDATES/mods/liberty.sc2mod/enus.sc2assets/LocalizedData/Sounds/TerranUnitVO/SCV/SCV_Yes14.ogg,205
unit,scv,deploy_move,SCV_Yes15.ogg,TMG_CANDIDATES/mods/liberty.sc2mod/enus.sc2assets/LocalizedData/Sounds/TerranUnitVO/SCV/SCV_Yes15.ogg,205
unit,scv,deploy_move,SCV_Yes16.ogg,TMG_CANDIDATES/mods/liberty.sc2mod/enus.sc2assets/LocalizedData/Sounds/TerranUnitVO/SCV/SCV_Yes16.ogg,205
unit,scv,deploy_move,SCV_Yes17.ogg,TMG_CANDIDATES/mods/liberty.sc2mod/enus.sc2assets/LocalizedData/Sounds/TerranUnitVO/SCV/SCV_Yes17.ogg,205
unit,scv,deploy_move,SCV_Yes18.ogg,TMG_CANDIDATES/mods/liberty.sc2mod/enus.sc2assets/LocalizedData/Sounds/TerranUnitVO/SCV/SCV_Yes18.ogg,205
unit,scv,attack,SCV_Attack00.ogg,TMG_CANDIDATES/mods/liberty.sc2mod/enus.sc2assets/LocalizedData/Sounds/TerranUnitVO/SCV/SCV_Attack00.ogg,205
unit,scv,attack,SCV_Attack01.ogg,TMG_CANDIDATES/mods/liberty.sc2mod/enus.sc2assets/LocalizedData/Sounds/TerranUnitVO/SCV/SCV_Attack01.ogg,205
unit,scv,attack,SCV_Attack02.ogg,TMG_CANDIDATES/mods/liberty.sc2mod/enus.sc2assets/LocalizedData/Sounds/TerranUnitVO/SCV/SCV_Attack02.ogg,205
unit,scv,attack,SCV_Attack03.ogg,TMG_CANDIDATES/mods/liberty.sc2mod/enus.sc2assets/LocalizedData/Sounds/TerranUnitVO/SCV/SCV_Attack03.ogg,205
unit,scv,death,SCV_Death06.wav,TMG_CANDIDATES/mods/liberty.sc2mod/enus.sc2assets/LocalizedData/Sounds/TerranUnitVO/SCV/SCV_Death06.wav,205
unit,scv,death,SCV_Death07.wav,TMG_CANDIDATES/mods/liberty.sc2mod/enus.sc2assets/LocalizedData/Sounds/TerranUnitVO/SCV/SCV_Death07.wav,205
unit,scv,death,SCV_Death08.wav,TMG_CANDIDATES/mods/liberty.sc2mod/enus.sc2assets/LocalizedData/Sounds/TerranUnitVO/SCV/SCV_Death08.wav,205
unit,scv,death,SCV_Death09.wav,TMG_CANDIDATES/mods/liberty.sc2mod/enus.sc2assets/LocalizedData/Sounds/TerranUnitVO/SCV/SCV_Death09.wav,205
unit,marine,deploy_move,Marine_Yes07.ogg,TMG_CANDIDATES/mods/liberty.sc2mod/enus.sc2assets/LocalizedData/Sounds/TerranUnitVO/Marine/Marine_Yes07.ogg,205
unit,marine,deploy_move,Marine_Yes08.ogg,TMG_CANDIDATES/mods/liberty.sc2mod/enus.sc2assets/LocalizedData/Sounds/TerranUnitVO/Marine/Marine_Yes08.ogg,205
unit,marine,deploy_move,Marine_Yes09.ogg,TMG_CANDIDATES/mods/liberty.sc2mod/enus.sc2assets/LocalizedData/Sounds/TerranUnitVO/Marine/Marine_Yes09.ogg,205
unit,marine,deploy_move,Marine_Yes10.ogg,TMG_CANDIDATES/mods/liberty.sc2mod/enus.sc2assets/LocalizedData/Sounds/TerranUnitVO/Marine/Marine_Yes10.ogg,205
unit,marine,deploy_move,Marine_Yes11.ogg,TMG_CANDIDATES/mods/liberty.sc2mod/enus.sc2assets/LocalizedData/Sounds/TerranUnitVO/Marine/Marine_Yes11.ogg,205
unit,marine,deploy_move,Marine_Yes12.ogg,TMG_CANDIDATES/mods/liberty.sc2mod/enus.sc2assets/LocalizedData/Sounds/TerranUnitVO/Marine/Marine_Yes12.ogg,205
unit,marine,deploy_move,Marine_Yes13.ogg,TMG_CANDIDATES/mods/liberty.sc2mod/enus.sc2assets/LocalizedData/Sounds/TerranUnitVO/Marine/Marine_Yes13.ogg,205
unit,marine,deploy_move,Marine_Yes14.ogg,TMG_CANDIDATES/mods/liberty.sc2mod/enus.sc2assets/LocalizedData/Sounds/TerranUnitVO/Marine/Marine_Yes14.ogg,205
unit,marine,deploy_move,Marine_Yes15.ogg,TMG_CANDIDATES/mods/liberty.sc2mod/enus.sc2assets/LocalizedData/Sounds/TerranUnitVO/Marine/Marine_Yes15.ogg,205
unit,marine,deploy_move,Marine_Yes16.ogg,TMG_CANDIDATES/mods/liberty.sc2mod/enus.sc2assets/LocalizedData/Sounds/TerranUnitVO/Marine/Marine_Yes16.ogg,205
unit,marine,deploy_move,Marine_Yes17.ogg,TMG_CANDIDATES/mods/liberty.sc2mod/enus.sc2assets/LocalizedData/Sounds/TerranUnitVO/Marine/Marine_Yes17.ogg,205
unit,marine,deploy_move,Marine_Yes18.ogg,TMG_CANDIDATES/mods/liberty.sc2mod/enus.sc2assets/LocalizedData/Sounds/TerranUnitVO/Marine/Marine_Yes18.ogg,205
unit,marine,deploy_move,Marine_Yes19.ogg,TMG_CANDIDATES/mods/liberty.sc2mod/enus.sc2assets/LocalizedData/Sounds/TerranUnitVO/Marine/Marine_Yes19.ogg,205
unit,marine,deploy_move,Marine_Yes20.ogg,TMG_CANDIDATES/mods/liberty.sc2mod/enus.sc2assets/LocalizedData/Sounds/TerranUnitVO/Marine/Marine_Yes20.ogg,205
unit,marine,deploy_move,Marine_Yes21.ogg,TMG_CANDIDATES/mods/liberty.sc2mod/enus.sc2assets/LocalizedData/Sounds/TerranUnitVO/Marine/Marine_Yes21.ogg,205
unit,marine,deploy_move,Marine_Yes22.ogg,TMG_CANDIDATES/mods/liberty.sc2mod/enus.sc2assets/LocalizedData/Sounds/TerranUnitVO/Marine/Marine_Yes22.ogg,205
unit,marine,attack,Marine_Attack00.ogg,TMG_CANDIDATES/mods/liberty.sc2mod/enus.sc2assets/LocalizedData/Sounds/TerranUnitVO/Marine/Marine_Attack00.ogg,205
unit,marine,attack,Marine_Attack01.ogg,TMG_CANDIDATES/mods/liberty.sc2mod/enus.sc2assets/LocalizedData/Sounds/TerranUnitVO/Marine/Marine_Attack01.ogg,205
unit,marine,attack,Marine_Attack02.ogg,TMG_CANDIDATES/mods/liberty.sc2mod/enus.sc2assets/LocalizedData/Sounds/TerranUnitVO/Marine/Marine_Attack02.ogg,205
unit,marine,attack,Marine_Attack03.ogg,TMG_CANDIDATES/mods/liberty.sc2mod/enus.sc2assets/LocalizedData/Sounds/TerranUnitVO/Marine/Marine_Attack03.ogg,205
unit,marine,attack,Marine_Attack04.ogg,TMG_CANDIDATES/mods/liberty.sc2mod/enus.sc2assets/LocalizedData/Sounds/TerranUnitVO/Marine/Marine_Attack04.ogg,205
unit,marine,attack,Marine_Attack05.ogg,TMG_CANDIDATES/mods/liberty.sc2mod/enus.sc2assets/LocalizedData/Sounds/TerranUnitVO/Marine/Marine_Attack05.ogg,205
unit,marine,attack,Marine_Attack06.ogg,TMG_CANDIDATES/mods/liberty.sc2mod/enus.sc2assets/LocalizedData/Sounds/TerranUnitVO/Marine/Marine_Attack06.ogg,205
unit,marine,attack,Marine_Attack07.ogg,TMG_CANDIDATES/mods/liberty.sc2mod/enus.sc2assets/LocalizedData/Sounds/TerranUnitVO/Marine/Marine_Attack07.ogg,205
unit,marine,attack,Marine_Attack08.ogg,TMG_CANDIDATES/mods/liberty.sc2mod/enus.sc2assets/LocalizedData/Sounds/TerranUnitVO/Marine/Marine_Attack08.ogg,205
unit,marine,death,Marine_Death02.wav,TMG_CANDIDATES/mods/liberty.sc2mod/enus.sc2assets/LocalizedData/Sounds/TerranUnitVO/Marine/Marine_Death02.wav,205
unit,marine,death,Marine_Death03.wav,TMG_CANDIDATES/mods/liberty.sc2mod/enus.sc2assets/LocalizedData/Sounds/TerranUnitVO/Marine/Marine_Death03.wav,205
unit,marine,death,Marine_Death04.wav,TMG_CANDIDATES/mods/liberty.sc2mod/enus.sc2assets/LocalizedData/Sounds/TerranUnitVO/Marine/Marine_Death04.wav,205
unit,marine,death,Marine_Death05.wav,TMG_CANDIDATES/mods/liberty.sc2mod/enus.sc2assets/LocalizedData/Sounds/TerranUnitVO/Marine/Marine_Death05.wav,205
unit,marine,death,Marine_Death06.wav,TMG_CANDIDATES/mods/liberty.sc2mod/enus.sc2assets/LocalizedData/Sounds/TerranUnitVO/Marine/Marine_Death06.wav,205
unit,marine,death,Marine_Death07.wav,TMG_CANDIDATES/mods/liberty.sc2mod/enus.sc2assets/LocalizedData/Sounds/TerranUnitVO/Marine/Marine_Death07.wav,205
unit,marauder,deploy_move,Marauder_What02.ogg,TMG_CANDIDATES/mods/liberty.sc2mod/enus.sc2assets/LocalizedData/Sounds/TerranUnitVO/Marauder/Marauder_What02.ogg,205
unit,marauder,deploy_move,Marauder_What03.ogg,TMG_CANDIDATES/mods/liberty.sc2mod/enus.sc2assets/LocalizedData/Sounds/TerranUnitVO/Marauder/Marauder_What03.ogg,205
unit,marauder,deploy_move,Marauder_What04.ogg,TMG_CANDIDATES/mods/liberty.sc2mod/enus.sc2assets/LocalizedData/Sounds/TerranUnitVO/Marauder/Marauder_What04.ogg,205
unit,marauder,deploy_move,Marauder_What05.ogg,TMG_CANDIDATES/mods/liberty.sc2mod/enus.sc2assets/LocalizedData/Sounds/TerranUnitVO/Marauder/Marauder_What05.ogg,205
unit,marauder,deploy_move,Marauder_Yes00.ogg,TMG_CANDIDATES/mods/liberty.sc2mod/enus.sc2assets/LocalizedData/Sounds/TerranUnitVO/Marauder/Marauder_Yes00.ogg,205
unit,marauder,deploy_move,Marauder_Yes01.ogg,TMG_CANDIDATES/mods/liberty.sc2mod/enus.sc2assets/LocalizedData/Sounds/TerranUnitVO/Marauder/Marauder_Yes01.ogg,205
unit,marauder,deploy_move,Marauder_Yes02.ogg,TMG_CANDIDATES/mods/liberty.sc2mod/enus.sc2assets/LocalizedData/Sounds/TerranUnitVO/Marauder/Marauder_Yes02.ogg,205
unit,marauder,deploy_move,Marauder_Yes03.ogg,TMG_CANDIDATES/mods/liberty.sc2mod/enus.sc2assets/LocalizedData/Sounds/TerranUnitVO/Marauder/Marauder_Yes03.ogg,205
unit,marauder,deploy_move,Marauder_Yes04.ogg,TMG_CANDIDATES/mods/liberty.sc2mod/enus.sc2assets/LocalizedData/Sounds/TerranUnitVO/Marauder/Marauder_Yes04.ogg,205
unit,marauder,deploy_move,Marauder_Yes05.ogg,TMG_CANDIDATES/mods/liberty.sc2mod/enus.sc2assets/LocalizedData/Sounds/TerranUnitVO/Marauder/Marauder_Yes05.ogg,205
unit,marauder,deploy_move,Marauder_Yes06.ogg,TMG_CANDIDATES/mods/liberty.sc2mod/enus.sc2assets/LocalizedData/Sounds/TerranUnitVO/Marauder/Marauder_Yes06.ogg,205
unit,marauder,deploy_move,Marauder_Yes07.ogg,TMG_CANDIDATES/mods/liberty.sc2mod/enus.sc2assets/LocalizedData/Sounds/TerranUnitVO/Marauder/Marauder_Yes07.ogg,205
unit,marauder,deploy_move,Marauder_Yes08.ogg,TMG_CANDIDATES/mods/liberty.sc2mod/enus.sc2assets/LocalizedData/Sounds/TerranUnitVO/Marauder/Marauder_Yes08.ogg,205
unit,marauder,deploy_move,Marauder_Yes09.ogg,TMG_CANDIDATES/mods/liberty.sc2mod/enus.sc2assets/LocalizedData/Sounds/TerranUnitVO/Marauder/Marauder_Yes09.ogg,205
unit,marauder,deploy_move,Marauder_Yes10.ogg,TMG_CANDIDATES/mods/liberty.sc2mod/enus.sc2assets/LocalizedData/Sounds/TerranUnitVO/Marauder/Marauder_Yes10.ogg,205
unit,marauder,deploy_move,Marauder_Yes11.ogg,TMG_CANDIDATES/mods/liberty.sc2mod/enus.sc2assets/LocalizedData/Sounds/TerranUnitVO/Marauder/Marauder_Yes11.ogg,205
unit,marauder,attack,Marauder_Attack00.ogg,TMG_CANDIDATES/mods/liberty.sc2mod/enus.sc2assets/LocalizedData/Sounds/TerranUnitVO/Marauder/Marauder_Attack00.ogg,205
unit,marauder,attack,Marauder_Attack01.ogg,TMG_CANDIDATES/mods/liberty.sc2mod/enus.sc2assets/LocalizedData/Sounds/TerranUnitVO/Marauder/Marauder_Attack01.ogg,205
unit,marauder,attack,Marauder_Attack02.ogg,TMG_CANDIDATES/mods/liberty.sc2mod/enus.sc2assets/LocalizedData/Sounds/TerranUnitVO/Marauder/Marauder_Attack02.ogg,205
unit,marauder,attack,Marauder_Attack03.ogg,TMG_CANDIDATES/mods/liberty.sc2mod/enus.sc2assets/LocalizedData/Sounds/TerranUnitVO/Marauder/Marauder_Attack03.ogg,205
unit,marauder,attack,Marauder_Attack04.ogg,TMG_CANDIDATES/mods/liberty.sc2mod/enus.sc2assets/LocalizedData/Sounds/TerranUnitVO/Marauder/Marauder_Attack04.ogg,205
unit,marauder,attack,Marauder_Attack05.ogg,TMG_CANDIDATES/mods/liberty.sc2mod/enus.sc2assets/LocalizedData/Sounds/TerranUnitVO/Marauder/Marauder_Attack05.ogg,205
unit,marauder,death,Marauder_Death01.wav,TMG_CANDIDATES/mods/liberty.sc2mod/enus.sc2assets/LocalizedData/Sounds/TerranUnitVO/Marauder/Marauder_Death01.wav,205
unit,marauder,death,Marauder_Death02.wav,TMG_CANDIDATES/mods/liberty.sc2mod/enus.sc2assets/LocalizedData/Sounds/TerranUnitVO/Marauder/Marauder_Death02.wav,205
unit,marauder,death,Marauder_Death03.wav,TMG_CANDIDATES/mods/liberty.sc2mod/enus.sc2assets/LocalizedData/Sounds/TerranUnitVO/Marauder/Marauder_Death03.wav,205
unit,marauder,death,Marauder_Death04.wav,TMG_CANDIDATES/mods/liberty.sc2mod/enus.sc2assets/LocalizedData/Sounds/TerranUnitVO/Marauder/Marauder_Death04.wav,205
unit,marauder,death,Marauder_Death05.wav,TMG_CANDIDATES/mods/liberty.sc2mod/enus.sc2assets/LocalizedData/Sounds/TerranUnitVO/Marauder/Marauder_Death05.wav,205
unit,marauder,death,Marauder_Death06.wav,TMG_CANDIDATES/mods/liberty.sc2mod/enus.sc2assets/LocalizedData/Sounds/TerranUnitVO/Marauder/Marauder_Death06.wav,205
unit,reaper,deploy_move,Reaper_Yes02.ogg,TMG_CANDIDATES/mods/liberty.sc2mod/enus.sc2assets/LocalizedData/Sounds/TerranUnitVO/Reaper/Reaper_Yes02.ogg,205
unit,reaper,deploy_move,Reaper_Yes03.ogg,TMG_CANDIDATES/mods/liberty.sc2mod/enus.sc2assets/LocalizedData/Sounds/TerranUnitVO/Reaper/Reaper_Yes03.ogg,205
unit,reaper,deploy_move,Reaper_Yes04.ogg,TMG_CANDIDATES/mods/liberty.sc2mod/enus.sc2assets/LocalizedData/Sounds/TerranUnitVO/Reaper/Reaper_Yes04.ogg,205
unit,reaper,deploy_move,Reaper_Yes05.ogg,TMG_CANDIDATES/mods/liberty.sc2mod/enus.sc2assets/LocalizedData/Sounds/TerranUnitVO/Reaper/Reaper_Yes05.ogg,205
unit,reaper,deploy_move,Reaper_Yes06.ogg,TMG_CANDIDATES/mods/liberty.sc2mod/enus.sc2assets/LocalizedData/Sounds/TerranUnitVO/Reaper/Reaper_Yes06.ogg,205
unit,reaper,deploy_move,Reaper_Yes07.ogg,TMG_CANDIDATES/mods/liberty.sc2mod/enus.sc2assets/LocalizedData/Sounds/TerranUnitVO/Reaper/Reaper_Yes07.ogg,205
unit,reaper,deploy_move,Reaper_Yes08.ogg,TMG_CANDIDATES/mods/liberty.sc2mod/enus.sc2assets/LocalizedData/Sounds/TerranUnitVO/Reaper/Reaper_Yes08.ogg,205
unit,reaper,deploy_move,Reaper_Yes09.ogg,TMG_CANDIDATES/mods/liberty.sc2mod/enus.sc2assets/LocalizedData/Sounds/TerranUnitVO/Reaper/Reaper_Yes09.ogg,205
unit,reaper,deploy_move,Reaper_Yes10.ogg,TMG_CANDIDATES/mods/liberty.sc2mod/enus.sc2assets/LocalizedData/Sounds/TerranUnitVO/Reaper/Reaper_Yes10.ogg,205
unit,reaper,deploy_move,Reaper_Yes11.ogg,TMG_CANDIDATES/mods/liberty.sc2mod/enus.sc2assets/LocalizedData/Sounds/TerranUnitVO/Reaper/Reaper_Yes11.ogg,205
unit,reaper,attack,Reaper_Attack00.ogg,TMG_CANDIDATES/mods/liberty.sc2mod/enus.sc2assets/LocalizedData/Sounds/TerranUnitVO/Reaper/Reaper_Attack00.ogg,205
unit,reaper,attack,Reaper_Attack01.ogg,TMG_CANDIDATES/mods/liberty.sc2mod/enus.sc2assets/LocalizedData/Sounds/TerranUnitVO/Reaper/Reaper_Attack01.ogg,205
unit,reaper,attack,Reaper_Attack02.ogg,TMG_CANDIDATES/mods/liberty.sc2mod/enus.sc2assets/LocalizedData/Sounds/TerranUnitVO/Reaper/Reaper_Attack02.ogg,205
unit,reaper,attack,Reaper_Attack04.ogg,TMG_CANDIDATES/mods/liberty.sc2mod/enus.sc2assets/LocalizedData/Sounds/TerranUnitVO/Reaper/Reaper_Attack04.ogg,205
unit,reaper,attack,Reaper_Attack05.ogg,TMG_CANDIDATES/mods/liberty.sc2mod/enus.sc2assets/LocalizedData/Sounds/TerranUnitVO/Reaper/Reaper_Attack05.ogg,205
unit,reaper,attack,Reaper_Attack06.ogg,TMG_CANDIDATES/mods/liberty.sc2mod/enus.sc2assets/LocalizedData/Sounds/TerranUnitVO/Reaper/Reaper_Attack06.ogg,205
unit,reaper,death,Reaper_Death02.wav,TMG_CANDIDATES/mods/liberty.sc2mod/enus.sc2assets/LocalizedData/Sounds/TerranUnitVO/Reaper/Reaper_Death02.wav,205
unit,reaper,death,Reaper_Death03.wav,TMG_CANDIDATES/mods/liberty.sc2mod/enus.sc2assets/LocalizedData/Sounds/TerranUnitVO/Reaper/Reaper_Death03.wav,205
unit,reaper,death,Reaper_Death04.wav,TMG_CANDIDATES/mods/liberty.sc2mod/enus.sc2assets/LocalizedData/Sounds/TerranUnitVO/Reaper/Reaper_Death04.wav,205
unit,reaper,death,Reaper_Death05.wav,TMG_CANDIDATES/mods/liberty.sc2mod/enus.sc2assets/LocalizedData/Sounds/TerranUnitVO/Reaper/Reaper_Death05.wav,205
unit,ghost,deploy_move,Ghost_Yes01.ogg,TMG_CANDIDATES/mods/liberty.sc2mod/enus.sc2assets/LocalizedData/Sounds/TerranUnitVO/Ghost/Ghost_Yes01.ogg,205
unit,ghost,deploy_move,Ghost_Yes02.ogg,TMG_CANDIDATES/mods/liberty.sc2mod/enus.sc2assets/LocalizedData/Sounds/TerranUnitVO/Ghost/Ghost_Yes02.ogg,205
unit,ghost,deploy_move,Ghost_Yes03.ogg,TMG_CANDIDATES/mods/liberty.sc2mod/enus.sc2assets/LocalizedData/Sounds/TerranUnitVO/Ghost/Ghost_Yes03.ogg,205
unit,ghost,deploy_move,Ghost_Yes04.ogg,TMG_CANDIDATES/mods/liberty.sc2mod/enus.sc2assets/LocalizedData/Sounds/TerranUnitVO/Ghost/Ghost_Yes04.ogg,205
unit,ghost,deploy_move,Ghost_Yes05.ogg,TMG_CANDIDATES/mods/liberty.sc2mod/enus.sc2assets/LocalizedData/Sounds/TerranUnitVO/Ghost/Ghost_Yes05.ogg,205
unit,ghost,deploy_move,Ghost_Yes06.ogg,TMG_CANDIDATES/mods/liberty.sc2mod/enus.sc2assets/LocalizedData/Sounds/TerranUnitVO/Ghost/Ghost_Yes06.ogg,205
unit,ghost,deploy_move,Ghost_Yes07.ogg,TMG_CANDIDATES/mods/liberty.sc2mod/enus.sc2assets/LocalizedData/Sounds/TerranUnitVO/Ghost/Ghost_Yes07.ogg,205
unit,ghost,deploy_move,Ghost_Yes08.ogg,TMG_CANDIDATES/mods/liberty.sc2mod/enus.sc2assets/LocalizedData/Sounds/TerranUnitVO/Ghost/Ghost_Yes08.ogg,205
unit,ghost,deploy_move,Ghost_Yes09.ogg,TMG_CANDIDATES/mods/liberty.sc2mod/enus.sc2assets/LocalizedData/Sounds/TerranUnitVO/Ghost/Ghost_Yes09.ogg,205
unit,ghost,deploy_move,Ghost_Yes10.ogg,TMG_CANDIDATES/mods/liberty.sc2mod/enus.sc2assets/LocalizedData/Sounds/TerranUnitVO/Ghost/Ghost_Yes10.ogg,205
unit,ghost,attack,Ghost_Attack00.ogg,TMG_CANDIDATES/mods/liberty.sc2mod/enus.sc2assets/LocalizedData/Sounds/TerranUnitVO/Ghost/Ghost_Attack00.ogg,205
unit,ghost,attack,Ghost_Attack01.ogg,TMG_CANDIDATES/mods/liberty.sc2mod/enus.sc2assets/LocalizedData/Sounds/TerranUnitVO/Ghost/Ghost_Attack01.ogg,205
unit,ghost,attack,Ghost_Attack02.ogg,TMG_CANDIDATES/mods/liberty.sc2mod/enus.sc2assets/LocalizedData/Sounds/TerranUnitVO/Ghost/Ghost_Attack02.ogg,205
unit,ghost,attack,Ghost_Attack03.ogg,TMG_CANDIDATES/mods/liberty.sc2mod/enus.sc2assets/LocalizedData/Sounds/TerranUnitVO/Ghost/Ghost_Attack03.ogg,205
unit,ghost,attack,Ghost_Attack04.ogg,TMG_CANDIDATES/mods/liberty.sc2mod/enus.sc2assets/LocalizedData/Sounds/TerranUnitVO/Ghost/Ghost_Attack04.ogg,205
unit,ghost,attack,Ghost_Attack05.ogg,TMG_CANDIDATES/mods/liberty.sc2mod/enus.sc2assets/LocalizedData/Sounds/TerranUnitVO/Ghost/Ghost_Attack05.ogg,205
unit,ghost,attack,Ghost_Attack06.ogg,TMG_CANDIDATES/mods/liberty.sc2mod/enus.sc2assets/LocalizedData/Sounds/TerranUnitVO/Ghost/Ghost_Attack06.ogg,205
unit,ghost,death,Ghost_Death02.wav,TMG_CANDIDATES/mods/liberty.sc2mod/enus.sc2assets/LocalizedData/Sounds/TerranUnitVO/Ghost/Ghost_Death02.wav,205
unit,ghost,death,Ghost_Death03.wav,TMG_CANDIDATES/mods/liberty.sc2mod/enus.sc2assets/LocalizedData/Sounds/TerranUnitVO/Ghost/Ghost_Death03.wav,205
unit,ghost,death,Ghost_Death04.wav,TMG_CANDIDATES/mods/liberty.sc2mod/enus.sc2assets/LocalizedData/Sounds/TerranUnitVO/Ghost/Ghost_Death04.wav,205
unit,ghost,death,Ghost_Death05.wav,TMG_CANDIDATES/mods/liberty.sc2mod/enus.sc2assets/LocalizedData/Sounds/TerranUnitVO/Ghost/Ghost_Death05.wav,205
unit,hellion,deploy_move,Hellion_Yes02.ogg,TMG_CANDIDATES/mods/liberty.sc2mod/enus.sc2assets/LocalizedData/Sounds/TerranUnitVO/Hellion/Hellion_Yes02.ogg,205
unit,hellion,deploy_move,Hellion_Yes03.ogg,TMG_CANDIDATES/mods/liberty.sc2mod/enus.sc2assets/LocalizedData/Sounds/TerranUnitVO/Hellion/Hellion_Yes03.ogg,205
unit,hellion,deploy_move,Hellion_Yes04.ogg,TMG_CANDIDATES/mods/liberty.sc2mod/enus.sc2assets/LocalizedData/Sounds/TerranUnitVO/Hellion/Hellion_Yes04.ogg,205
unit,hellion,deploy_move,Hellion_Yes05.ogg,TMG_CANDIDATES/mods/liberty.sc2mod/enus.sc2assets/LocalizedData/Sounds/TerranUnitVO/Hellion/Hellion_Yes05.ogg,205
unit,hellion,deploy_move,Hellion_Yes06.ogg,TMG_CANDIDATES/mods/liberty.sc2mod/enus.sc2assets/LocalizedData/Sounds/TerranUnitVO/Hellion/Hellion_Yes06.ogg,205
unit,hellion,deploy_move,Hellion_Yes07.ogg,TMG_CANDIDATES/mods/liberty.sc2mod/enus.sc2assets/LocalizedData/Sounds/TerranUnitVO/Hellion/Hellion_Yes07.ogg,205
unit,hellion,deploy_move,Hellion_Yes08.ogg,TMG_CANDIDATES/mods/liberty.sc2mod/enus.sc2assets/LocalizedData/Sounds/TerranUnitVO/Hellion/Hellion_Yes08.ogg,205
unit,hellion,deploy_move,Hellion_Yes09.ogg,TMG_CANDIDATES/mods/liberty.sc2mod/enus.sc2assets/LocalizedData/Sounds/TerranUnitVO/Hellion/Hellion_Yes09.ogg,205
unit,hellion,deploy_move,Hellion_Yes10.ogg,TMG_CANDIDATES/mods/liberty.sc2mod/enus.sc2assets/LocalizedData/Sounds/TerranUnitVO/Hellion/Hellion_Yes10.ogg,205
unit,hellion,deploy_move,Hellion_Yes11.ogg,TMG_CANDIDATES/mods/liberty.sc2mod/enus.sc2assets/LocalizedData/Sounds/TerranUnitVO/Hellion/Hellion_Yes11.ogg,205
unit,hellion,attack,Hellion_Attack00.ogg,TMG_CANDIDATES/mods/liberty.sc2mod/enus.sc2assets/LocalizedData/Sounds/TerranUnitVO/Hellion/Hellion_Attack00.ogg,205
unit,hellion,attack,Hellion_Attack01.ogg,TMG_CANDIDATES/mods/liberty.sc2mod/enus.sc2assets/LocalizedData/Sounds/TerranUnitVO/Hellion/Hellion_Attack01.ogg,205
unit,hellion,attack,Hellion_Attack02.ogg,TMG_CANDIDATES/mods/liberty.sc2mod/enus.sc2assets/LocalizedData/Sounds/TerranUnitVO/Hellion/Hellion_Attack02.ogg,205
unit,hellion,attack,Hellion_Attack03.ogg,TMG_CANDIDATES/mods/liberty.sc2mod/enus.sc2assets/LocalizedData/Sounds/TerranUnitVO/Hellion/Hellion_Attack03.ogg,205
unit,hellion,attack,Hellion_Attack04.ogg,TMG_CANDIDATES/mods/liberty.sc2mod/enus.sc2assets/LocalizedData/Sounds/TerranUnitVO/Hellion/Hellion_Attack04.ogg,205
unit,hellion,attack,Hellion_Attack05.ogg,TMG_CANDIDATES/mods/liberty.sc2mod/enus.sc2assets/LocalizedData/Sounds/TerranUnitVO/Hellion/Hellion_Attack05.ogg,205
unit,hellion,attack,Hellion_Attack06.ogg,TMG_CANDIDATES/mods/liberty.sc2mod/enus.sc2assets/LocalizedData/Sounds/TerranUnitVO/Hellion/Hellion_Attack06.ogg,205
unit,hellion,death,Hellion_Death02.wav,TMG_CANDIDATES/mods/liberty.sc2mod/enus.sc2assets/LocalizedData/Sounds/TerranUnitVO/Hellion/Hellion_Death02.wav,205
unit,hellion,death,Hellion_Death03.wav,TMG_CANDIDATES/mods/liberty.sc2mod/enus.sc2assets/LocalizedData/Sounds/TerranUnitVO/Hellion/Hellion_Death03.wav,205
unit,hellion,death,Hellion_Death04.wav,TMG_CANDIDATES/mods/liberty.sc2mod/enus.sc2assets/LocalizedData/Sounds/TerranUnitVO/Hellion/Hellion_Death04.wav,205
unit,hellion,death,Hellion_Death05.wav,TMG_CANDIDATES/mods/liberty.sc2mod/enus.sc2assets/LocalizedData/Sounds/TerranUnitVO/Hellion/Hellion_Death05.wav,205
unit,hellbat,deploy_move,Hellion_Yes02.ogg,TMG_CANDIDATES/mods/liberty.sc2mod/enus.sc2assets/LocalizedData/Sounds/TerranUnitVO/Hellion/Hellion_Yes02.ogg,205
unit,hellbat,deploy_move,Hellion_Yes03.ogg,TMG_CANDIDATES/mods/liberty.sc2mod/enus.sc2assets/LocalizedData/Sounds/TerranUnitVO/Hellion/Hellion_Yes03.ogg,205
unit,hellbat,deploy_move,Hellion_Yes04.ogg,TMG_CANDIDATES/mods/liberty.sc2mod/enus.sc2assets/LocalizedData/Sounds/TerranUnitVO/Hellion/Hellion_Yes04.ogg,205
unit,hellbat,deploy_move,Hellion_Yes05.ogg,TMG_CANDIDATES/mods/liberty.sc2mod/enus.sc2assets/LocalizedData/Sounds/TerranUnitVO/Hellion/Hellion_Yes05.ogg,205
unit,hellbat,deploy_move,Hellion_Yes06.ogg,TMG_CANDIDATES/mods/liberty.sc2mod/enus.sc2assets/LocalizedData/Sounds/TerranUnitVO/Hellion/Hellion_Yes06.ogg,205
unit,hellbat,deploy_move,Hellion_Yes07.ogg,TMG_CANDIDATES/mods/liberty.sc2mod/enus.sc2assets/LocalizedData/Sounds/TerranUnitVO/Hellion/Hellion_Yes07.ogg,205
unit,hellbat,deploy_move,Hellion_Yes08.ogg,TMG_CANDIDATES/mods/liberty.sc2mod/enus.sc2assets/LocalizedData/Sounds/TerranUnitVO/Hellion/Hellion_Yes08.ogg,205
unit,hellbat,deploy_move,Hellion_Yes09.ogg,TMG_CANDIDATES/mods/liberty.sc2mod/enus.sc2assets/LocalizedData/Sounds/TerranUnitVO/Hellion/Hellion_Yes09.ogg,205
unit,hellbat,deploy_move,Hellion_Yes10.ogg,TMG_CANDIDATES/mods/liberty.sc2mod/enus.sc2assets/LocalizedData/Sounds/TerranUnitVO/Hellion/Hellion_Yes10.ogg,205
unit,hellbat,deploy_move,Hellion_Yes11.ogg,TMG_CANDIDATES/mods/liberty.sc2mod/enus.sc2assets/LocalizedData/Sounds/TerranUnitVO/Hellion/Hellion_Yes11.ogg,205
unit,hellbat,attack,Hellion_Attack00.ogg,TMG_CANDIDATES/mods/liberty.sc2mod/enus.sc2assets/LocalizedData/Sounds/TerranUnitVO/Hellion/Hellion_Attack00.ogg,205
unit,hellbat,attack,Hellion_Attack01.ogg,TMG_CANDIDATES/mods/liberty.sc2mod/enus.sc2assets/LocalizedData/Sounds/TerranUnitVO/Hellion/Hellion_Attack01.ogg,205
unit,hellbat,attack,Hellion_Attack02.ogg,TMG_CANDIDATES/mods/liberty.sc2mod/enus.sc2assets/LocalizedData/Sounds/TerranUnitVO/Hellion/Hellion_Attack02.ogg,205
unit,hellbat,attack,Hellion_Attack03.ogg,TMG_CANDIDATES/mods/liberty.sc2mod/enus.sc2assets/LocalizedData/Sounds/TerranUnitVO/Hellion/Hellion_Attack03.ogg,205
unit,hellbat,attack,Hellion_Attack04.ogg,TMG_CANDIDATES/mods/liberty.sc2mod/enus.sc2assets/LocalizedData/Sounds/TerranUnitVO/Hellion/Hellion_Attack04.ogg,205
unit,hellbat,attack,Hellion_Attack05.ogg,TMG_CANDIDATES/mods/liberty.sc2mod/enus.sc2assets/LocalizedData/Sounds/TerranUnitVO/Hellion/Hellion_Attack05.ogg,205
unit,hellbat,attack,Hellion_Attack06.ogg,TMG_CANDIDATES/mods/liberty.sc2mod/enus.sc2assets/LocalizedData/Sounds/TerranUnitVO/Hellion/Hellion_Attack06.ogg,205
unit,hellbat,death,Hellion_Death02.wav,TMG_CANDIDATES/mods/liberty.sc2mod/enus.sc2assets/LocalizedData/Sounds/TerranUnitVO/Hellion/Hellion_Death02.wav,205
unit,hellbat,death,Hellion_Death03.wav,TMG_CANDIDATES/mods/liberty.sc2mod/enus.sc2assets/LocalizedData/Sounds/TerranUnitVO/Hellion/Hellion_Death03.wav,205
unit,hellbat,death,Hellion_Death04.wav,TMG_CANDIDATES/mods/liberty.sc2mod/enus.sc2assets/LocalizedData/Sounds/TerranUnitVO/Hellion/Hellion_Death04.wav,205
unit,hellbat,death,Hellion_Death05.wav,TMG_CANDIDATES/mods/liberty.sc2mod/enus.sc2assets/LocalizedData/Sounds/TerranUnitVO/Hellion/Hellion_Death05.wav,205
unit,widow_mine,deploy_move,WidowMine__What01.ogg,TMG_CANDIDATES/mods/liberty.sc2mod/base.sc2assets/Assets/Sounds/WidowMine__What01.ogg,135
unit,widow_mine,deploy_move,WidowMine__What02.ogg,TMG_CANDIDATES/mods/liberty.sc2mod/base.sc2assets/Assets/Sounds/WidowMine__What02.ogg,135
unit,widow_mine,deploy_move,WidowMine_Ready00.ogg,TMG_CANDIDATES/mods/liberty.sc2mod/base.sc2assets/Assets/Sounds/WidowMine_Ready00.ogg,135
unit,widow_mine,deploy_move,WidowMine_Ready01.ogg,TMG_CANDIDATES/mods/liberty.sc2mod/base.sc2assets/Assets/Sounds/WidowMine_Ready01.ogg,135
unit,widow_mine,deploy_move,WidowMine_Ready02.ogg,TMG_CANDIDATES/mods/liberty.sc2mod/base.sc2assets/Assets/Sounds/WidowMine_Ready02.ogg,135
unit,widow_mine,deploy_move,WidowMine_What00.ogg,TMG_CANDIDATES/mods/liberty.sc2mod/base.sc2assets/Assets/Sounds/WidowMine_What00.ogg,135
unit,widow_mine,deploy_move,WidowMine_Yes00.ogg,TMG_CANDIDATES/mods/liberty.sc2mod/base.sc2assets/Assets/Sounds/WidowMine_Yes00.ogg,135
unit,widow_mine,deploy_move,WidowMine_Yes01.ogg,TMG_CANDIDATES/mods/liberty.sc2mod/base.sc2assets/Assets/Sounds/WidowMine_Yes01.ogg,135
unit,widow_mine,attack,WidowMine_Attack00.ogg,TMG_CANDIDATES/mods/liberty.sc2mod/base.sc2assets/Assets/Sounds/WidowMine_Attack00.ogg,135
unit,widow_mine,attack,WidowMine_Attack01.ogg,TMG_CANDIDATES/mods/liberty.sc2mod/base.sc2assets/Assets/Sounds/WidowMine_Attack01.ogg,135
unit,widow_mine,attack,WidowMine_Attack02.ogg,TMG_CANDIDATES/mods/liberty.sc2mod/base.sc2assets/Assets/Sounds/WidowMine_Attack02.ogg,135
unit,widow_mine,death,WidowMine_Death00.wav,TMG_CANDIDATES/mods/liberty.sc2mod/base.sc2assets/Assets/Sounds/WidowMine_Death00.wav,135
unit,widow_mine,death,WidowMine_Death01.wav,TMG_CANDIDATES/mods/liberty.sc2mod/base.sc2assets/Assets/Sounds/WidowMine_Death01.wav,135
unit,widow_mine,death,WidowMine_Death02.wav,TMG_CANDIDATES/mods/liberty.sc2mod/base.sc2assets/Assets/Sounds/WidowMine_Death02.wav,135
unit,widow_mine,death,WidowMine_Death03.wav,TMG_CANDIDATES/mods/liberty.sc2mod/base.sc2assets/Assets/Sounds/WidowMine_Death03.wav,135
unit,cyclone,deploy_move,Cyclone_What04.ogg,TMG_CANDIDATES/mods/liberty.sc2mod/enus.sc2assets/LocalizedData/Sounds/VO/Terran/Cyclone_What04.ogg,170
unit,cyclone,deploy_move,Cyclone_What05.ogg,TMG_CANDIDATES/mods/liberty.sc2mod/enus.sc2assets/LocalizedData/Sounds/VO/Terran/Cyclone_What05.ogg,170
unit,cyclone,deploy_move,Cyclone_What06.ogg,TMG_CANDIDATES/mods/liberty.sc2mod/enus.sc2assets/LocalizedData/Sounds/VO/Terran/Cyclone_What06.ogg,170
unit,cyclone,deploy_move,Cyclone_Yes00.ogg,TMG_CANDIDATES/mods/liberty.sc2mod/enus.sc2assets/LocalizedData/Sounds/VO/Terran/Cyclone_Yes00.ogg,170
unit,cyclone,deploy_move,Cyclone_Yes01.ogg,TMG_CANDIDATES/mods/liberty.sc2mod/enus.sc2assets/LocalizedData/Sounds/VO/Terran/Cyclone_Yes01.ogg,170
unit,cyclone,deploy_move,Cyclone_Yes02.ogg,TMG_CANDIDATES/mods/liberty.sc2mod/enus.sc2assets/LocalizedData/Sounds/VO/Terran/Cyclone_Yes02.ogg,170
unit,cyclone,deploy_move,Cyclone_Yes03.ogg,TMG_CANDIDATES/mods/liberty.sc2mod/enus.sc2assets/LocalizedData/Sounds/VO/Terran/Cyclone_Yes03.ogg,170
unit,cyclone,deploy_move,Cyclone_Yes04.ogg,TMG_CANDIDATES/mods/liberty.sc2mod/enus.sc2assets/LocalizedData/Sounds/VO/Terran/Cyclone_Yes04.ogg,170
unit,cyclone,deploy_move,Cyclone_Yes05.ogg,TMG_CANDIDATES/mods/liberty.sc2mod/enus.sc2assets/LocalizedData/Sounds/VO/Terran/Cyclone_Yes05.ogg,170
unit,cyclone,deploy_move,Cyclone_Yes06.ogg,TMG_CANDIDATES/mods/liberty.sc2mod/enus.sc2assets/LocalizedData/Sounds/VO/Terran/Cyclone_Yes06.ogg,170
unit,cyclone,attack,Cyclone_Attack01.ogg,TMG_CANDIDATES/mods/liberty.sc2mod/enus.sc2assets/LocalizedData/Sounds/VO/Terran/Cyclone_Attack01.ogg,170
unit,cyclone,attack,Cyclone_Attack02.ogg,TMG_CANDIDATES/mods/liberty.sc2mod/enus.sc2assets/LocalizedData/Sounds/VO/Terran/Cyclone_Attack02.ogg,170
unit,cyclone,attack,Cyclone_Attack03.ogg,TMG_CANDIDATES/mods/liberty.sc2mod/enus.sc2assets/LocalizedData/Sounds/VO/Terran/Cyclone_Attack03.ogg,170
unit,cyclone,attack,Cyclone_Attack04.ogg,TMG_CANDIDATES/mods/liberty.sc2mod/enus.sc2assets/LocalizedData/Sounds/VO/Terran/Cyclone_Attack04.ogg,170
unit,cyclone,attack,Cyclone_Attack05.ogg,TMG_CANDIDATES/mods/liberty.sc2mod/enus.sc2assets/LocalizedData/Sounds/VO/Terran/Cyclone_Attack05.ogg,170
unit,cyclone,attack,Cyclone_Attack06.ogg,TMG_CANDIDATES/mods/liberty.sc2mod/enus.sc2assets/LocalizedData/Sounds/VO/Terran/Cyclone_Attack06.ogg,170
unit,cyclone,attack,Cyclone_Attack07.ogg,TMG_CANDIDATES/mods/liberty.sc2mod/enus.sc2assets/LocalizedData/Sounds/VO/Terran/Cyclone_Attack07.ogg,170
unit,cyclone,death,Cyclone_Death00.wav,TMG_CANDIDATES/mods/liberty.sc2mod/enus.sc2assets/LocalizedData/Sounds/VO/Terran/Cyclone_Death00.wav,170
unit,siege_tank,deploy_move,SiegeTank_Yes01.ogg,TMG_CANDIDATES/mods/liberty.sc2mod/enus.sc2assets/LocalizedData/Sounds/TerranUnitVO/SiegeTank/SiegeTank_Yes01.ogg,205
unit,siege_tank,deploy_move,SiegeTank_Yes02.ogg,TMG_CANDIDATES/mods/liberty.sc2mod/enus.sc2assets/LocalizedData/Sounds/TerranUnitVO/SiegeTank/SiegeTank_Yes02.ogg,205
unit,siege_tank,deploy_move,SiegeTank_Yes03.ogg,TMG_CANDIDATES/mods/liberty.sc2mod/enus.sc2assets/LocalizedData/Sounds/TerranUnitVO/SiegeTank/SiegeTank_Yes03.ogg,205
unit,siege_tank,deploy_move,SiegeTank_Yes04.ogg,TMG_CANDIDATES/mods/liberty.sc2mod/enus.sc2assets/LocalizedData/Sounds/TerranUnitVO/SiegeTank/SiegeTank_Yes04.ogg,205
unit,siege_tank,deploy_move,SiegeTank_Yes05.ogg,TMG_CANDIDATES/mods/liberty.sc2mod/enus.sc2assets/LocalizedData/Sounds/TerranUnitVO/SiegeTank/SiegeTank_Yes05.ogg,205
unit,siege_tank,deploy_move,SiegeTank_Yes06.ogg,TMG_CANDIDATES/mods/liberty.sc2mod/enus.sc2assets/LocalizedData/Sounds/TerranUnitVO/SiegeTank/SiegeTank_Yes06.ogg,205
unit,siege_tank,deploy_move,SiegeTank_Yes07.ogg,TMG_CANDIDATES/mods/liberty.sc2mod/enus.sc2assets/LocalizedData/Sounds/TerranUnitVO/SiegeTank/SiegeTank_Yes07.ogg,205
unit,siege_tank,deploy_move,SiegeTank_Yes08.ogg,TMG_CANDIDATES/mods/liberty.sc2mod/enus.sc2assets/LocalizedData/Sounds/TerranUnitVO/SiegeTank/SiegeTank_Yes08.ogg,205
unit,siege_tank,deploy_move,SiegeTank_Yes09.ogg,TMG_CANDIDATES/mods/liberty.sc2mod/enus.sc2assets/LocalizedData/Sounds/TerranUnitVO/SiegeTank/SiegeTank_Yes09.ogg,205
unit,siege_tank,deploy_move,SiegeTank_Yes10.ogg,TMG_CANDIDATES/mods/liberty.sc2mod/enus.sc2assets/LocalizedData/Sounds/TerranUnitVO/SiegeTank/SiegeTank_Yes10.ogg,205
unit,siege_tank,deploy_move,SiegeTank_Yes11.ogg,TMG_CANDIDATES/mods/liberty.sc2mod/enus.sc2assets/LocalizedData/Sounds/TerranUnitVO/SiegeTank/SiegeTank_Yes11.ogg,205
unit,siege_tank,deploy_move,SiegeTank_Yes12.ogg,TMG_CANDIDATES/mods/liberty.sc2mod/enus.sc2assets/LocalizedData/Sounds/TerranUnitVO/SiegeTank/SiegeTank_Yes12.ogg,205
unit,siege_tank,deploy_move,SiegeTank_Yes13.ogg,TMG_CANDIDATES/mods/liberty.sc2mod/enus.sc2assets/LocalizedData/Sounds/TerranUnitVO/SiegeTank/SiegeTank_Yes13.ogg,205
unit,siege_tank,deploy_move,SiegeTank_Yes14.ogg,TMG_CANDIDATES/mods/liberty.sc2mod/enus.sc2assets/LocalizedData/Sounds/TerranUnitVO/SiegeTank/SiegeTank_Yes14.ogg,205
unit,siege_tank,deploy_move,SiegeTank_Yes15.ogg,TMG_CANDIDATES/mods/liberty.sc2mod/enus.sc2assets/LocalizedData/Sounds/TerranUnitVO/SiegeTank/SiegeTank_Yes15.ogg,205
unit,siege_tank,deploy_move,SiegeTank_Yes16.ogg,TMG_CANDIDATES/mods/liberty.sc2mod/enus.sc2assets/LocalizedData/Sounds/TerranUnitVO/SiegeTank/SiegeTank_Yes16.ogg,205
unit,siege_tank,attack,SiegeTank_Attack00.ogg,TMG_CANDIDATES/mods/liberty.sc2mod/enus.sc2assets/LocalizedData/Sounds/TerranUnitVO/SiegeTank/SiegeTank_Attack00.ogg,205
unit,siege_tank,attack,SiegeTank_Attack01.ogg,TMG_CANDIDATES/mods/liberty.sc2mod/enus.sc2assets/LocalizedData/Sounds/TerranUnitVO/SiegeTank/SiegeTank_Attack01.ogg,205
unit,siege_tank,attack,SiegeTank_Attack02.ogg,TMG_CANDIDATES/mods/liberty.sc2mod/enus.sc2assets/LocalizedData/Sounds/TerranUnitVO/SiegeTank/SiegeTank_Attack02.ogg,205
unit,siege_tank,attack,SiegeTank_Attack03.ogg,TMG_CANDIDATES/mods/liberty.sc2mod/enus.sc2assets/LocalizedData/Sounds/TerranUnitVO/SiegeTank/SiegeTank_Attack03.ogg,205
unit,siege_tank,attack,SiegeTank_Attack04.ogg,TMG_CANDIDATES/mods/liberty.sc2mod/enus.sc2assets/LocalizedData/Sounds/TerranUnitVO/SiegeTank/SiegeTank_Attack04.ogg,205
unit,siege_tank,attack,SiegeTank_Attack05.ogg,TMG_CANDIDATES/mods/liberty.sc2mod/enus.sc2assets/LocalizedData/Sounds/TerranUnitVO/SiegeTank/SiegeTank_Attack05.ogg,205
unit,siege_tank,attack,SiegeTank_Attack06.ogg,TMG_CANDIDATES/mods/liberty.sc2mod/enus.sc2assets/LocalizedData/Sounds/TerranUnitVO/SiegeTank/SiegeTank_Attack06.ogg,205
unit,siege_tank,attack,SiegeTank_Attack07.ogg,TMG_CANDIDATES/mods/liberty.sc2mod/enus.sc2assets/LocalizedData/Sounds/TerranUnitVO/SiegeTank/SiegeTank_Attack07.ogg,205
unit,siege_tank,attack,SiegeTank_Attack08.ogg,TMG_CANDIDATES/mods/liberty.sc2mod/enus.sc2assets/LocalizedData/Sounds/TerranUnitVO/SiegeTank/SiegeTank_Attack08.ogg,205
unit,siege_tank,attack,SiegeTank_Attack09.ogg,TMG_CANDIDATES/mods/liberty.sc2mod/enus.sc2assets/LocalizedData/Sounds/TerranUnitVO/SiegeTank/SiegeTank_Attack09.ogg,205
unit,siege_tank,death,SiegeTank_Death01.wav,TMG_CANDIDATES/mods/liberty.sc2mod/enus.sc2assets/LocalizedData/Sounds/TerranUnitVO/SiegeTank/SiegeTank_Death01.wav,205
unit,siege_tank,death,SiegeTank_Death02.wav,TMG_CANDIDATES/mods/liberty.sc2mod/enus.sc2assets/LocalizedData/Sounds/TerranUnitVO/SiegeTank/SiegeTank_Death02.wav,205
unit,siege_tank,death,SiegeTank_Death03.wav,TMG_CANDIDATES/mods/liberty.sc2mod/enus.sc2assets/LocalizedData/Sounds/TerranUnitVO/SiegeTank/SiegeTank_Death03.wav,205
unit,siege_tank,death,SiegeTank_Death04.wav,TMG_CANDIDATES/mods/liberty.sc2mod/enus.sc2assets/LocalizedData/Sounds/TerranUnitVO/SiegeTank/SiegeTank_Death04.wav,205
unit,siege_tank,death,SiegeTank_Death05.wav,TMG_CANDIDATES/mods/liberty.sc2mod/enus.sc2assets/LocalizedData/Sounds/TerranUnitVO/SiegeTank/SiegeTank_Death05.wav,205
unit,siege_tank,death,SiegeTank_Death06.wav,TMG_CANDIDATES/mods/liberty.sc2mod/enus.sc2assets/LocalizedData/Sounds/TerranUnitVO/SiegeTank/SiegeTank_Death06.wav,205
unit,thor,deploy_move,Thor_What08.ogg,TMG_CANDIDATES/mods/liberty.sc2mod/enus.sc2assets/LocalizedData/Sounds/TerranUnitVO/Thor/Thor_What08.ogg,205
unit,thor,deploy_move,Thor_Yes00.ogg,TMG_CANDIDATES/mods/liberty.sc2mod/enus.sc2assets/LocalizedData/Sounds/TerranUnitVO/Thor/Thor_Yes00.ogg,205
unit,thor,deploy_move,Thor_Yes02.ogg,TMG_CANDIDATES/mods/liberty.sc2mod/enus.sc2assets/LocalizedData/Sounds/TerranUnitVO/Thor/Thor_Yes02.ogg,205
unit,thor,deploy_move,Thor_Yes03.ogg,TMG_CANDIDATES/mods/liberty.sc2mod/enus.sc2assets/LocalizedData/Sounds/TerranUnitVO/Thor/Thor_Yes03.ogg,205
unit,thor,deploy_move,Thor_Yes04.ogg,TMG_CANDIDATES/mods/liberty.sc2mod/enus.sc2assets/LocalizedData/Sounds/TerranUnitVO/Thor/Thor_Yes04.ogg,205
unit,thor,deploy_move,Thor_Yes05.ogg,TMG_CANDIDATES/mods/liberty.sc2mod/enus.sc2assets/LocalizedData/Sounds/TerranUnitVO/Thor/Thor_Yes05.ogg,205
unit,thor,deploy_move,Thor_Yes06.ogg,TMG_CANDIDATES/mods/liberty.sc2mod/enus.sc2assets/LocalizedData/Sounds/TerranUnitVO/Thor/Thor_Yes06.ogg,205
unit,thor,deploy_move,Thor_Yes07.ogg,TMG_CANDIDATES/mods/liberty.sc2mod/enus.sc2assets/LocalizedData/Sounds/TerranUnitVO/Thor/Thor_Yes07.ogg,205
unit,thor,deploy_move,Thor_Yes08.ogg,TMG_CANDIDATES/mods/liberty.sc2mod/enus.sc2assets/LocalizedData/Sounds/TerranUnitVO/Thor/Thor_Yes08.ogg,205
unit,thor,deploy_move,Thor_Yes09.ogg,TMG_CANDIDATES/mods/liberty.sc2mod/enus.sc2assets/LocalizedData/Sounds/TerranUnitVO/Thor/Thor_Yes09.ogg,205
unit,thor,attack,Thor_Attack00.ogg,TMG_CANDIDATES/mods/liberty.sc2mod/enus.sc2assets/LocalizedData/Sounds/TerranUnitVO/Thor/Thor_Attack00.ogg,205
unit,thor,attack,Thor_Attack01.ogg,TMG_CANDIDATES/mods/liberty.sc2mod/enus.sc2assets/LocalizedData/Sounds/TerranUnitVO/Thor/Thor_Attack01.ogg,205
unit,thor,attack,Thor_Attack02.ogg,TMG_CANDIDATES/mods/liberty.sc2mod/enus.sc2assets/LocalizedData/Sounds/TerranUnitVO/Thor/Thor_Attack02.ogg,205
unit,thor,attack,Thor_Attack03.ogg,TMG_CANDIDATES/mods/liberty.sc2mod/enus.sc2assets/LocalizedData/Sounds/TerranUnitVO/Thor/Thor_Attack03.ogg,205
unit,thor,attack,Thor_Attack04.ogg,TMG_CANDIDATES/mods/liberty.sc2mod/enus.sc2assets/LocalizedData/Sounds/TerranUnitVO/Thor/Thor_Attack04.ogg,205
unit,thor,attack,Thor_Attack05.ogg,TMG_CANDIDATES/mods/liberty.sc2mod/enus.sc2assets/LocalizedData/Sounds/TerranUnitVO/Thor/Thor_Attack05.ogg,205
unit,thor,death,Thor_Death00.wav,TMG_CANDIDATES/mods/liberty.sc2mod/enus.sc2assets/LocalizedData/Sounds/TerranUnitVO/Thor/Thor_Death00.wav,205
unit,viking,deploy_move,Viking_Yes01.ogg,TMG_CANDIDATES/mods/liberty.sc2mod/enus.sc2assets/LocalizedData/Sounds/TerranUnitVO/Viking/Viking_Yes01.ogg,205
unit,viking,deploy_move,Viking_Yes02.ogg,TMG_CANDIDATES/mods/liberty.sc2mod/enus.sc2assets/LocalizedData/Sounds/TerranUnitVO/Viking/Viking_Yes02.ogg,205
unit,viking,deploy_move,Viking_Yes03.ogg,TMG_CANDIDATES/mods/liberty.sc2mod/enus.sc2assets/LocalizedData/Sounds/TerranUnitVO/Viking/Viking_Yes03.ogg,205
unit,viking,deploy_move,Viking_Yes04.ogg,TMG_CANDIDATES/mods/liberty.sc2mod/enus.sc2assets/LocalizedData/Sounds/TerranUnitVO/Viking/Viking_Yes04.ogg,205
unit,viking,deploy_move,Viking_Yes05.ogg,TMG_CANDIDATES/mods/liberty.sc2mod/enus.sc2assets/LocalizedData/Sounds/TerranUnitVO/Viking/Viking_Yes05.ogg,205
unit,viking,deploy_move,Viking_Yes06.ogg,TMG_CANDIDATES/mods/liberty.sc2mod/enus.sc2assets/LocalizedData/Sounds/TerranUnitVO/Viking/Viking_Yes06.ogg,205
unit,viking,deploy_move,Viking_Yes07.ogg,TMG_CANDIDATES/mods/liberty.sc2mod/enus.sc2assets/LocalizedData/Sounds/TerranUnitVO/Viking/Viking_Yes07.ogg,205
unit,viking,deploy_move,Viking_Yes08.ogg,TMG_CANDIDATES/mods/liberty.sc2mod/enus.sc2assets/LocalizedData/Sounds/TerranUnitVO/Viking/Viking_Yes08.ogg,205
unit,viking,deploy_move,Viking_Yes09.ogg,TMG_CANDIDATES/mods/liberty.sc2mod/enus.sc2assets/LocalizedData/Sounds/TerranUnitVO/Viking/Viking_Yes09.ogg,205
unit,viking,deploy_move,Viking_Yes10.ogg,TMG_CANDIDATES/mods/liberty.sc2mod/enus.sc2assets/LocalizedData/Sounds/TerranUnitVO/Viking/Viking_Yes10.ogg,205
unit,viking,attack,Viking_Attack00.ogg,TMG_CANDIDATES/mods/liberty.sc2mod/enus.sc2assets/LocalizedData/Sounds/TerranUnitVO/Viking/Viking_Attack00.ogg,205
unit,viking,attack,Viking_Attack01.ogg,TMG_CANDIDATES/mods/liberty.sc2mod/enus.sc2assets/LocalizedData/Sounds/TerranUnitVO/Viking/Viking_Attack01.ogg,205
unit,viking,attack,Viking_Attack02.ogg,TMG_CANDIDATES/mods/liberty.sc2mod/enus.sc2assets/LocalizedData/Sounds/TerranUnitVO/Viking/Viking_Attack02.ogg,205
unit,viking,attack,Viking_Attack03.ogg,TMG_CANDIDATES/mods/liberty.sc2mod/enus.sc2assets/LocalizedData/Sounds/TerranUnitVO/Viking/Viking_Attack03.ogg,205
unit,viking,attack,Viking_Attack04.ogg,TMG_CANDIDATES/mods/liberty.sc2mod/enus.sc2assets/LocalizedData/Sounds/TerranUnitVO/Viking/Viking_Attack04.ogg,205
unit,viking,attack,Viking_Attack05.ogg,TMG_CANDIDATES/mods/liberty.sc2mod/enus.sc2assets/LocalizedData/Sounds/TerranUnitVO/Viking/Viking_Attack05.ogg,205
unit,viking,attack,Viking_Attack06.ogg,TMG_CANDIDATES/mods/liberty.sc2mod/enus.sc2assets/LocalizedData/Sounds/TerranUnitVO/Viking/Viking_Attack06.ogg,205
unit,viking,death,Viking_Death00.wav,TMG_CANDIDATES/mods/liberty.sc2mod/enus.sc2assets/LocalizedData/Sounds/TerranUnitVO/Viking/Viking_Death00.wav,205
unit,medivac,deploy_move,Medivac_Yes03.ogg,TMG_CANDIDATES/mods/liberty.sc2mod/enus.sc2assets/LocalizedData/Sounds/TerranUnitVO/Medivac/Medivac_Yes03.ogg,205
unit,medivac,deploy_move,Medivac_Yes04.ogg,TMG_CANDIDATES/mods/liberty.sc2mod/enus.sc2assets/LocalizedData/Sounds/TerranUnitVO/Medivac/Medivac_Yes04.ogg,205
unit,medivac,deploy_move,Medivac_Yes05.ogg,TMG_CANDIDATES/mods/liberty.sc2mod/enus.sc2assets/LocalizedData/Sounds/TerranUnitVO/Medivac/Medivac_Yes05.ogg,205
unit,medivac,deploy_move,Medivac_Yes06.ogg,TMG_CANDIDATES/mods/liberty.sc2mod/enus.sc2assets/LocalizedData/Sounds/TerranUnitVO/Medivac/Medivac_Yes06.ogg,205
unit,medivac,deploy_move,Medivac_Yes07.ogg,TMG_CANDIDATES/mods/liberty.sc2mod/enus.sc2assets/LocalizedData/Sounds/TerranUnitVO/Medivac/Medivac_Yes07.ogg,205
unit,medivac,deploy_move,Medivac_Yes08.ogg,TMG_CANDIDATES/mods/liberty.sc2mod/enus.sc2assets/LocalizedData/Sounds/TerranUnitVO/Medivac/Medivac_Yes08.ogg,205
unit,medivac,deploy_move,Medivac_Yes09.ogg,TMG_CANDIDATES/mods/liberty.sc2mod/enus.sc2assets/LocalizedData/Sounds/TerranUnitVO/Medivac/Medivac_Yes09.ogg,205
unit,medivac,deploy_move,Medivac_Yes10.ogg,TMG_CANDIDATES/mods/liberty.sc2mod/enus.sc2assets/LocalizedData/Sounds/TerranUnitVO/Medivac/Medivac_Yes10.ogg,205
unit,medivac,deploy_move,Medivac_Yes11.ogg,TMG_CANDIDATES/mods/liberty.sc2mod/enus.sc2assets/LocalizedData/Sounds/TerranUnitVO/Medivac/Medivac_Yes11.ogg,205
unit,medivac,deploy_move,Medivac_Yes12.ogg,TMG_CANDIDATES/mods/liberty.sc2mod/enus.sc2assets/LocalizedData/Sounds/TerranUnitVO/Medivac/Medivac_Yes12.ogg,205
unit,medivac,attack,Medivac_Attack00.ogg,TMG_CANDIDATES/mods/liberty.sc2mod/enus.sc2assets/LocalizedData/Sounds/TerranUnitVO/Medivac/Medivac_Attack00.ogg,205
unit,medivac,attack,Medivac_Attack01.ogg,TMG_CANDIDATES/mods/liberty.sc2mod/enus.sc2assets/LocalizedData/Sounds/TerranUnitVO/Medivac/Medivac_Attack01.ogg,205
unit,medivac,attack,Medivac_Attack02.ogg,TMG_CANDIDATES/mods/liberty.sc2mod/enus.sc2assets/LocalizedData/Sounds/TerranUnitVO/Medivac/Medivac_Attack02.ogg,205
unit,medivac,attack,Medivac_Attack03.ogg,TMG_CANDIDATES/mods/liberty.sc2mod/enus.sc2assets/LocalizedData/Sounds/TerranUnitVO/Medivac/Medivac_Attack03.ogg,205
unit,medivac,attack,Medivac_Attack04.ogg,TMG_CANDIDATES/mods/liberty.sc2mod/enus.sc2assets/LocalizedData/Sounds/TerranUnitVO/Medivac/Medivac_Attack04.ogg,205
unit,medivac,attack,Medivac_Attack05.ogg,TMG_CANDIDATES/mods/liberty.sc2mod/enus.sc2assets/LocalizedData/Sounds/TerranUnitVO/Medivac/Medivac_Attack05.ogg,205
unit,medivac,death,Medivac_Death00.wav,TMG_CANDIDATES/mods/liberty.sc2mod/enus.sc2assets/LocalizedData/Sounds/TerranUnitVO/Medivac/Medivac_Death00.wav,205
unit,liberator,deploy_move,TerranFlyer_What09.ogg,TMG_CANDIDATES/mods/liberty.sc2mod/enus.sc2assets/LocalizedData/Sounds/VO/Terran/TerranFlyer_What09.ogg,170
unit,liberator,deploy_move,TerranFlyer_Yes00.ogg,TMG_CANDIDATES/mods/liberty.sc2mod/enus.sc2assets/LocalizedData/Sounds/VO/Terran/TerranFlyer_Yes00.ogg,170
unit,liberator,deploy_move,TerranFlyer_Yes01.ogg,TMG_CANDIDATES/mods/liberty.sc2mod/enus.sc2assets/LocalizedData/Sounds/VO/Terran/TerranFlyer_Yes01.ogg,170
unit,liberator,deploy_move,TerranFlyer_Yes02.ogg,TMG_CANDIDATES/mods/liberty.sc2mod/enus.sc2assets/LocalizedData/Sounds/VO/Terran/TerranFlyer_Yes02.ogg,170
unit,liberator,deploy_move,TerranFlyer_Yes03.ogg,TMG_CANDIDATES/mods/liberty.sc2mod/enus.sc2assets/LocalizedData/Sounds/VO/Terran/TerranFlyer_Yes03.ogg,170
unit,liberator,deploy_move,TerranFlyer_Yes04.ogg,TMG_CANDIDATES/mods/liberty.sc2mod/enus.sc2assets/LocalizedData/Sounds/VO/Terran/TerranFlyer_Yes04.ogg,170
unit,liberator,deploy_move,TerranFlyer_Yes05.ogg,TMG_CANDIDATES/mods/liberty.sc2mod/enus.sc2assets/LocalizedData/Sounds/VO/Terran/TerranFlyer_Yes05.ogg,170
unit,liberator,deploy_move,TerranFlyer_Yes06.ogg,TMG_CANDIDATES/mods/liberty.sc2mod/enus.sc2assets/LocalizedData/Sounds/VO/Terran/TerranFlyer_Yes06.ogg,170
unit,liberator,deploy_move,TerranFlyer_Yes07.ogg,TMG_CANDIDATES/mods/liberty.sc2mod/enus.sc2assets/LocalizedData/Sounds/VO/Terran/TerranFlyer_Yes07.ogg,170
unit,liberator,deploy_move,TerranFlyer_Yes08.ogg,TMG_CANDIDATES/mods/liberty.sc2mod/enus.sc2assets/LocalizedData/Sounds/VO/Terran/TerranFlyer_Yes08.ogg,170
unit,liberator,attack,TerranFlyer_Attack01.ogg,TMG_CANDIDATES/mods/liberty.sc2mod/enus.sc2assets/LocalizedData/Sounds/VO/Terran/TerranFlyer_Attack01.ogg,170
unit,liberator,attack,TerranFlyer_Attack02.ogg,TMG_CANDIDATES/mods/liberty.sc2mod/enus.sc2assets/LocalizedData/Sounds/VO/Terran/TerranFlyer_Attack02.ogg,170
unit,liberator,attack,TerranFlyer_Attack03.ogg,TMG_CANDIDATES/mods/liberty.sc2mod/enus.sc2assets/LocalizedData/Sounds/VO/Terran/TerranFlyer_Attack03.ogg,170
unit,liberator,attack,TerranFlyer_Attack04.ogg,TMG_CANDIDATES/mods/liberty.sc2mod/enus.sc2assets/LocalizedData/Sounds/VO/Terran/TerranFlyer_Attack04.ogg,170
unit,liberator,attack,TerranFlyer_Attack05.ogg,TMG_CANDIDATES/mods/liberty.sc2mod/enus.sc2assets/LocalizedData/Sounds/VO/Terran/TerranFlyer_Attack05.ogg,170
unit,liberator,attack,TerranFlyer_Attack06.ogg,TMG_CANDIDATES/mods/liberty.sc2mod/enus.sc2assets/LocalizedData/Sounds/VO/Terran/TerranFlyer_Attack06.ogg,170
unit,liberator,attack,TerranFlyer_Attack07.ogg,TMG_CANDIDATES/mods/liberty.sc2mod/enus.sc2assets/LocalizedData/Sounds/VO/Terran/TerranFlyer_Attack07.ogg,170
unit,liberator,death,Liberator_Death_01.wav,TMG_CANDIDATES/mods/liberty.sc2mod/base.sc2assets/Assets/Sounds/Liberator_Death_01.wav,135
unit,liberator,death,Liberator_Death_02.wav,TMG_CANDIDATES/mods/liberty.sc2mod/base.sc2assets/Assets/Sounds/Liberator_Death_02.wav,135
unit,liberator,death,Liberator_Death_03.wav,TMG_CANDIDATES/mods/liberty.sc2mod/base.sc2assets/Assets/Sounds/Liberator_Death_03.wav,135
unit,liberator,death,Liberator_Death_04.wav,TMG_CANDIDATES/mods/liberty.sc2mod/base.sc2assets/Assets/Sounds/Liberator_Death_04.wav,135
unit,banshee,deploy_move,Banshee_Yes03.ogg,TMG_CANDIDATES/mods/liberty.sc2mod/enus.sc2assets/LocalizedData/Sounds/TerranUnitVO/Banshee/Banshee_Yes03.ogg,205
unit,banshee,deploy_move,Banshee_Yes04.ogg,TMG_CANDIDATES/mods/liberty.sc2mod/enus.sc2assets/LocalizedData/Sounds/TerranUnitVO/Banshee/Banshee_Yes04.ogg,205
unit,banshee,deploy_move,Banshee_Yes05.ogg,TMG_CANDIDATES/mods/liberty.sc2mod/enus.sc2assets/LocalizedData/Sounds/TerranUnitVO/Banshee/Banshee_Yes05.ogg,205
unit,banshee,deploy_move,Banshee_Yes06.ogg,TMG_CANDIDATES/mods/liberty.sc2mod/enus.sc2assets/LocalizedData/Sounds/TerranUnitVO/Banshee/Banshee_Yes06.ogg,205
unit,banshee,deploy_move,Banshee_Yes07.ogg,TMG_CANDIDATES/mods/liberty.sc2mod/enus.sc2assets/LocalizedData/Sounds/TerranUnitVO/Banshee/Banshee_Yes07.ogg,205
unit,banshee,deploy_move,Banshee_Yes08.ogg,TMG_CANDIDATES/mods/liberty.sc2mod/enus.sc2assets/LocalizedData/Sounds/TerranUnitVO/Banshee/Banshee_Yes08.ogg,205
unit,banshee,deploy_move,Banshee_Yes09.ogg,TMG_CANDIDATES/mods/liberty.sc2mod/enus.sc2assets/LocalizedData/Sounds/TerranUnitVO/Banshee/Banshee_Yes09.ogg,205
unit,banshee,deploy_move,Banshee_Yes10.ogg,TMG_CANDIDATES/mods/liberty.sc2mod/enus.sc2assets/LocalizedData/Sounds/TerranUnitVO/Banshee/Banshee_Yes10.ogg,205
unit,banshee,deploy_move,Banshee_Yes11.ogg,TMG_CANDIDATES/mods/liberty.sc2mod/enus.sc2assets/LocalizedData/Sounds/TerranUnitVO/Banshee/Banshee_Yes11.ogg,205
unit,banshee,deploy_move,Banshee_Yes12.ogg,TMG_CANDIDATES/mods/liberty.sc2mod/enus.sc2assets/LocalizedData/Sounds/TerranUnitVO/Banshee/Banshee_Yes12.ogg,205
unit,banshee,attack,Banshee_Attack00.ogg,TMG_CANDIDATES/mods/liberty.sc2mod/enus.sc2assets/LocalizedData/Sounds/TerranUnitVO/Banshee/Banshee_Attack00.ogg,205
unit,banshee,attack,Banshee_Attack01.ogg,TMG_CANDIDATES/mods/liberty.sc2mod/enus.sc2assets/LocalizedData/Sounds/TerranUnitVO/Banshee/Banshee_Attack01.ogg,205
unit,banshee,attack,Banshee_Attack02.ogg,TMG_CANDIDATES/mods/liberty.sc2mod/enus.sc2assets/LocalizedData/Sounds/TerranUnitVO/Banshee/Banshee_Attack02.ogg,205
unit,banshee,attack,Banshee_Attack03.ogg,TMG_CANDIDATES/mods/liberty.sc2mod/enus.sc2assets/LocalizedData/Sounds/TerranUnitVO/Banshee/Banshee_Attack03.ogg,205
unit,banshee,attack,Banshee_Attack04.ogg,TMG_CANDIDATES/mods/liberty.sc2mod/enus.sc2assets/LocalizedData/Sounds/TerranUnitVO/Banshee/Banshee_Attack04.ogg,205
unit,banshee,attack,Banshee_Attack05.ogg,TMG_CANDIDATES/mods/liberty.sc2mod/enus.sc2assets/LocalizedData/Sounds/TerranUnitVO/Banshee/Banshee_Attack05.ogg,205
unit,banshee,attack,Banshee_Attack06.ogg,TMG_CANDIDATES/mods/liberty.sc2mod/enus.sc2assets/LocalizedData/Sounds/TerranUnitVO/Banshee/Banshee_Attack06.ogg,205
unit,banshee,death,Banshee_NeuralParasiteDeath00.wav,TMG_CANDIDATES/mods/liberty.sc2mod/enus.sc2assets/LocalizedData/Sounds/TerranUnitVO/Banshee/Banshee_NeuralParasiteDeath00.wav,85
unit,raven,deploy_move,Raven_Yes01.ogg,TMG_CANDIDATES/mods/liberty.sc2mod/enus.sc2assets/LocalizedData/Sounds/TerranUnitVO/Raven/Raven_Yes01.ogg,205
unit,raven,deploy_move,Raven_Yes02.ogg,TMG_CANDIDATES/mods/liberty.sc2mod/enus.sc2assets/LocalizedData/Sounds/TerranUnitVO/Raven/Raven_Yes02.ogg,205
unit,raven,deploy_move,Raven_Yes03.ogg,TMG_CANDIDATES/mods/liberty.sc2mod/enus.sc2assets/LocalizedData/Sounds/TerranUnitVO/Raven/Raven_Yes03.ogg,205
unit,raven,deploy_move,Raven_Yes04.ogg,TMG_CANDIDATES/mods/liberty.sc2mod/enus.sc2assets/LocalizedData/Sounds/TerranUnitVO/Raven/Raven_Yes04.ogg,205
unit,raven,deploy_move,Raven_Yes05.ogg,TMG_CANDIDATES/mods/liberty.sc2mod/enus.sc2assets/LocalizedData/Sounds/TerranUnitVO/Raven/Raven_Yes05.ogg,205
unit,raven,deploy_move,Raven_Yes06.ogg,TMG_CANDIDATES/mods/liberty.sc2mod/enus.sc2assets/LocalizedData/Sounds/TerranUnitVO/Raven/Raven_Yes06.ogg,205
unit,raven,deploy_move,Raven_Yes07.ogg,TMG_CANDIDATES/mods/liberty.sc2mod/enus.sc2assets/LocalizedData/Sounds/TerranUnitVO/Raven/Raven_Yes07.ogg,205
unit,raven,deploy_move,Raven_Yes08.ogg,TMG_CANDIDATES/mods/liberty.sc2mod/enus.sc2assets/LocalizedData/Sounds/TerranUnitVO/Raven/Raven_Yes08.ogg,205
unit,raven,deploy_move,Raven_Yes09.ogg,TMG_CANDIDATES/mods/liberty.sc2mod/enus.sc2assets/LocalizedData/Sounds/TerranUnitVO/Raven/Raven_Yes09.ogg,205
unit,raven,deploy_move,Raven_Yes10.ogg,TMG_CANDIDATES/mods/liberty.sc2mod/enus.sc2assets/LocalizedData/Sounds/TerranUnitVO/Raven/Raven_Yes10.ogg,205
unit,raven,attack,Raven_AutoTurretAttack0.wav,TMG_CANDIDATES/mods/liberty.sc2mod/base.sc2assets/Assets/Sounds/Terran/Raven/Raven_AutoTurretAttack0.wav,155
unit,raven,attack,Raven_AutoTurretAttack1.wav,TMG_CANDIDATES/mods/liberty.sc2mod/base.sc2assets/Assets/Sounds/Terran/Raven/Raven_AutoTurretAttack1.wav,155
unit,raven,attack,Raven_AutoTurretAttack2.wav,TMG_CANDIDATES/mods/liberty.sc2mod/base.sc2assets/Assets/Sounds/Terran/Raven/Raven_AutoTurretAttack2.wav,155
unit,raven,attack,Raven_AutoTurretAttack3.wav,TMG_CANDIDATES/mods/liberty.sc2mod/base.sc2assets/Assets/Sounds/Terran/Raven/Raven_AutoTurretAttack3.wav,155
unit,raven,death,Raven_DefensiveMatrixDeath0.wav,TMG_CANDIDATES/mods/liberty.sc2mod/base.sc2assets/Assets/Sounds/Terran/Raven/Raven_DefensiveMatrixDeath0.wav,155
unit,battlecruiser,deploy_move,Battlecruiser_Yes03.ogg,TMG_CANDIDATES/mods/liberty.sc2mod/enus.sc2assets/LocalizedData/Sounds/TerranUnitVO/Battlecruiser/Battlecruiser_Yes03.ogg,205
unit,battlecruiser,deploy_move,Battlecruiser_Yes04.ogg,TMG_CANDIDATES/mods/liberty.sc2mod/enus.sc2assets/LocalizedData/Sounds/TerranUnitVO/Battlecruiser/Battlecruiser_Yes04.ogg,205
unit,battlecruiser,deploy_move,Battlecruiser_Yes05.ogg,TMG_CANDIDATES/mods/liberty.sc2mod/enus.sc2assets/LocalizedData/Sounds/TerranUnitVO/Battlecruiser/Battlecruiser_Yes05.ogg,205
unit,battlecruiser,deploy_move,Battlecruiser_Yes06.ogg,TMG_CANDIDATES/mods/liberty.sc2mod/enus.sc2assets/LocalizedData/Sounds/TerranUnitVO/Battlecruiser/Battlecruiser_Yes06.ogg,205
unit,battlecruiser,deploy_move,Battlecruiser_Yes07.ogg,TMG_CANDIDATES/mods/liberty.sc2mod/enus.sc2assets/LocalizedData/Sounds/TerranUnitVO/Battlecruiser/Battlecruiser_Yes07.ogg,205
unit,battlecruiser,deploy_move,Battlecruiser_Yes08.ogg,TMG_CANDIDATES/mods/liberty.sc2mod/enus.sc2assets/LocalizedData/Sounds/TerranUnitVO/Battlecruiser/Battlecruiser_Yes08.ogg,205
unit,battlecruiser,deploy_move,Battlecruiser_Yes09.ogg,TMG_CANDIDATES/mods/liberty.sc2mod/enus.sc2assets/LocalizedData/Sounds/TerranUnitVO/Battlecruiser/Battlecruiser_Yes09.ogg,205
unit,battlecruiser,deploy_move,Battlecruiser_Yes10.ogg,TMG_CANDIDATES/mods/liberty.sc2mod/enus.sc2assets/LocalizedData/Sounds/TerranUnitVO/Battlecruiser/Battlecruiser_Yes10.ogg,205
unit,battlecruiser,deploy_move,Battlecruiser_Yes11.ogg,TMG_CANDIDATES/mods/liberty.sc2mod/enus.sc2assets/LocalizedData/Sounds/TerranUnitVO/Battlecruiser/Battlecruiser_Yes11.ogg,205
unit,battlecruiser,deploy_move,Battlecruiser_Yes12.ogg,TMG_CANDIDATES/mods/liberty.sc2mod/enus.sc2assets/LocalizedData/Sounds/TerranUnitVO/Battlecruiser/Battlecruiser_Yes12.ogg,205
unit,battlecruiser,attack,Battlecruiser_Attack00.ogg,TMG_CANDIDATES/mods/liberty.sc2mod/enus.sc2assets/LocalizedData/Sounds/TerranUnitVO/Battlecruiser/Battlecruiser_Attack00.ogg,205
unit,battlecruiser,attack,Battlecruiser_Attack01.ogg,TMG_CANDIDATES/mods/liberty.sc2mod/enus.sc2assets/LocalizedData/Sounds/TerranUnitVO/Battlecruiser/Battlecruiser_Attack01.ogg,205
unit,battlecruiser,attack,Battlecruiser_Attack02.ogg,TMG_CANDIDATES/mods/liberty.sc2mod/enus.sc2assets/LocalizedData/Sounds/TerranUnitVO/Battlecruiser/Battlecruiser_Attack02.ogg,205
unit,battlecruiser,attack,Battlecruiser_Attack03.ogg,TMG_CANDIDATES/mods/liberty.sc2mod/enus.sc2assets/LocalizedData/Sounds/TerranUnitVO/Battlecruiser/Battlecruiser_Attack03.ogg,205
unit,battlecruiser,attack,Battlecruiser_Attack04.ogg,TMG_CANDIDATES/mods/liberty.sc2mod/enus.sc2assets/LocalizedData/Sounds/TerranUnitVO/Battlecruiser/Battlecruiser_Attack04.ogg,205
unit,battlecruiser,attack,Battlecruiser_Attack05.ogg,TMG_CANDIDATES/mods/liberty.sc2mod/enus.sc2assets/LocalizedData/Sounds/TerranUnitVO/Battlecruiser/Battlecruiser_Attack05.ogg,205
unit,battlecruiser,death,Battlecruiser_Death00.wav,TMG_CANDIDATES/mods/liberty.sc2mod/enus.sc2assets/LocalizedData/Sounds/TerranUnitVO/Battlecruiser/Battlecruiser_Death00.wav,205
unit,goliath,deploy_move,Goliath_Ready00.ogg,TMG_CANDIDATES/campaigns/liberty.sc2campaign/enus.sc2assets/LocalizedData/Sounds/TerranVO/CampaignUnits/Goliath/Goliath_Ready00.ogg,200
unit,goliath,deploy_move,Goliath_What00.ogg,TMG_CANDIDATES/campaigns/liberty.sc2campaign/enus.sc2assets/LocalizedData/Sounds/TerranVO/CampaignUnits/Goliath/Goliath_What00.ogg,200
unit,goliath,deploy_move,Goliath_What01.ogg,TMG_CANDIDATES/campaigns/liberty.sc2campaign/enus.sc2assets/LocalizedData/Sounds/TerranVO/CampaignUnits/Goliath/Goliath_What01.ogg,200
unit,goliath,deploy_move,Goliath_What02.ogg,TMG_CANDIDATES/campaigns/liberty.sc2campaign/enus.sc2assets/LocalizedData/Sounds/TerranVO/CampaignUnits/Goliath/Goliath_What02.ogg,200
unit,goliath,deploy_move,Goliath_What03.ogg,TMG_CANDIDATES/campaigns/liberty.sc2campaign/enus.sc2assets/LocalizedData/Sounds/TerranVO/CampaignUnits/Goliath/Goliath_What03.ogg,200
unit,goliath,deploy_move,Goliath_Yes00.ogg,TMG_CANDIDATES/campaigns/liberty.sc2campaign/enus.sc2assets/LocalizedData/Sounds/TerranVO/CampaignUnits/Goliath/Goliath_Yes00.ogg,200
unit,goliath,deploy_move,Goliath_Yes01.ogg,TMG_CANDIDATES/campaigns/liberty.sc2campaign/enus.sc2assets/LocalizedData/Sounds/TerranVO/CampaignUnits/Goliath/Goliath_Yes01.ogg,200
unit,goliath,deploy_move,Goliath_Yes02.ogg,TMG_CANDIDATES/campaigns/liberty.sc2campaign/enus.sc2assets/LocalizedData/Sounds/TerranVO/CampaignUnits/Goliath/Goliath_Yes02.ogg,200
unit,goliath,deploy_move,Goliath_Yes03.ogg,TMG_CANDIDATES/campaigns/liberty.sc2campaign/enus.sc2assets/LocalizedData/Sounds/TerranVO/CampaignUnits/Goliath/Goliath_Yes03.ogg,200
unit,goliath,deploy_move,Goliath_Yes04.ogg,TMG_CANDIDATES/campaigns/liberty.sc2campaign/enus.sc2assets/LocalizedData/Sounds/TerranVO/CampaignUnits/Goliath/Goliath_Yes04.ogg,200
unit,goliath,deploy_move,Goliath_Yes05.ogg,TMG_CANDIDATES/campaigns/liberty.sc2campaign/enus.sc2assets/LocalizedData/Sounds/TerranVO/CampaignUnits/Goliath/Goliath_Yes05.ogg,200
unit,goliath,attack,Goliath_Attack00.ogg,TMG_CANDIDATES/campaigns/liberty.sc2campaign/enus.sc2assets/LocalizedData/Sounds/TerranVO/CampaignUnits/Goliath/Goliath_Attack00.ogg,200
unit,goliath,attack,Goliath_Attack01.ogg,TMG_CANDIDATES/campaigns/liberty.sc2campaign/enus.sc2assets/LocalizedData/Sounds/TerranVO/CampaignUnits/Goliath/Goliath_Attack01.ogg,200
unit,goliath,attack,Goliath_Attack02.ogg,TMG_CANDIDATES/campaigns/liberty.sc2campaign/enus.sc2assets/LocalizedData/Sounds/TerranVO/CampaignUnits/Goliath/Goliath_Attack02.ogg,200
unit,goliath,death,Goliath_NeuralParasiteDeath00.wav,TMG_CANDIDATES/campaigns/liberty.sc2campaign/enus.sc2assets/LocalizedData/Sounds/TerranVO/CampaignUnits/Goliath/Goliath_NeuralParasiteDeath00.wav,80
unit,medic,deploy_move,Medic_Ready00.ogg,TMG_CANDIDATES/campaigns/liberty.sc2campaign/enus.sc2assets/LocalizedData/Sounds/TerranVO/CampaignUnits/Medic/Medic_Ready00.ogg,200
unit,medic,deploy_move,Medic_What00.ogg,TMG_CANDIDATES/campaigns/liberty.sc2campaign/enus.sc2assets/LocalizedData/Sounds/TerranVO/CampaignUnits/Medic/Medic_What00.ogg,200
unit,medic,deploy_move,Medic_What01.ogg,TMG_CANDIDATES/campaigns/liberty.sc2campaign/enus.sc2assets/LocalizedData/Sounds/TerranVO/CampaignUnits/Medic/Medic_What01.ogg,200
unit,medic,deploy_move,Medic_What02.ogg,TMG_CANDIDATES/campaigns/liberty.sc2campaign/enus.sc2assets/LocalizedData/Sounds/TerranVO/CampaignUnits/Medic/Medic_What02.ogg,200
unit,medic,deploy_move,Medic_What03.ogg,TMG_CANDIDATES/campaigns/liberty.sc2campaign/enus.sc2assets/LocalizedData/Sounds/TerranVO/CampaignUnits/Medic/Medic_What03.ogg,200
unit,medic,deploy_move,Medic_What04.ogg,TMG_CANDIDATES/campaigns/liberty.sc2campaign/enus.sc2assets/LocalizedData/Sounds/TerranVO/CampaignUnits/Medic/Medic_What04.ogg,200
unit,medic,deploy_move,Medic_What05.ogg,TMG_CANDIDATES/campaigns/liberty.sc2campaign/enus.sc2assets/LocalizedData/Sounds/TerranVO/CampaignUnits/Medic/Medic_What05.ogg,200
unit,medic,deploy_move,Medic_Yes00.ogg,TMG_CANDIDATES/campaigns/liberty.sc2campaign/enus.sc2assets/LocalizedData/Sounds/TerranVO/CampaignUnits/Medic/Medic_Yes00.ogg,200
unit,medic,deploy_move,Medic_Yes01.ogg,TMG_CANDIDATES/campaigns/liberty.sc2campaign/enus.sc2assets/LocalizedData/Sounds/TerranVO/CampaignUnits/Medic/Medic_Yes01.ogg,200
unit,medic,deploy_move,Medic_Yes02.ogg,TMG_CANDIDATES/campaigns/liberty.sc2campaign/enus.sc2assets/LocalizedData/Sounds/TerranVO/CampaignUnits/Medic/Medic_Yes02.ogg,200
unit,medic,deploy_move,Medic_Yes03.ogg,TMG_CANDIDATES/campaigns/liberty.sc2campaign/enus.sc2assets/LocalizedData/Sounds/TerranVO/CampaignUnits/Medic/Medic_Yes03.ogg,200
unit,medic,deploy_move,Medic_Yes04.ogg,TMG_CANDIDATES/campaigns/liberty.sc2campaign/enus.sc2assets/LocalizedData/Sounds/TerranVO/CampaignUnits/Medic/Medic_Yes04.ogg,200
unit,medic,deploy_move,Medic_Yes05.ogg,TMG_CANDIDATES/campaigns/liberty.sc2campaign/enus.sc2assets/LocalizedData/Sounds/TerranVO/CampaignUnits/Medic/Medic_Yes05.ogg,200
unit,medic,attack,Medic_Attack00.ogg,TMG_CANDIDATES/campaigns/liberty.sc2campaign/enus.sc2assets/LocalizedData/Sounds/TerranVO/CampaignUnits/Medic/Medic_Attack00.ogg,200
unit,medic,attack,Medic_Attack01.ogg,TMG_CANDIDATES/campaigns/liberty.sc2campaign/enus.sc2assets/LocalizedData/Sounds/TerranVO/CampaignUnits/Medic/Medic_Attack01.ogg,200
unit,medic,attack,Medic_Attack02.ogg,TMG_CANDIDATES/campaigns/liberty.sc2campaign/enus.sc2assets/LocalizedData/Sounds/TerranVO/CampaignUnits/Medic/Medic_Attack02.ogg,200
unit,medic,attack,Medic_Attack03.ogg,TMG_CANDIDATES/campaigns/liberty.sc2campaign/enus.sc2assets/LocalizedData/Sounds/TerranVO/CampaignUnits/Medic/Medic_Attack03.ogg,200
unit,medic,attack,Medic_Attack04.ogg,TMG_CANDIDATES/campaigns/liberty.sc2campaign/enus.sc2assets/LocalizedData/Sounds/TerranVO/CampaignUnits/Medic/Medic_Attack04.ogg,200
unit,medic,attack,Medic_Attack05.ogg,TMG_CANDIDATES/campaigns/liberty.sc2campaign/enus.sc2assets/LocalizedData/Sounds/TerranVO/CampaignUnits/Medic/Medic_Attack05.ogg,200
unit,medic,attack,Medic_Attack06.ogg,TMG_CANDIDATES/campaigns/liberty.sc2campaign/enus.sc2assets/LocalizedData/Sounds/TerranVO/CampaignUnits/Medic/Medic_Attack06.ogg,200
unit,medic,death,Medic_Death00.wav,TMG_CANDIDATES/campaigns/liberty.sc2campaign/enus.sc2assets/LocalizedData/Sounds/TerranVO/CampaignUnits/Medic/Medic_Death00.wav,200
unit,medic,death,Medic_Death01.wav,TMG_CANDIDATES/campaigns/liberty.sc2campaign/enus.sc2assets/LocalizedData/Sounds/TerranVO/CampaignUnits/Medic/Medic_Death01.wav,200
unit,medic,death,Medic_Death02.wav,TMG_CANDIDATES/campaigns/liberty.sc2campaign/enus.sc2assets/LocalizedData/Sounds/TerranVO/CampaignUnits/Medic/Medic_Death02.wav,200
unit,medic,death,Medic_Death03.wav,TMG_CANDIDATES/campaigns/liberty.sc2campaign/enus.sc2assets/LocalizedData/Sounds/TerranVO/CampaignUnits/Medic/Medic_Death03.wav,200
unit,medic,death,Medic_Death04.wav,TMG_CANDIDATES/campaigns/liberty.sc2campaign/enus.sc2assets/LocalizedData/Sounds/TerranVO/CampaignUnits/Medic/Medic_Death04.wav,200
unit,medic,death,Medic_Death05.wav,TMG_CANDIDATES/campaigns/liberty.sc2campaign/enus.sc2assets/LocalizedData/Sounds/TerranVO/CampaignUnits/Medic/Medic_Death05.wav,200
unit,firebat,deploy_move,Firebat_What03.ogg,TMG_CANDIDATES/campaigns/liberty.sc2campaign/enus.sc2assets/LocalizedData/Sounds/TerranVO/CampaignUnits/Firebat/Firebat_What03.ogg,200
unit,firebat,deploy_move,Firebat_What04.ogg,TMG_CANDIDATES/campaigns/liberty.sc2campaign/enus.sc2assets/LocalizedData/Sounds/TerranVO/CampaignUnits/Firebat/Firebat_What04.ogg,200
unit,firebat,deploy_move,Firebat_What05.ogg,TMG_CANDIDATES/campaigns/liberty.sc2campaign/enus.sc2assets/LocalizedData/Sounds/TerranVO/CampaignUnits/Firebat/Firebat_What05.ogg,200
unit,firebat,deploy_move,Firebat_Yes00.ogg,TMG_CANDIDATES/campaigns/liberty.sc2campaign/enus.sc2assets/LocalizedData/Sounds/TerranVO/CampaignUnits/Firebat/Firebat_Yes00.ogg,200
unit,firebat,deploy_move,Firebat_Yes01.ogg,TMG_CANDIDATES/campaigns/liberty.sc2campaign/enus.sc2assets/LocalizedData/Sounds/TerranVO/CampaignUnits/Firebat/Firebat_Yes01.ogg,200
unit,firebat,deploy_move,Firebat_Yes02.ogg,TMG_CANDIDATES/campaigns/liberty.sc2campaign/enus.sc2assets/LocalizedData/Sounds/TerranVO/CampaignUnits/Firebat/Firebat_Yes02.ogg,200
unit,firebat,deploy_move,Firebat_Yes03.ogg,TMG_CANDIDATES/campaigns/liberty.sc2campaign/enus.sc2assets/LocalizedData/Sounds/TerranVO/CampaignUnits/Firebat/Firebat_Yes03.ogg,200
unit,firebat,deploy_move,Firebat_Yes04.ogg,TMG_CANDIDATES/campaigns/liberty.sc2campaign/enus.sc2assets/LocalizedData/Sounds/TerranVO/CampaignUnits/Firebat/Firebat_Yes04.ogg,200
unit,firebat,deploy_move,Firebat_Yes05.ogg,TMG_CANDIDATES/campaigns/liberty.sc2campaign/enus.sc2assets/LocalizedData/Sounds/TerranVO/CampaignUnits/Firebat/Firebat_Yes05.ogg,200
unit,firebat,deploy_move,Firebat_Yes06.ogg,TMG_CANDIDATES/campaigns/liberty.sc2campaign/enus.sc2assets/LocalizedData/Sounds/TerranVO/CampaignUnits/Firebat/Firebat_Yes06.ogg,200
unit,firebat,attack,Firebat_Attack00.ogg,TMG_CANDIDATES/campaigns/liberty.sc2campaign/enus.sc2assets/LocalizedData/Sounds/TerranVO/CampaignUnits/Firebat/Firebat_Attack00.ogg,200
unit,firebat,attack,Firebat_Attack01.ogg,TMG_CANDIDATES/campaigns/liberty.sc2campaign/enus.sc2assets/LocalizedData/Sounds/TerranVO/CampaignUnits/Firebat/Firebat_Attack01.ogg,200
unit,firebat,attack,Firebat_Attack02.ogg,TMG_CANDIDATES/campaigns/liberty.sc2campaign/enus.sc2assets/LocalizedData/Sounds/TerranVO/CampaignUnits/Firebat/Firebat_Attack02.ogg,200
unit,firebat,attack,Firebat_Attack03.ogg,TMG_CANDIDATES/campaigns/liberty.sc2campaign/enus.sc2assets/LocalizedData/Sounds/TerranVO/CampaignUnits/Firebat/Firebat_Attack03.ogg,200
unit,firebat,attack,Firebat_Attack04.ogg,TMG_CANDIDATES/campaigns/liberty.sc2campaign/enus.sc2assets/LocalizedData/Sounds/TerranVO/CampaignUnits/Firebat/Firebat_Attack04.ogg,200
unit,firebat,attack,Firebat_Attack05.ogg,TMG_CANDIDATES/campaigns/liberty.sc2campaign/enus.sc2assets/LocalizedData/Sounds/TerranVO/CampaignUnits/Firebat/Firebat_Attack05.ogg,200
unit,firebat,attack,Firebat_Attack06.ogg,TMG_CANDIDATES/campaigns/liberty.sc2campaign/enus.sc2assets/LocalizedData/Sounds/TerranVO/CampaignUnits/Firebat/Firebat_Attack06.ogg,200
unit,firebat,death,Firebat_Death02.wav,TMG_CANDIDATES/campaigns/liberty.sc2campaign/enus.sc2assets/LocalizedData/Sounds/TerranVO/CampaignUnits/Firebat/Firebat_Death02.wav,200
unit,firebat,death,Firebat_Death03.wav,TMG_CANDIDATES/campaigns/liberty.sc2campaign/enus.sc2assets/LocalizedData/Sounds/TerranVO/CampaignUnits/Firebat/Firebat_Death03.wav,200
unit,firebat,death,Firebat_Death04.wav,TMG_CANDIDATES/campaigns/liberty.sc2campaign/enus.sc2assets/LocalizedData/Sounds/TerranVO/CampaignUnits/Firebat/Firebat_Death04.wav,200
unit,firebat,death,Firebat_Death05.wav,TMG_CANDIDATES/campaigns/liberty.sc2campaign/enus.sc2assets/LocalizedData/Sounds/TerranVO/CampaignUnits/Firebat/Firebat_Death05.wav,200
unit,vulture,deploy_move,Vulture_What00.ogg,TMG_CANDIDATES/campaigns/liberty.sc2campaign/enus.sc2assets/LocalizedData/Sounds/TerranVO/CampaignUnits/Vulture/Vulture_What00.ogg,200
unit,vulture,deploy_move,Vulture_What01.ogg,TMG_CANDIDATES/campaigns/liberty.sc2campaign/enus.sc2assets/LocalizedData/Sounds/TerranVO/CampaignUnits/Vulture/Vulture_What01.ogg,200
unit,vulture,deploy_move,Vulture_What02.ogg,TMG_CANDIDATES/campaigns/liberty.sc2campaign/enus.sc2assets/LocalizedData/Sounds/TerranVO/CampaignUnits/Vulture/Vulture_What02.ogg,200
unit,vulture,deploy_move,Vulture_What03.ogg,TMG_CANDIDATES/campaigns/liberty.sc2campaign/enus.sc2assets/LocalizedData/Sounds/TerranVO/CampaignUnits/Vulture/Vulture_What03.ogg,200
unit,vulture,deploy_move,Vulture_Yes01.ogg,TMG_CANDIDATES/campaigns/liberty.sc2campaign/enus.sc2assets/LocalizedData/Sounds/TerranVO/CampaignUnits/Vulture/Vulture_Yes01.ogg,200
unit,vulture,deploy_move,Vulture_Yes02.ogg,TMG_CANDIDATES/campaigns/liberty.sc2campaign/enus.sc2assets/LocalizedData/Sounds/TerranVO/CampaignUnits/Vulture/Vulture_Yes02.ogg,200
unit,vulture,deploy_move,Vulture_Yes03.ogg,TMG_CANDIDATES/campaigns/liberty.sc2campaign/enus.sc2assets/LocalizedData/Sounds/TerranVO/CampaignUnits/Vulture/Vulture_Yes03.ogg,200
unit,vulture,deploy_move,Vulture_Yes04.ogg,TMG_CANDIDATES/campaigns/liberty.sc2campaign/enus.sc2assets/LocalizedData/Sounds/TerranVO/CampaignUnits/Vulture/Vulture_Yes04.ogg,200
unit,vulture,deploy_move,Vulture_Yes05.ogg,TMG_CANDIDATES/campaigns/liberty.sc2campaign/enus.sc2assets/LocalizedData/Sounds/TerranVO/CampaignUnits/Vulture/Vulture_Yes05.ogg,200
unit,vulture,deploy_move,Vulture_Yes06.ogg,TMG_CANDIDATES/campaigns/liberty.sc2campaign/enus.sc2assets/LocalizedData/Sounds/TerranVO/CampaignUnits/Vulture/Vulture_Yes06.ogg,200
unit,vulture,attack,Vulture_Attack00.ogg,TMG_CANDIDATES/campaigns/liberty.sc2campaign/enus.sc2assets/LocalizedData/Sounds/TerranVO/CampaignUnits/Vulture/Vulture_Attack00.ogg,200
unit,vulture,attack,Vulture_Attack01.ogg,TMG_CANDIDATES/campaigns/liberty.sc2campaign/enus.sc2assets/LocalizedData/Sounds/TerranVO/CampaignUnits/Vulture/Vulture_Attack01.ogg,200
unit,vulture,attack,Vulture_Attack02.ogg,TMG_CANDIDATES/campaigns/liberty.sc2campaign/enus.sc2assets/LocalizedData/Sounds/TerranVO/CampaignUnits/Vulture/Vulture_Attack02.ogg,200
unit,vulture,death,Vulture_Death02.wav,TMG_CANDIDATES/campaigns/liberty.sc2campaign/enus.sc2assets/LocalizedData/Sounds/TerranVO/CampaignUnits/Vulture/Vulture_Death02.wav,200
unit,vulture,death,Vulture_Death03.wav,TMG_CANDIDATES/campaigns/liberty.sc2campaign/enus.sc2assets/LocalizedData/Sounds/TerranVO/CampaignUnits/Vulture/Vulture_Death03.wav,200
unit,vulture,death,Vulture_Death04.wav,TMG_CANDIDATES/campaigns/liberty.sc2campaign/enus.sc2assets/LocalizedData/Sounds/TerranVO/CampaignUnits/Vulture/Vulture_Death04.wav,200
unit,vulture,death,Vulture_Death05.wav,TMG_CANDIDATES/campaigns/liberty.sc2campaign/enus.sc2assets/LocalizedData/Sounds/TerranVO/CampaignUnits/Vulture/Vulture_Death05.wav,200
unit,wraith,deploy_move,Wraith_What00.ogg,TMG_CANDIDATES/campaigns/liberty.sc2campaign/enus.sc2assets/LocalizedData/Sounds/TerranVO/CampaignUnits/Wraith/Wraith_What00.ogg,200
unit,wraith,deploy_move,Wraith_What01.ogg,TMG_CANDIDATES/campaigns/liberty.sc2campaign/enus.sc2assets/LocalizedData/Sounds/TerranVO/CampaignUnits/Wraith/Wraith_What01.ogg,200
unit,wraith,deploy_move,Wraith_What02.ogg,TMG_CANDIDATES/campaigns/liberty.sc2campaign/enus.sc2assets/LocalizedData/Sounds/TerranVO/CampaignUnits/Wraith/Wraith_What02.ogg,200
unit,wraith,deploy_move,Wraith_What03.ogg,TMG_CANDIDATES/campaigns/liberty.sc2campaign/enus.sc2assets/LocalizedData/Sounds/TerranVO/CampaignUnits/Wraith/Wraith_What03.ogg,200
unit,wraith,deploy_move,Wraith_Yes00.ogg,TMG_CANDIDATES/campaigns/liberty.sc2campaign/enus.sc2assets/LocalizedData/Sounds/TerranVO/CampaignUnits/Wraith/Wraith_Yes00.ogg,200
unit,wraith,deploy_move,Wraith_Yes01.ogg,TMG_CANDIDATES/campaigns/liberty.sc2campaign/enus.sc2assets/LocalizedData/Sounds/TerranVO/CampaignUnits/Wraith/Wraith_Yes01.ogg,200
unit,wraith,deploy_move,Wraith_Yes02.ogg,TMG_CANDIDATES/campaigns/liberty.sc2campaign/enus.sc2assets/LocalizedData/Sounds/TerranVO/CampaignUnits/Wraith/Wraith_Yes02.ogg,200
unit,wraith,deploy_move,Wraith_Yes03.ogg,TMG_CANDIDATES/campaigns/liberty.sc2campaign/enus.sc2assets/LocalizedData/Sounds/TerranVO/CampaignUnits/Wraith/Wraith_Yes03.ogg,200
unit,wraith,deploy_move,Wraith_Yes04.ogg,TMG_CANDIDATES/campaigns/liberty.sc2campaign/enus.sc2assets/LocalizedData/Sounds/TerranVO/CampaignUnits/Wraith/Wraith_Yes04.ogg,200
unit,wraith,deploy_move,Wraith_Yes05.ogg,TMG_CANDIDATES/campaigns/liberty.sc2campaign/enus.sc2assets/LocalizedData/Sounds/TerranVO/CampaignUnits/Wraith/Wraith_Yes05.ogg,200
unit,wraith,attack,Wraith_Attack00.ogg,TMG_CANDIDATES/campaigns/liberty.sc2campaign/enus.sc2assets/LocalizedData/Sounds/TerranVO/CampaignUnits/Wraith/Wraith_Attack00.ogg,200
unit,wraith,attack,Wraith_Attack01.ogg,TMG_CANDIDATES/campaigns/liberty.sc2campaign/enus.sc2assets/LocalizedData/Sounds/TerranVO/CampaignUnits/Wraith/Wraith_Attack01.ogg,200
unit,wraith,attack,Wraith_Attack02.ogg,TMG_CANDIDATES/campaigns/liberty.sc2campaign/enus.sc2assets/LocalizedData/Sounds/TerranVO/CampaignUnits/Wraith/Wraith_Attack02.ogg,200
unit,wraith,death,Wraith_Death00.wav,TMG_CANDIDATES/campaigns/liberty.sc2campaign/enus.sc2assets/LocalizedData/Sounds/TerranVO/CampaignUnits/Wraith/Wraith_Death00.wav,200
unit,wraith,death,Wraith_Death01.wav,TMG_CANDIDATES/campaigns/liberty.sc2campaign/enus.sc2assets/LocalizedData/Sounds/TerranVO/CampaignUnits/Wraith/Wraith_Death01.wav,200
unit,wraith,death,Wraith_Death02.wav,TMG_CANDIDATES/campaigns/liberty.sc2campaign/enus.sc2assets/LocalizedData/Sounds/TerranVO/CampaignUnits/Wraith/Wraith_Death02.wav,200
unit,wraith,death,Wraith_Death03.wav,TMG_CANDIDATES/campaigns/liberty.sc2campaign/enus.sc2assets/LocalizedData/Sounds/TerranVO/CampaignUnits/Wraith/Wraith_Death03.wav,200
unit,science_vessel,deploy_move,ScienceVessel_Ready00.ogg,TMG_CANDIDATES/campaigns/liberty.sc2campaign/enus.sc2assets/LocalizedData/Sounds/TerranVO/CampaignUnits/ScienceVessel/ScienceVessel_Ready00.ogg,200
unit,science_vessel,deploy_move,ScienceVessel_What00.ogg,TMG_CANDIDATES/campaigns/liberty.sc2campaign/enus.sc2assets/LocalizedData/Sounds/TerranVO/CampaignUnits/ScienceVessel/ScienceVessel_What00.ogg,200
unit,science_vessel,deploy_move,ScienceVessel_What01.ogg,TMG_CANDIDATES/campaigns/liberty.sc2campaign/enus.sc2assets/LocalizedData/Sounds/TerranVO/CampaignUnits/ScienceVessel/ScienceVessel_What01.ogg,200
unit,science_vessel,deploy_move,ScienceVessel_What02.ogg,TMG_CANDIDATES/campaigns/liberty.sc2campaign/enus.sc2assets/LocalizedData/Sounds/TerranVO/CampaignUnits/ScienceVessel/ScienceVessel_What02.ogg,200
unit,science_vessel,deploy_move,ScienceVessel_What03.ogg,TMG_CANDIDATES/campaigns/liberty.sc2campaign/enus.sc2assets/LocalizedData/Sounds/TerranVO/CampaignUnits/ScienceVessel/ScienceVessel_What03.ogg,200
unit,science_vessel,deploy_move,ScienceVessel_Yes00.ogg,TMG_CANDIDATES/campaigns/liberty.sc2campaign/enus.sc2assets/LocalizedData/Sounds/TerranVO/CampaignUnits/ScienceVessel/ScienceVessel_Yes00.ogg,200
unit,science_vessel,deploy_move,ScienceVessel_Yes01.ogg,TMG_CANDIDATES/campaigns/liberty.sc2campaign/enus.sc2assets/LocalizedData/Sounds/TerranVO/CampaignUnits/ScienceVessel/ScienceVessel_Yes01.ogg,200
unit,science_vessel,deploy_move,ScienceVessel_Yes02.ogg,TMG_CANDIDATES/campaigns/liberty.sc2campaign/enus.sc2assets/LocalizedData/Sounds/TerranVO/CampaignUnits/ScienceVessel/ScienceVessel_Yes02.ogg,200
unit,science_vessel,deploy_move,ScienceVessel_Yes03.ogg,TMG_CANDIDATES/campaigns/liberty.sc2campaign/enus.sc2assets/LocalizedData/Sounds/TerranVO/CampaignUnits/ScienceVessel/ScienceVessel_Yes03.ogg,200
unit,science_vessel,attack,ScienceVessel_Attack00.ogg,TMG_CANDIDATES/campaigns/liberty.sc2campaign/enus.sc2assets/LocalizedData/Sounds/TerranVO/CampaignUnits/ScienceVessel/ScienceVessel_Attack00.ogg,200
unit,science_vessel,attack,ScienceVessel_Attack01.ogg,TMG_CANDIDATES/campaigns/liberty.sc2campaign/enus.sc2assets/LocalizedData/Sounds/TerranVO/CampaignUnits/ScienceVessel/ScienceVessel_Attack01.ogg,200
unit,science_vessel,attack,ScienceVessel_Attack02.ogg,TMG_CANDIDATES/campaigns/liberty.sc2campaign/enus.sc2assets/LocalizedData/Sounds/TerranVO/CampaignUnits/ScienceVessel/ScienceVessel_Attack02.ogg,200
unit,science_vessel,attack,ScienceVessel_Attack03.ogg,TMG_CANDIDATES/campaigns/liberty.sc2campaign/enus.sc2assets/LocalizedData/Sounds/TerranVO/CampaignUnits/ScienceVessel/ScienceVessel_Attack03.ogg,200
unit,science_vessel,death,ScienceVessel_Death00.wav,TMG_CANDIDATES/campaigns/liberty.sc2campaign/enus.sc2assets/LocalizedData/Sounds/TerranVO/CampaignUnits/ScienceVessel/ScienceVessel_Death00.wav,200
unit,spectre,deploy_move,Spectre_What02.ogg,TMG_CANDIDATES/campaigns/liberty.sc2campaign/enus.sc2assets/LocalizedData/Sounds/TerranVO/CampaignUnits/Spectre/Spectre_What02.ogg,200
unit,spectre,deploy_move,Spectre_What03.ogg,TMG_CANDIDATES/campaigns/liberty.sc2campaign/enus.sc2assets/LocalizedData/Sounds/TerranVO/CampaignUnits/Spectre/Spectre_What03.ogg,200
unit,spectre,deploy_move,Spectre_What04.ogg,TMG_CANDIDATES/campaigns/liberty.sc2campaign/enus.sc2assets/LocalizedData/Sounds/TerranVO/CampaignUnits/Spectre/Spectre_What04.ogg,200
unit,spectre,deploy_move,Spectre_What05.ogg,TMG_CANDIDATES/campaigns/liberty.sc2campaign/enus.sc2assets/LocalizedData/Sounds/TerranVO/CampaignUnits/Spectre/Spectre_What05.ogg,200
unit,spectre,deploy_move,Spectre_Yes00.ogg,TMG_CANDIDATES/campaigns/liberty.sc2campaign/enus.sc2assets/LocalizedData/Sounds/TerranVO/CampaignUnits/Spectre/Spectre_Yes00.ogg,200
unit,spectre,deploy_move,Spectre_Yes01.ogg,TMG_CANDIDATES/campaigns/liberty.sc2campaign/enus.sc2assets/LocalizedData/Sounds/TerranVO/CampaignUnits/Spectre/Spectre_Yes01.ogg,200
unit,spectre,deploy_move,Spectre_Yes02.ogg,TMG_CANDIDATES/campaigns/liberty.sc2campaign/enus.sc2assets/LocalizedData/Sounds/TerranVO/CampaignUnits/Spectre/Spectre_Yes02.ogg,200
unit,spectre,deploy_move,Spectre_Yes03.ogg,TMG_CANDIDATES/campaigns/liberty.sc2campaign/enus.sc2assets/LocalizedData/Sounds/TerranVO/CampaignUnits/Spectre/Spectre_Yes03.ogg,200
unit,spectre,deploy_move,Spectre_Yes04.ogg,TMG_CANDIDATES/campaigns/liberty.sc2campaign/enus.sc2assets/LocalizedData/Sounds/TerranVO/CampaignUnits/Spectre/Spectre_Yes04.ogg,200
unit,spectre,deploy_move,Spectre_Yes05.ogg,TMG_CANDIDATES/campaigns/liberty.sc2campaign/enus.sc2assets/LocalizedData/Sounds/TerranVO/CampaignUnits/Spectre/Spectre_Yes05.ogg,200
unit,spectre,attack,Spectre_Attack00.ogg,TMG_CANDIDATES/campaigns/liberty.sc2campaign/enus.sc2assets/LocalizedData/Sounds/TerranVO/CampaignUnits/Spectre/Spectre_Attack00.ogg,200
unit,spectre,attack,Spectre_Attack01.ogg,TMG_CANDIDATES/campaigns/liberty.sc2campaign/enus.sc2assets/LocalizedData/Sounds/TerranVO/CampaignUnits/Spectre/Spectre_Attack01.ogg,200
unit,spectre,attack,Spectre_Attack02.ogg,TMG_CANDIDATES/campaigns/liberty.sc2campaign/enus.sc2assets/LocalizedData/Sounds/TerranVO/CampaignUnits/Spectre/Spectre_Attack02.ogg,200
unit,spectre,attack,Spectre_Attack03.ogg,TMG_CANDIDATES/campaigns/liberty.sc2campaign/enus.sc2assets/LocalizedData/Sounds/TerranVO/CampaignUnits/Spectre/Spectre_Attack03.ogg,200
unit,spectre,attack,Spectre_Attack04.ogg,TMG_CANDIDATES/campaigns/liberty.sc2campaign/enus.sc2assets/LocalizedData/Sounds/TerranVO/CampaignUnits/Spectre/Spectre_Attack04.ogg,200
unit,spectre,attack,Spectre_Attack05.ogg,TMG_CANDIDATES/campaigns/liberty.sc2campaign/enus.sc2assets/LocalizedData/Sounds/TerranVO/CampaignUnits/Spectre/Spectre_Attack05.ogg,200
unit,spectre,attack,Spectre_Attack06.ogg,TMG_CANDIDATES/campaigns/liberty.sc2campaign/enus.sc2assets/LocalizedData/Sounds/TerranVO/CampaignUnits/Spectre/Spectre_Attack06.ogg,200
unit,spectre,death,Spectre_Death02.wav,TMG_CANDIDATES/campaigns/liberty.sc2campaign/enus.sc2assets/LocalizedData/Sounds/TerranVO/CampaignUnits/Spectre/Spectre_Death02.wav,200
unit,spectre,death,Spectre_Death03.wav,TMG_CANDIDATES/campaigns/liberty.sc2campaign/enus.sc2assets/LocalizedData/Sounds/TerranVO/CampaignUnits/Spectre/Spectre_Death03.wav,200
unit,spectre,death,Spectre_Death04.wav,TMG_CANDIDATES/campaigns/liberty.sc2campaign/enus.sc2assets/LocalizedData/Sounds/TerranVO/CampaignUnits/Spectre/Spectre_Death04.wav,200
unit,spectre,death,Spectre_Death05.wav,TMG_CANDIDATES/campaigns/liberty.sc2campaign/enus.sc2assets/LocalizedData/Sounds/TerranVO/CampaignUnits/Spectre/Spectre_Death05.wav,200
unit,diamondback,deploy_move,Diamondback_What04.ogg,TMG_CANDIDATES/campaigns/liberty.sc2campaign/enus.sc2assets/LocalizedData/Sounds/TerranVO/CampaignUnits/Diamondback/Diamondback_What04.ogg,200
unit,diamondback,deploy_move,Diamondback_What05.ogg,TMG_CANDIDATES/campaigns/liberty.sc2campaign/enus.sc2assets/LocalizedData/Sounds/TerranVO/CampaignUnits/Diamondback/Diamondback_What05.ogg,200
unit,diamondback,deploy_move,Diamondback_What06.ogg,TMG_CANDIDATES/campaigns/liberty.sc2campaign/enus.sc2assets/LocalizedData/Sounds/TerranVO/CampaignUnits/Diamondback/Diamondback_What06.ogg,200
unit,diamondback,deploy_move,Diamondback_Yes00.ogg,TMG_CANDIDATES/campaigns/liberty.sc2campaign/enus.sc2assets/LocalizedData/Sounds/TerranVO/CampaignUnits/Diamondback/Diamondback_Yes00.ogg,200
unit,diamondback,deploy_move,Diamondback_Yes01.ogg,TMG_CANDIDATES/campaigns/liberty.sc2campaign/enus.sc2assets/LocalizedData/Sounds/TerranVO/CampaignUnits/Diamondback/Diamondback_Yes01.ogg,200
unit,diamondback,deploy_move,Diamondback_Yes02.ogg,TMG_CANDIDATES/campaigns/liberty.sc2campaign/enus.sc2assets/LocalizedData/Sounds/TerranVO/CampaignUnits/Diamondback/Diamondback_Yes02.ogg,200
unit,diamondback,deploy_move,Diamondback_Yes03.ogg,TMG_CANDIDATES/campaigns/liberty.sc2campaign/enus.sc2assets/LocalizedData/Sounds/TerranVO/CampaignUnits/Diamondback/Diamondback_Yes03.ogg,200
unit,diamondback,deploy_move,Diamondback_Yes04.ogg,TMG_CANDIDATES/campaigns/liberty.sc2campaign/enus.sc2assets/LocalizedData/Sounds/TerranVO/CampaignUnits/Diamondback/Diamondback_Yes04.ogg,200
unit,diamondback,deploy_move,Diamondback_Yes05.ogg,TMG_CANDIDATES/campaigns/liberty.sc2campaign/enus.sc2assets/LocalizedData/Sounds/TerranVO/CampaignUnits/Diamondback/Diamondback_Yes05.ogg,200
unit,diamondback,deploy_move,Diamondback_Yes06.ogg,TMG_CANDIDATES/campaigns/liberty.sc2campaign/enus.sc2assets/LocalizedData/Sounds/TerranVO/CampaignUnits/Diamondback/Diamondback_Yes06.ogg,200
unit,diamondback,attack,Diamondback_Attack00.ogg,TMG_CANDIDATES/campaigns/liberty.sc2campaign/enus.sc2assets/LocalizedData/Sounds/TerranVO/CampaignUnits/Diamondback/Diamondback_Attack00.ogg,200
unit,diamondback,attack,Diamondback_Attack01.ogg,TMG_CANDIDATES/campaigns/liberty.sc2campaign/enus.sc2assets/LocalizedData/Sounds/TerranVO/CampaignUnits/Diamondback/Diamondback_Attack01.ogg,200
unit,diamondback,attack,Diamondback_Attack02.ogg,TMG_CANDIDATES/campaigns/liberty.sc2campaign/enus.sc2assets/LocalizedData/Sounds/TerranVO/CampaignUnits/Diamondback/Diamondback_Attack02.ogg,200
unit,diamondback,attack,Diamondback_Attack03.ogg,TMG_CANDIDATES/campaigns/liberty.sc2campaign/enus.sc2assets/LocalizedData/Sounds/TerranVO/CampaignUnits/Diamondback/Diamondback_Attack03.ogg,200
unit,diamondback,attack,Diamondback_Attack04.ogg,TMG_CANDIDATES/campaigns/liberty.sc2campaign/enus.sc2assets/LocalizedData/Sounds/TerranVO/CampaignUnits/Diamondback/Diamondback_Attack04.ogg,200
unit,diamondback,attack,Diamondback_Attack05.ogg,TMG_CANDIDATES/campaigns/liberty.sc2campaign/enus.sc2assets/LocalizedData/Sounds/TerranVO/CampaignUnits/Diamondback/Diamondback_Attack05.ogg,200
unit,diamondback,attack,Diamondback_Attack06.ogg,TMG_CANDIDATES/campaigns/liberty.sc2campaign/enus.sc2assets/LocalizedData/Sounds/TerranVO/CampaignUnits/Diamondback/Diamondback_Attack06.ogg,200
unit,diamondback,death,Diamondback_Death00.wav,TMG_CANDIDATES/campaigns/liberty.sc2campaign/enus.sc2assets/LocalizedData/Sounds/TerranVO/CampaignUnits/Diamondback/Diamondback_Death00.wav,200
unit,warhound,deploy_move,TychusCommander_WarhoundReady00.ogg,TMG_CANDIDATES/campaigns/void.sc2campaign/enus.sc2assets/LocalizedData/Sounds/VO/TychusCommander_WarhoundReady00.ogg,100
unit,hercules,deploy_move,Hercules_Ready00.ogg,TMG_CANDIDATES/campaigns/liberty.sc2campaign/enus.sc2assets/LocalizedData/Sounds/TerranVO/CampaignUnits/Hercules/Hercules_Ready00.ogg,200
unit,hercules,deploy_move,Hercules_What00.ogg,TMG_CANDIDATES/campaigns/liberty.sc2campaign/enus.sc2assets/LocalizedData/Sounds/TerranVO/CampaignUnits/Hercules/Hercules_What00.ogg,200
unit,hercules,deploy_move,Hercules_What01.ogg,TMG_CANDIDATES/campaigns/liberty.sc2campaign/enus.sc2assets/LocalizedData/Sounds/TerranVO/CampaignUnits/Hercules/Hercules_What01.ogg,200
unit,hercules,deploy_move,Hercules_What02.ogg,TMG_CANDIDATES/campaigns/liberty.sc2campaign/enus.sc2assets/LocalizedData/Sounds/TerranVO/CampaignUnits/Hercules/Hercules_What02.ogg,200
unit,hercules,deploy_move,Hercules_Yes00.ogg,TMG_CANDIDATES/campaigns/liberty.sc2campaign/enus.sc2assets/LocalizedData/Sounds/TerranVO/CampaignUnits/Hercules/Hercules_Yes00.ogg,200
unit,hercules,deploy_move,Hercules_Yes01.ogg,TMG_CANDIDATES/campaigns/liberty.sc2campaign/enus.sc2assets/LocalizedData/Sounds/TerranVO/CampaignUnits/Hercules/Hercules_Yes01.ogg,200
unit,hercules,deploy_move,Hercules_Yes02.ogg,TMG_CANDIDATES/campaigns/liberty.sc2campaign/enus.sc2assets/LocalizedData/Sounds/TerranVO/CampaignUnits/Hercules/Hercules_Yes02.ogg,200
unit,hercules,attack,Hercules_NeuralParasiteAttack00.ogg,TMG_CANDIDATES/campaigns/liberty.sc2campaign/enus.sc2assets/LocalizedData/Sounds/TerranVO/CampaignUnits/Hercules/Hercules_NeuralParasiteAttack00.ogg,80
unit,hercules,attack,Hercules_NeuralParasiteAttack01.ogg,TMG_CANDIDATES/campaigns/liberty.sc2campaign/enus.sc2assets/LocalizedData/Sounds/TerranVO/CampaignUnits/Hercules/Hercules_NeuralParasiteAttack01.ogg,80
unit,hercules,death,Hercules_Death00.wav,TMG_CANDIDATES/campaigns/liberty.sc2campaign/enus.sc2assets/LocalizedData/Sounds/TerranVO/CampaignUnits/Hercules/Hercules_Death00.wav,200
unit,warbot,deploy_move,Warbot_What5.ogg,TMG_CANDIDATES/mods/liberty.sc2mod/base.sc2assets/Assets/Sounds/Uni/Units/Warbot/Warbot_What5.ogg,135
unit,warbot,deploy_move,Warbot_Yes0.ogg,TMG_CANDIDATES/mods/liberty.sc2mod/base.sc2assets/Assets/Sounds/Uni/Units/Warbot/Warbot_Yes0.ogg,135
unit,warbot,deploy_move,Warbot_Yes1.ogg,TMG_CANDIDATES/mods/liberty.sc2mod/base.sc2assets/Assets/Sounds/Uni/Units/Warbot/Warbot_Yes1.ogg,135
unit,warbot,deploy_move,Warbot_Yes2.ogg,TMG_CANDIDATES/mods/liberty.sc2mod/base.sc2assets/Assets/Sounds/Uni/Units/Warbot/Warbot_Yes2.ogg,135
unit,warbot,deploy_move,Warbot_Yes3.ogg,TMG_CANDIDATES/mods/liberty.sc2mod/base.sc2assets/Assets/Sounds/Uni/Units/Warbot/Warbot_Yes3.ogg,135
unit,warbot,deploy_move,Warbot_Yes4.ogg,TMG_CANDIDATES/mods/liberty.sc2mod/base.sc2assets/Assets/Sounds/Uni/Units/Warbot/Warbot_Yes4.ogg,135
unit,warbot,deploy_move,Warbot_Yes5.ogg,TMG_CANDIDATES/mods/liberty.sc2mod/base.sc2assets/Assets/Sounds/Uni/Units/Warbot/Warbot_Yes5.ogg,135
unit,warbot,deploy_move,Warbot_Yes6.ogg,TMG_CANDIDATES/mods/liberty.sc2mod/base.sc2assets/Assets/Sounds/Uni/Units/Warbot/Warbot_Yes6.ogg,135
unit,warbot,deploy_move,Warbot_Yes7.ogg,TMG_CANDIDATES/mods/liberty.sc2mod/base.sc2assets/Assets/Sounds/Uni/Units/Warbot/Warbot_Yes7.ogg,135
unit,warbot,deploy_move,Warbot_Yes8.ogg,TMG_CANDIDATES/mods/liberty.sc2mod/base.sc2assets/Assets/Sounds/Uni/Units/Warbot/Warbot_Yes8.ogg,135
unit,warbot,attack,Warbot_Attack1.ogg,TMG_CANDIDATES/mods/liberty.sc2mod/base.sc2assets/Assets/Sounds/Uni/Units/Warbot/Warbot_Attack1.ogg,135
unit,warbot,attack,Warbot_Attack2.ogg,TMG_CANDIDATES/mods/liberty.sc2mod/base.sc2assets/Assets/Sounds/Uni/Units/Warbot/Warbot_Attack2.ogg,135
unit,warbot,attack,Warbot_Attack3.ogg,TMG_CANDIDATES/mods/liberty.sc2mod/base.sc2assets/Assets/Sounds/Uni/Units/Warbot/Warbot_Attack3.ogg,135
unit,warbot,attack,Warbot_Attack4.ogg,TMG_CANDIDATES/mods/liberty.sc2mod/base.sc2assets/Assets/Sounds/Uni/Units/Warbot/Warbot_Attack4.ogg,135
unit,warbot,attack,Warbot_Attack5.ogg,TMG_CANDIDATES/mods/liberty.sc2mod/base.sc2assets/Assets/Sounds/Uni/Units/Warbot/Warbot_Attack5.ogg,135
unit,warbot,attack,Warbot_Attack6.ogg,TMG_CANDIDATES/mods/liberty.sc2mod/base.sc2assets/Assets/Sounds/Uni/Units/Warbot/Warbot_Attack6.ogg,135
unit,warbot,attack,Warbot_Attack7.ogg,TMG_CANDIDATES/mods/liberty.sc2mod/base.sc2assets/Assets/Sounds/Uni/Units/Warbot/Warbot_Attack7.ogg,135
unit,jim_raynor,deploy_move,Raynor_Ready00.ogg,TMG_CANDIDATES/campaigns/liberty.sc2campaign/enus.sc2assets/LocalizedData/Sounds/TerranVO/CampaignUnits/Raynor/Raynor_Ready00.ogg,200
unit,jim_raynor,deploy_move,Raynor_What00.ogg,TMG_CANDIDATES/campaigns/liberty.sc2campaign/enus.sc2assets/LocalizedData/Sounds/TerranVO/CampaignUnits/Raynor/Raynor_What00.ogg,200
unit,jim_raynor,deploy_move,Raynor_What01.ogg,TMG_CANDIDATES/campaigns/liberty.sc2campaign/enus.sc2assets/LocalizedData/Sounds/TerranVO/CampaignUnits/Raynor/Raynor_What01.ogg,200
unit,jim_raynor,deploy_move,Raynor_What02.ogg,TMG_CANDIDATES/campaigns/liberty.sc2campaign/enus.sc2assets/LocalizedData/Sounds/TerranVO/CampaignUnits/Raynor/Raynor_What02.ogg,200
unit,jim_raynor,deploy_move,Raynor_What03.ogg,TMG_CANDIDATES/campaigns/liberty.sc2campaign/enus.sc2assets/LocalizedData/Sounds/TerranVO/CampaignUnits/Raynor/Raynor_What03.ogg,200
unit,jim_raynor,deploy_move,Raynor_What04.ogg,TMG_CANDIDATES/campaigns/liberty.sc2campaign/enus.sc2assets/LocalizedData/Sounds/TerranVO/CampaignUnits/Raynor/Raynor_What04.ogg,200
unit,jim_raynor,deploy_move,Raynor_Yes00.ogg,TMG_CANDIDATES/campaigns/liberty.sc2campaign/enus.sc2assets/LocalizedData/Sounds/TerranVO/CampaignUnits/Raynor/Raynor_Yes00.ogg,200
unit,jim_raynor,deploy_move,Raynor_Yes01.ogg,TMG_CANDIDATES/campaigns/liberty.sc2campaign/enus.sc2assets/LocalizedData/Sounds/TerranVO/CampaignUnits/Raynor/Raynor_Yes01.ogg,200
unit,jim_raynor,deploy_move,Raynor_Yes02.ogg,TMG_CANDIDATES/campaigns/liberty.sc2campaign/enus.sc2assets/LocalizedData/Sounds/TerranVO/CampaignUnits/Raynor/Raynor_Yes02.ogg,200
unit,jim_raynor,deploy_move,Raynor_Yes03.ogg,TMG_CANDIDATES/campaigns/liberty.sc2campaign/enus.sc2assets/LocalizedData/Sounds/TerranVO/CampaignUnits/Raynor/Raynor_Yes03.ogg,200
unit,jim_raynor,deploy_move,Raynor_Yes04.ogg,TMG_CANDIDATES/campaigns/liberty.sc2campaign/enus.sc2assets/LocalizedData/Sounds/TerranVO/CampaignUnits/Raynor/Raynor_Yes04.ogg,200
unit,jim_raynor,deploy_move,Raynor_Yes05.ogg,TMG_CANDIDATES/campaigns/liberty.sc2campaign/enus.sc2assets/LocalizedData/Sounds/TerranVO/CampaignUnits/Raynor/Raynor_Yes05.ogg,200
unit,jim_raynor,deploy_move,Raynor_Yes06.ogg,TMG_CANDIDATES/campaigns/liberty.sc2campaign/enus.sc2assets/LocalizedData/Sounds/TerranVO/CampaignUnits/Raynor/Raynor_Yes06.ogg,200
unit,jim_raynor,attack,Raynor_Attack00.ogg,TMG_CANDIDATES/campaigns/liberty.sc2campaign/enus.sc2assets/LocalizedData/Sounds/TerranVO/CampaignUnits/Raynor/Raynor_Attack00.ogg,200
unit,jim_raynor,attack,Raynor_Attack01.ogg,TMG_CANDIDATES/campaigns/liberty.sc2campaign/enus.sc2assets/LocalizedData/Sounds/TerranVO/CampaignUnits/Raynor/Raynor_Attack01.ogg,200
unit,jim_raynor,attack,Raynor_Attack02.ogg,TMG_CANDIDATES/campaigns/liberty.sc2campaign/enus.sc2assets/LocalizedData/Sounds/TerranVO/CampaignUnits/Raynor/Raynor_Attack02.ogg,200
unit,jim_raynor,attack,Raynor_Attack03.ogg,TMG_CANDIDATES/campaigns/liberty.sc2campaign/enus.sc2assets/LocalizedData/Sounds/TerranVO/CampaignUnits/Raynor/Raynor_Attack03.ogg,200
unit,jim_raynor,attack,Raynor_Attack04.ogg,TMG_CANDIDATES/campaigns/liberty.sc2campaign/enus.sc2assets/LocalizedData/Sounds/TerranVO/CampaignUnits/Raynor/Raynor_Attack04.ogg,200
unit,jim_raynor,death,Raynor_Death01.wav,TMG_CANDIDATES/campaigns/liberty.sc2campaign/enus.sc2assets/LocalizedData/Sounds/TerranVO/CampaignUnits/Raynor/Raynor_Death01.wav,200
unit,jim_raynor,death,Raynor_Death02.wav,TMG_CANDIDATES/campaigns/liberty.sc2campaign/enus.sc2assets/LocalizedData/Sounds/TerranVO/CampaignUnits/Raynor/Raynor_Death02.wav,200
unit,jim_raynor,death,Raynor_Death03.wav,TMG_CANDIDATES/campaigns/liberty.sc2campaign/enus.sc2assets/LocalizedData/Sounds/TerranVO/CampaignUnits/Raynor/Raynor_Death03.wav,200
unit,jim_raynor,death,Raynor_Death04.wav,TMG_CANDIDATES/campaigns/liberty.sc2campaign/enus.sc2assets/LocalizedData/Sounds/TerranVO/CampaignUnits/Raynor/Raynor_Death04.wav,200
unit,jim_raynor,death,Raynor_Death05.wav,TMG_CANDIDATES/campaigns/liberty.sc2campaign/enus.sc2assets/LocalizedData/Sounds/TerranVO/CampaignUnits/Raynor/Raynor_Death05.wav,200
unit,jim_raynor,death,Raynor_Death06.wav,TMG_CANDIDATES/campaigns/liberty.sc2campaign/enus.sc2assets/LocalizedData/Sounds/TerranVO/CampaignUnits/Raynor/Raynor_Death06.wav,200
unit,tychus,deploy_move,Tychus_What01.ogg,TMG_CANDIDATES/campaigns/liberty.sc2campaign/enus.sc2assets/LocalizedData/Sounds/TerranVO/CampaignUnits/Tychus/Tychus_What01.ogg,200
unit,tychus,deploy_move,Tychus_What02.ogg,TMG_CANDIDATES/campaigns/liberty.sc2campaign/enus.sc2assets/LocalizedData/Sounds/TerranVO/CampaignUnits/Tychus/Tychus_What02.ogg,200
unit,tychus,deploy_move,Tychus_What03.ogg,TMG_CANDIDATES/campaigns/liberty.sc2campaign/enus.sc2assets/LocalizedData/Sounds/TerranVO/CampaignUnits/Tychus/Tychus_What03.ogg,200
unit,tychus,deploy_move,Tychus_What04.ogg,TMG_CANDIDATES/campaigns/liberty.sc2campaign/enus.sc2assets/LocalizedData/Sounds/TerranVO/CampaignUnits/Tychus/Tychus_What04.ogg,200
unit,tychus,deploy_move,Tychus_Yes00.ogg,TMG_CANDIDATES/campaigns/liberty.sc2campaign/enus.sc2assets/LocalizedData/Sounds/TerranVO/CampaignUnits/Tychus/Tychus_Yes00.ogg,200
unit,tychus,deploy_move,Tychus_Yes01.ogg,TMG_CANDIDATES/campaigns/liberty.sc2campaign/enus.sc2assets/LocalizedData/Sounds/TerranVO/CampaignUnits/Tychus/Tychus_Yes01.ogg,200
unit,tychus,deploy_move,Tychus_Yes02.ogg,TMG_CANDIDATES/campaigns/liberty.sc2campaign/enus.sc2assets/LocalizedData/Sounds/TerranVO/CampaignUnits/Tychus/Tychus_Yes02.ogg,200
unit,tychus,deploy_move,Tychus_Yes03.ogg,TMG_CANDIDATES/campaigns/liberty.sc2campaign/enus.sc2assets/LocalizedData/Sounds/TerranVO/CampaignUnits/Tychus/Tychus_Yes03.ogg,200
unit,tychus,deploy_move,Tychus_Yes04.ogg,TMG_CANDIDATES/campaigns/liberty.sc2campaign/enus.sc2assets/LocalizedData/Sounds/TerranVO/CampaignUnits/Tychus/Tychus_Yes04.ogg,200
unit,tychus,deploy_move,Tychus_Yes05.ogg,TMG_CANDIDATES/campaigns/liberty.sc2campaign/enus.sc2assets/LocalizedData/Sounds/TerranVO/CampaignUnits/Tychus/Tychus_Yes05.ogg,200
unit,tychus,attack,Tychus_Attack00.ogg,TMG_CANDIDATES/campaigns/liberty.sc2campaign/enus.sc2assets/LocalizedData/Sounds/TerranVO/CampaignUnits/Tychus/Tychus_Attack00.ogg,200
unit,tychus,attack,Tychus_Attack01.ogg,TMG_CANDIDATES/campaigns/liberty.sc2campaign/enus.sc2assets/LocalizedData/Sounds/TerranVO/CampaignUnits/Tychus/Tychus_Attack01.ogg,200
unit,tychus,attack,Tychus_Attack02.ogg,TMG_CANDIDATES/campaigns/liberty.sc2campaign/enus.sc2assets/LocalizedData/Sounds/TerranVO/CampaignUnits/Tychus/Tychus_Attack02.ogg,200
unit,tychus,attack,Tychus_Attack03.ogg,TMG_CANDIDATES/campaigns/liberty.sc2campaign/enus.sc2assets/LocalizedData/Sounds/TerranVO/CampaignUnits/Tychus/Tychus_Attack03.ogg,200
unit,tychus,attack,Tychus_Attack04.ogg,TMG_CANDIDATES/campaigns/liberty.sc2campaign/enus.sc2assets/LocalizedData/Sounds/TerranVO/CampaignUnits/Tychus/Tychus_Attack04.ogg,200
unit,tychus,attack,Tychus_Attack05.ogg,TMG_CANDIDATES/campaigns/liberty.sc2campaign/enus.sc2assets/LocalizedData/Sounds/TerranVO/CampaignUnits/Tychus/Tychus_Attack05.ogg,200
unit,tychus,attack,Tychus_Attack06.ogg,TMG_CANDIDATES/campaigns/liberty.sc2campaign/enus.sc2assets/LocalizedData/Sounds/TerranVO/CampaignUnits/Tychus/Tychus_Attack06.ogg,200
unit,tychus,death,Tychus_Death03.wav,TMG_CANDIDATES/campaigns/liberty.sc2campaign/enus.sc2assets/LocalizedData/Sounds/TerranVO/CampaignUnits/Tychus/Tychus_Death03.wav,200
unit,tychus,death,Tychus_Death04.wav,TMG_CANDIDATES/campaigns/liberty.sc2campaign/enus.sc2assets/LocalizedData/Sounds/TerranVO/CampaignUnits/Tychus/Tychus_Death04.wav,200
unit,tychus,death,Tychus_Death05.wav,TMG_CANDIDATES/campaigns/liberty.sc2campaign/enus.sc2assets/LocalizedData/Sounds/TerranVO/CampaignUnits/Tychus/Tychus_Death05.wav,200
unit,tychus,death,Tychus_Death06.wav,TMG_CANDIDATES/campaigns/liberty.sc2campaign/enus.sc2assets/LocalizedData/Sounds/TerranVO/CampaignUnits/Tychus/Tychus_Death06.wav,200
unit,nova,deploy_move,Nova_What04.ogg,TMG_CANDIDATES/campaigns/liberty.sc2campaign/enus.sc2assets/LocalizedData/Sounds/TerranVO/CampaignUnits/Nova/Nova_What04.ogg,200
unit,nova,deploy_move,Nova_Yes00.ogg,TMG_CANDIDATES/campaigns/liberty.sc2campaign/enus.sc2assets/LocalizedData/Sounds/TerranVO/CampaignUnits/Nova/Nova_Yes00.ogg,200
unit,nova,deploy_move,Nova_Yes01.ogg,TMG_CANDIDATES/campaigns/liberty.sc2campaign/enus.sc2assets/LocalizedData/Sounds/TerranVO/CampaignUnits/Nova/Nova_Yes01.ogg,200
unit,nova,deploy_move,Nova_Yes02.ogg,TMG_CANDIDATES/campaigns/liberty.sc2campaign/enus.sc2assets/LocalizedData/Sounds/TerranVO/CampaignUnits/Nova/Nova_Yes02.ogg,200
unit,nova,deploy_move,Nova_Yes03.ogg,TMG_CANDIDATES/campaigns/liberty.sc2campaign/enus.sc2assets/LocalizedData/Sounds/TerranVO/CampaignUnits/Nova/Nova_Yes03.ogg,200
unit,nova,deploy_move,Nova_Yes04.ogg,TMG_CANDIDATES/campaigns/liberty.sc2campaign/enus.sc2assets/LocalizedData/Sounds/TerranVO/CampaignUnits/Nova/Nova_Yes04.ogg,200
unit,nova,deploy_move,Nova_Yes05.ogg,TMG_CANDIDATES/campaigns/liberty.sc2campaign/enus.sc2assets/LocalizedData/Sounds/TerranVO/CampaignUnits/Nova/Nova_Yes05.ogg,200
unit,nova,deploy_move,Nova_Yes06.ogg,TMG_CANDIDATES/campaigns/liberty.sc2campaign/enus.sc2assets/LocalizedData/Sounds/TerranVO/CampaignUnits/Nova/Nova_Yes06.ogg,200
unit,nova,deploy_move,Nova_Yes07.ogg,TMG_CANDIDATES/campaigns/liberty.sc2campaign/enus.sc2assets/LocalizedData/Sounds/TerranVO/CampaignUnits/Nova/Nova_Yes07.ogg,200
unit,nova,deploy_move,Nova_Yes08.ogg,TMG_CANDIDATES/campaigns/liberty.sc2campaign/enus.sc2assets/LocalizedData/Sounds/TerranVO/CampaignUnits/Nova/Nova_Yes08.ogg,200
unit,nova,attack,Nova_Attack00.ogg,TMG_CANDIDATES/campaigns/liberty.sc2campaign/enus.sc2assets/LocalizedData/Sounds/TerranVO/CampaignUnits/Nova/Nova_Attack00.ogg,200
unit,nova,attack,Nova_Attack01.ogg,TMG_CANDIDATES/campaigns/liberty.sc2campaign/enus.sc2assets/LocalizedData/Sounds/TerranVO/CampaignUnits/Nova/Nova_Attack01.ogg,200
unit,nova,attack,Nova_Attack02.ogg,TMG_CANDIDATES/campaigns/liberty.sc2campaign/enus.sc2assets/LocalizedData/Sounds/TerranVO/CampaignUnits/Nova/Nova_Attack02.ogg,200
unit,nova,attack,Nova_Attack03.ogg,TMG_CANDIDATES/campaigns/liberty.sc2campaign/enus.sc2assets/LocalizedData/Sounds/TerranVO/CampaignUnits/Nova/Nova_Attack03.ogg,200
unit,nova,attack,Nova_Attack04.ogg,TMG_CANDIDATES/campaigns/liberty.sc2campaign/enus.sc2assets/LocalizedData/Sounds/TerranVO/CampaignUnits/Nova/Nova_Attack04.ogg,200
unit,nova,attack,Nova_Attack05.ogg,TMG_CANDIDATES/campaigns/liberty.sc2campaign/enus.sc2assets/LocalizedData/Sounds/TerranVO/CampaignUnits/Nova/Nova_Attack05.ogg,200
unit,nova,death,Nova_Death03.wav,TMG_CANDIDATES/mods/liberty.sc2mod/enus.sc2assets/LocalizedData/Sounds/TerranVO/CampaignUnits/Nova/Nova_Death03.wav,200
unit,nova,death,Nova_Death04.wav,TMG_CANDIDATES/mods/liberty.sc2mod/enus.sc2assets/LocalizedData/Sounds/TerranVO/CampaignUnits/Nova/Nova_Death04.wav,200
unit,nova,death,Nova_Death05.wav,TMG_CANDIDATES/mods/liberty.sc2mod/enus.sc2assets/LocalizedData/Sounds/TerranVO/CampaignUnits/Nova/Nova_Death05.wav,200
unit,nova,death,Nova_Death06.wav,TMG_CANDIDATES/mods/liberty.sc2mod/enus.sc2assets/LocalizedData/Sounds/TerranVO/CampaignUnits/Nova/Nova_Death06.wav,200
unit,swann,deploy_move,Swann_Ready01.ogg,TMG_CANDIDATES/campaigns/liberty.sc2campaign/enus.sc2assets/LocalizedData/Sounds/TerranVO/CampaignUnits/Swann/Swann_Ready01.ogg,200
unit,swann,deploy_move,Swann_What00.ogg,TMG_CANDIDATES/campaigns/liberty.sc2campaign/enus.sc2assets/LocalizedData/Sounds/TerranVO/CampaignUnits/Swann/Swann_What00.ogg,200
unit,swann,deploy_move,Swann_What01.ogg,TMG_CANDIDATES/campaigns/liberty.sc2campaign/enus.sc2assets/LocalizedData/Sounds/TerranVO/CampaignUnits/Swann/Swann_What01.ogg,200
unit,swann,deploy_move,Swann_What02.ogg,TMG_CANDIDATES/campaigns/liberty.sc2campaign/enus.sc2assets/LocalizedData/Sounds/TerranVO/CampaignUnits/Swann/Swann_What02.ogg,200
unit,swann,deploy_move,Swann_What03.ogg,TMG_CANDIDATES/campaigns/liberty.sc2campaign/enus.sc2assets/LocalizedData/Sounds/TerranVO/CampaignUnits/Swann/Swann_What03.ogg,200
unit,swann,deploy_move,Swann_Yes00.ogg,TMG_CANDIDATES/campaigns/liberty.sc2campaign/enus.sc2assets/LocalizedData/Sounds/TerranVO/CampaignUnits/Swann/Swann_Yes00.ogg,200
unit,swann,deploy_move,Swann_Yes01.ogg,TMG_CANDIDATES/campaigns/liberty.sc2campaign/enus.sc2assets/LocalizedData/Sounds/TerranVO/CampaignUnits/Swann/Swann_Yes01.ogg,200
unit,swann,deploy_move,Swann_Yes02.ogg,TMG_CANDIDATES/campaigns/liberty.sc2campaign/enus.sc2assets/LocalizedData/Sounds/TerranVO/CampaignUnits/Swann/Swann_Yes02.ogg,200
unit,swann,deploy_move,Swann_Yes03.ogg,TMG_CANDIDATES/campaigns/liberty.sc2campaign/enus.sc2assets/LocalizedData/Sounds/TerranVO/CampaignUnits/Swann/Swann_Yes03.ogg,200
unit,swann,attack,Swann_Attack00.ogg,TMG_CANDIDATES/campaigns/liberty.sc2campaign/enus.sc2assets/LocalizedData/Sounds/TerranVO/CampaignUnits/Swann/Swann_Attack00.ogg,200
unit,swann,attack,Swann_Attack01.ogg,TMG_CANDIDATES/campaigns/liberty.sc2campaign/enus.sc2assets/LocalizedData/Sounds/TerranVO/CampaignUnits/Swann/Swann_Attack01.ogg,200
unit,swann,attack,Swann_Attack02.ogg,TMG_CANDIDATES/campaigns/liberty.sc2campaign/enus.sc2assets/LocalizedData/Sounds/TerranVO/CampaignUnits/Swann/Swann_Attack02.ogg,200
unit,swann,attack,Swann_Attack03.ogg,TMG_CANDIDATES/campaigns/liberty.sc2campaign/enus.sc2assets/LocalizedData/Sounds/TerranVO/CampaignUnits/Swann/Swann_Attack03.ogg,200
unit,swann,death,Swann_Death02.wav,TMG_CANDIDATES/campaigns/liberty.sc2campaign/enus.sc2assets/LocalizedData/Sounds/TerranVO/CampaignUnits/Swann/Swann_Death02.wav,200
unit,swann,death,Swann_Death03.wav,TMG_CANDIDATES/campaigns/liberty.sc2campaign/enus.sc2assets/LocalizedData/Sounds/TerranVO/CampaignUnits/Swann/Swann_Death03.wav,200
unit,swann,death,Swann_Death04.wav,TMG_CANDIDATES/campaigns/liberty.sc2campaign/enus.sc2assets/LocalizedData/Sounds/TerranVO/CampaignUnits/Swann/Swann_Death04.wav,200
unit,swann,death,Swann_Death05.wav,TMG_CANDIDATES/campaigns/liberty.sc2campaign/enus.sc2assets/LocalizedData/Sounds/TerranVO/CampaignUnits/Swann/Swann_Death05.wav,200
unit,matt_horner,deploy_move,HornerHan_BomberPlatformReady00.ogg,TMG_CANDIDATES/campaigns/void.sc2campaign/enus.sc2assets/LocalizedData/Sounds/VO/HornerHan_BomberPlatformReady00.ogg,100
unit,matt_horner,deploy_move,HornerHan_BomberPlatformReady01.ogg,TMG_CANDIDATES/campaigns/void.sc2campaign/enus.sc2assets/LocalizedData/Sounds/VO/HornerHan_BomberPlatformReady01.ogg,100
unit,mengsk,deploy_move,Mengsk_Raven_What_03.ogg,TMG_CANDIDATES/mods/liberty.sc2mod/base.sc2assets/Assets/Sounds/Mengsk_Raven_What_03.ogg,135
unit,mengsk,deploy_move,Mengsk_Raven_What_04.ogg,TMG_CANDIDATES/mods/liberty.sc2mod/base.sc2assets/Assets/Sounds/Mengsk_Raven_What_04.ogg,135
unit,mengsk,deploy_move,Mengsk_Raven_What_05.ogg,TMG_CANDIDATES/mods/liberty.sc2mod/base.sc2assets/Assets/Sounds/Mengsk_Raven_What_05.ogg,135
unit,mengsk,deploy_move,Mengsk_Raven_What_06.ogg,TMG_CANDIDATES/mods/liberty.sc2mod/base.sc2assets/Assets/Sounds/Mengsk_Raven_What_06.ogg,135
unit,mengsk,deploy_move,Mengsk_Raven_What_07.ogg,TMG_CANDIDATES/mods/liberty.sc2mod/base.sc2assets/Assets/Sounds/Mengsk_Raven_What_07.ogg,135
unit,mengsk,deploy_move,Mengsk_Raven_What_08.ogg,TMG_CANDIDATES/mods/liberty.sc2mod/base.sc2assets/Assets/Sounds/Mengsk_Raven_What_08.ogg,135
unit,mengsk,deploy_move,MengskCommander_ArtilleryReady00.ogg,TMG_CANDIDATES/campaigns/void.sc2campaign/enus.sc2assets/LocalizedData/Sounds/VO/Mengsk/MengskCommander_ArtilleryReady00.ogg,140
unit,mengsk,deploy_move,MengskCommander_ArtilleryReady01.ogg,TMG_CANDIDATES/campaigns/void.sc2campaign/enus.sc2assets/LocalizedData/Sounds/VO/Mengsk/MengskCommander_ArtilleryReady01.ogg,140
unit,mengsk,deploy_move,MengskCommander_ArtilleryReady02.ogg,TMG_CANDIDATES/campaigns/void.sc2campaign/enus.sc2assets/LocalizedData/Sounds/VO/Mengsk/MengskCommander_ArtilleryReady02.ogg,140
unit,mengsk,deploy_move,MengskCommander_ArtilleryReady03.ogg,TMG_CANDIDATES/campaigns/void.sc2campaign/enus.sc2assets/LocalizedData/Sounds/VO/Mengsk/MengskCommander_ArtilleryReady03.ogg,140
unit,mengsk,attack,TrooperMengsk_Attack00.ogg,TMG_CANDIDATES/campaigns/void.sc2campaign/enus.sc2assets/LocalizedData/Sounds/VO/Terran/TrooperMengsk_Attack00.ogg,100
unit,mengsk,attack,TrooperMengsk_Attack01.ogg,TMG_CANDIDATES/campaigns/void.sc2campaign/enus.sc2assets/LocalizedData/Sounds/VO/Terran/TrooperMengsk_Attack01.ogg,100
unit,mengsk,attack,TrooperMengsk_Attack02.ogg,TMG_CANDIDATES/campaigns/void.sc2campaign/enus.sc2assets/LocalizedData/Sounds/VO/Terran/TrooperMengsk_Attack02.ogg,100
unit,mengsk,attack,TrooperMengsk_Attack03.ogg,TMG_CANDIDATES/campaigns/void.sc2campaign/enus.sc2assets/LocalizedData/Sounds/VO/Terran/TrooperMengsk_Attack03.ogg,100
unit,mengsk,attack,TrooperMengsk_Attack04.ogg,TMG_CANDIDATES/campaigns/void.sc2campaign/enus.sc2assets/LocalizedData/Sounds/VO/Terran/TrooperMengsk_Attack04.ogg,100
unit,mengsk,attack,TrooperMengsk_Attack05.ogg,TMG_CANDIDATES/campaigns/void.sc2campaign/enus.sc2assets/LocalizedData/Sounds/VO/Terran/TrooperMengsk_Attack05.ogg,100
unit,mengsk,attack,TrooperMengsk_Attack06.ogg,TMG_CANDIDATES/campaigns/void.sc2campaign/enus.sc2assets/LocalizedData/Sounds/VO/Terran/TrooperMengsk_Attack06.ogg,100
unit,mengsk,death,TrooperMengsk_Death04.wav,TMG_CANDIDATES/campaigns/void.sc2campaign/enus.sc2assets/LocalizedData/Sounds/VO/Terran/TrooperMengsk_Death04.wav,100
unit,mengsk,death,TrooperMengsk_Death05.wav,TMG_CANDIDATES/campaigns/void.sc2campaign/enus.sc2assets/LocalizedData/Sounds/VO/Terran/TrooperMengsk_Death05.wav,100
unit,mengsk,death,TrooperMengsk_Death06.wav,TMG_CANDIDATES/campaigns/void.sc2campaign/enus.sc2assets/LocalizedData/Sounds/VO/Terran/TrooperMengsk_Death06.wav,100
unit,mengsk,death,TrooperMengsk_Death07.wav,TMG_CANDIDATES/campaigns/void.sc2campaign/enus.sc2assets/LocalizedData/Sounds/VO/Terran/TrooperMengsk_Death07.wav,100
unit,stukov,deploy_move,Stukov_TO_Foley_TurnLook.wav,TMG_CANDIDATES/mods/liberty.sc2mod/base.sc2assets/Assets/Sounds/Stukov_TO_Foley_TurnLook.wav,135
unit,stukov,attack,StukovCommander_InfestedAttack00.ogg,TMG_CANDIDATES/campaigns/void.sc2campaign/enus.sc2assets/LocalizedData/Sounds/VO/StukovCommander_InfestedAttack00.ogg,100
unit,stukov,attack,StukovCommander_InfestedAttack01.ogg,TMG_CANDIDATES/campaigns/void.sc2campaign/enus.sc2assets/LocalizedData/Sounds/VO/StukovCommander_InfestedAttack01.ogg,100
unit,stukov,attack,StukovCommander_InfestedAttack02.ogg,TMG_CANDIDATES/campaigns/void.sc2campaign/enus.sc2assets/LocalizedData/Sounds/VO/StukovCommander_InfestedAttack02.ogg,100
unit,probe,deploy_move,Probe_Ready0.ogg,TMG_CANDIDATES/mods/liberty.sc2mod/base.sc2assets/Assets/Sounds/Protoss/Probe/Probe_Ready0.ogg,155
unit,probe,deploy_move,Probe_Ready1.ogg,TMG_CANDIDATES/mods/liberty.sc2mod/base.sc2assets/Assets/Sounds/Protoss/Probe/Probe_Ready1.ogg,155
unit,probe,deploy_move,Probe_What0.ogg,TMG_CANDIDATES/mods/liberty.sc2mod/base.sc2assets/Assets/Sounds/Protoss/Probe/Probe_What0.ogg,155
unit,probe,deploy_move,Probe_What1.ogg,TMG_CANDIDATES/mods/liberty.sc2mod/base.sc2assets/Assets/Sounds/Protoss/Probe/Probe_What1.ogg,155
unit,probe,deploy_move,Probe_What2.ogg,TMG_CANDIDATES/mods/liberty.sc2mod/base.sc2assets/Assets/Sounds/Protoss/Probe/Probe_What2.ogg,155
unit,probe,deploy_move,Probe_Yes0.ogg,TMG_CANDIDATES/mods/liberty.sc2mod/base.sc2assets/Assets/Sounds/Protoss/Probe/Probe_Yes0.ogg,155
unit,probe,deploy_move,Probe_Yes1.ogg,TMG_CANDIDATES/mods/liberty.sc2mod/base.sc2assets/Assets/Sounds/Protoss/Probe/Probe_Yes1.ogg,155
unit,probe,deploy_move,Probe_Yes2.ogg,TMG_CANDIDATES/mods/liberty.sc2mod/base.sc2assets/Assets/Sounds/Protoss/Probe/Probe_Yes2.ogg,155
unit,probe,deploy_move,Probe_Yes3.ogg,TMG_CANDIDATES/mods/liberty.sc2mod/base.sc2assets/Assets/Sounds/Protoss/Probe/Probe_Yes3.ogg,155
unit,probe,death,Probe_Death0.wav,TMG_CANDIDATES/mods/liberty.sc2mod/base.sc2assets/Assets/Sounds/Protoss/Probe/Probe_Death0.wav,155
unit,zealot,deploy_move,Zealot_Ready00.ogg,TMG_CANDIDATES/mods/liberty.sc2mod/enus.sc2assets/LocalizedData/Sounds/ProtossUnitVO/Zealot/Zealot_Ready00.ogg,205
unit,zealot,deploy_move,Zealot_What00.ogg,TMG_CANDIDATES/mods/liberty.sc2mod/enus.sc2assets/LocalizedData/Sounds/ProtossUnitVO/Zealot/Zealot_What00.ogg,205
unit,zealot,deploy_move,Zealot_What01.ogg,TMG_CANDIDATES/mods/liberty.sc2mod/enus.sc2assets/LocalizedData/Sounds/ProtossUnitVO/Zealot/Zealot_What01.ogg,205
unit,zealot,deploy_move,Zealot_What02.ogg,TMG_CANDIDATES/mods/liberty.sc2mod/enus.sc2assets/LocalizedData/Sounds/ProtossUnitVO/Zealot/Zealot_What02.ogg,205
unit,zealot,deploy_move,Zealot_What03.ogg,TMG_CANDIDATES/mods/liberty.sc2mod/enus.sc2assets/LocalizedData/Sounds/ProtossUnitVO/Zealot/Zealot_What03.ogg,205
unit,zealot,deploy_move,Zealot_What04.ogg,TMG_CANDIDATES/mods/liberty.sc2mod/enus.sc2assets/LocalizedData/Sounds/ProtossUnitVO/Zealot/Zealot_What04.ogg,205
unit,zealot,deploy_move,Zealot_What05.ogg,TMG_CANDIDATES/mods/liberty.sc2mod/enus.sc2assets/LocalizedData/Sounds/ProtossUnitVO/Zealot/Zealot_What05.ogg,205
unit,zealot,deploy_move,Zealot_What06.ogg,TMG_CANDIDATES/mods/liberty.sc2mod/enus.sc2assets/LocalizedData/Sounds/ProtossUnitVO/Zealot/Zealot_What06.ogg,205
unit,zealot,deploy_move,Zealot_Yes00.ogg,TMG_CANDIDATES/mods/liberty.sc2mod/enus.sc2assets/LocalizedData/Sounds/ProtossUnitVO/Zealot/Zealot_Yes00.ogg,205
unit,zealot,deploy_move,Zealot_Yes01.ogg,TMG_CANDIDATES/mods/liberty.sc2mod/enus.sc2assets/LocalizedData/Sounds/ProtossUnitVO/Zealot/Zealot_Yes01.ogg,205
unit,zealot,deploy_move,Zealot_Yes02.ogg,TMG_CANDIDATES/mods/liberty.sc2mod/enus.sc2assets/LocalizedData/Sounds/ProtossUnitVO/Zealot/Zealot_Yes02.ogg,205
unit,zealot,deploy_move,Zealot_Yes03.ogg,TMG_CANDIDATES/mods/liberty.sc2mod/enus.sc2assets/LocalizedData/Sounds/ProtossUnitVO/Zealot/Zealot_Yes03.ogg,205
unit,zealot,deploy_move,Zealot_Yes04.ogg,TMG_CANDIDATES/mods/liberty.sc2mod/enus.sc2assets/LocalizedData/Sounds/ProtossUnitVO/Zealot/Zealot_Yes04.ogg,205
unit,zealot,deploy_move,Zealot_Yes05.ogg,TMG_CANDIDATES/mods/liberty.sc2mod/enus.sc2assets/LocalizedData/Sounds/ProtossUnitVO/Zealot/Zealot_Yes05.ogg,205
unit,zealot,attack,Zealot_Attack00.ogg,TMG_CANDIDATES/mods/liberty.sc2mod/enus.sc2assets/LocalizedData/Sounds/ProtossUnitVO/Zealot/Zealot_Attack00.ogg,205
unit,zealot,attack,Zealot_Attack01.ogg,TMG_CANDIDATES/mods/liberty.sc2mod/enus.sc2assets/LocalizedData/Sounds/ProtossUnitVO/Zealot/Zealot_Attack01.ogg,205
unit,zealot,attack,Zealot_Attack02.ogg,TMG_CANDIDATES/mods/liberty.sc2mod/enus.sc2assets/LocalizedData/Sounds/ProtossUnitVO/Zealot/Zealot_Attack02.ogg,205
unit,zealot,attack,Zealot_Attack03.ogg,TMG_CANDIDATES/mods/liberty.sc2mod/enus.sc2assets/LocalizedData/Sounds/ProtossUnitVO/Zealot/Zealot_Attack03.ogg,205
unit,zealot,attack,Zealot_Attack04.ogg,TMG_CANDIDATES/mods/liberty.sc2mod/enus.sc2assets/LocalizedData/Sounds/ProtossUnitVO/Zealot/Zealot_Attack04.ogg,205
unit,zealot,attack,Zealot_Attack05.ogg,TMG_CANDIDATES/mods/liberty.sc2mod/enus.sc2assets/LocalizedData/Sounds/ProtossUnitVO/Zealot/Zealot_Attack05.ogg,205
unit,zealot,attack,Zealot_Attack06.ogg,TMG_CANDIDATES/mods/liberty.sc2mod/enus.sc2assets/LocalizedData/Sounds/ProtossUnitVO/Zealot/Zealot_Attack06.ogg,205
unit,zealot,death,Zealot_Death00.wav,TMG_CANDIDATES/mods/liberty.sc2mod/enus.sc2assets/LocalizedData/Sounds/ProtossUnitVO/Zealot/Zealot_Death00.wav,205
unit,zealot,death,Zealot_Death01.wav,TMG_CANDIDATES/mods/liberty.sc2mod/enus.sc2assets/LocalizedData/Sounds/ProtossUnitVO/Zealot/Zealot_Death01.wav,205
unit,zealot,death,Zealot_Death02.wav,TMG_CANDIDATES/mods/liberty.sc2mod/enus.sc2assets/LocalizedData/Sounds/ProtossUnitVO/Zealot/Zealot_Death02.wav,205
unit,zealot,death,Zealot_Death03.wav,TMG_CANDIDATES/mods/liberty.sc2mod/enus.sc2assets/LocalizedData/Sounds/ProtossUnitVO/Zealot/Zealot_Death03.wav,205
unit,zealot,death,Zealot_Death04.wav,TMG_CANDIDATES/mods/liberty.sc2mod/enus.sc2assets/LocalizedData/Sounds/ProtossUnitVO/Zealot/Zealot_Death04.wav,205
unit,stalker,deploy_move,Stalker_Ready00.ogg,TMG_CANDIDATES/mods/liberty.sc2mod/enus.sc2assets/LocalizedData/Sounds/ProtossUnitVO/Stalker/Stalker_Ready00.ogg,205
unit,stalker,deploy_move,Stalker_What00.ogg,TMG_CANDIDATES/mods/liberty.sc2mod/enus.sc2assets/LocalizedData/Sounds/ProtossUnitVO/Stalker/Stalker_What00.ogg,205
unit,stalker,deploy_move,Stalker_What01.ogg,TMG_CANDIDATES/mods/liberty.sc2mod/enus.sc2assets/LocalizedData/Sounds/ProtossUnitVO/Stalker/Stalker_What01.ogg,205
unit,stalker,deploy_move,Stalker_What02.ogg,TMG_CANDIDATES/mods/liberty.sc2mod/enus.sc2assets/LocalizedData/Sounds/ProtossUnitVO/Stalker/Stalker_What02.ogg,205
unit,stalker,deploy_move,Stalker_What03.ogg,TMG_CANDIDATES/mods/liberty.sc2mod/enus.sc2assets/LocalizedData/Sounds/ProtossUnitVO/Stalker/Stalker_What03.ogg,205
unit,stalker,deploy_move,Stalker_What04.ogg,TMG_CANDIDATES/mods/liberty.sc2mod/enus.sc2assets/LocalizedData/Sounds/ProtossUnitVO/Stalker/Stalker_What04.ogg,205
unit,stalker,deploy_move,Stalker_What05.ogg,TMG_CANDIDATES/mods/liberty.sc2mod/enus.sc2assets/LocalizedData/Sounds/ProtossUnitVO/Stalker/Stalker_What05.ogg,205
unit,stalker,deploy_move,Stalker_Yes00.ogg,TMG_CANDIDATES/mods/liberty.sc2mod/enus.sc2assets/LocalizedData/Sounds/ProtossUnitVO/Stalker/Stalker_Yes00.ogg,205
unit,stalker,deploy_move,Stalker_Yes01.ogg,TMG_CANDIDATES/mods/liberty.sc2mod/enus.sc2assets/LocalizedData/Sounds/ProtossUnitVO/Stalker/Stalker_Yes01.ogg,205
unit,stalker,deploy_move,Stalker_Yes02.ogg,TMG_CANDIDATES/mods/liberty.sc2mod/enus.sc2assets/LocalizedData/Sounds/ProtossUnitVO/Stalker/Stalker_Yes02.ogg,205
unit,stalker,deploy_move,Stalker_Yes03.ogg,TMG_CANDIDATES/mods/liberty.sc2mod/enus.sc2assets/LocalizedData/Sounds/ProtossUnitVO/Stalker/Stalker_Yes03.ogg,205
unit,stalker,deploy_move,Stalker_Yes04.ogg,TMG_CANDIDATES/mods/liberty.sc2mod/enus.sc2assets/LocalizedData/Sounds/ProtossUnitVO/Stalker/Stalker_Yes04.ogg,205
unit,stalker,deploy_move,Stalker_Yes05.ogg,TMG_CANDIDATES/mods/liberty.sc2mod/enus.sc2assets/LocalizedData/Sounds/ProtossUnitVO/Stalker/Stalker_Yes05.ogg,205
unit,stalker,deploy_move,Stalker_Yes06.ogg,TMG_CANDIDATES/mods/liberty.sc2mod/enus.sc2assets/LocalizedData/Sounds/ProtossUnitVO/Stalker/Stalker_Yes06.ogg,205
unit,stalker,deploy_move,Stalker_Yes07.ogg,TMG_CANDIDATES/mods/liberty.sc2mod/enus.sc2assets/LocalizedData/Sounds/ProtossUnitVO/Stalker/Stalker_Yes07.ogg,205
unit,stalker,attack,Stalker_Attack00.ogg,TMG_CANDIDATES/mods/liberty.sc2mod/enus.sc2assets/LocalizedData/Sounds/ProtossUnitVO/Stalker/Stalker_Attack00.ogg,205
unit,stalker,attack,Stalker_Attack01.ogg,TMG_CANDIDATES/mods/liberty.sc2mod/enus.sc2assets/LocalizedData/Sounds/ProtossUnitVO/Stalker/Stalker_Attack01.ogg,205
unit,stalker,attack,Stalker_Attack02.ogg,TMG_CANDIDATES/mods/liberty.sc2mod/enus.sc2assets/LocalizedData/Sounds/ProtossUnitVO/Stalker/Stalker_Attack02.ogg,205
unit,stalker,attack,Stalker_Attack03.ogg,TMG_CANDIDATES/mods/liberty.sc2mod/enus.sc2assets/LocalizedData/Sounds/ProtossUnitVO/Stalker/Stalker_Attack03.ogg,205
unit,stalker,attack,Stalker_Attack04.ogg,TMG_CANDIDATES/mods/liberty.sc2mod/enus.sc2assets/LocalizedData/Sounds/ProtossUnitVO/Stalker/Stalker_Attack04.ogg,205
unit,stalker,attack,Stalker_Attack05.ogg,TMG_CANDIDATES/mods/liberty.sc2mod/enus.sc2assets/LocalizedData/Sounds/ProtossUnitVO/Stalker/Stalker_Attack05.ogg,205
unit,stalker,attack,Stalker_Attack06.ogg,TMG_CANDIDATES/mods/liberty.sc2mod/enus.sc2assets/LocalizedData/Sounds/ProtossUnitVO/Stalker/Stalker_Attack06.ogg,205
unit,stalker,attack,Stalker_Attack07.ogg,TMG_CANDIDATES/mods/liberty.sc2mod/enus.sc2assets/LocalizedData/Sounds/ProtossUnitVO/Stalker/Stalker_Attack07.ogg,205
unit,stalker,death,Stalker_Death00.wav,TMG_CANDIDATES/mods/liberty.sc2mod/enus.sc2assets/LocalizedData/Sounds/ProtossUnitVO/Stalker/Stalker_Death00.wav,205
unit,sentry,deploy_move,Sentry_Ready00.ogg,TMG_CANDIDATES/mods/liberty.sc2mod/base.sc2assets/Assets/Sounds/Protoss/Sentry/Sentry_Ready00.ogg,155
unit,sentry,deploy_move,Sentry_Ready01.ogg,TMG_CANDIDATES/mods/liberty.sc2mod/base.sc2assets/Assets/Sounds/Protoss/Sentry/Sentry_Ready01.ogg,155
unit,sentry,deploy_move,Sentry_What00.ogg,TMG_CANDIDATES/mods/liberty.sc2mod/base.sc2assets/Assets/Sounds/Protoss/Sentry/Sentry_What00.ogg,155
unit,sentry,deploy_move,Sentry_What01.ogg,TMG_CANDIDATES/mods/liberty.sc2mod/base.sc2assets/Assets/Sounds/Protoss/Sentry/Sentry_What01.ogg,155
unit,sentry,deploy_move,Sentry_What02.ogg,TMG_CANDIDATES/mods/liberty.sc2mod/base.sc2assets/Assets/Sounds/Protoss/Sentry/Sentry_What02.ogg,155
unit,sentry,deploy_move,Sentry_What03.ogg,TMG_CANDIDATES/mods/liberty.sc2mod/base.sc2assets/Assets/Sounds/Protoss/Sentry/Sentry_What03.ogg,155
unit,sentry,deploy_move,Sentry_What04.ogg,TMG_CANDIDATES/mods/liberty.sc2mod/base.sc2assets/Assets/Sounds/Protoss/Sentry/Sentry_What04.ogg,155
unit,sentry,deploy_move,Sentry_What05.ogg,TMG_CANDIDATES/mods/liberty.sc2mod/base.sc2assets/Assets/Sounds/Protoss/Sentry/Sentry_What05.ogg,155
unit,sentry,deploy_move,Sentry_Yes00.ogg,TMG_CANDIDATES/mods/liberty.sc2mod/base.sc2assets/Assets/Sounds/Protoss/Sentry/Sentry_Yes00.ogg,155
unit,sentry,deploy_move,Sentry_Yes01.ogg,TMG_CANDIDATES/mods/liberty.sc2mod/base.sc2assets/Assets/Sounds/Protoss/Sentry/Sentry_Yes01.ogg,155
unit,sentry,deploy_move,Sentry_Yes02.ogg,TMG_CANDIDATES/mods/liberty.sc2mod/base.sc2assets/Assets/Sounds/Protoss/Sentry/Sentry_Yes02.ogg,155
unit,sentry,deploy_move,Sentry_Yes03.ogg,TMG_CANDIDATES/mods/liberty.sc2mod/base.sc2assets/Assets/Sounds/Protoss/Sentry/Sentry_Yes03.ogg,155
unit,sentry,attack,Sentry_Attack00.ogg,TMG_CANDIDATES/mods/liberty.sc2mod/base.sc2assets/Assets/Sounds/Protoss/Sentry/Sentry_Attack00.ogg,155
unit,sentry,attack,Sentry_Attack01.ogg,TMG_CANDIDATES/mods/liberty.sc2mod/base.sc2assets/Assets/Sounds/Protoss/Sentry/Sentry_Attack01.ogg,155
unit,sentry,attack,Sentry_Attack02.ogg,TMG_CANDIDATES/mods/liberty.sc2mod/base.sc2assets/Assets/Sounds/Protoss/Sentry/Sentry_Attack02.ogg,155
unit,sentry,attack,Sentry_Attack03.ogg,TMG_CANDIDATES/mods/liberty.sc2mod/base.sc2assets/Assets/Sounds/Protoss/Sentry/Sentry_Attack03.ogg,155
unit,sentry,attack,Sentry_Attack04.ogg,TMG_CANDIDATES/mods/liberty.sc2mod/base.sc2assets/Assets/Sounds/Protoss/Sentry/Sentry_Attack04.ogg,155
unit,sentry,attack,Sentry_Attack05.ogg,TMG_CANDIDATES/mods/liberty.sc2mod/base.sc2assets/Assets/Sounds/Protoss/Sentry/Sentry_Attack05.ogg,155
unit,sentry,attack,Sentry_Attack06.ogg,TMG_CANDIDATES/mods/liberty.sc2mod/base.sc2assets/Assets/Sounds/Protoss/Sentry/Sentry_Attack06.ogg,155
unit,sentry,death,Sentry_Death00.wav,TMG_CANDIDATES/mods/liberty.sc2mod/base.sc2assets/Assets/Sounds/Protoss/Sentry/Sentry_Death00.wav,155
unit,sentry,death,Sentry_Death01.wav,TMG_CANDIDATES/mods/liberty.sc2mod/base.sc2assets/Assets/Sounds/Protoss/Sentry/Sentry_Death01.wav,155
unit,sentry,death,Sentry_Death02.wav,TMG_CANDIDATES/mods/liberty.sc2mod/base.sc2assets/Assets/Sounds/Protoss/Sentry/Sentry_Death02.wav,155
unit,sentry,death,Sentry_ForceFieldDeath0.wav,TMG_CANDIDATES/mods/liberty.sc2mod/base.sc2assets/Assets/Sounds/Protoss/Sentry/Sentry_ForceFieldDeath0.wav,155
unit,sentry,death,Sentry_GuardianShieldDeath0.wav,TMG_CANDIDATES/mods/liberty.sc2mod/base.sc2assets/Assets/Sounds/Protoss/Sentry/Sentry_GuardianShieldDeath0.wav,155
unit,adept,deploy_move,Adept_What00.ogg,TMG_CANDIDATES/mods/liberty.sc2mod/enus.sc2assets/LocalizedData/Sounds/VO/Protoss/Adept_What00.ogg,170
unit,adept,deploy_move,Adept_What01.ogg,TMG_CANDIDATES/mods/liberty.sc2mod/enus.sc2assets/LocalizedData/Sounds/VO/Protoss/Adept_What01.ogg,170
unit,adept,deploy_move,Adept_What02.ogg,TMG_CANDIDATES/mods/liberty.sc2mod/enus.sc2assets/LocalizedData/Sounds/VO/Protoss/Adept_What02.ogg,170
unit,adept,deploy_move,Adept_What03.ogg,TMG_CANDIDATES/mods/liberty.sc2mod/enus.sc2assets/LocalizedData/Sounds/VO/Protoss/Adept_What03.ogg,170
unit,adept,deploy_move,Adept_What04.ogg,TMG_CANDIDATES/mods/liberty.sc2mod/enus.sc2assets/LocalizedData/Sounds/VO/Protoss/Adept_What04.ogg,170
unit,adept,deploy_move,Adept_What05.ogg,TMG_CANDIDATES/mods/liberty.sc2mod/enus.sc2assets/LocalizedData/Sounds/VO/Protoss/Adept_What05.ogg,170
unit,adept,deploy_move,Adept_What06.ogg,TMG_CANDIDATES/mods/liberty.sc2mod/enus.sc2assets/LocalizedData/Sounds/VO/Protoss/Adept_What06.ogg,170
unit,adept,deploy_move,Adept_What07.ogg,TMG_CANDIDATES/mods/liberty.sc2mod/enus.sc2assets/LocalizedData/Sounds/VO/Protoss/Adept_What07.ogg,170
unit,adept,deploy_move,Adept_Yes00.ogg,TMG_CANDIDATES/mods/liberty.sc2mod/enus.sc2assets/LocalizedData/Sounds/VO/Protoss/Adept_Yes00.ogg,170
unit,adept,deploy_move,Adept_Yes01.ogg,TMG_CANDIDATES/mods/liberty.sc2mod/enus.sc2assets/LocalizedData/Sounds/VO/Protoss/Adept_Yes01.ogg,170
unit,adept,deploy_move,Adept_Yes02.ogg,TMG_CANDIDATES/mods/liberty.sc2mod/enus.sc2assets/LocalizedData/Sounds/VO/Protoss/Adept_Yes02.ogg,170
unit,adept,deploy_move,Adept_Yes03.ogg,TMG_CANDIDATES/mods/liberty.sc2mod/enus.sc2assets/LocalizedData/Sounds/VO/Protoss/Adept_Yes03.ogg,170
unit,adept,deploy_move,Adept_Yes04.ogg,TMG_CANDIDATES/mods/liberty.sc2mod/enus.sc2assets/LocalizedData/Sounds/VO/Protoss/Adept_Yes04.ogg,170
unit,adept,deploy_move,Adept_Yes05.ogg,TMG_CANDIDATES/mods/liberty.sc2mod/enus.sc2assets/LocalizedData/Sounds/VO/Protoss/Adept_Yes05.ogg,170
unit,adept,deploy_move,Adept_Yes06.ogg,TMG_CANDIDATES/mods/liberty.sc2mod/enus.sc2assets/LocalizedData/Sounds/VO/Protoss/Adept_Yes06.ogg,170
unit,adept,deploy_move,Adept_Yes07.ogg,TMG_CANDIDATES/mods/liberty.sc2mod/enus.sc2assets/LocalizedData/Sounds/VO/Protoss/Adept_Yes07.ogg,170
unit,adept,attack,Adept_Attack00.ogg,TMG_CANDIDATES/mods/liberty.sc2mod/enus.sc2assets/LocalizedData/Sounds/VO/Protoss/Adept_Attack00.ogg,170
unit,adept,attack,Adept_Attack01.ogg,TMG_CANDIDATES/mods/liberty.sc2mod/enus.sc2assets/LocalizedData/Sounds/VO/Protoss/Adept_Attack01.ogg,170
unit,adept,attack,Adept_Attack02.ogg,TMG_CANDIDATES/mods/liberty.sc2mod/enus.sc2assets/LocalizedData/Sounds/VO/Protoss/Adept_Attack02.ogg,170
unit,adept,attack,Adept_Attack03.ogg,TMG_CANDIDATES/mods/liberty.sc2mod/enus.sc2assets/LocalizedData/Sounds/VO/Protoss/Adept_Attack03.ogg,170
unit,adept,attack,Adept_Attack04.ogg,TMG_CANDIDATES/mods/liberty.sc2mod/enus.sc2assets/LocalizedData/Sounds/VO/Protoss/Adept_Attack04.ogg,170
unit,adept,attack,Adept_Attack05.ogg,TMG_CANDIDATES/mods/liberty.sc2mod/enus.sc2assets/LocalizedData/Sounds/VO/Protoss/Adept_Attack05.ogg,170
unit,adept,attack,Adept_Attack06.ogg,TMG_CANDIDATES/mods/liberty.sc2mod/enus.sc2assets/LocalizedData/Sounds/VO/Protoss/Adept_Attack06.ogg,170
unit,adept,attack,Adept_Attack07.ogg,TMG_CANDIDATES/mods/liberty.sc2mod/enus.sc2assets/LocalizedData/Sounds/VO/Protoss/Adept_Attack07.ogg,170
unit,adept,death,Adept_Death00.wav,TMG_CANDIDATES/mods/liberty.sc2mod/enus.sc2assets/LocalizedData/Sounds/VO/Protoss/Adept_Death00.wav,170
unit,adept,death,Adept_Death01.wav,TMG_CANDIDATES/mods/liberty.sc2mod/enus.sc2assets/LocalizedData/Sounds/VO/Protoss/Adept_Death01.wav,170
unit,adept,death,Adept_Death02.wav,TMG_CANDIDATES/mods/liberty.sc2mod/enus.sc2assets/LocalizedData/Sounds/VO/Protoss/Adept_Death02.wav,170
unit,adept,death,Adept_Death03.wav,TMG_CANDIDATES/mods/liberty.sc2mod/enus.sc2assets/LocalizedData/Sounds/VO/Protoss/Adept_Death03.wav,170
unit,high_templar,deploy_move,HighTemplar_What04.ogg,TMG_CANDIDATES/mods/liberty.sc2mod/enus.sc2assets/LocalizedData/Sounds/ProtossUnitVO/HighTemplar/HighTemplar_What04.ogg,205
unit,high_templar,deploy_move,HighTemplar_What05.ogg,TMG_CANDIDATES/mods/liberty.sc2mod/enus.sc2assets/LocalizedData/Sounds/ProtossUnitVO/HighTemplar/HighTemplar_What05.ogg,205
unit,high_templar,deploy_move,HighTemplar_What06.ogg,TMG_CANDIDATES/mods/liberty.sc2mod/enus.sc2assets/LocalizedData/Sounds/ProtossUnitVO/HighTemplar/HighTemplar_What06.ogg,205
unit,high_templar,deploy_move,HighTemplar_Yes00.ogg,TMG_CANDIDATES/mods/liberty.sc2mod/enus.sc2assets/LocalizedData/Sounds/ProtossUnitVO/HighTemplar/HighTemplar_Yes00.ogg,205
unit,high_templar,deploy_move,HighTemplar_Yes01.ogg,TMG_CANDIDATES/mods/liberty.sc2mod/enus.sc2assets/LocalizedData/Sounds/ProtossUnitVO/HighTemplar/HighTemplar_Yes01.ogg,205
unit,high_templar,deploy_move,HighTemplar_Yes02.ogg,TMG_CANDIDATES/mods/liberty.sc2mod/enus.sc2assets/LocalizedData/Sounds/ProtossUnitVO/HighTemplar/HighTemplar_Yes02.ogg,205
unit,high_templar,deploy_move,HighTemplar_Yes03.ogg,TMG_CANDIDATES/mods/liberty.sc2mod/enus.sc2assets/LocalizedData/Sounds/ProtossUnitVO/HighTemplar/HighTemplar_Yes03.ogg,205
unit,high_templar,deploy_move,HighTemplar_Yes04.ogg,TMG_CANDIDATES/mods/liberty.sc2mod/enus.sc2assets/LocalizedData/Sounds/ProtossUnitVO/HighTemplar/HighTemplar_Yes04.ogg,205
unit,high_templar,deploy_move,HighTemplar_Yes05.ogg,TMG_CANDIDATES/mods/liberty.sc2mod/enus.sc2assets/LocalizedData/Sounds/ProtossUnitVO/HighTemplar/HighTemplar_Yes05.ogg,205
unit,high_templar,deploy_move,HighTemplar_Yes06.ogg,TMG_CANDIDATES/mods/liberty.sc2mod/enus.sc2assets/LocalizedData/Sounds/ProtossUnitVO/HighTemplar/HighTemplar_Yes06.ogg,205
unit,high_templar,attack,HighTemplar_Attack00.ogg,TMG_CANDIDATES/mods/liberty.sc2mod/enus.sc2assets/LocalizedData/Sounds/ProtossUnitVO/HighTemplar/HighTemplar_Attack00.ogg,205
unit,high_templar,attack,HighTemplar_Attack01.ogg,TMG_CANDIDATES/mods/liberty.sc2mod/enus.sc2assets/LocalizedData/Sounds/ProtossUnitVO/HighTemplar/HighTemplar_Attack01.ogg,205
unit,high_templar,attack,HighTemplar_Attack02.ogg,TMG_CANDIDATES/mods/liberty.sc2mod/enus.sc2assets/LocalizedData/Sounds/ProtossUnitVO/HighTemplar/HighTemplar_Attack02.ogg,205
unit,high_templar,attack,HighTemplar_Attack03.ogg,TMG_CANDIDATES/mods/liberty.sc2mod/enus.sc2assets/LocalizedData/Sounds/ProtossUnitVO/HighTemplar/HighTemplar_Attack03.ogg,205
unit,high_templar,attack,HighTemplar_Attack04.ogg,TMG_CANDIDATES/mods/liberty.sc2mod/enus.sc2assets/LocalizedData/Sounds/ProtossUnitVO/HighTemplar/HighTemplar_Attack04.ogg,205
unit,high_templar,attack,HighTemplar_Attack05.ogg,TMG_CANDIDATES/mods/liberty.sc2mod/enus.sc2assets/LocalizedData/Sounds/ProtossUnitVO/HighTemplar/HighTemplar_Attack05.ogg,205
unit,high_templar,attack,HighTemplar_Attack06.ogg,TMG_CANDIDATES/mods/liberty.sc2mod/enus.sc2assets/LocalizedData/Sounds/ProtossUnitVO/HighTemplar/HighTemplar_Attack06.ogg,205
unit,high_templar,death,HighTemplar_Death1.wav,TMG_CANDIDATES/mods/liberty.sc2mod/enus.sc2assets/LocalizedData/Sounds/ProtossUnitVO/HighTemplar/HighTemplar_Death1.wav,205
unit,high_templar,death,HighTemplar_Death2.wav,TMG_CANDIDATES/mods/liberty.sc2mod/enus.sc2assets/LocalizedData/Sounds/ProtossUnitVO/HighTemplar/HighTemplar_Death2.wav,205
unit,high_templar,death,HighTemplar_Death3.wav,TMG_CANDIDATES/mods/liberty.sc2mod/enus.sc2assets/LocalizedData/Sounds/ProtossUnitVO/HighTemplar/HighTemplar_Death3.wav,205
unit,high_templar,death,HighTemplar_Death4.wav,TMG_CANDIDATES/mods/liberty.sc2mod/enus.sc2assets/LocalizedData/Sounds/ProtossUnitVO/HighTemplar/HighTemplar_Death4.wav,205
unit,dark_templar,deploy_move,DarkTemplar_What04.ogg,TMG_CANDIDATES/mods/liberty.sc2mod/enus.sc2assets/LocalizedData/Sounds/ProtossUnitVO/DarkTemplar/DarkTemplar_What04.ogg,205
unit,dark_templar,deploy_move,DarkTemplar_What05.ogg,TMG_CANDIDATES/mods/liberty.sc2mod/enus.sc2assets/LocalizedData/Sounds/ProtossUnitVO/DarkTemplar/DarkTemplar_What05.ogg,205
unit,dark_templar,deploy_move,DarkTemplar_What06.ogg,TMG_CANDIDATES/mods/liberty.sc2mod/enus.sc2assets/LocalizedData/Sounds/ProtossUnitVO/DarkTemplar/DarkTemplar_What06.ogg,205
unit,dark_templar,deploy_move,DarkTemplar_Yes00.ogg,TMG_CANDIDATES/mods/liberty.sc2mod/enus.sc2assets/LocalizedData/Sounds/ProtossUnitVO/DarkTemplar/DarkTemplar_Yes00.ogg,205
unit,dark_templar,deploy_move,DarkTemplar_Yes01.ogg,TMG_CANDIDATES/mods/liberty.sc2mod/enus.sc2assets/LocalizedData/Sounds/ProtossUnitVO/DarkTemplar/DarkTemplar_Yes01.ogg,205
unit,dark_templar,deploy_move,DarkTemplar_Yes02.ogg,TMG_CANDIDATES/mods/liberty.sc2mod/enus.sc2assets/LocalizedData/Sounds/ProtossUnitVO/DarkTemplar/DarkTemplar_Yes02.ogg,205
unit,dark_templar,deploy_move,DarkTemplar_Yes03.ogg,TMG_CANDIDATES/mods/liberty.sc2mod/enus.sc2assets/LocalizedData/Sounds/ProtossUnitVO/DarkTemplar/DarkTemplar_Yes03.ogg,205
unit,dark_templar,deploy_move,DarkTemplar_Yes04.ogg,TMG_CANDIDATES/mods/liberty.sc2mod/enus.sc2assets/LocalizedData/Sounds/ProtossUnitVO/DarkTemplar/DarkTemplar_Yes04.ogg,205
unit,dark_templar,deploy_move,DarkTemplar_Yes05.ogg,TMG_CANDIDATES/mods/liberty.sc2mod/enus.sc2assets/LocalizedData/Sounds/ProtossUnitVO/DarkTemplar/DarkTemplar_Yes05.ogg,205
unit,dark_templar,deploy_move,DarkTemplar_Yes06.ogg,TMG_CANDIDATES/mods/liberty.sc2mod/enus.sc2assets/LocalizedData/Sounds/ProtossUnitVO/DarkTemplar/DarkTemplar_Yes06.ogg,205
unit,dark_templar,attack,DarkTemplar_Attack00.ogg,TMG_CANDIDATES/mods/liberty.sc2mod/enus.sc2assets/LocalizedData/Sounds/ProtossUnitVO/DarkTemplar/DarkTemplar_Attack00.ogg,205
unit,dark_templar,attack,DarkTemplar_Attack01.ogg,TMG_CANDIDATES/mods/liberty.sc2mod/enus.sc2assets/LocalizedData/Sounds/ProtossUnitVO/DarkTemplar/DarkTemplar_Attack01.ogg,205
unit,dark_templar,attack,DarkTemplar_Attack02.ogg,TMG_CANDIDATES/mods/liberty.sc2mod/enus.sc2assets/LocalizedData/Sounds/ProtossUnitVO/DarkTemplar/DarkTemplar_Attack02.ogg,205
unit,dark_templar,attack,DarkTemplar_Attack03.ogg,TMG_CANDIDATES/mods/liberty.sc2mod/enus.sc2assets/LocalizedData/Sounds/ProtossUnitVO/DarkTemplar/DarkTemplar_Attack03.ogg,205
unit,dark_templar,attack,DarkTemplar_Attack04.ogg,TMG_CANDIDATES/mods/liberty.sc2mod/enus.sc2assets/LocalizedData/Sounds/ProtossUnitVO/DarkTemplar/DarkTemplar_Attack04.ogg,205
unit,dark_templar,attack,DarkTemplar_Attack05.ogg,TMG_CANDIDATES/mods/liberty.sc2mod/enus.sc2assets/LocalizedData/Sounds/ProtossUnitVO/DarkTemplar/DarkTemplar_Attack05.ogg,205
unit,dark_templar,death,DarkTemplar_Death01.wav,TMG_CANDIDATES/mods/liberty.sc2mod/enus.sc2assets/LocalizedData/Sounds/ProtossUnitVO/DarkTemplar/DarkTemplar_Death01.wav,205
unit,dark_templar,death,DarkTemplar_Death02.wav,TMG_CANDIDATES/mods/liberty.sc2mod/enus.sc2assets/LocalizedData/Sounds/ProtossUnitVO/DarkTemplar/DarkTemplar_Death02.wav,205
unit,dark_templar,death,DarkTemplar_Death03.wav,TMG_CANDIDATES/mods/liberty.sc2mod/enus.sc2assets/LocalizedData/Sounds/ProtossUnitVO/DarkTemplar/DarkTemplar_Death03.wav,205
unit,dark_templar,death,DarkTemplar_Death04.wav,TMG_CANDIDATES/mods/liberty.sc2mod/enus.sc2assets/LocalizedData/Sounds/ProtossUnitVO/DarkTemplar/DarkTemplar_Death04.wav,205
unit,archon,deploy_move,Archon_What00.ogg,TMG_CANDIDATES/mods/liberty.sc2mod/enus.sc2assets/LocalizedData/Sounds/ProtossUnitVO/Archon/Archon_What00.ogg,205
unit,archon,deploy_move,Archon_What01.ogg,TMG_CANDIDATES/mods/liberty.sc2mod/enus.sc2assets/LocalizedData/Sounds/ProtossUnitVO/Archon/Archon_What01.ogg,205
unit,archon,deploy_move,Archon_What02.ogg,TMG_CANDIDATES/mods/liberty.sc2mod/enus.sc2assets/LocalizedData/Sounds/ProtossUnitVO/Archon/Archon_What02.ogg,205
unit,archon,deploy_move,Archon_What03.ogg,TMG_CANDIDATES/mods/liberty.sc2mod/enus.sc2assets/LocalizedData/Sounds/ProtossUnitVO/Archon/Archon_What03.ogg,205
unit,archon,deploy_move,Archon_Yes00.ogg,TMG_CANDIDATES/mods/liberty.sc2mod/enus.sc2assets/LocalizedData/Sounds/ProtossUnitVO/Archon/Archon_Yes00.ogg,205
unit,archon,deploy_move,Archon_Yes01.ogg,TMG_CANDIDATES/mods/liberty.sc2mod/enus.sc2assets/LocalizedData/Sounds/ProtossUnitVO/Archon/Archon_Yes01.ogg,205
unit,archon,deploy_move,Archon_Yes02.ogg,TMG_CANDIDATES/mods/liberty.sc2mod/enus.sc2assets/LocalizedData/Sounds/ProtossUnitVO/Archon/Archon_Yes02.ogg,205
unit,archon,deploy_move,Archon_Yes03.ogg,TMG_CANDIDATES/mods/liberty.sc2mod/enus.sc2assets/LocalizedData/Sounds/ProtossUnitVO/Archon/Archon_Yes03.ogg,205
unit,archon,deploy_move,Archon_Yes04.ogg,TMG_CANDIDATES/mods/liberty.sc2mod/enus.sc2assets/LocalizedData/Sounds/ProtossUnitVO/Archon/Archon_Yes04.ogg,205
unit,archon,deploy_move,Archon_Yes05.ogg,TMG_CANDIDATES/mods/liberty.sc2mod/enus.sc2assets/LocalizedData/Sounds/ProtossUnitVO/Archon/Archon_Yes05.ogg,205
unit,archon,attack,Archon_Attack00.ogg,TMG_CANDIDATES/mods/liberty.sc2mod/enus.sc2assets/LocalizedData/Sounds/ProtossUnitVO/Archon/Archon_Attack00.ogg,205
unit,archon,attack,Archon_Attack01.ogg,TMG_CANDIDATES/mods/liberty.sc2mod/enus.sc2assets/LocalizedData/Sounds/ProtossUnitVO/Archon/Archon_Attack01.ogg,205
unit,archon,attack,Archon_Attack02.ogg,TMG_CANDIDATES/mods/liberty.sc2mod/enus.sc2assets/LocalizedData/Sounds/ProtossUnitVO/Archon/Archon_Attack02.ogg,205
unit,archon,death,Archon_Death00.wav,TMG_CANDIDATES/mods/liberty.sc2mod/enus.sc2assets/LocalizedData/Sounds/ProtossUnitVO/Archon/Archon_Death00.wav,205
unit,archon,death,Archon_Death01.wav,TMG_CANDIDATES/mods/liberty.sc2mod/enus.sc2assets/LocalizedData/Sounds/ProtossUnitVO/Archon/Archon_Death01.wav,205
unit,archon,death,Archon_Death02.wav,TMG_CANDIDATES/mods/liberty.sc2mod/enus.sc2assets/LocalizedData/Sounds/ProtossUnitVO/Archon/Archon_Death02.wav,205
unit,archon,death,Archon_Death03.wav,TMG_CANDIDATES/mods/liberty.sc2mod/enus.sc2assets/LocalizedData/Sounds/ProtossUnitVO/Archon/Archon_Death03.wav,205
unit,immortal,deploy_move,Immortal_Ready00.ogg,TMG_CANDIDATES/mods/liberty.sc2mod/enus.sc2assets/LocalizedData/Sounds/ProtossUnitVO/Immortal/Immortal_Ready00.ogg,205
unit,immortal,deploy_move,Immortal_What00.ogg,TMG_CANDIDATES/mods/liberty.sc2mod/enus.sc2assets/LocalizedData/Sounds/ProtossUnitVO/Immortal/Immortal_What00.ogg,205
unit,immortal,deploy_move,Immortal_What01.ogg,TMG_CANDIDATES/mods/liberty.sc2mod/enus.sc2assets/LocalizedData/Sounds/ProtossUnitVO/Immortal/Immortal_What01.ogg,205
unit,immortal,deploy_move,Immortal_What02.ogg,TMG_CANDIDATES/mods/liberty.sc2mod/enus.sc2assets/LocalizedData/Sounds/ProtossUnitVO/Immortal/Immortal_What02.ogg,205
unit,immortal,deploy_move,Immortal_What03.ogg,TMG_CANDIDATES/mods/liberty.sc2mod/enus.sc2assets/LocalizedData/Sounds/ProtossUnitVO/Immortal/Immortal_What03.ogg,205
unit,immortal,deploy_move,Immortal_What04.ogg,TMG_CANDIDATES/mods/liberty.sc2mod/enus.sc2assets/LocalizedData/Sounds/ProtossUnitVO/Immortal/Immortal_What04.ogg,205
unit,immortal,deploy_move,Immortal_What05.ogg,TMG_CANDIDATES/mods/liberty.sc2mod/enus.sc2assets/LocalizedData/Sounds/ProtossUnitVO/Immortal/Immortal_What05.ogg,205
unit,immortal,deploy_move,Immortal_What06.ogg,TMG_CANDIDATES/mods/liberty.sc2mod/enus.sc2assets/LocalizedData/Sounds/ProtossUnitVO/Immortal/Immortal_What06.ogg,205
unit,immortal,deploy_move,Immortal_Yes00.ogg,TMG_CANDIDATES/mods/liberty.sc2mod/enus.sc2assets/LocalizedData/Sounds/ProtossUnitVO/Immortal/Immortal_Yes00.ogg,205
unit,immortal,deploy_move,Immortal_Yes01.ogg,TMG_CANDIDATES/mods/liberty.sc2mod/enus.sc2assets/LocalizedData/Sounds/ProtossUnitVO/Immortal/Immortal_Yes01.ogg,205
unit,immortal,deploy_move,Immortal_Yes02.ogg,TMG_CANDIDATES/mods/liberty.sc2mod/enus.sc2assets/LocalizedData/Sounds/ProtossUnitVO/Immortal/Immortal_Yes02.ogg,205
unit,immortal,deploy_move,Immortal_Yes03.ogg,TMG_CANDIDATES/mods/liberty.sc2mod/enus.sc2assets/LocalizedData/Sounds/ProtossUnitVO/Immortal/Immortal_Yes03.ogg,205
unit,immortal,deploy_move,Immortal_Yes04.ogg,TMG_CANDIDATES/mods/liberty.sc2mod/enus.sc2assets/LocalizedData/Sounds/ProtossUnitVO/Immortal/Immortal_Yes04.ogg,205
unit,immortal,deploy_move,Immortal_Yes05.ogg,TMG_CANDIDATES/mods/liberty.sc2mod/enus.sc2assets/LocalizedData/Sounds/ProtossUnitVO/Immortal/Immortal_Yes05.ogg,205
unit,immortal,attack,Immortal_Attack00.ogg,TMG_CANDIDATES/mods/liberty.sc2mod/enus.sc2assets/LocalizedData/Sounds/ProtossUnitVO/Immortal/Immortal_Attack00.ogg,205
unit,immortal,attack,Immortal_Attack01.ogg,TMG_CANDIDATES/mods/liberty.sc2mod/enus.sc2assets/LocalizedData/Sounds/ProtossUnitVO/Immortal/Immortal_Attack01.ogg,205
unit,immortal,attack,Immortal_Attack02.ogg,TMG_CANDIDATES/mods/liberty.sc2mod/enus.sc2assets/LocalizedData/Sounds/ProtossUnitVO/Immortal/Immortal_Attack02.ogg,205
unit,immortal,attack,Immortal_Attack03.ogg,TMG_CANDIDATES/mods/liberty.sc2mod/enus.sc2assets/LocalizedData/Sounds/ProtossUnitVO/Immortal/Immortal_Attack03.ogg,205
unit,immortal,attack,Immortal_Attack04.ogg,TMG_CANDIDATES/mods/liberty.sc2mod/enus.sc2assets/LocalizedData/Sounds/ProtossUnitVO/Immortal/Immortal_Attack04.ogg,205
unit,immortal,attack,Immortal_Attack05.ogg,TMG_CANDIDATES/mods/liberty.sc2mod/enus.sc2assets/LocalizedData/Sounds/ProtossUnitVO/Immortal/Immortal_Attack05.ogg,205
unit,immortal,attack,Immortal_Attack06.ogg,TMG_CANDIDATES/mods/liberty.sc2mod/enus.sc2assets/LocalizedData/Sounds/ProtossUnitVO/Immortal/Immortal_Attack06.ogg,205
unit,immortal,death,Immortal_NeuralParasiteDeath00.wav,TMG_CANDIDATES/mods/liberty.sc2mod/enus.sc2assets/LocalizedData/Sounds/ProtossUnitVO/Immortal/Immortal_NeuralParasiteDeath00.wav,85
unit,colossus,deploy_move,Colossus_Ready0.ogg,TMG_CANDIDATES/mods/liberty.sc2mod/base.sc2assets/Assets/Sounds/Protoss/Colossus/Colossus_Ready0.ogg,155
unit,colossus,deploy_move,Colossus_What0.ogg,TMG_CANDIDATES/mods/liberty.sc2mod/base.sc2assets/Assets/Sounds/Protoss/Colossus/Colossus_What0.ogg,155
unit,colossus,deploy_move,Colossus_What1.ogg,TMG_CANDIDATES/mods/liberty.sc2mod/base.sc2assets/Assets/Sounds/Protoss/Colossus/Colossus_What1.ogg,155
unit,colossus,deploy_move,Colossus_What2.ogg,TMG_CANDIDATES/mods/liberty.sc2mod/base.sc2assets/Assets/Sounds/Protoss/Colossus/Colossus_What2.ogg,155
unit,colossus,deploy_move,Colossus_Yes0.ogg,TMG_CANDIDATES/mods/liberty.sc2mod/base.sc2assets/Assets/Sounds/Protoss/Colossus/Colossus_Yes0.ogg,155
unit,colossus,deploy_move,Colossus_Yes1.ogg,TMG_CANDIDATES/mods/liberty.sc2mod/base.sc2assets/Assets/Sounds/Protoss/Colossus/Colossus_Yes1.ogg,155
unit,colossus,deploy_move,Colossus_Yes2.ogg,TMG_CANDIDATES/mods/liberty.sc2mod/base.sc2assets/Assets/Sounds/Protoss/Colossus/Colossus_Yes2.ogg,155
unit,colossus,death,Colossus_Death0.wav,TMG_CANDIDATES/mods/liberty.sc2mod/base.sc2assets/Assets/Sounds/Protoss/Colossus/Colossus_Death0.wav,155
unit,colossus,death,Colossus_Death1.wav,TMG_CANDIDATES/mods/liberty.sc2mod/base.sc2assets/Assets/Sounds/Protoss/Colossus/Colossus_Death1.wav,155
unit,disruptor,deploy_move,PsiDisruptor_What0.wav,TMG_CANDIDATES/mods/liberty.sc2mod/base.sc2assets/Assets/Sounds/Terran/PsiDisruptor/PsiDisruptor_What0.wav,85
unit,disruptor,attack,Disruptor_Attack_01.ogg,TMG_CANDIDATES/mods/liberty.sc2mod/base.sc2assets/Assets/Sounds/Disruptor_Attack_01.ogg,135
unit,disruptor,attack,Disruptor_Attack_02.ogg,TMG_CANDIDATES/mods/liberty.sc2mod/base.sc2assets/Assets/Sounds/Disruptor_Attack_02.ogg,135
unit,disruptor,death,PurifierDisruptorCoreHologram_Death_0032ms_1ch.wav,TMG_CANDIDATES/campaigns/void.sc2campaign/base.sc2assets/Assets/Sounds/PurifierDisruptorCoreHologram_Death_0032ms_1ch.wav,45
unit,observer,deploy_move,Observer_What02.ogg,TMG_CANDIDATES/mods/liberty.sc2mod/base.sc2assets/Assets/Sounds/Protoss/Observer/Observer_What02.ogg,155
unit,observer,deploy_move,Observer_What03.ogg,TMG_CANDIDATES/mods/liberty.sc2mod/base.sc2assets/Assets/Sounds/Protoss/Observer/Observer_What03.ogg,155
unit,observer,deploy_move,Observer_What04.ogg,TMG_CANDIDATES/mods/liberty.sc2mod/base.sc2assets/Assets/Sounds/Protoss/Observer/Observer_What04.ogg,155
unit,observer,deploy_move,Observer_Yes00.ogg,TMG_CANDIDATES/mods/liberty.sc2mod/base.sc2assets/Assets/Sounds/Protoss/Observer/Observer_Yes00.ogg,155
unit,observer,deploy_move,Observer_Yes01.ogg,TMG_CANDIDATES/mods/liberty.sc2mod/base.sc2assets/Assets/Sounds/Protoss/Observer/Observer_Yes01.ogg,155
unit,observer,deploy_move,Observer_Yes02.ogg,TMG_CANDIDATES/mods/liberty.sc2mod/base.sc2assets/Assets/Sounds/Protoss/Observer/Observer_Yes02.ogg,155
unit,observer,deploy_move,Observer_Yes03.ogg,TMG_CANDIDATES/mods/liberty.sc2mod/base.sc2assets/Assets/Sounds/Protoss/Observer/Observer_Yes03.ogg,155
unit,observer,deploy_move,Observer_Yes04.ogg,TMG_CANDIDATES/mods/liberty.sc2mod/base.sc2assets/Assets/Sounds/Protoss/Observer/Observer_Yes04.ogg,155
unit,observer,deploy_move,Observer_Yes05.ogg,TMG_CANDIDATES/mods/liberty.sc2mod/base.sc2assets/Assets/Sounds/Protoss/Observer/Observer_Yes05.ogg,155
unit,observer,deploy_move,Observer_Yes06.ogg,TMG_CANDIDATES/mods/liberty.sc2mod/base.sc2assets/Assets/Sounds/Protoss/Observer/Observer_Yes06.ogg,155
unit,warp_prism,deploy_move,PhasePrism_What04.ogg,TMG_CANDIDATES/mods/liberty.sc2mod/base.sc2assets/Assets/Sounds/Protoss/PhasePrism/PhasePrism_What04.ogg,155
unit,warp_prism,deploy_move,PhasePrism_What05.ogg,TMG_CANDIDATES/mods/liberty.sc2mod/base.sc2assets/Assets/Sounds/Protoss/PhasePrism/PhasePrism_What05.ogg,155
unit,warp_prism,deploy_move,PhasePrism_Yes00.ogg,TMG_CANDIDATES/mods/liberty.sc2mod/base.sc2assets/Assets/Sounds/Protoss/PhasePrism/PhasePrism_Yes00.ogg,155
unit,warp_prism,deploy_move,PhasePrism_Yes01.ogg,TMG_CANDIDATES/mods/liberty.sc2mod/base.sc2assets/Assets/Sounds/Protoss/PhasePrism/PhasePrism_Yes01.ogg,155
unit,warp_prism,deploy_move,PhasePrism_Yes02.ogg,TMG_CANDIDATES/mods/liberty.sc2mod/base.sc2assets/Assets/Sounds/Protoss/PhasePrism/PhasePrism_Yes02.ogg,155
unit,warp_prism,deploy_move,PhasePrism_Yes03.ogg,TMG_CANDIDATES/mods/liberty.sc2mod/base.sc2assets/Assets/Sounds/Protoss/PhasePrism/PhasePrism_Yes03.ogg,155
unit,warp_prism,deploy_move,PhasePrism_Yes04.ogg,TMG_CANDIDATES/mods/liberty.sc2mod/base.sc2assets/Assets/Sounds/Protoss/PhasePrism/PhasePrism_Yes04.ogg,155
unit,warp_prism,deploy_move,PhasePrism_Yes05.ogg,TMG_CANDIDATES/mods/liberty.sc2mod/base.sc2assets/Assets/Sounds/Protoss/PhasePrism/PhasePrism_Yes05.ogg,155
unit,warp_prism,deploy_move,PhasePrism_Yes06.ogg,TMG_CANDIDATES/mods/liberty.sc2mod/base.sc2assets/Assets/Sounds/Protoss/PhasePrism/PhasePrism_Yes06.ogg,155
unit,warp_prism,deploy_move,PhasePrism_Yes07.ogg,TMG_CANDIDATES/mods/liberty.sc2mod/base.sc2assets/Assets/Sounds/Protoss/PhasePrism/PhasePrism_Yes07.ogg,155
unit,phoenix,deploy_move,Phoenix_What04.ogg,TMG_CANDIDATES/mods/liberty.sc2mod/enus.sc2assets/LocalizedData/Sounds/ProtossUnitVO/Phoenix/Phoenix_What04.ogg,205
unit,phoenix,deploy_move,Phoenix_What05.ogg,TMG_CANDIDATES/mods/liberty.sc2mod/enus.sc2assets/LocalizedData/Sounds/ProtossUnitVO/Phoenix/Phoenix_What05.ogg,205
unit,phoenix,deploy_move,Phoenix_What06.ogg,TMG_CANDIDATES/mods/liberty.sc2mod/enus.sc2assets/LocalizedData/Sounds/ProtossUnitVO/Phoenix/Phoenix_What06.ogg,205
unit,phoenix,deploy_move,Phoenix_Yes00.ogg,TMG_CANDIDATES/mods/liberty.sc2mod/enus.sc2assets/LocalizedData/Sounds/ProtossUnitVO/Phoenix/Phoenix_Yes00.ogg,205
unit,phoenix,deploy_move,Phoenix_Yes01.ogg,TMG_CANDIDATES/mods/liberty.sc2mod/enus.sc2assets/LocalizedData/Sounds/ProtossUnitVO/Phoenix/Phoenix_Yes01.ogg,205
unit,phoenix,deploy_move,Phoenix_Yes02.ogg,TMG_CANDIDATES/mods/liberty.sc2mod/enus.sc2assets/LocalizedData/Sounds/ProtossUnitVO/Phoenix/Phoenix_Yes02.ogg,205
unit,phoenix,deploy_move,Phoenix_Yes03.ogg,TMG_CANDIDATES/mods/liberty.sc2mod/enus.sc2assets/LocalizedData/Sounds/ProtossUnitVO/Phoenix/Phoenix_Yes03.ogg,205
unit,phoenix,deploy_move,Phoenix_Yes04.ogg,TMG_CANDIDATES/mods/liberty.sc2mod/enus.sc2assets/LocalizedData/Sounds/ProtossUnitVO/Phoenix/Phoenix_Yes04.ogg,205
unit,phoenix,deploy_move,Phoenix_Yes05.ogg,TMG_CANDIDATES/mods/liberty.sc2mod/enus.sc2assets/LocalizedData/Sounds/ProtossUnitVO/Phoenix/Phoenix_Yes05.ogg,205
unit,phoenix,deploy_move,Phoenix_Yes06.ogg,TMG_CANDIDATES/mods/liberty.sc2mod/enus.sc2assets/LocalizedData/Sounds/ProtossUnitVO/Phoenix/Phoenix_Yes06.ogg,205
unit,phoenix,attack,Phoenix_Attack00.ogg,TMG_CANDIDATES/mods/liberty.sc2mod/enus.sc2assets/LocalizedData/Sounds/ProtossUnitVO/Phoenix/Phoenix_Attack00.ogg,205
unit,phoenix,attack,Phoenix_Attack01.ogg,TMG_CANDIDATES/mods/liberty.sc2mod/enus.sc2assets/LocalizedData/Sounds/ProtossUnitVO/Phoenix/Phoenix_Attack01.ogg,205
unit,phoenix,attack,Phoenix_Attack02.ogg,TMG_CANDIDATES/mods/liberty.sc2mod/enus.sc2assets/LocalizedData/Sounds/ProtossUnitVO/Phoenix/Phoenix_Attack02.ogg,205
unit,phoenix,attack,Phoenix_Attack03.ogg,TMG_CANDIDATES/mods/liberty.sc2mod/enus.sc2assets/LocalizedData/Sounds/ProtossUnitVO/Phoenix/Phoenix_Attack03.ogg,205
unit,phoenix,attack,Phoenix_Attack04.ogg,TMG_CANDIDATES/mods/liberty.sc2mod/enus.sc2assets/LocalizedData/Sounds/ProtossUnitVO/Phoenix/Phoenix_Attack04.ogg,205
unit,phoenix,attack,Phoenix_Attack05.ogg,TMG_CANDIDATES/mods/liberty.sc2mod/enus.sc2assets/LocalizedData/Sounds/ProtossUnitVO/Phoenix/Phoenix_Attack05.ogg,205
unit,phoenix,attack,Phoenix_Attack06.ogg,TMG_CANDIDATES/mods/liberty.sc2mod/enus.sc2assets/LocalizedData/Sounds/ProtossUnitVO/Phoenix/Phoenix_Attack06.ogg,205
unit,phoenix,death,PhoenixDeath1.wav,TMG_CANDIDATES/mods/war3.sc2mod/base.sc2assets/Assets/Sounds/Units/Human/Phoenix/PhoenixDeath1.wav,105
unit,void_ray,deploy_move,VoidRay_What03.ogg,TMG_CANDIDATES/mods/liberty.sc2mod/enus.sc2assets/LocalizedData/Sounds/ProtossUnitVO/VoidRay/VoidRay_What03.ogg,205
unit,void_ray,deploy_move,VoidRay_What04.ogg,TMG_CANDIDATES/mods/liberty.sc2mod/enus.sc2assets/LocalizedData/Sounds/ProtossUnitVO/VoidRay/VoidRay_What04.ogg,205
unit,void_ray,deploy_move,VoidRay_Yes00.ogg,TMG_CANDIDATES/mods/liberty.sc2mod/enus.sc2assets/LocalizedData/Sounds/ProtossUnitVO/VoidRay/VoidRay_Yes00.ogg,205
unit,void_ray,deploy_move,VoidRay_Yes01.ogg,TMG_CANDIDATES/mods/liberty.sc2mod/enus.sc2assets/LocalizedData/Sounds/ProtossUnitVO/VoidRay/VoidRay_Yes01.ogg,205
unit,void_ray,deploy_move,VoidRay_Yes02.ogg,TMG_CANDIDATES/mods/liberty.sc2mod/enus.sc2assets/LocalizedData/Sounds/ProtossUnitVO/VoidRay/VoidRay_Yes02.ogg,205
unit,void_ray,deploy_move,VoidRay_Yes03.ogg,TMG_CANDIDATES/mods/liberty.sc2mod/enus.sc2assets/LocalizedData/Sounds/ProtossUnitVO/VoidRay/VoidRay_Yes03.ogg,205
unit,void_ray,deploy_move,VoidRay_Yes04.ogg,TMG_CANDIDATES/mods/liberty.sc2mod/enus.sc2assets/LocalizedData/Sounds/ProtossUnitVO/VoidRay/VoidRay_Yes04.ogg,205
unit,void_ray,deploy_move,VoidRay_Yes05.ogg,TMG_CANDIDATES/mods/liberty.sc2mod/enus.sc2assets/LocalizedData/Sounds/ProtossUnitVO/VoidRay/VoidRay_Yes05.ogg,205
unit,void_ray,deploy_move,VoidRay_Yes06.ogg,TMG_CANDIDATES/mods/liberty.sc2mod/enus.sc2assets/LocalizedData/Sounds/ProtossUnitVO/VoidRay/VoidRay_Yes06.ogg,205
unit,void_ray,deploy_move,VoidRay_Yes07.ogg,TMG_CANDIDATES/mods/liberty.sc2mod/enus.sc2assets/LocalizedData/Sounds/ProtossUnitVO/VoidRay/VoidRay_Yes07.ogg,205
unit,void_ray,attack,VoidRay_Attack00.ogg,TMG_CANDIDATES/mods/liberty.sc2mod/enus.sc2assets/LocalizedData/Sounds/ProtossUnitVO/VoidRay/VoidRay_Attack00.ogg,205
unit,void_ray,attack,VoidRay_Attack01.ogg,TMG_CANDIDATES/mods/liberty.sc2mod/enus.sc2assets/LocalizedData/Sounds/ProtossUnitVO/VoidRay/VoidRay_Attack01.ogg,205
unit,void_ray,attack,VoidRay_Attack02.ogg,TMG_CANDIDATES/mods/liberty.sc2mod/enus.sc2assets/LocalizedData/Sounds/ProtossUnitVO/VoidRay/VoidRay_Attack02.ogg,205
unit,void_ray,attack,VoidRay_Attack03.ogg,TMG_CANDIDATES/mods/liberty.sc2mod/enus.sc2assets/LocalizedData/Sounds/ProtossUnitVO/VoidRay/VoidRay_Attack03.ogg,205
unit,void_ray,attack,VoidRay_Attack04.ogg,TMG_CANDIDATES/mods/liberty.sc2mod/enus.sc2assets/LocalizedData/Sounds/ProtossUnitVO/VoidRay/VoidRay_Attack04.ogg,205
unit,void_ray,attack,VoidRay_Attack05.ogg,TMG_CANDIDATES/mods/liberty.sc2mod/enus.sc2assets/LocalizedData/Sounds/ProtossUnitVO/VoidRay/VoidRay_Attack05.ogg,205
unit,void_ray,attack,VoidRay_Attack06.ogg,TMG_CANDIDATES/mods/liberty.sc2mod/enus.sc2assets/LocalizedData/Sounds/ProtossUnitVO/VoidRay/VoidRay_Attack06.ogg,205
unit,void_ray,death,VoidRay_NeuralParasiteDeath00.wav,TMG_CANDIDATES/mods/liberty.sc2mod/enus.sc2assets/LocalizedData/Sounds/ProtossUnitVO/VoidRay/VoidRay_NeuralParasiteDeath00.wav,85
unit,tempest,deploy_move,TempestVoid_What04.ogg,TMG_CANDIDATES/campaigns/void.sc2campaign/enus.sc2assets/LocalizedData/Sounds/VO/Protoss/TempestVoid_What04.ogg,100
unit,tempest,deploy_move,TempestVoid_What05.ogg,TMG_CANDIDATES/campaigns/void.sc2campaign/enus.sc2assets/LocalizedData/Sounds/VO/Protoss/TempestVoid_What05.ogg,100
unit,tempest,deploy_move,TempestVoid_What06.ogg,TMG_CANDIDATES/campaigns/void.sc2campaign/enus.sc2assets/LocalizedData/Sounds/VO/Protoss/TempestVoid_What06.ogg,100
unit,tempest,deploy_move,TempestVoid_Yes00.ogg,TMG_CANDIDATES/campaigns/void.sc2campaign/enus.sc2assets/LocalizedData/Sounds/VO/Protoss/TempestVoid_Yes00.ogg,100
unit,tempest,deploy_move,TempestVoid_Yes01.ogg,TMG_CANDIDATES/campaigns/void.sc2campaign/enus.sc2assets/LocalizedData/Sounds/VO/Protoss/TempestVoid_Yes01.ogg,100
unit,tempest,deploy_move,TempestVoid_Yes02.ogg,TMG_CANDIDATES/campaigns/void.sc2campaign/enus.sc2assets/LocalizedData/Sounds/VO/Protoss/TempestVoid_Yes02.ogg,100
unit,tempest,deploy_move,TempestVoid_Yes03.ogg,TMG_CANDIDATES/campaigns/void.sc2campaign/enus.sc2assets/LocalizedData/Sounds/VO/Protoss/TempestVoid_Yes03.ogg,100
unit,tempest,deploy_move,TempestVoid_Yes04.ogg,TMG_CANDIDATES/campaigns/void.sc2campaign/enus.sc2assets/LocalizedData/Sounds/VO/Protoss/TempestVoid_Yes04.ogg,100
unit,tempest,deploy_move,TempestVoid_Yes05.ogg,TMG_CANDIDATES/campaigns/void.sc2campaign/enus.sc2assets/LocalizedData/Sounds/VO/Protoss/TempestVoid_Yes05.ogg,100
unit,tempest,deploy_move,TempestVoid_Yes06.ogg,TMG_CANDIDATES/campaigns/void.sc2campaign/enus.sc2assets/LocalizedData/Sounds/VO/Protoss/TempestVoid_Yes06.ogg,100
unit,tempest,attack,TempestVoid_Attack00.ogg,TMG_CANDIDATES/campaigns/void.sc2campaign/enus.sc2assets/LocalizedData/Sounds/VO/Protoss/TempestVoid_Attack00.ogg,100
unit,tempest,attack,TempestVoid_Attack01.ogg,TMG_CANDIDATES/campaigns/void.sc2campaign/enus.sc2assets/LocalizedData/Sounds/VO/Protoss/TempestVoid_Attack01.ogg,100
unit,tempest,attack,TempestVoid_Attack02.ogg,TMG_CANDIDATES/campaigns/void.sc2campaign/enus.sc2assets/LocalizedData/Sounds/VO/Protoss/TempestVoid_Attack02.ogg,100
unit,tempest,attack,TempestVoid_Attack03.ogg,TMG_CANDIDATES/campaigns/void.sc2campaign/enus.sc2assets/LocalizedData/Sounds/VO/Protoss/TempestVoid_Attack03.ogg,100
unit,tempest,attack,TempestVoid_Attack04.ogg,TMG_CANDIDATES/campaigns/void.sc2campaign/enus.sc2assets/LocalizedData/Sounds/VO/Protoss/TempestVoid_Attack04.ogg,100
unit,tempest,attack,TempestVoid_Attack05.ogg,TMG_CANDIDATES/campaigns/void.sc2campaign/enus.sc2assets/LocalizedData/Sounds/VO/Protoss/TempestVoid_Attack05.ogg,100
unit,tempest,attack,TempestVoid_Attack06.ogg,TMG_CANDIDATES/campaigns/void.sc2campaign/enus.sc2assets/LocalizedData/Sounds/VO/Protoss/TempestVoid_Attack06.ogg,100
unit,carrier,deploy_move,Carrier_What04.ogg,TMG_CANDIDATES/mods/liberty.sc2mod/enus.sc2assets/LocalizedData/Sounds/ProtossUnitVO/Carrier/Carrier_What04.ogg,205
unit,carrier,deploy_move,Carrier_What05.ogg,TMG_CANDIDATES/mods/liberty.sc2mod/enus.sc2assets/LocalizedData/Sounds/ProtossUnitVO/Carrier/Carrier_What05.ogg,205
unit,carrier,deploy_move,Carrier_Yes00.ogg,TMG_CANDIDATES/mods/liberty.sc2mod/enus.sc2assets/LocalizedData/Sounds/ProtossUnitVO/Carrier/Carrier_Yes00.ogg,205
unit,carrier,deploy_move,Carrier_Yes01.ogg,TMG_CANDIDATES/mods/liberty.sc2mod/enus.sc2assets/LocalizedData/Sounds/ProtossUnitVO/Carrier/Carrier_Yes01.ogg,205
unit,carrier,deploy_move,Carrier_Yes02.ogg,TMG_CANDIDATES/mods/liberty.sc2mod/enus.sc2assets/LocalizedData/Sounds/ProtossUnitVO/Carrier/Carrier_Yes02.ogg,205
unit,carrier,deploy_move,Carrier_Yes03.ogg,TMG_CANDIDATES/mods/liberty.sc2mod/enus.sc2assets/LocalizedData/Sounds/ProtossUnitVO/Carrier/Carrier_Yes03.ogg,205
unit,carrier,deploy_move,Carrier_Yes04.ogg,TMG_CANDIDATES/mods/liberty.sc2mod/enus.sc2assets/LocalizedData/Sounds/ProtossUnitVO/Carrier/Carrier_Yes04.ogg,205
unit,carrier,deploy_move,Carrier_Yes05.ogg,TMG_CANDIDATES/mods/liberty.sc2mod/enus.sc2assets/LocalizedData/Sounds/ProtossUnitVO/Carrier/Carrier_Yes05.ogg,205
unit,carrier,deploy_move,Carrier_Yes06.ogg,TMG_CANDIDATES/mods/liberty.sc2mod/enus.sc2assets/LocalizedData/Sounds/ProtossUnitVO/Carrier/Carrier_Yes06.ogg,205
unit,carrier,deploy_move,Carrier_Yes07.ogg,TMG_CANDIDATES/mods/liberty.sc2mod/enus.sc2assets/LocalizedData/Sounds/ProtossUnitVO/Carrier/Carrier_Yes07.ogg,205
unit,carrier,attack,Carrier_Attack00.ogg,TMG_CANDIDATES/mods/liberty.sc2mod/enus.sc2assets/LocalizedData/Sounds/ProtossUnitVO/Carrier/Carrier_Attack00.ogg,205
unit,carrier,attack,Carrier_Attack01.ogg,TMG_CANDIDATES/mods/liberty.sc2mod/enus.sc2assets/LocalizedData/Sounds/ProtossUnitVO/Carrier/Carrier_Attack01.ogg,205
unit,carrier,attack,Carrier_Attack02.ogg,TMG_CANDIDATES/mods/liberty.sc2mod/enus.sc2assets/LocalizedData/Sounds/ProtossUnitVO/Carrier/Carrier_Attack02.ogg,205
unit,carrier,attack,Carrier_Attack03.ogg,TMG_CANDIDATES/mods/liberty.sc2mod/enus.sc2assets/LocalizedData/Sounds/ProtossUnitVO/Carrier/Carrier_Attack03.ogg,205
unit,carrier,attack,Carrier_Attack04.ogg,TMG_CANDIDATES/mods/liberty.sc2mod/enus.sc2assets/LocalizedData/Sounds/ProtossUnitVO/Carrier/Carrier_Attack04.ogg,205
unit,carrier,attack,Carrier_Attack05.ogg,TMG_CANDIDATES/mods/liberty.sc2mod/enus.sc2assets/LocalizedData/Sounds/ProtossUnitVO/Carrier/Carrier_Attack05.ogg,205
unit,carrier,death,Carrier_NeuralParasiteDeath00.wav,TMG_CANDIDATES/mods/liberty.sc2mod/enus.sc2assets/LocalizedData/Sounds/ProtossUnitVO/Carrier/Carrier_NeuralParasiteDeath00.wav,85
unit,mothership,deploy_move,Mothership_What05.ogg,TMG_CANDIDATES/mods/liberty.sc2mod/enus.sc2assets/LocalizedData/Sounds/ProtossUnitVO/Mothership/Mothership_What05.ogg,205
unit,mothership,deploy_move,Mothership_What06.ogg,TMG_CANDIDATES/mods/liberty.sc2mod/enus.sc2assets/LocalizedData/Sounds/ProtossUnitVO/Mothership/Mothership_What06.ogg,205
unit,mothership,deploy_move,Mothership_Yes00.ogg,TMG_CANDIDATES/mods/liberty.sc2mod/enus.sc2assets/LocalizedData/Sounds/ProtossUnitVO/Mothership/Mothership_Yes00.ogg,205
unit,mothership,deploy_move,Mothership_Yes01.ogg,TMG_CANDIDATES/mods/liberty.sc2mod/enus.sc2assets/LocalizedData/Sounds/ProtossUnitVO/Mothership/Mothership_Yes01.ogg,205
unit,mothership,deploy_move,Mothership_Yes02.ogg,TMG_CANDIDATES/mods/liberty.sc2mod/enus.sc2assets/LocalizedData/Sounds/ProtossUnitVO/Mothership/Mothership_Yes02.ogg,205
unit,mothership,deploy_move,Mothership_Yes03.ogg,TMG_CANDIDATES/mods/liberty.sc2mod/enus.sc2assets/LocalizedData/Sounds/ProtossUnitVO/Mothership/Mothership_Yes03.ogg,205
unit,mothership,deploy_move,Mothership_Yes04.ogg,TMG_CANDIDATES/mods/liberty.sc2mod/enus.sc2assets/LocalizedData/Sounds/ProtossUnitVO/Mothership/Mothership_Yes04.ogg,205
unit,mothership,deploy_move,Mothership_Yes05.ogg,TMG_CANDIDATES/mods/liberty.sc2mod/enus.sc2assets/LocalizedData/Sounds/ProtossUnitVO/Mothership/Mothership_Yes05.ogg,205
unit,mothership,deploy_move,Mothership_Yes06.ogg,TMG_CANDIDATES/mods/liberty.sc2mod/enus.sc2assets/LocalizedData/Sounds/ProtossUnitVO/Mothership/Mothership_Yes06.ogg,205
unit,mothership,deploy_move,Mothership_Yes07.ogg,TMG_CANDIDATES/mods/liberty.sc2mod/enus.sc2assets/LocalizedData/Sounds/ProtossUnitVO/Mothership/Mothership_Yes07.ogg,205
unit,mothership,attack,Mothership_Attack00.ogg,TMG_CANDIDATES/mods/liberty.sc2mod/enus.sc2assets/LocalizedData/Sounds/ProtossUnitVO/Mothership/Mothership_Attack00.ogg,205
unit,mothership,attack,Mothership_Attack01.ogg,TMG_CANDIDATES/mods/liberty.sc2mod/enus.sc2assets/LocalizedData/Sounds/ProtossUnitVO/Mothership/Mothership_Attack01.ogg,205
unit,mothership,attack,Mothership_Attack02.ogg,TMG_CANDIDATES/mods/liberty.sc2mod/enus.sc2assets/LocalizedData/Sounds/ProtossUnitVO/Mothership/Mothership_Attack02.ogg,205
unit,mothership,attack,Mothership_Attack03.ogg,TMG_CANDIDATES/mods/liberty.sc2mod/enus.sc2assets/LocalizedData/Sounds/ProtossUnitVO/Mothership/Mothership_Attack03.ogg,205
unit,mothership,attack,Mothership_Attack04.ogg,TMG_CANDIDATES/mods/liberty.sc2mod/enus.sc2assets/LocalizedData/Sounds/ProtossUnitVO/Mothership/Mothership_Attack04.ogg,205
unit,mothership,attack,Mothership_Attack05.ogg,TMG_CANDIDATES/mods/liberty.sc2mod/enus.sc2assets/LocalizedData/Sounds/ProtossUnitVO/Mothership/Mothership_Attack05.ogg,205
unit,mothership,death,Mothership_Death00.wav,TMG_CANDIDATES/mods/liberty.sc2mod/enus.sc2assets/LocalizedData/Sounds/ProtossUnitVO/Mothership/Mothership_Death00.wav,205
unit,dragoon,deploy_move,DragoonVoid_What04.ogg,TMG_CANDIDATES/campaigns/void.sc2campaign/enus.sc2assets/LocalizedData/Sounds/VO/Protoss/DragoonVoid_What04.ogg,170
unit,dragoon,deploy_move,DragoonVoid_What05.ogg,TMG_CANDIDATES/campaigns/void.sc2campaign/enus.sc2assets/LocalizedData/Sounds/VO/Protoss/DragoonVoid_What05.ogg,170
unit,dragoon,deploy_move,DragoonVoid_What06.ogg,TMG_CANDIDATES/campaigns/void.sc2campaign/enus.sc2assets/LocalizedData/Sounds/VO/Protoss/DragoonVoid_What06.ogg,170
unit,dragoon,deploy_move,DragoonVoid_What07.ogg,TMG_CANDIDATES/campaigns/void.sc2campaign/enus.sc2assets/LocalizedData/Sounds/VO/Protoss/DragoonVoid_What07.ogg,170
unit,dragoon,deploy_move,DragoonVoid_Yes00.ogg,TMG_CANDIDATES/campaigns/void.sc2campaign/enus.sc2assets/LocalizedData/Sounds/VO/Protoss/DragoonVoid_Yes00.ogg,170
unit,dragoon,deploy_move,DragoonVoid_Yes01.ogg,TMG_CANDIDATES/campaigns/void.sc2campaign/enus.sc2assets/LocalizedData/Sounds/VO/Protoss/DragoonVoid_Yes01.ogg,170
unit,dragoon,deploy_move,DragoonVoid_Yes02.ogg,TMG_CANDIDATES/campaigns/void.sc2campaign/enus.sc2assets/LocalizedData/Sounds/VO/Protoss/DragoonVoid_Yes02.ogg,170
unit,dragoon,deploy_move,DragoonVoid_Yes03.ogg,TMG_CANDIDATES/campaigns/void.sc2campaign/enus.sc2assets/LocalizedData/Sounds/VO/Protoss/DragoonVoid_Yes03.ogg,170
unit,dragoon,deploy_move,DragoonVoid_Yes04.ogg,TMG_CANDIDATES/campaigns/void.sc2campaign/enus.sc2assets/LocalizedData/Sounds/VO/Protoss/DragoonVoid_Yes04.ogg,170
unit,dragoon,deploy_move,DragoonVoid_Yes05.ogg,TMG_CANDIDATES/campaigns/void.sc2campaign/enus.sc2assets/LocalizedData/Sounds/VO/Protoss/DragoonVoid_Yes05.ogg,170
unit,dragoon,attack,DragoonVoid_Attack00.ogg,TMG_CANDIDATES/campaigns/void.sc2campaign/enus.sc2assets/LocalizedData/Sounds/VO/Protoss/DragoonVoid_Attack00.ogg,170
unit,dragoon,attack,DragoonVoid_Attack01.ogg,TMG_CANDIDATES/campaigns/void.sc2campaign/enus.sc2assets/LocalizedData/Sounds/VO/Protoss/DragoonVoid_Attack01.ogg,170
unit,dragoon,attack,DragoonVoid_Attack02.ogg,TMG_CANDIDATES/campaigns/void.sc2campaign/enus.sc2assets/LocalizedData/Sounds/VO/Protoss/DragoonVoid_Attack02.ogg,170
unit,dragoon,attack,DragoonVoid_Attack03.ogg,TMG_CANDIDATES/campaigns/void.sc2campaign/enus.sc2assets/LocalizedData/Sounds/VO/Protoss/DragoonVoid_Attack03.ogg,170
unit,dragoon,attack,DragoonVoid_Attack04.ogg,TMG_CANDIDATES/campaigns/void.sc2campaign/enus.sc2assets/LocalizedData/Sounds/VO/Protoss/DragoonVoid_Attack04.ogg,170
unit,dragoon,attack,DragoonVoid_Attack05.ogg,TMG_CANDIDATES/campaigns/void.sc2campaign/enus.sc2assets/LocalizedData/Sounds/VO/Protoss/DragoonVoid_Attack05.ogg,170
unit,dragoon,attack,DragoonVoid_Attack06.ogg,TMG_CANDIDATES/campaigns/void.sc2campaign/enus.sc2assets/LocalizedData/Sounds/VO/Protoss/DragoonVoid_Attack06.ogg,170
unit,dragoon,death,Dragoon_Death02.wav,TMG_CANDIDATES/campaigns/void.sc2campaign/base.sc2assets/Assets/Sounds/Dragoon_Death02.wav,135
unit,dragoon,death,Dragoon_Death03.wav,TMG_CANDIDATES/campaigns/void.sc2campaign/base.sc2assets/Assets/Sounds/Dragoon_Death03.wav,135
unit,dragoon,death,Dragoon_Death04.wav,TMG_CANDIDATES/campaigns/void.sc2campaign/base.sc2assets/Assets/Sounds/Dragoon_Death04.wav,135
unit,dragoon,death,Dragoon_Death05.wav,TMG_CANDIDATES/campaigns/void.sc2campaign/base.sc2assets/Assets/Sounds/Dragoon_Death05.wav,135
unit,reaver,deploy_move,Reaver_Ready00.ogg,TMG_CANDIDATES/campaigns/void.sc2campaign/base.sc2assets/Assets/Sounds/Reaver_Ready00.ogg,135
unit,reaver,deploy_move,Reaver_What00.ogg,TMG_CANDIDATES/campaigns/void.sc2campaign/base.sc2assets/Assets/Sounds/Reaver_What00.ogg,135
unit,reaver,deploy_move,Reaver_What01.ogg,TMG_CANDIDATES/campaigns/void.sc2campaign/base.sc2assets/Assets/Sounds/Reaver_What01.ogg,135
unit,reaver,deploy_move,Reaver_What02.ogg,TMG_CANDIDATES/campaigns/void.sc2campaign/base.sc2assets/Assets/Sounds/Reaver_What02.ogg,135
unit,reaver,deploy_move,Reaver_What04.ogg,TMG_CANDIDATES/campaigns/void.sc2campaign/base.sc2assets/Assets/Sounds/Reaver_What04.ogg,135
unit,reaver,deploy_move,Reaver_Yes00.ogg,TMG_CANDIDATES/campaigns/void.sc2campaign/base.sc2assets/Assets/Sounds/Reaver_Yes00.ogg,135
unit,reaver,deploy_move,Reaver_Yes01.ogg,TMG_CANDIDATES/campaigns/void.sc2campaign/base.sc2assets/Assets/Sounds/Reaver_Yes01.ogg,135
unit,reaver,deploy_move,Reaver_Yes02.ogg,TMG_CANDIDATES/campaigns/void.sc2campaign/base.sc2assets/Assets/Sounds/Reaver_Yes02.ogg,135
unit,reaver,deploy_move,Reaver_Yes03.ogg,TMG_CANDIDATES/campaigns/void.sc2campaign/base.sc2assets/Assets/Sounds/Reaver_Yes03.ogg,135
unit,reaver,attack,Reaver_Attack00.ogg,TMG_CANDIDATES/campaigns/void.sc2campaign/base.sc2assets/Assets/Sounds/Reaver_Attack00.ogg,135
unit,reaver,attack,Reaver_Attack01.ogg,TMG_CANDIDATES/campaigns/void.sc2campaign/base.sc2assets/Assets/Sounds/Reaver_Attack01.ogg,135
unit,reaver,attack,Reaver_Attack02.ogg,TMG_CANDIDATES/campaigns/void.sc2campaign/base.sc2assets/Assets/Sounds/Reaver_Attack02.ogg,135
unit,reaver,attack,Reaver_Attack03.ogg,TMG_CANDIDATES/campaigns/void.sc2campaign/base.sc2assets/Assets/Sounds/Reaver_Attack03.ogg,135
unit,reaver,attack,Reaver_Attack04.ogg,TMG_CANDIDATES/campaigns/void.sc2campaign/base.sc2assets/Assets/Sounds/Reaver_Attack04.ogg,135
unit,reaver,death,Reaver_Death00.wav,TMG_CANDIDATES/campaigns/void.sc2campaign/base.sc2assets/Assets/Sounds/Reaver_Death00.wav,135
unit,reaver,death,Reaver_Death01.wav,TMG_CANDIDATES/campaigns/void.sc2campaign/base.sc2assets/Assets/Sounds/Reaver_Death01.wav,135
unit,reaver,death,Reaver_Death02.wav,TMG_CANDIDATES/campaigns/void.sc2campaign/base.sc2assets/Assets/Sounds/Reaver_Death02.wav,135
unit,reaver,death,Reaver_Death03.wav,TMG_CANDIDATES/campaigns/void.sc2campaign/base.sc2assets/Assets/Sounds/Reaver_Death03.wav,135
unit,corsair,deploy_move,Corsair_What00.ogg,TMG_CANDIDATES/campaigns/liberty.sc2campaign/enus.sc2assets/LocalizedData/Sounds/ProtossVO/CampaignUnits/Corsair/Corsair_What00.ogg,200
unit,corsair,deploy_move,Corsair_What01.ogg,TMG_CANDIDATES/campaigns/liberty.sc2campaign/enus.sc2assets/LocalizedData/Sounds/ProtossVO/CampaignUnits/Corsair/Corsair_What01.ogg,200
unit,corsair,deploy_move,Corsair_What02.ogg,TMG_CANDIDATES/campaigns/liberty.sc2campaign/enus.sc2assets/LocalizedData/Sounds/ProtossVO/CampaignUnits/Corsair/Corsair_What02.ogg,200
unit,corsair,deploy_move,Corsair_What03.ogg,TMG_CANDIDATES/campaigns/liberty.sc2campaign/enus.sc2assets/LocalizedData/Sounds/ProtossVO/CampaignUnits/Corsair/Corsair_What03.ogg,200
unit,corsair,deploy_move,Corsair_Yes00.ogg,TMG_CANDIDATES/campaigns/liberty.sc2campaign/enus.sc2assets/LocalizedData/Sounds/ProtossVO/CampaignUnits/Corsair/Corsair_Yes00.ogg,200
unit,corsair,deploy_move,Corsair_Yes01.ogg,TMG_CANDIDATES/campaigns/liberty.sc2campaign/enus.sc2assets/LocalizedData/Sounds/ProtossVO/CampaignUnits/Corsair/Corsair_Yes01.ogg,200
unit,corsair,deploy_move,Corsair_Yes02.ogg,TMG_CANDIDATES/campaigns/liberty.sc2campaign/enus.sc2assets/LocalizedData/Sounds/ProtossVO/CampaignUnits/Corsair/Corsair_Yes02.ogg,200
unit,corsair,deploy_move,Corsair_Yes03.ogg,TMG_CANDIDATES/campaigns/liberty.sc2campaign/enus.sc2assets/LocalizedData/Sounds/ProtossVO/CampaignUnits/Corsair/Corsair_Yes03.ogg,200
unit,corsair,deploy_move,Corsair_Yes04.ogg,TMG_CANDIDATES/campaigns/liberty.sc2campaign/enus.sc2assets/LocalizedData/Sounds/ProtossVO/CampaignUnits/Corsair/Corsair_Yes04.ogg,200
unit,corsair,deploy_move,Corsair_Yes05.ogg,TMG_CANDIDATES/campaigns/liberty.sc2campaign/enus.sc2assets/LocalizedData/Sounds/ProtossVO/CampaignUnits/Corsair/Corsair_Yes05.ogg,200
unit,corsair,attack,Corsair_Attack00.ogg,TMG_CANDIDATES/campaigns/liberty.sc2campaign/enus.sc2assets/LocalizedData/Sounds/ProtossVO/CampaignUnits/Corsair/Corsair_Attack00.ogg,200
unit,corsair,attack,Corsair_Attack01.ogg,TMG_CANDIDATES/campaigns/liberty.sc2campaign/enus.sc2assets/LocalizedData/Sounds/ProtossVO/CampaignUnits/Corsair/Corsair_Attack01.ogg,200
unit,corsair,attack,Corsair_Attack02.ogg,TMG_CANDIDATES/campaigns/liberty.sc2campaign/enus.sc2assets/LocalizedData/Sounds/ProtossVO/CampaignUnits/Corsair/Corsair_Attack02.ogg,200
unit,corsair,death,Corsair_Death00.wav,TMG_CANDIDATES/campaigns/liberty.sc2campaign/enus.sc2assets/LocalizedData/Sounds/ProtossVO/CampaignUnits/Corsair/Corsair_Death00.wav,200
unit,scout,deploy_move,Scout_What00.ogg,TMG_CANDIDATES/campaigns/liberty.sc2campaign/enus.sc2assets/LocalizedData/Sounds/ProtossVO/CampaignUnits/Scout/Scout_What00.ogg,200
unit,scout,deploy_move,Scout_What01.ogg,TMG_CANDIDATES/campaigns/liberty.sc2campaign/enus.sc2assets/LocalizedData/Sounds/ProtossVO/CampaignUnits/Scout/Scout_What01.ogg,200
unit,scout,deploy_move,Scout_What02.ogg,TMG_CANDIDATES/campaigns/liberty.sc2campaign/enus.sc2assets/LocalizedData/Sounds/ProtossVO/CampaignUnits/Scout/Scout_What02.ogg,200
unit,scout,deploy_move,Scout_What03.ogg,TMG_CANDIDATES/campaigns/liberty.sc2campaign/enus.sc2assets/LocalizedData/Sounds/ProtossVO/CampaignUnits/Scout/Scout_What03.ogg,200
unit,scout,deploy_move,Scout_Yes00.ogg,TMG_CANDIDATES/campaigns/liberty.sc2campaign/enus.sc2assets/LocalizedData/Sounds/ProtossVO/CampaignUnits/Scout/Scout_Yes00.ogg,200
unit,scout,deploy_move,Scout_Yes01.ogg,TMG_CANDIDATES/campaigns/liberty.sc2campaign/enus.sc2assets/LocalizedData/Sounds/ProtossVO/CampaignUnits/Scout/Scout_Yes01.ogg,200
unit,scout,deploy_move,Scout_Yes02.ogg,TMG_CANDIDATES/campaigns/liberty.sc2campaign/enus.sc2assets/LocalizedData/Sounds/ProtossVO/CampaignUnits/Scout/Scout_Yes02.ogg,200
unit,scout,deploy_move,Scout_Yes03.ogg,TMG_CANDIDATES/campaigns/liberty.sc2campaign/enus.sc2assets/LocalizedData/Sounds/ProtossVO/CampaignUnits/Scout/Scout_Yes03.ogg,200
unit,scout,deploy_move,Scout_Yes04.ogg,TMG_CANDIDATES/campaigns/liberty.sc2campaign/enus.sc2assets/LocalizedData/Sounds/ProtossVO/CampaignUnits/Scout/Scout_Yes04.ogg,200
unit,scout,deploy_move,Scout_Yes05.ogg,TMG_CANDIDATES/campaigns/liberty.sc2campaign/enus.sc2assets/LocalizedData/Sounds/ProtossVO/CampaignUnits/Scout/Scout_Yes05.ogg,200
unit,scout,attack,Scout_Attack00.ogg,TMG_CANDIDATES/campaigns/liberty.sc2campaign/enus.sc2assets/LocalizedData/Sounds/ProtossVO/CampaignUnits/Scout/Scout_Attack00.ogg,200
unit,scout,attack,Scout_Attack01.ogg,TMG_CANDIDATES/campaigns/liberty.sc2campaign/enus.sc2assets/LocalizedData/Sounds/ProtossVO/CampaignUnits/Scout/Scout_Attack01.ogg,200
unit,scout,attack,Scout_Attack02.ogg,TMG_CANDIDATES/campaigns/liberty.sc2campaign/enus.sc2assets/LocalizedData/Sounds/ProtossVO/CampaignUnits/Scout/Scout_Attack02.ogg,200
unit,scout,death,Scout_Death01.wav,TMG_CANDIDATES/campaigns/liberty.sc2campaign/enus.sc2assets/LocalizedData/Sounds/ProtossVO/CampaignUnits/Scout/Scout_Death01.wav,200
unit,scout,death,Scout_Death02.wav,TMG_CANDIDATES/campaigns/liberty.sc2campaign/enus.sc2assets/LocalizedData/Sounds/ProtossVO/CampaignUnits/Scout/Scout_Death02.wav,200
unit,scout,death,Scout_Death03.wav,TMG_CANDIDATES/campaigns/liberty.sc2campaign/enus.sc2assets/LocalizedData/Sounds/ProtossVO/CampaignUnits/Scout/Scout_Death03.wav,200
unit,scout,death,Scout_Death04.wav,TMG_CANDIDATES/campaigns/liberty.sc2campaign/enus.sc2assets/LocalizedData/Sounds/ProtossVO/CampaignUnits/Scout/Scout_Death04.wav,200
unit,arbiter,deploy_move,Arbiter_What05.ogg,TMG_CANDIDATES/campaigns/void.sc2campaign/enus.sc2assets/LocalizedData/Sounds/VO/Protoss/Arbiter_What05.ogg,170
unit,arbiter,deploy_move,Arbiter_What06.ogg,TMG_CANDIDATES/campaigns/void.sc2campaign/enus.sc2assets/LocalizedData/Sounds/VO/Protoss/Arbiter_What06.ogg,170
unit,arbiter,deploy_move,Arbiter_What07.ogg,TMG_CANDIDATES/campaigns/void.sc2campaign/enus.sc2assets/LocalizedData/Sounds/VO/Protoss/Arbiter_What07.ogg,170
unit,arbiter,deploy_move,Arbiter_Yes00.ogg,TMG_CANDIDATES/campaigns/void.sc2campaign/enus.sc2assets/LocalizedData/Sounds/VO/Protoss/Arbiter_Yes00.ogg,170
unit,arbiter,deploy_move,Arbiter_Yes01.ogg,TMG_CANDIDATES/campaigns/void.sc2campaign/enus.sc2assets/LocalizedData/Sounds/VO/Protoss/Arbiter_Yes01.ogg,170
unit,arbiter,deploy_move,Arbiter_Yes02.ogg,TMG_CANDIDATES/campaigns/void.sc2campaign/enus.sc2assets/LocalizedData/Sounds/VO/Protoss/Arbiter_Yes02.ogg,170
unit,arbiter,deploy_move,Arbiter_Yes03.ogg,TMG_CANDIDATES/campaigns/void.sc2campaign/enus.sc2assets/LocalizedData/Sounds/VO/Protoss/Arbiter_Yes03.ogg,170
unit,arbiter,deploy_move,Arbiter_Yes04.ogg,TMG_CANDIDATES/campaigns/void.sc2campaign/enus.sc2assets/LocalizedData/Sounds/VO/Protoss/Arbiter_Yes04.ogg,170
unit,arbiter,deploy_move,Arbiter_Yes05.ogg,TMG_CANDIDATES/campaigns/void.sc2campaign/enus.sc2assets/LocalizedData/Sounds/VO/Protoss/Arbiter_Yes05.ogg,170
unit,arbiter,deploy_move,Arbiter_Yes06.ogg,TMG_CANDIDATES/campaigns/void.sc2campaign/enus.sc2assets/LocalizedData/Sounds/VO/Protoss/Arbiter_Yes06.ogg,170
unit,arbiter,attack,Arbiter_Attack00.ogg,TMG_CANDIDATES/campaigns/void.sc2campaign/enus.sc2assets/LocalizedData/Sounds/VO/Protoss/Arbiter_Attack00.ogg,170
unit,arbiter,attack,Arbiter_Attack01.ogg,TMG_CANDIDATES/campaigns/void.sc2campaign/enus.sc2assets/LocalizedData/Sounds/VO/Protoss/Arbiter_Attack01.ogg,170
unit,arbiter,attack,Arbiter_Attack02.ogg,TMG_CANDIDATES/campaigns/void.sc2campaign/enus.sc2assets/LocalizedData/Sounds/VO/Protoss/Arbiter_Attack02.ogg,170
unit,arbiter,attack,Arbiter_Attack03.ogg,TMG_CANDIDATES/campaigns/void.sc2campaign/enus.sc2assets/LocalizedData/Sounds/VO/Protoss/Arbiter_Attack03.ogg,170
unit,arbiter,attack,Arbiter_Attack04.ogg,TMG_CANDIDATES/campaigns/void.sc2campaign/enus.sc2assets/LocalizedData/Sounds/VO/Protoss/Arbiter_Attack04.ogg,170
unit,arbiter,attack,Arbiter_Attack05.ogg,TMG_CANDIDATES/campaigns/void.sc2campaign/enus.sc2assets/LocalizedData/Sounds/VO/Protoss/Arbiter_Attack05.ogg,170
unit,arbiter,attack,Arbiter_Attack06.ogg,TMG_CANDIDATES/campaigns/void.sc2campaign/enus.sc2assets/LocalizedData/Sounds/VO/Protoss/Arbiter_Attack06.ogg,170
unit,arbiter,death,FenixArbiter_Death00.wav,TMG_CANDIDATES/campaigns/void.sc2campaign/enus.sc2assets/LocalizedData/Sounds/VO/Protoss/FenixArbiter_Death00.wav,100
unit,artanis,deploy_move,Artanis_Ready00.ogg,TMG_CANDIDATES/campaigns/liberty.sc2campaign/enus.sc2assets/LocalizedData/Sounds/ProtossVO/CampaignUnits/Artanis/Artanis_Ready00.ogg,200
unit,artanis,deploy_move,Artanis_What00.ogg,TMG_CANDIDATES/campaigns/liberty.sc2campaign/enus.sc2assets/LocalizedData/Sounds/ProtossVO/CampaignUnits/Artanis/Artanis_What00.ogg,200
unit,artanis,deploy_move,Artanis_What01.ogg,TMG_CANDIDATES/campaigns/liberty.sc2campaign/enus.sc2assets/LocalizedData/Sounds/ProtossVO/CampaignUnits/Artanis/Artanis_What01.ogg,200
unit,artanis,deploy_move,Artanis_What02.ogg,TMG_CANDIDATES/campaigns/liberty.sc2campaign/enus.sc2assets/LocalizedData/Sounds/ProtossVO/CampaignUnits/Artanis/Artanis_What02.ogg,200
unit,artanis,deploy_move,Artanis_What03.ogg,TMG_CANDIDATES/campaigns/liberty.sc2campaign/enus.sc2assets/LocalizedData/Sounds/ProtossVO/CampaignUnits/Artanis/Artanis_What03.ogg,200
unit,artanis,deploy_move,Artanis_What04.ogg,TMG_CANDIDATES/campaigns/liberty.sc2campaign/enus.sc2assets/LocalizedData/Sounds/ProtossVO/CampaignUnits/Artanis/Artanis_What04.ogg,200
unit,artanis,deploy_move,Artanis_Yes00.ogg,TMG_CANDIDATES/campaigns/liberty.sc2campaign/enus.sc2assets/LocalizedData/Sounds/ProtossVO/CampaignUnits/Artanis/Artanis_Yes00.ogg,200
unit,artanis,deploy_move,Artanis_Yes01.ogg,TMG_CANDIDATES/campaigns/liberty.sc2campaign/enus.sc2assets/LocalizedData/Sounds/ProtossVO/CampaignUnits/Artanis/Artanis_Yes01.ogg,200
unit,artanis,deploy_move,Artanis_Yes02.ogg,TMG_CANDIDATES/campaigns/liberty.sc2campaign/enus.sc2assets/LocalizedData/Sounds/ProtossVO/CampaignUnits/Artanis/Artanis_Yes02.ogg,200
unit,artanis,deploy_move,Artanis_Yes03.ogg,TMG_CANDIDATES/campaigns/liberty.sc2campaign/enus.sc2assets/LocalizedData/Sounds/ProtossVO/CampaignUnits/Artanis/Artanis_Yes03.ogg,200
unit,artanis,attack,Artanis_Attack00.ogg,TMG_CANDIDATES/campaigns/liberty.sc2campaign/enus.sc2assets/LocalizedData/Sounds/ProtossVO/CampaignUnits/Artanis/Artanis_Attack00.ogg,200
unit,artanis,attack,Artanis_Attack01.ogg,TMG_CANDIDATES/campaigns/liberty.sc2campaign/enus.sc2assets/LocalizedData/Sounds/ProtossVO/CampaignUnits/Artanis/Artanis_Attack01.ogg,200
unit,artanis,attack,Artanis_Attack02.ogg,TMG_CANDIDATES/campaigns/liberty.sc2campaign/enus.sc2assets/LocalizedData/Sounds/ProtossVO/CampaignUnits/Artanis/Artanis_Attack02.ogg,200
unit,artanis,attack,Artanis_Attack03.ogg,TMG_CANDIDATES/campaigns/liberty.sc2campaign/enus.sc2assets/LocalizedData/Sounds/ProtossVO/CampaignUnits/Artanis/Artanis_Attack03.ogg,200
unit,artanis,attack,Artanis_Attack04.ogg,TMG_CANDIDATES/campaigns/liberty.sc2campaign/enus.sc2assets/LocalizedData/Sounds/ProtossVO/CampaignUnits/Artanis/Artanis_Attack04.ogg,200
unit,artanis,death,Artanis_Death00.wav,TMG_CANDIDATES/campaigns/liberty.sc2campaign/enus.sc2assets/LocalizedData/Sounds/ProtossVO/CampaignUnits/Artanis/Artanis_Death00.wav,200
unit,zeratul,deploy_move,Zeratul_Ready00.ogg,TMG_CANDIDATES/campaigns/liberty.sc2campaign/enus.sc2assets/LocalizedData/Sounds/ProtossVO/CampaignUnits/Zeratul/Zeratul_Ready00.ogg,200
unit,zeratul,deploy_move,Zeratul_What00.ogg,TMG_CANDIDATES/campaigns/liberty.sc2campaign/enus.sc2assets/LocalizedData/Sounds/ProtossVO/CampaignUnits/Zeratul/Zeratul_What00.ogg,200
unit,zeratul,deploy_move,Zeratul_What01.ogg,TMG_CANDIDATES/campaigns/liberty.sc2campaign/enus.sc2assets/LocalizedData/Sounds/ProtossVO/CampaignUnits/Zeratul/Zeratul_What01.ogg,200
unit,zeratul,deploy_move,Zeratul_What02.ogg,TMG_CANDIDATES/campaigns/liberty.sc2campaign/enus.sc2assets/LocalizedData/Sounds/ProtossVO/CampaignUnits/Zeratul/Zeratul_What02.ogg,200
unit,zeratul,deploy_move,Zeratul_What03.ogg,TMG_CANDIDATES/campaigns/liberty.sc2campaign/enus.sc2assets/LocalizedData/Sounds/ProtossVO/CampaignUnits/Zeratul/Zeratul_What03.ogg,200
unit,zeratul,deploy_move,Zeratul_What04.ogg,TMG_CANDIDATES/campaigns/liberty.sc2campaign/enus.sc2assets/LocalizedData/Sounds/ProtossVO/CampaignUnits/Zeratul/Zeratul_What04.ogg,200
unit,zeratul,deploy_move,Zeratul_Yes00.ogg,TMG_CANDIDATES/campaigns/liberty.sc2campaign/enus.sc2assets/LocalizedData/Sounds/ProtossVO/CampaignUnits/Zeratul/Zeratul_Yes00.ogg,200
unit,zeratul,deploy_move,Zeratul_Yes01.ogg,TMG_CANDIDATES/campaigns/liberty.sc2campaign/enus.sc2assets/LocalizedData/Sounds/ProtossVO/CampaignUnits/Zeratul/Zeratul_Yes01.ogg,200
unit,zeratul,deploy_move,Zeratul_Yes02.ogg,TMG_CANDIDATES/campaigns/liberty.sc2campaign/enus.sc2assets/LocalizedData/Sounds/ProtossVO/CampaignUnits/Zeratul/Zeratul_Yes02.ogg,200
unit,zeratul,deploy_move,Zeratul_Yes03.ogg,TMG_CANDIDATES/campaigns/liberty.sc2campaign/enus.sc2assets/LocalizedData/Sounds/ProtossVO/CampaignUnits/Zeratul/Zeratul_Yes03.ogg,200
unit,zeratul,deploy_move,Zeratul_Yes04.ogg,TMG_CANDIDATES/campaigns/liberty.sc2campaign/enus.sc2assets/LocalizedData/Sounds/ProtossVO/CampaignUnits/Zeratul/Zeratul_Yes04.ogg,200
unit,zeratul,deploy_move,Zeratul_Yes05.ogg,TMG_CANDIDATES/campaigns/liberty.sc2campaign/enus.sc2assets/LocalizedData/Sounds/ProtossVO/CampaignUnits/Zeratul/Zeratul_Yes05.ogg,200
unit,zeratul,deploy_move,Zeratul_Yes06.ogg,TMG_CANDIDATES/campaigns/liberty.sc2campaign/enus.sc2assets/LocalizedData/Sounds/ProtossVO/CampaignUnits/Zeratul/Zeratul_Yes06.ogg,200
unit,zeratul,deploy_move,Zeratul_Yes07.ogg,TMG_CANDIDATES/campaigns/liberty.sc2campaign/enus.sc2assets/LocalizedData/Sounds/ProtossVO/CampaignUnits/Zeratul/Zeratul_Yes07.ogg,200
unit,zeratul,deploy_move,Zeratul_Yes08.ogg,TMG_CANDIDATES/campaigns/liberty.sc2campaign/enus.sc2assets/LocalizedData/Sounds/ProtossVO/CampaignUnits/Zeratul/Zeratul_Yes08.ogg,200
unit,zeratul,attack,Zeratul_Attack00.ogg,TMG_CANDIDATES/campaigns/liberty.sc2campaign/enus.sc2assets/LocalizedData/Sounds/ProtossVO/CampaignUnits/Zeratul/Zeratul_Attack00.ogg,200
unit,zeratul,attack,Zeratul_Attack01.ogg,TMG_CANDIDATES/campaigns/liberty.sc2campaign/enus.sc2assets/LocalizedData/Sounds/ProtossVO/CampaignUnits/Zeratul/Zeratul_Attack01.ogg,200
unit,zeratul,attack,Zeratul_Attack02.ogg,TMG_CANDIDATES/campaigns/liberty.sc2campaign/enus.sc2assets/LocalizedData/Sounds/ProtossVO/CampaignUnits/Zeratul/Zeratul_Attack02.ogg,200
unit,zeratul,attack,Zeratul_Attack03.ogg,TMG_CANDIDATES/campaigns/liberty.sc2campaign/enus.sc2assets/LocalizedData/Sounds/ProtossVO/CampaignUnits/Zeratul/Zeratul_Attack03.ogg,200
unit,zeratul,attack,Zeratul_Attack04.ogg,TMG_CANDIDATES/campaigns/liberty.sc2campaign/enus.sc2assets/LocalizedData/Sounds/ProtossVO/CampaignUnits/Zeratul/Zeratul_Attack04.ogg,200
unit,zeratul,death,Zeratul_Death00.wav,TMG_CANDIDATES/campaigns/liberty.sc2campaign/enus.sc2assets/LocalizedData/Sounds/ProtossVO/CampaignUnits/Zeratul/Zeratul_Death00.wav,200
unit,zeratul,death,Zeratul_Death01.wav,TMG_CANDIDATES/campaigns/liberty.sc2campaign/enus.sc2assets/LocalizedData/Sounds/ProtossVO/CampaignUnits/Zeratul/Zeratul_Death01.wav,200
unit,zeratul,death,Zeratul_Death02.wav,TMG_CANDIDATES/campaigns/liberty.sc2campaign/enus.sc2assets/LocalizedData/Sounds/ProtossVO/CampaignUnits/Zeratul/Zeratul_Death02.wav,200
unit,zeratul,death,Zeratul_Death03.wav,TMG_CANDIDATES/campaigns/liberty.sc2campaign/enus.sc2assets/LocalizedData/Sounds/ProtossVO/CampaignUnits/Zeratul/Zeratul_Death03.wav,200
unit,zeratul,death,Zeratul_Death04.wav,TMG_CANDIDATES/campaigns/liberty.sc2campaign/enus.sc2assets/LocalizedData/Sounds/ProtossVO/CampaignUnits/Zeratul/Zeratul_Death04.wav,200
unit,zeratul,death,Zeratul_Death05.wav,TMG_CANDIDATES/campaigns/liberty.sc2campaign/enus.sc2assets/LocalizedData/Sounds/ProtossVO/CampaignUnits/Zeratul/Zeratul_Death05.wav,200
unit,selendis,deploy_move,Selendis_Ready00.ogg,TMG_CANDIDATES/campaigns/liberty.sc2campaign/enus.sc2assets/LocalizedData/Sounds/ProtossVO/CampaignUnits/Selendis/Selendis_Ready00.ogg,200
unit,selendis,deploy_move,Selendis_What00.ogg,TMG_CANDIDATES/campaigns/liberty.sc2campaign/enus.sc2assets/LocalizedData/Sounds/ProtossVO/CampaignUnits/Selendis/Selendis_What00.ogg,200
unit,selendis,deploy_move,Selendis_What01.ogg,TMG_CANDIDATES/campaigns/liberty.sc2campaign/enus.sc2assets/LocalizedData/Sounds/ProtossVO/CampaignUnits/Selendis/Selendis_What01.ogg,200
unit,selendis,deploy_move,Selendis_What02.ogg,TMG_CANDIDATES/campaigns/liberty.sc2campaign/enus.sc2assets/LocalizedData/Sounds/ProtossVO/CampaignUnits/Selendis/Selendis_What02.ogg,200
unit,selendis,deploy_move,Selendis_What03.ogg,TMG_CANDIDATES/campaigns/liberty.sc2campaign/enus.sc2assets/LocalizedData/Sounds/ProtossVO/CampaignUnits/Selendis/Selendis_What03.ogg,200
unit,selendis,deploy_move,Selendis_Yes00.ogg,TMG_CANDIDATES/campaigns/liberty.sc2campaign/enus.sc2assets/LocalizedData/Sounds/ProtossVO/CampaignUnits/Selendis/Selendis_Yes00.ogg,200
unit,selendis,deploy_move,Selendis_Yes01.ogg,TMG_CANDIDATES/campaigns/liberty.sc2campaign/enus.sc2assets/LocalizedData/Sounds/ProtossVO/CampaignUnits/Selendis/Selendis_Yes01.ogg,200
unit,selendis,deploy_move,Selendis_Yes02.ogg,TMG_CANDIDATES/campaigns/liberty.sc2campaign/enus.sc2assets/LocalizedData/Sounds/ProtossVO/CampaignUnits/Selendis/Selendis_Yes02.ogg,200
unit,selendis,deploy_move,Selendis_Yes03.ogg,TMG_CANDIDATES/campaigns/liberty.sc2campaign/enus.sc2assets/LocalizedData/Sounds/ProtossVO/CampaignUnits/Selendis/Selendis_Yes03.ogg,200
unit,selendis,deploy_move,Selendis_Yes04.ogg,TMG_CANDIDATES/campaigns/liberty.sc2campaign/enus.sc2assets/LocalizedData/Sounds/ProtossVO/CampaignUnits/Selendis/Selendis_Yes04.ogg,200
unit,selendis,attack,Selendis_Attack00.ogg,TMG_CANDIDATES/campaigns/liberty.sc2campaign/enus.sc2assets/LocalizedData/Sounds/ProtossVO/CampaignUnits/Selendis/Selendis_Attack00.ogg,200
unit,selendis,attack,Selendis_Attack01.ogg,TMG_CANDIDATES/campaigns/liberty.sc2campaign/enus.sc2assets/LocalizedData/Sounds/ProtossVO/CampaignUnits/Selendis/Selendis_Attack01.ogg,200
unit,selendis,attack,Selendis_Attack02.ogg,TMG_CANDIDATES/campaigns/liberty.sc2campaign/enus.sc2assets/LocalizedData/Sounds/ProtossVO/CampaignUnits/Selendis/Selendis_Attack02.ogg,200
unit,selendis,attack,Selendis_Attack03.ogg,TMG_CANDIDATES/campaigns/liberty.sc2campaign/enus.sc2assets/LocalizedData/Sounds/ProtossVO/CampaignUnits/Selendis/Selendis_Attack03.ogg,200
unit,selendis,attack,Selendis_Attack04.ogg,TMG_CANDIDATES/campaigns/liberty.sc2campaign/enus.sc2assets/LocalizedData/Sounds/ProtossVO/CampaignUnits/Selendis/Selendis_Attack04.ogg,200
unit,selendis,death,Selendis_Death00.wav,TMG_CANDIDATES/campaigns/liberty.sc2campaign/enus.sc2assets/LocalizedData/Sounds/ProtossVO/CampaignUnits/Selendis/Selendis_Death00.wav,200
unit,vorazun,deploy_move,Vorazun_What03.ogg,TMG_CANDIDATES/campaigns/void.sc2campaign/enus.sc2assets/LocalizedData/Sounds/VO/Protoss/Vorazun_What03.ogg,170
unit,vorazun,deploy_move,Vorazun_What04.ogg,TMG_CANDIDATES/campaigns/void.sc2campaign/enus.sc2assets/LocalizedData/Sounds/VO/Protoss/Vorazun_What04.ogg,170
unit,vorazun,deploy_move,Vorazun_What05.ogg,TMG_CANDIDATES/campaigns/void.sc2campaign/enus.sc2assets/LocalizedData/Sounds/VO/Protoss/Vorazun_What05.ogg,170
unit,vorazun,deploy_move,Vorazun_What06.ogg,TMG_CANDIDATES/campaigns/void.sc2campaign/enus.sc2assets/LocalizedData/Sounds/VO/Protoss/Vorazun_What06.ogg,170
unit,vorazun,deploy_move,Vorazun_Yes00.ogg,TMG_CANDIDATES/campaigns/void.sc2campaign/enus.sc2assets/LocalizedData/Sounds/VO/Protoss/Vorazun_Yes00.ogg,170
unit,vorazun,deploy_move,Vorazun_Yes01.ogg,TMG_CANDIDATES/campaigns/void.sc2campaign/enus.sc2assets/LocalizedData/Sounds/VO/Protoss/Vorazun_Yes01.ogg,170
unit,vorazun,deploy_move,Vorazun_Yes02.ogg,TMG_CANDIDATES/campaigns/void.sc2campaign/enus.sc2assets/LocalizedData/Sounds/VO/Protoss/Vorazun_Yes02.ogg,170
unit,vorazun,deploy_move,Vorazun_Yes03.ogg,TMG_CANDIDATES/campaigns/void.sc2campaign/enus.sc2assets/LocalizedData/Sounds/VO/Protoss/Vorazun_Yes03.ogg,170
unit,vorazun,deploy_move,Vorazun_Yes04.ogg,TMG_CANDIDATES/campaigns/void.sc2campaign/enus.sc2assets/LocalizedData/Sounds/VO/Protoss/Vorazun_Yes04.ogg,170
unit,vorazun,deploy_move,Vorazun_Yes05.ogg,TMG_CANDIDATES/campaigns/void.sc2campaign/enus.sc2assets/LocalizedData/Sounds/VO/Protoss/Vorazun_Yes05.ogg,170
unit,vorazun,attack,Vorazun_Attack00.ogg,TMG_CANDIDATES/campaigns/void.sc2campaign/enus.sc2assets/LocalizedData/Sounds/VO/Protoss/Vorazun_Attack00.ogg,170
unit,vorazun,attack,Vorazun_Attack01.ogg,TMG_CANDIDATES/campaigns/void.sc2campaign/enus.sc2assets/LocalizedData/Sounds/VO/Protoss/Vorazun_Attack01.ogg,170
unit,vorazun,attack,Vorazun_Attack02.ogg,TMG_CANDIDATES/campaigns/void.sc2campaign/enus.sc2assets/LocalizedData/Sounds/VO/Protoss/Vorazun_Attack02.ogg,170
unit,vorazun,attack,Vorazun_Attack03.ogg,TMG_CANDIDATES/campaigns/void.sc2campaign/enus.sc2assets/LocalizedData/Sounds/VO/Protoss/Vorazun_Attack03.ogg,170
unit,vorazun,attack,Vorazun_Attack04.ogg,TMG_CANDIDATES/campaigns/void.sc2campaign/enus.sc2assets/LocalizedData/Sounds/VO/Protoss/Vorazun_Attack04.ogg,170
unit,vorazun,attack,Vorazun_Attack05.ogg,TMG_CANDIDATES/campaigns/void.sc2campaign/enus.sc2assets/LocalizedData/Sounds/VO/Protoss/Vorazun_Attack05.ogg,170
unit,vorazun,attack,Vorazun_Attack06.ogg,TMG_CANDIDATES/campaigns/void.sc2campaign/enus.sc2assets/LocalizedData/Sounds/VO/Protoss/Vorazun_Attack06.ogg,170
unit,vorazun,death,Vorazun_Death00.wav,TMG_CANDIDATES/campaigns/void.sc2campaign/enus.sc2assets/LocalizedData/Sounds/VO/Protoss/Vorazun_Death00.wav,170
unit,karax,deploy_move,Karax_What07.ogg,TMG_CANDIDATES/campaigns/void.sc2campaign/enus.sc2assets/LocalizedData/Sounds/VO/Protoss/Karax_What07.ogg,170
unit,karax,deploy_move,Karax_What08.ogg,TMG_CANDIDATES/campaigns/void.sc2campaign/enus.sc2assets/LocalizedData/Sounds/VO/Protoss/Karax_What08.ogg,170
unit,karax,deploy_move,Karax_Yes00.ogg,TMG_CANDIDATES/campaigns/void.sc2campaign/enus.sc2assets/LocalizedData/Sounds/VO/Protoss/Karax_Yes00.ogg,170
unit,karax,deploy_move,Karax_Yes01.ogg,TMG_CANDIDATES/campaigns/void.sc2campaign/enus.sc2assets/LocalizedData/Sounds/VO/Protoss/Karax_Yes01.ogg,170
unit,karax,deploy_move,Karax_Yes02.ogg,TMG_CANDIDATES/campaigns/void.sc2campaign/enus.sc2assets/LocalizedData/Sounds/VO/Protoss/Karax_Yes02.ogg,170
unit,karax,deploy_move,Karax_Yes03.ogg,TMG_CANDIDATES/campaigns/void.sc2campaign/enus.sc2assets/LocalizedData/Sounds/VO/Protoss/Karax_Yes03.ogg,170
unit,karax,deploy_move,Karax_Yes04.ogg,TMG_CANDIDATES/campaigns/void.sc2campaign/enus.sc2assets/LocalizedData/Sounds/VO/Protoss/Karax_Yes04.ogg,170
unit,karax,deploy_move,Karax_Yes05.ogg,TMG_CANDIDATES/campaigns/void.sc2campaign/enus.sc2assets/LocalizedData/Sounds/VO/Protoss/Karax_Yes05.ogg,170
unit,karax,deploy_move,Karax_Yes06.ogg,TMG_CANDIDATES/campaigns/void.sc2campaign/enus.sc2assets/LocalizedData/Sounds/VO/Protoss/Karax_Yes06.ogg,170
unit,karax,deploy_move,Karax_Yes07.ogg,TMG_CANDIDATES/campaigns/void.sc2campaign/enus.sc2assets/LocalizedData/Sounds/VO/Protoss/Karax_Yes07.ogg,170
unit,karax,attack,Karax_Attack01.ogg,TMG_CANDIDATES/campaigns/void.sc2campaign/enus.sc2assets/LocalizedData/Sounds/VO/Protoss/Karax_Attack01.ogg,170
unit,karax,attack,Karax_Attack02.ogg,TMG_CANDIDATES/campaigns/void.sc2campaign/enus.sc2assets/LocalizedData/Sounds/VO/Protoss/Karax_Attack02.ogg,170
unit,karax,attack,Karax_Attack03.ogg,TMG_CANDIDATES/campaigns/void.sc2campaign/enus.sc2assets/LocalizedData/Sounds/VO/Protoss/Karax_Attack03.ogg,170
unit,karax,attack,Karax_Attack04.ogg,TMG_CANDIDATES/campaigns/void.sc2campaign/enus.sc2assets/LocalizedData/Sounds/VO/Protoss/Karax_Attack04.ogg,170
unit,karax,attack,Karax_Attack05.ogg,TMG_CANDIDATES/campaigns/void.sc2campaign/enus.sc2assets/LocalizedData/Sounds/VO/Protoss/Karax_Attack05.ogg,170
unit,karax,attack,Karax_Attack06.ogg,TMG_CANDIDATES/campaigns/void.sc2campaign/enus.sc2assets/LocalizedData/Sounds/VO/Protoss/Karax_Attack06.ogg,170
unit,karax,attack,Karax_Attack07.ogg,TMG_CANDIDATES/campaigns/void.sc2campaign/enus.sc2assets/LocalizedData/Sounds/VO/Protoss/Karax_Attack07.ogg,170
unit,karax,death,Karax_Death00.wav,TMG_CANDIDATES/campaigns/void.sc2campaign/enus.sc2assets/LocalizedData/Sounds/VO/Protoss/Karax_Death00.wav,170
unit,alarak,deploy_move,Alarak_What03.ogg,TMG_CANDIDATES/campaigns/void.sc2campaign/enus.sc2assets/LocalizedData/Sounds/VO/Protoss/Alarak_What03.ogg,170
unit,alarak,deploy_move,Alarak_What04.ogg,TMG_CANDIDATES/campaigns/void.sc2campaign/enus.sc2assets/LocalizedData/Sounds/VO/Protoss/Alarak_What04.ogg,170
unit,alarak,deploy_move,Alarak_What05.ogg,TMG_CANDIDATES/campaigns/void.sc2campaign/enus.sc2assets/LocalizedData/Sounds/VO/Protoss/Alarak_What05.ogg,170
unit,alarak,deploy_move,Alarak_What06.ogg,TMG_CANDIDATES/campaigns/void.sc2campaign/enus.sc2assets/LocalizedData/Sounds/VO/Protoss/Alarak_What06.ogg,170
unit,alarak,deploy_move,Alarak_Yes00.ogg,TMG_CANDIDATES/campaigns/void.sc2campaign/enus.sc2assets/LocalizedData/Sounds/VO/Protoss/Alarak_Yes00.ogg,170
unit,alarak,deploy_move,Alarak_Yes01.ogg,TMG_CANDIDATES/campaigns/void.sc2campaign/enus.sc2assets/LocalizedData/Sounds/VO/Protoss/Alarak_Yes01.ogg,170
unit,alarak,deploy_move,Alarak_Yes02.ogg,TMG_CANDIDATES/campaigns/void.sc2campaign/enus.sc2assets/LocalizedData/Sounds/VO/Protoss/Alarak_Yes02.ogg,170
unit,alarak,deploy_move,Alarak_Yes03.ogg,TMG_CANDIDATES/campaigns/void.sc2campaign/enus.sc2assets/LocalizedData/Sounds/VO/Protoss/Alarak_Yes03.ogg,170
unit,alarak,deploy_move,Alarak_Yes04.ogg,TMG_CANDIDATES/campaigns/void.sc2campaign/enus.sc2assets/LocalizedData/Sounds/VO/Protoss/Alarak_Yes04.ogg,170
unit,alarak,deploy_move,Alarak_Yes05.ogg,TMG_CANDIDATES/campaigns/void.sc2campaign/enus.sc2assets/LocalizedData/Sounds/VO/Protoss/Alarak_Yes05.ogg,170
unit,alarak,attack,Alarak_Attack00.ogg,TMG_CANDIDATES/campaigns/void.sc2campaign/enus.sc2assets/LocalizedData/Sounds/VO/Protoss/Alarak_Attack00.ogg,170
unit,alarak,attack,Alarak_Attack01.ogg,TMG_CANDIDATES/campaigns/void.sc2campaign/enus.sc2assets/LocalizedData/Sounds/VO/Protoss/Alarak_Attack01.ogg,170
unit,alarak,attack,Alarak_Attack02.ogg,TMG_CANDIDATES/campaigns/void.sc2campaign/enus.sc2assets/LocalizedData/Sounds/VO/Protoss/Alarak_Attack02.ogg,170
unit,alarak,attack,Alarak_Attack03.ogg,TMG_CANDIDATES/campaigns/void.sc2campaign/enus.sc2assets/LocalizedData/Sounds/VO/Protoss/Alarak_Attack03.ogg,170
unit,alarak,attack,Alarak_Attack04.ogg,TMG_CANDIDATES/campaigns/void.sc2campaign/enus.sc2assets/LocalizedData/Sounds/VO/Protoss/Alarak_Attack04.ogg,170
unit,alarak,attack,Alarak_Attack05.ogg,TMG_CANDIDATES/campaigns/void.sc2campaign/enus.sc2assets/LocalizedData/Sounds/VO/Protoss/Alarak_Attack05.ogg,170
unit,alarak,attack,Alarak_Attack06.ogg,TMG_CANDIDATES/campaigns/void.sc2campaign/enus.sc2assets/LocalizedData/Sounds/VO/Protoss/Alarak_Attack06.ogg,170
unit,alarak,death,Alarak_Death00.wav,TMG_CANDIDATES/campaigns/void.sc2campaign/enus.sc2assets/LocalizedData/Sounds/VO/Protoss/Alarak_Death00.wav,170
unit,fenix,deploy_move,Fenix_What06.ogg,TMG_CANDIDATES/campaigns/void.sc2campaign/enus.sc2assets/LocalizedData/Sounds/VO/Protoss/Fenix_What06.ogg,170
unit,fenix,deploy_move,Fenix_What07.ogg,TMG_CANDIDATES/campaigns/void.sc2campaign/enus.sc2assets/LocalizedData/Sounds/VO/Protoss/Fenix_What07.ogg,170
unit,fenix,deploy_move,Fenix_Yes00.ogg,TMG_CANDIDATES/campaigns/void.sc2campaign/enus.sc2assets/LocalizedData/Sounds/VO/Protoss/Fenix_Yes00.ogg,170
unit,fenix,deploy_move,Fenix_Yes01.ogg,TMG_CANDIDATES/campaigns/void.sc2campaign/enus.sc2assets/LocalizedData/Sounds/VO/Protoss/Fenix_Yes01.ogg,170
unit,fenix,deploy_move,Fenix_Yes02.ogg,TMG_CANDIDATES/campaigns/void.sc2campaign/enus.sc2assets/LocalizedData/Sounds/VO/Protoss/Fenix_Yes02.ogg,170
unit,fenix,deploy_move,Fenix_Yes03.ogg,TMG_CANDIDATES/campaigns/void.sc2campaign/enus.sc2assets/LocalizedData/Sounds/VO/Protoss/Fenix_Yes03.ogg,170
unit,fenix,deploy_move,Fenix_Yes04.ogg,TMG_CANDIDATES/campaigns/void.sc2campaign/enus.sc2assets/LocalizedData/Sounds/VO/Protoss/Fenix_Yes04.ogg,170
unit,fenix,deploy_move,Fenix_Yes05.ogg,TMG_CANDIDATES/campaigns/void.sc2campaign/enus.sc2assets/LocalizedData/Sounds/VO/Protoss/Fenix_Yes05.ogg,170
unit,fenix,deploy_move,Fenix_Yes06.ogg,TMG_CANDIDATES/campaigns/void.sc2campaign/enus.sc2assets/LocalizedData/Sounds/VO/Protoss/Fenix_Yes06.ogg,170
unit,fenix,deploy_move,Fenix_Yes07.ogg,TMG_CANDIDATES/campaigns/void.sc2campaign/enus.sc2assets/LocalizedData/Sounds/VO/Protoss/Fenix_Yes07.ogg,170
unit,fenix,attack,Fenix_Attack00.ogg,TMG_CANDIDATES/campaigns/void.sc2campaign/enus.sc2assets/LocalizedData/Sounds/VO/Protoss/Fenix_Attack00.ogg,170
unit,fenix,attack,Fenix_Attack01.ogg,TMG_CANDIDATES/campaigns/void.sc2campaign/enus.sc2assets/LocalizedData/Sounds/VO/Protoss/Fenix_Attack01.ogg,170
unit,fenix,attack,Fenix_Attack02.ogg,TMG_CANDIDATES/campaigns/void.sc2campaign/enus.sc2assets/LocalizedData/Sounds/VO/Protoss/Fenix_Attack02.ogg,170
unit,fenix,attack,Fenix_Attack03.ogg,TMG_CANDIDATES/campaigns/void.sc2campaign/enus.sc2assets/LocalizedData/Sounds/VO/Protoss/Fenix_Attack03.ogg,170
unit,fenix,attack,Fenix_Attack04.ogg,TMG_CANDIDATES/campaigns/void.sc2campaign/enus.sc2assets/LocalizedData/Sounds/VO/Protoss/Fenix_Attack04.ogg,170
unit,fenix,attack,Fenix_Attack05.ogg,TMG_CANDIDATES/campaigns/void.sc2campaign/enus.sc2assets/LocalizedData/Sounds/VO/Protoss/Fenix_Attack05.ogg,170
unit,fenix,attack,Fenix_Attack06.ogg,TMG_CANDIDATES/campaigns/void.sc2campaign/enus.sc2assets/LocalizedData/Sounds/VO/Protoss/Fenix_Attack06.ogg,170
unit,fenix,death,Fenix_Death00.wav,TMG_CANDIDATES/campaigns/void.sc2campaign/enus.sc2assets/LocalizedData/Sounds/VO/Protoss/Fenix_Death00.wav,170
unit,rohana,deploy_move,pCutscene_RohanaUlnar03_Amon_016_02_poke.ogg,TMG_CANDIDATES/campaigns/void.sc2campaign/base.sc2assets/Assets/Sounds/pCutscene_RohanaUlnar03_Amon_016_02_poke.ogg,65
unit,rohana,deploy_move,pCutscene_RohanaUlnar03_Amon_033n34_06_poke.ogg,TMG_CANDIDATES/campaigns/void.sc2campaign/base.sc2assets/Assets/Sounds/pCutscene_RohanaUlnar03_Amon_033n34_06_poke.ogg,65
unit,rohana,deploy_move,pCutscene_RohanaUlnar03_Preserver_001_02_poke.ogg,TMG_CANDIDATES/campaigns/void.sc2campaign/base.sc2assets/Assets/Sounds/pCutscene_RohanaUlnar03_Preserver_001_02_poke.ogg,65
unit,rohana,deploy_move,pCutscene_RohanaUlnar03_Preserver_001_03_poke.ogg,TMG_CANDIDATES/campaigns/void.sc2campaign/base.sc2assets/Assets/Sounds/pCutscene_RohanaUlnar03_Preserver_001_03_poke.ogg,65
unit,rohana,deploy_move,pCutscene_RohanaUlnar03_Preserver_030_06_poke.ogg,TMG_CANDIDATES/campaigns/void.sc2campaign/base.sc2assets/Assets/Sounds/pCutscene_RohanaUlnar03_Preserver_030_06_poke.ogg,65
unit,rohana,deploy_move,pCutscene_RohanaUlnar03_Preserver_030_10_poke.ogg,TMG_CANDIDATES/campaigns/void.sc2campaign/base.sc2assets/Assets/Sounds/pCutscene_RohanaUlnar03_Preserver_030_10_poke.ogg,65
unit,rohana,deploy_move,pCutscene_RohanaUlnar03_Preserver_030_12_poke.ogg,TMG_CANDIDATES/campaigns/void.sc2campaign/base.sc2assets/Assets/Sounds/pCutscene_RohanaUlnar03_Preserver_030_12_poke.ogg,65
unit,kaldalis,deploy_move,Kaldalis_What03.ogg,TMG_CANDIDATES/campaigns/void.sc2campaign/enus.sc2assets/LocalizedData/Sounds/VO/Protoss/Kaldalis_What03.ogg,170
unit,kaldalis,deploy_move,Kaldalis_What04.ogg,TMG_CANDIDATES/campaigns/void.sc2campaign/enus.sc2assets/LocalizedData/Sounds/VO/Protoss/Kaldalis_What04.ogg,170
unit,kaldalis,deploy_move,Kaldalis_What05.ogg,TMG_CANDIDATES/campaigns/void.sc2campaign/enus.sc2assets/LocalizedData/Sounds/VO/Protoss/Kaldalis_What05.ogg,170
unit,kaldalis,deploy_move,Kaldalis_What06.ogg,TMG_CANDIDATES/campaigns/void.sc2campaign/enus.sc2assets/LocalizedData/Sounds/VO/Protoss/Kaldalis_What06.ogg,170
unit,kaldalis,deploy_move,Kaldalis_Yes00.ogg,TMG_CANDIDATES/campaigns/void.sc2campaign/enus.sc2assets/LocalizedData/Sounds/VO/Protoss/Kaldalis_Yes00.ogg,170
unit,kaldalis,deploy_move,Kaldalis_Yes01.ogg,TMG_CANDIDATES/campaigns/void.sc2campaign/enus.sc2assets/LocalizedData/Sounds/VO/Protoss/Kaldalis_Yes01.ogg,170
unit,kaldalis,deploy_move,Kaldalis_Yes02.ogg,TMG_CANDIDATES/campaigns/void.sc2campaign/enus.sc2assets/LocalizedData/Sounds/VO/Protoss/Kaldalis_Yes02.ogg,170
unit,kaldalis,deploy_move,Kaldalis_Yes03.ogg,TMG_CANDIDATES/campaigns/void.sc2campaign/enus.sc2assets/LocalizedData/Sounds/VO/Protoss/Kaldalis_Yes03.ogg,170
unit,kaldalis,deploy_move,Kaldalis_Yes04.ogg,TMG_CANDIDATES/campaigns/void.sc2campaign/enus.sc2assets/LocalizedData/Sounds/VO/Protoss/Kaldalis_Yes04.ogg,170
unit,kaldalis,deploy_move,Kaldalis_Yes05.ogg,TMG_CANDIDATES/campaigns/void.sc2campaign/enus.sc2assets/LocalizedData/Sounds/VO/Protoss/Kaldalis_Yes05.ogg,170
unit,kaldalis,attack,Kaldalis_Attack00.ogg,TMG_CANDIDATES/campaigns/void.sc2campaign/enus.sc2assets/LocalizedData/Sounds/VO/Protoss/Kaldalis_Attack00.ogg,170
unit,kaldalis,attack,Kaldalis_Attack01.ogg,TMG_CANDIDATES/campaigns/void.sc2campaign/enus.sc2assets/LocalizedData/Sounds/VO/Protoss/Kaldalis_Attack01.ogg,170
unit,kaldalis,attack,Kaldalis_Attack02.ogg,TMG_CANDIDATES/campaigns/void.sc2campaign/enus.sc2assets/LocalizedData/Sounds/VO/Protoss/Kaldalis_Attack02.ogg,170
unit,kaldalis,attack,Kaldalis_Attack03.ogg,TMG_CANDIDATES/campaigns/void.sc2campaign/enus.sc2assets/LocalizedData/Sounds/VO/Protoss/Kaldalis_Attack03.ogg,170
unit,kaldalis,attack,Kaldalis_Attack04.ogg,TMG_CANDIDATES/campaigns/void.sc2campaign/enus.sc2assets/LocalizedData/Sounds/VO/Protoss/Kaldalis_Attack04.ogg,170
unit,kaldalis,attack,Kaldalis_Attack05.ogg,TMG_CANDIDATES/campaigns/void.sc2campaign/enus.sc2assets/LocalizedData/Sounds/VO/Protoss/Kaldalis_Attack05.ogg,170
unit,kaldalis,attack,Kaldalis_Attack06.ogg,TMG_CANDIDATES/campaigns/void.sc2campaign/enus.sc2assets/LocalizedData/Sounds/VO/Protoss/Kaldalis_Attack06.ogg,170
unit,kaldalis,death,Kaldalis_Death00.wav,TMG_CANDIDATES/campaigns/void.sc2campaign/enus.sc2assets/LocalizedData/Sounds/VO/Protoss/Kaldalis_Death00.wav,170
unit,karass,deploy_move,Karass_Ready00.ogg,TMG_CANDIDATES/campaigns/liberty.sc2campaign/enus.sc2assets/LocalizedData/Sounds/ProtossVO/CampaignUnits/Karass/Karass_Ready00.ogg,200
unit,karass,deploy_move,Karass_What00.ogg,TMG_CANDIDATES/campaigns/liberty.sc2campaign/enus.sc2assets/LocalizedData/Sounds/ProtossVO/CampaignUnits/Karass/Karass_What00.ogg,200
unit,karass,deploy_move,Karass_What01.ogg,TMG_CANDIDATES/campaigns/liberty.sc2campaign/enus.sc2assets/LocalizedData/Sounds/ProtossVO/CampaignUnits/Karass/Karass_What01.ogg,200
unit,karass,deploy_move,Karass_What02.ogg,TMG_CANDIDATES/campaigns/liberty.sc2campaign/enus.sc2assets/LocalizedData/Sounds/ProtossVO/CampaignUnits/Karass/Karass_What02.ogg,200
unit,karass,deploy_move,Karass_What03.ogg,TMG_CANDIDATES/campaigns/liberty.sc2campaign/enus.sc2assets/LocalizedData/Sounds/ProtossVO/CampaignUnits/Karass/Karass_What03.ogg,200
unit,karass,deploy_move,Karass_What04.ogg,TMG_CANDIDATES/campaigns/liberty.sc2campaign/enus.sc2assets/LocalizedData/Sounds/ProtossVO/CampaignUnits/Karass/Karass_What04.ogg,200
unit,karass,deploy_move,Karass_Yes00.ogg,TMG_CANDIDATES/campaigns/liberty.sc2campaign/enus.sc2assets/LocalizedData/Sounds/ProtossVO/CampaignUnits/Karass/Karass_Yes00.ogg,200
unit,karass,deploy_move,Karass_Yes01.ogg,TMG_CANDIDATES/campaigns/liberty.sc2campaign/enus.sc2assets/LocalizedData/Sounds/ProtossVO/CampaignUnits/Karass/Karass_Yes01.ogg,200
unit,karass,deploy_move,Karass_Yes02.ogg,TMG_CANDIDATES/campaigns/liberty.sc2campaign/enus.sc2assets/LocalizedData/Sounds/ProtossVO/CampaignUnits/Karass/Karass_Yes02.ogg,200
unit,karass,deploy_move,Karass_Yes03.ogg,TMG_CANDIDATES/campaigns/liberty.sc2campaign/enus.sc2assets/LocalizedData/Sounds/ProtossVO/CampaignUnits/Karass/Karass_Yes03.ogg,200
unit,karass,attack,Karass_Attack00.ogg,TMG_CANDIDATES/campaigns/liberty.sc2campaign/enus.sc2assets/LocalizedData/Sounds/ProtossVO/CampaignUnits/Karass/Karass_Attack00.ogg,200
unit,karass,attack,Karass_Attack01.ogg,TMG_CANDIDATES/campaigns/liberty.sc2campaign/enus.sc2assets/LocalizedData/Sounds/ProtossVO/CampaignUnits/Karass/Karass_Attack01.ogg,200
unit,karass,attack,Karass_Attack02.ogg,TMG_CANDIDATES/campaigns/liberty.sc2campaign/enus.sc2assets/LocalizedData/Sounds/ProtossVO/CampaignUnits/Karass/Karass_Attack02.ogg,200
unit,karass,attack,Karass_Attack03.ogg,TMG_CANDIDATES/campaigns/liberty.sc2campaign/enus.sc2assets/LocalizedData/Sounds/ProtossVO/CampaignUnits/Karass/Karass_Attack03.ogg,200
unit,karass,death,Karass_Death00.wav,TMG_CANDIDATES/campaigns/liberty.sc2campaign/enus.sc2assets/LocalizedData/Sounds/ProtossVO/CampaignUnits/Karass/Karass_Death00.wav,200
unit,drone,deploy_move,Drone_Yes0.ogg,TMG_CANDIDATES/mods/liberty.sc2mod/base.sc2assets/Assets/Sounds/Zerg/Drone/Drone_Yes0.ogg,155
unit,drone,deploy_move,Drone_Yes1.ogg,TMG_CANDIDATES/mods/liberty.sc2mod/base.sc2assets/Assets/Sounds/Zerg/Drone/Drone_Yes1.ogg,155
unit,drone,deploy_move,Drone_Yes2.ogg,TMG_CANDIDATES/mods/liberty.sc2mod/base.sc2assets/Assets/Sounds/Zerg/Drone/Drone_Yes2.ogg,155
unit,drone,deploy_move,Drone_Yes3.ogg,TMG_CANDIDATES/mods/liberty.sc2mod/base.sc2assets/Assets/Sounds/Zerg/Drone/Drone_Yes3.ogg,155
unit,drone,deploy_move,Drone_Yes4.ogg,TMG_CANDIDATES/mods/liberty.sc2mod/base.sc2assets/Assets/Sounds/Zerg/Drone/Drone_Yes4.ogg,155
unit,drone,deploy_move,Drone_Yes5.ogg,TMG_CANDIDATES/mods/liberty.sc2mod/base.sc2assets/Assets/Sounds/Zerg/Drone/Drone_Yes5.ogg,155
unit,drone,deploy_move,Drone_Yes6.ogg,TMG_CANDIDATES/mods/liberty.sc2mod/base.sc2assets/Assets/Sounds/Zerg/Drone/Drone_Yes6.ogg,155
unit,drone,deploy_move,Drone_Yes7.ogg,TMG_CANDIDATES/mods/liberty.sc2mod/base.sc2assets/Assets/Sounds/Zerg/Drone/Drone_Yes7.ogg,155
unit,drone,deploy_move,Drone_Yes8.ogg,TMG_CANDIDATES/mods/liberty.sc2mod/base.sc2assets/Assets/Sounds/Zerg/Drone/Drone_Yes8.ogg,155
unit,drone,deploy_move,Drone_Yes9.ogg,TMG_CANDIDATES/mods/liberty.sc2mod/base.sc2assets/Assets/Sounds/Zerg/Drone/Drone_Yes9.ogg,155
unit,drone,attack,Drone_Attack3.ogg,TMG_CANDIDATES/mods/liberty.sc2mod/base.sc2assets/Assets/Sounds/Zerg/Drone/Drone_Attack3.ogg,155
unit,drone,attack,Drone_Attack4.ogg,TMG_CANDIDATES/mods/liberty.sc2mod/base.sc2assets/Assets/Sounds/Zerg/Drone/Drone_Attack4.ogg,155
unit,drone,attack,Drone_Attack5.ogg,TMG_CANDIDATES/mods/liberty.sc2mod/base.sc2assets/Assets/Sounds/Zerg/Drone/Drone_Attack5.ogg,155
unit,drone,attack,Drone_Attack6.ogg,TMG_CANDIDATES/mods/liberty.sc2mod/base.sc2assets/Assets/Sounds/Zerg/Drone/Drone_Attack6.ogg,155
unit,drone,attack,Drone_Attack7.ogg,TMG_CANDIDATES/mods/liberty.sc2mod/base.sc2assets/Assets/Sounds/Zerg/Drone/Drone_Attack7.ogg,155
unit,drone,attack,Drone_Attack8.ogg,TMG_CANDIDATES/mods/liberty.sc2mod/base.sc2assets/Assets/Sounds/Zerg/Drone/Drone_Attack8.ogg,155
unit,drone,attack,Drone_Attack9.ogg,TMG_CANDIDATES/mods/liberty.sc2mod/base.sc2assets/Assets/Sounds/Zerg/Drone/Drone_Attack9.ogg,155
unit,drone,death,Drone_Death4.wav,TMG_CANDIDATES/mods/liberty.sc2mod/base.sc2assets/Assets/Sounds/Zerg/Drone/Drone_Death4.wav,155
unit,drone,death,Drone_Death5.wav,TMG_CANDIDATES/mods/liberty.sc2mod/base.sc2assets/Assets/Sounds/Zerg/Drone/Drone_Death5.wav,155
unit,drone,death,Drone_Death6.wav,TMG_CANDIDATES/mods/liberty.sc2mod/base.sc2assets/Assets/Sounds/Zerg/Drone/Drone_Death6.wav,155
unit,drone,death,Drone_Death7.wav,TMG_CANDIDATES/mods/liberty.sc2mod/base.sc2assets/Assets/Sounds/Zerg/Drone/Drone_Death7.wav,155
unit,zergling,deploy_move,Zergling_Ready0.ogg,TMG_CANDIDATES/mods/liberty.sc2mod/base.sc2assets/Assets/Sounds/Zerg/Zergling/Zergling_Ready0.ogg,155
unit,zergling,deploy_move,Zergling_Ready1.ogg,TMG_CANDIDATES/mods/liberty.sc2mod/base.sc2assets/Assets/Sounds/Zerg/Zergling/Zergling_Ready1.ogg,155
unit,zergling,deploy_move,Zergling_Ready2.ogg,TMG_CANDIDATES/mods/liberty.sc2mod/base.sc2assets/Assets/Sounds/Zerg/Zergling/Zergling_Ready2.ogg,155
unit,zergling,deploy_move,Zergling_What0.ogg,TMG_CANDIDATES/mods/liberty.sc2mod/base.sc2assets/Assets/Sounds/Zerg/Zergling/Zergling_What0.ogg,155
unit,zergling,deploy_move,Zergling_What1.ogg,TMG_CANDIDATES/mods/liberty.sc2mod/base.sc2assets/Assets/Sounds/Zerg/Zergling/Zergling_What1.ogg,155
unit,zergling,deploy_move,Zergling_What2.ogg,TMG_CANDIDATES/mods/liberty.sc2mod/base.sc2assets/Assets/Sounds/Zerg/Zergling/Zergling_What2.ogg,155
unit,zergling,deploy_move,Zergling_What3.ogg,TMG_CANDIDATES/mods/liberty.sc2mod/base.sc2assets/Assets/Sounds/Zerg/Zergling/Zergling_What3.ogg,155
unit,zergling,deploy_move,Zergling_What4.ogg,TMG_CANDIDATES/mods/liberty.sc2mod/base.sc2assets/Assets/Sounds/Zerg/Zergling/Zergling_What4.ogg,155
unit,zergling,deploy_move,Zergling_What5.ogg,TMG_CANDIDATES/mods/liberty.sc2mod/base.sc2assets/Assets/Sounds/Zerg/Zergling/Zergling_What5.ogg,155
unit,zergling,deploy_move,Zergling_Yes0.ogg,TMG_CANDIDATES/mods/liberty.sc2mod/base.sc2assets/Assets/Sounds/Zerg/Zergling/Zergling_Yes0.ogg,155
unit,zergling,deploy_move,Zergling_Yes1.ogg,TMG_CANDIDATES/mods/liberty.sc2mod/base.sc2assets/Assets/Sounds/Zerg/Zergling/Zergling_Yes1.ogg,155
unit,zergling,deploy_move,Zergling_Yes2.ogg,TMG_CANDIDATES/mods/liberty.sc2mod/base.sc2assets/Assets/Sounds/Zerg/Zergling/Zergling_Yes2.ogg,155
unit,zergling,deploy_move,Zergling_Yes3.ogg,TMG_CANDIDATES/mods/liberty.sc2mod/base.sc2assets/Assets/Sounds/Zerg/Zergling/Zergling_Yes3.ogg,155
unit,zergling,deploy_move,Zergling_Yes4.ogg,TMG_CANDIDATES/mods/liberty.sc2mod/base.sc2assets/Assets/Sounds/Zerg/Zergling/Zergling_Yes4.ogg,155
unit,zergling,deploy_move,Zergling_Yes5.ogg,TMG_CANDIDATES/mods/liberty.sc2mod/base.sc2assets/Assets/Sounds/Zerg/Zergling/Zergling_Yes5.ogg,155
unit,zergling,deploy_move,Zergling_Yes6.ogg,TMG_CANDIDATES/mods/liberty.sc2mod/base.sc2assets/Assets/Sounds/Zerg/Zergling/Zergling_Yes6.ogg,155
unit,zergling,attack,Zergling_Attack0.ogg,TMG_CANDIDATES/mods/liberty.sc2mod/base.sc2assets/Assets/Sounds/Zerg/Zergling/Zergling_Attack0.ogg,155
unit,zergling,attack,Zergling_Attack1.ogg,TMG_CANDIDATES/mods/liberty.sc2mod/base.sc2assets/Assets/Sounds/Zerg/Zergling/Zergling_Attack1.ogg,155
unit,zergling,attack,Zergling_Attack2.ogg,TMG_CANDIDATES/mods/liberty.sc2mod/base.sc2assets/Assets/Sounds/Zerg/Zergling/Zergling_Attack2.ogg,155
unit,zergling,attack,Zergling_Attack3.ogg,TMG_CANDIDATES/mods/liberty.sc2mod/base.sc2assets/Assets/Sounds/Zerg/Zergling/Zergling_Attack3.ogg,155
unit,zergling,attack,Zergling_Attack4.ogg,TMG_CANDIDATES/mods/liberty.sc2mod/base.sc2assets/Assets/Sounds/Zerg/Zergling/Zergling_Attack4.ogg,155
unit,zergling,death,Zergling_Death0.wav,TMG_CANDIDATES/mods/liberty.sc2mod/base.sc2assets/Assets/Sounds/Zerg/Zergling/Zergling_Death0.wav,155
unit,zergling,death,Zergling_Death1.wav,TMG_CANDIDATES/mods/liberty.sc2mod/base.sc2assets/Assets/Sounds/Zerg/Zergling/Zergling_Death1.wav,155
unit,zergling,death,Zergling_Death2.wav,TMG_CANDIDATES/mods/liberty.sc2mod/base.sc2assets/Assets/Sounds/Zerg/Zergling/Zergling_Death2.wav,155
unit,zergling,death,Zergling_Death3.wav,TMG_CANDIDATES/mods/liberty.sc2mod/base.sc2assets/Assets/Sounds/Zerg/Zergling/Zergling_Death3.wav,155
unit,zergling,death,Zergling_Death4.wav,TMG_CANDIDATES/mods/liberty.sc2mod/base.sc2assets/Assets/Sounds/Zerg/Zergling/Zergling_Death4.wav,155
unit,baneling,deploy_move,Baneling_Yes0.ogg,TMG_CANDIDATES/mods/liberty.sc2mod/base.sc2assets/Assets/Sounds/Zerg/Baneling/Baneling_Yes0.ogg,155
unit,baneling,deploy_move,Baneling_Yes1.ogg,TMG_CANDIDATES/mods/liberty.sc2mod/base.sc2assets/Assets/Sounds/Zerg/Baneling/Baneling_Yes1.ogg,155
unit,baneling,deploy_move,Baneling_Yes2.ogg,TMG_CANDIDATES/mods/liberty.sc2mod/base.sc2assets/Assets/Sounds/Zerg/Baneling/Baneling_Yes2.ogg,155
unit,baneling,deploy_move,Baneling_Yes3.ogg,TMG_CANDIDATES/mods/liberty.sc2mod/base.sc2assets/Assets/Sounds/Zerg/Baneling/Baneling_Yes3.ogg,155
unit,baneling,deploy_move,Baneling_Yes4.ogg,TMG_CANDIDATES/mods/liberty.sc2mod/base.sc2assets/Assets/Sounds/Zerg/Baneling/Baneling_Yes4.ogg,155
unit,baneling,deploy_move,Baneling_Yes5.ogg,TMG_CANDIDATES/mods/liberty.sc2mod/base.sc2assets/Assets/Sounds/Zerg/Baneling/Baneling_Yes5.ogg,155
unit,baneling,deploy_move,Baneling_Yes6.ogg,TMG_CANDIDATES/mods/liberty.sc2mod/base.sc2assets/Assets/Sounds/Zerg/Baneling/Baneling_Yes6.ogg,155
unit,baneling,deploy_move,Baneling_Yes7.ogg,TMG_CANDIDATES/mods/liberty.sc2mod/base.sc2assets/Assets/Sounds/Zerg/Baneling/Baneling_Yes7.ogg,155
unit,baneling,deploy_move,Baneling_Yes8.ogg,TMG_CANDIDATES/mods/liberty.sc2mod/base.sc2assets/Assets/Sounds/Zerg/Baneling/Baneling_Yes8.ogg,155
unit,baneling,deploy_move,Baneling_Yes9.ogg,TMG_CANDIDATES/mods/liberty.sc2mod/base.sc2assets/Assets/Sounds/Zerg/Baneling/Baneling_Yes9.ogg,155
unit,baneling,attack,Baneling_Attack3.ogg,TMG_CANDIDATES/mods/liberty.sc2mod/base.sc2assets/Assets/Sounds/Zerg/Baneling/Baneling_Attack3.ogg,155
unit,baneling,attack,Baneling_Attack4.ogg,TMG_CANDIDATES/mods/liberty.sc2mod/base.sc2assets/Assets/Sounds/Zerg/Baneling/Baneling_Attack4.ogg,155
unit,baneling,attack,Baneling_Attack5.ogg,TMG_CANDIDATES/mods/liberty.sc2mod/base.sc2assets/Assets/Sounds/Zerg/Baneling/Baneling_Attack5.ogg,155
unit,baneling,attack,Baneling_Attack6.ogg,TMG_CANDIDATES/mods/liberty.sc2mod/base.sc2assets/Assets/Sounds/Zerg/Baneling/Baneling_Attack6.ogg,155
unit,baneling,attack,Baneling_Attack7.ogg,TMG_CANDIDATES/mods/liberty.sc2mod/base.sc2assets/Assets/Sounds/Zerg/Baneling/Baneling_Attack7.ogg,155
unit,baneling,attack,Baneling_Attack8.ogg,TMG_CANDIDATES/mods/liberty.sc2mod/base.sc2assets/Assets/Sounds/Zerg/Baneling/Baneling_Attack8.ogg,155
unit,baneling,attack,Baneling_Attack9.ogg,TMG_CANDIDATES/mods/liberty.sc2mod/base.sc2assets/Assets/Sounds/Zerg/Baneling/Baneling_Attack9.ogg,155
unit,baneling,death,Baneling_Death6.wav,TMG_CANDIDATES/mods/liberty.sc2mod/base.sc2assets/Assets/Sounds/Zerg/Baneling/Baneling_Death6.wav,155
unit,baneling,death,Baneling_Death7.wav,TMG_CANDIDATES/mods/liberty.sc2mod/base.sc2assets/Assets/Sounds/Zerg/Baneling/Baneling_Death7.wav,155
unit,baneling,death,Baneling_Death8.wav,TMG_CANDIDATES/mods/liberty.sc2mod/base.sc2assets/Assets/Sounds/Zerg/Baneling/Baneling_Death8.wav,155
unit,baneling,death,Baneling_Death9.wav,TMG_CANDIDATES/mods/liberty.sc2mod/base.sc2assets/Assets/Sounds/Zerg/Baneling/Baneling_Death9.wav,155
unit,roach,deploy_move,Roach_Ready0.ogg,TMG_CANDIDATES/mods/liberty.sc2mod/base.sc2assets/Assets/Sounds/Zerg/Roach/Roach_Ready0.ogg,155
unit,roach,deploy_move,Roach_Ready1.ogg,TMG_CANDIDATES/mods/liberty.sc2mod/base.sc2assets/Assets/Sounds/Zerg/Roach/Roach_Ready1.ogg,155
unit,roach,deploy_move,Roach_Ready2.ogg,TMG_CANDIDATES/mods/liberty.sc2mod/base.sc2assets/Assets/Sounds/Zerg/Roach/Roach_Ready2.ogg,155
unit,roach,deploy_move,Roach_What0.ogg,TMG_CANDIDATES/mods/liberty.sc2mod/base.sc2assets/Assets/Sounds/Zerg/Roach/Roach_What0.ogg,155
unit,roach,deploy_move,Roach_What1.ogg,TMG_CANDIDATES/mods/liberty.sc2mod/base.sc2assets/Assets/Sounds/Zerg/Roach/Roach_What1.ogg,155
unit,roach,deploy_move,Roach_What2.ogg,TMG_CANDIDATES/mods/liberty.sc2mod/base.sc2assets/Assets/Sounds/Zerg/Roach/Roach_What2.ogg,155
unit,roach,deploy_move,Roach_What3.ogg,TMG_CANDIDATES/mods/liberty.sc2mod/base.sc2assets/Assets/Sounds/Zerg/Roach/Roach_What3.ogg,155
unit,roach,deploy_move,Roach_What4.ogg,TMG_CANDIDATES/mods/liberty.sc2mod/base.sc2assets/Assets/Sounds/Zerg/Roach/Roach_What4.ogg,155
unit,roach,deploy_move,Roach_What5.ogg,TMG_CANDIDATES/mods/liberty.sc2mod/base.sc2assets/Assets/Sounds/Zerg/Roach/Roach_What5.ogg,155
unit,roach,deploy_move,Roach_Yes0.ogg,TMG_CANDIDATES/mods/liberty.sc2mod/base.sc2assets/Assets/Sounds/Zerg/Roach/Roach_Yes0.ogg,155
unit,roach,deploy_move,Roach_Yes1.ogg,TMG_CANDIDATES/mods/liberty.sc2mod/base.sc2assets/Assets/Sounds/Zerg/Roach/Roach_Yes1.ogg,155
unit,roach,deploy_move,Roach_Yes2.ogg,TMG_CANDIDATES/mods/liberty.sc2mod/base.sc2assets/Assets/Sounds/Zerg/Roach/Roach_Yes2.ogg,155
unit,roach,deploy_move,Roach_Yes3.ogg,TMG_CANDIDATES/mods/liberty.sc2mod/base.sc2assets/Assets/Sounds/Zerg/Roach/Roach_Yes3.ogg,155
unit,roach,deploy_move,Roach_Yes4.ogg,TMG_CANDIDATES/mods/liberty.sc2mod/base.sc2assets/Assets/Sounds/Zerg/Roach/Roach_Yes4.ogg,155
unit,roach,attack,Roach_Attack0.ogg,TMG_CANDIDATES/mods/liberty.sc2mod/base.sc2assets/Assets/Sounds/Zerg/Roach/Roach_Attack0.ogg,155
unit,roach,attack,Roach_Attack1.ogg,TMG_CANDIDATES/mods/liberty.sc2mod/base.sc2assets/Assets/Sounds/Zerg/Roach/Roach_Attack1.ogg,155
unit,roach,attack,Roach_Attack2.ogg,TMG_CANDIDATES/mods/liberty.sc2mod/base.sc2assets/Assets/Sounds/Zerg/Roach/Roach_Attack2.ogg,155
unit,roach,attack,Roach_Attack3.ogg,TMG_CANDIDATES/mods/liberty.sc2mod/base.sc2assets/Assets/Sounds/Zerg/Roach/Roach_Attack3.ogg,155
unit,roach,death,Roach_Death0.wav,TMG_CANDIDATES/mods/liberty.sc2mod/base.sc2assets/Assets/Sounds/Zerg/Roach/Roach_Death0.wav,155
unit,roach,death,Roach_Death1.wav,TMG_CANDIDATES/mods/liberty.sc2mod/base.sc2assets/Assets/Sounds/Zerg/Roach/Roach_Death1.wav,155
unit,roach,death,Roach_Death2.wav,TMG_CANDIDATES/mods/liberty.sc2mod/base.sc2assets/Assets/Sounds/Zerg/Roach/Roach_Death2.wav,155
unit,roach,death,Roach_Death3.wav,TMG_CANDIDATES/mods/liberty.sc2mod/base.sc2assets/Assets/Sounds/Zerg/Roach/Roach_Death3.wav,155
unit,ravager,deploy_move,Ravager_Vox_Ok06.wav,TMG_CANDIDATES/mods/liberty.sc2mod/base.sc2assets/Assets/Sounds/Ravager_Vox_Ok06.wav,135
unit,ravager,deploy_move,Ravager_Vox_Ok07.wav,TMG_CANDIDATES/mods/liberty.sc2mod/base.sc2assets/Assets/Sounds/Ravager_Vox_Ok07.wav,135
unit,ravager,deploy_move,Ravager_Vox_Ok08.wav,TMG_CANDIDATES/mods/liberty.sc2mod/base.sc2assets/Assets/Sounds/Ravager_Vox_Ok08.wav,135
unit,ravager,deploy_move,Ravager_Vox_Ready01.ogg,TMG_CANDIDATES/mods/liberty.sc2mod/base.sc2assets/Assets/Sounds/Ravager_Vox_Ready01.ogg,135
unit,ravager,deploy_move,Ravager_Vox_Ready02.ogg,TMG_CANDIDATES/mods/liberty.sc2mod/base.sc2assets/Assets/Sounds/Ravager_Vox_Ready02.ogg,135
unit,ravager,deploy_move,Ravager_Vox_Ready03.ogg,TMG_CANDIDATES/mods/liberty.sc2mod/base.sc2assets/Assets/Sounds/Ravager_Vox_Ready03.ogg,135
unit,ravager,deploy_move,Ravager_Vox_Ready04.ogg,TMG_CANDIDATES/mods/liberty.sc2mod/base.sc2assets/Assets/Sounds/Ravager_Vox_Ready04.ogg,135
unit,ravager,deploy_move,Ravager_Vox_Ready05.ogg,TMG_CANDIDATES/mods/liberty.sc2mod/base.sc2assets/Assets/Sounds/Ravager_Vox_Ready05.ogg,135
unit,ravager,deploy_move,Ravager_Vox_Ready06.ogg,TMG_CANDIDATES/mods/liberty.sc2mod/base.sc2assets/Assets/Sounds/Ravager_Vox_Ready06.ogg,135
unit,ravager,deploy_move,Ravager_Vox_What01.ogg,TMG_CANDIDATES/mods/liberty.sc2mod/base.sc2assets/Assets/Sounds/Ravager_Vox_What01.ogg,135
unit,ravager,deploy_move,Ravager_Vox_What02.ogg,TMG_CANDIDATES/mods/liberty.sc2mod/base.sc2assets/Assets/Sounds/Ravager_Vox_What02.ogg,135
unit,ravager,deploy_move,Ravager_Vox_What03.ogg,TMG_CANDIDATES/mods/liberty.sc2mod/base.sc2assets/Assets/Sounds/Ravager_Vox_What03.ogg,135
unit,ravager,deploy_move,Ravager_Vox_What04.ogg,TMG_CANDIDATES/mods/liberty.sc2mod/base.sc2assets/Assets/Sounds/Ravager_Vox_What04.ogg,135
unit,ravager,deploy_move,Ravager_Vox_What05.ogg,TMG_CANDIDATES/mods/liberty.sc2mod/base.sc2assets/Assets/Sounds/Ravager_Vox_What05.ogg,135
unit,ravager,deploy_move,Ravager_Vox_What06.ogg,TMG_CANDIDATES/mods/liberty.sc2mod/base.sc2assets/Assets/Sounds/Ravager_Vox_What06.ogg,135
unit,ravager,deploy_move,Ravager_Vox_What07.ogg,TMG_CANDIDATES/mods/liberty.sc2mod/base.sc2assets/Assets/Sounds/Ravager_Vox_What07.ogg,135
unit,ravager,attack,Ravager_Vox_Attack01.ogg,TMG_CANDIDATES/mods/liberty.sc2mod/base.sc2assets/Assets/Sounds/Ravager_Vox_Attack01.ogg,135
unit,ravager,attack,Ravager_Vox_Attack02.ogg,TMG_CANDIDATES/mods/liberty.sc2mod/base.sc2assets/Assets/Sounds/Ravager_Vox_Attack02.ogg,135
unit,ravager,attack,Ravager_Vox_Attack03.ogg,TMG_CANDIDATES/mods/liberty.sc2mod/base.sc2assets/Assets/Sounds/Ravager_Vox_Attack03.ogg,135
unit,ravager,attack,Ravager_Vox_Attack04.ogg,TMG_CANDIDATES/mods/liberty.sc2mod/base.sc2assets/Assets/Sounds/Ravager_Vox_Attack04.ogg,135
unit,ravager,attack,Ravager_Vox_Attack05.ogg,TMG_CANDIDATES/mods/liberty.sc2mod/base.sc2assets/Assets/Sounds/Ravager_Vox_Attack05.ogg,135
unit,ravager,attack,Ravager_Vox_Attack06.ogg,TMG_CANDIDATES/mods/liberty.sc2mod/base.sc2assets/Assets/Sounds/Ravager_Vox_Attack06.ogg,135
unit,ravager,attack,Ravager_Vox_Attack07.ogg,TMG_CANDIDATES/mods/liberty.sc2mod/base.sc2assets/Assets/Sounds/Ravager_Vox_Attack07.ogg,135
unit,ravager,attack,Ravager_Vox_Attack08.ogg,TMG_CANDIDATES/mods/liberty.sc2mod/base.sc2assets/Assets/Sounds/Ravager_Vox_Attack08.ogg,135
unit,ravager,attack,Ravager_Vox_Attack09.ogg,TMG_CANDIDATES/mods/liberty.sc2mod/base.sc2assets/Assets/Sounds/Ravager_Vox_Attack09.ogg,135
unit,ravager,death,Ravager_Vox_Death02.wav,TMG_CANDIDATES/mods/liberty.sc2mod/base.sc2assets/Assets/Sounds/Ravager_Vox_Death02.wav,135
unit,ravager,death,Ravager_Vox_Death03.wav,TMG_CANDIDATES/mods/liberty.sc2mod/base.sc2assets/Assets/Sounds/Ravager_Vox_Death03.wav,135
unit,ravager,death,Ravager_Vox_Death04.wav,TMG_CANDIDATES/mods/liberty.sc2mod/base.sc2assets/Assets/Sounds/Ravager_Vox_Death04.wav,135
unit,ravager,death,Ravager_Vox_Death05.wav,TMG_CANDIDATES/mods/liberty.sc2mod/base.sc2assets/Assets/Sounds/Ravager_Vox_Death05.wav,135
unit,ravager,death,Ravager_Vox_Death06.wav,TMG_CANDIDATES/mods/liberty.sc2mod/base.sc2assets/Assets/Sounds/Ravager_Vox_Death06.wav,135
unit,ravager,death,Ravager_Vox_Death07.wav,TMG_CANDIDATES/mods/liberty.sc2mod/base.sc2assets/Assets/Sounds/Ravager_Vox_Death07.wav,135
unit,hydralisk,deploy_move,Hydralisk_Ready2.ogg,TMG_CANDIDATES/mods/liberty.sc2mod/base.sc2assets/Assets/Sounds/Zerg/Hydralisk/Hydralisk_Ready2.ogg,155
unit,hydralisk,deploy_move,Hydralisk_Ready3.ogg,TMG_CANDIDATES/mods/liberty.sc2mod/base.sc2assets/Assets/Sounds/Zerg/Hydralisk/Hydralisk_Ready3.ogg,155
unit,hydralisk,deploy_move,Hydralisk_What0.ogg,TMG_CANDIDATES/mods/liberty.sc2mod/base.sc2assets/Assets/Sounds/Zerg/Hydralisk/Hydralisk_What0.ogg,155
unit,hydralisk,deploy_move,Hydralisk_What1.ogg,TMG_CANDIDATES/mods/liberty.sc2mod/base.sc2assets/Assets/Sounds/Zerg/Hydralisk/Hydralisk_What1.ogg,155
unit,hydralisk,deploy_move,Hydralisk_What2.ogg,TMG_CANDIDATES/mods/liberty.sc2mod/base.sc2assets/Assets/Sounds/Zerg/Hydralisk/Hydralisk_What2.ogg,155
unit,hydralisk,deploy_move,Hydralisk_What3.ogg,TMG_CANDIDATES/mods/liberty.sc2mod/base.sc2assets/Assets/Sounds/Zerg/Hydralisk/Hydralisk_What3.ogg,155
unit,hydralisk,deploy_move,Hydralisk_What4.ogg,TMG_CANDIDATES/mods/liberty.sc2mod/base.sc2assets/Assets/Sounds/Zerg/Hydralisk/Hydralisk_What4.ogg,155
unit,hydralisk,deploy_move,Hydralisk_What5.ogg,TMG_CANDIDATES/mods/liberty.sc2mod/base.sc2assets/Assets/Sounds/Zerg/Hydralisk/Hydralisk_What5.ogg,155
unit,hydralisk,deploy_move,Hydralisk_Yes0.ogg,TMG_CANDIDATES/mods/liberty.sc2mod/base.sc2assets/Assets/Sounds/Zerg/Hydralisk/Hydralisk_Yes0.ogg,155
unit,hydralisk,deploy_move,Hydralisk_Yes1.ogg,TMG_CANDIDATES/mods/liberty.sc2mod/base.sc2assets/Assets/Sounds/Zerg/Hydralisk/Hydralisk_Yes1.ogg,155
unit,hydralisk,deploy_move,Hydralisk_Yes2.ogg,TMG_CANDIDATES/mods/liberty.sc2mod/base.sc2assets/Assets/Sounds/Zerg/Hydralisk/Hydralisk_Yes2.ogg,155
unit,hydralisk,deploy_move,Hydralisk_Yes3.ogg,TMG_CANDIDATES/mods/liberty.sc2mod/base.sc2assets/Assets/Sounds/Zerg/Hydralisk/Hydralisk_Yes3.ogg,155
unit,hydralisk,deploy_move,Hydralisk_Yes4.ogg,TMG_CANDIDATES/mods/liberty.sc2mod/base.sc2assets/Assets/Sounds/Zerg/Hydralisk/Hydralisk_Yes4.ogg,155
unit,hydralisk,deploy_move,Hydralisk_Yes5.ogg,TMG_CANDIDATES/mods/liberty.sc2mod/base.sc2assets/Assets/Sounds/Zerg/Hydralisk/Hydralisk_Yes5.ogg,155
unit,hydralisk,deploy_move,Hydralisk_Yes6.ogg,TMG_CANDIDATES/mods/liberty.sc2mod/base.sc2assets/Assets/Sounds/Zerg/Hydralisk/Hydralisk_Yes6.ogg,155
unit,hydralisk,deploy_move,Hydralisk_Yes7.ogg,TMG_CANDIDATES/mods/liberty.sc2mod/base.sc2assets/Assets/Sounds/Zerg/Hydralisk/Hydralisk_Yes7.ogg,155
unit,hydralisk,attack,Hydralisk_Attack0.ogg,TMG_CANDIDATES/mods/liberty.sc2mod/base.sc2assets/Assets/Sounds/Zerg/Hydralisk/Hydralisk_Attack0.ogg,155
unit,hydralisk,attack,Hydralisk_Attack1.ogg,TMG_CANDIDATES/mods/liberty.sc2mod/base.sc2assets/Assets/Sounds/Zerg/Hydralisk/Hydralisk_Attack1.ogg,155
unit,hydralisk,attack,Hydralisk_Attack2.ogg,TMG_CANDIDATES/mods/liberty.sc2mod/base.sc2assets/Assets/Sounds/Zerg/Hydralisk/Hydralisk_Attack2.ogg,155
unit,hydralisk,attack,Hydralisk_Attack3.ogg,TMG_CANDIDATES/mods/liberty.sc2mod/base.sc2assets/Assets/Sounds/Zerg/Hydralisk/Hydralisk_Attack3.ogg,155
unit,hydralisk,attack,Hydralisk_Attack4.ogg,TMG_CANDIDATES/mods/liberty.sc2mod/base.sc2assets/Assets/Sounds/Zerg/Hydralisk/Hydralisk_Attack4.ogg,155
unit,hydralisk,attack,Hydralisk_Attack5.ogg,TMG_CANDIDATES/mods/liberty.sc2mod/base.sc2assets/Assets/Sounds/Zerg/Hydralisk/Hydralisk_Attack5.ogg,155
unit,hydralisk,death,Hydralisk_Death0.wav,TMG_CANDIDATES/mods/liberty.sc2mod/base.sc2assets/Assets/Sounds/Zerg/Hydralisk/Hydralisk_Death0.wav,155
unit,hydralisk,death,Hydralisk_Death1.wav,TMG_CANDIDATES/mods/liberty.sc2mod/base.sc2assets/Assets/Sounds/Zerg/Hydralisk/Hydralisk_Death1.wav,155
unit,hydralisk,death,Hydralisk_Death2.wav,TMG_CANDIDATES/mods/liberty.sc2mod/base.sc2assets/Assets/Sounds/Zerg/Hydralisk/Hydralisk_Death2.wav,155
unit,hydralisk,death,Hydralisk_Death3.wav,TMG_CANDIDATES/mods/liberty.sc2mod/base.sc2assets/Assets/Sounds/Zerg/Hydralisk/Hydralisk_Death3.wav,155
unit,hydralisk,death,Hydralisk_Death4.wav,TMG_CANDIDATES/mods/liberty.sc2mod/base.sc2assets/Assets/Sounds/Zerg/Hydralisk/Hydralisk_Death4.wav,155
unit,hydralisk,death,Hydralisk_Death5.wav,TMG_CANDIDATES/mods/liberty.sc2mod/base.sc2assets/Assets/Sounds/Zerg/Hydralisk/Hydralisk_Death5.wav,155
unit,lurker,deploy_move,Lurker_What8.ogg,TMG_CANDIDATES/mods/liberty.sc2mod/base.sc2assets/Assets/Sounds/Zerg/Lurker/Lurker_What8.ogg,155
unit,lurker,deploy_move,Lurker_Yes0.ogg,TMG_CANDIDATES/mods/liberty.sc2mod/base.sc2assets/Assets/Sounds/Zerg/Lurker/Lurker_Yes0.ogg,155
unit,lurker,deploy_move,Lurker_Yes1.ogg,TMG_CANDIDATES/mods/liberty.sc2mod/base.sc2assets/Assets/Sounds/Zerg/Lurker/Lurker_Yes1.ogg,155
unit,lurker,deploy_move,Lurker_Yes2.ogg,TMG_CANDIDATES/mods/liberty.sc2mod/base.sc2assets/Assets/Sounds/Zerg/Lurker/Lurker_Yes2.ogg,155
unit,lurker,deploy_move,Lurker_Yes3.ogg,TMG_CANDIDATES/mods/liberty.sc2mod/base.sc2assets/Assets/Sounds/Zerg/Lurker/Lurker_Yes3.ogg,155
unit,lurker,deploy_move,Lurker_Yes4.ogg,TMG_CANDIDATES/mods/liberty.sc2mod/base.sc2assets/Assets/Sounds/Zerg/Lurker/Lurker_Yes4.ogg,155
unit,lurker,deploy_move,Lurker_Yes5.ogg,TMG_CANDIDATES/mods/liberty.sc2mod/base.sc2assets/Assets/Sounds/Zerg/Lurker/Lurker_Yes5.ogg,155
unit,lurker,deploy_move,Lurker_Yes6.ogg,TMG_CANDIDATES/mods/liberty.sc2mod/base.sc2assets/Assets/Sounds/Zerg/Lurker/Lurker_Yes6.ogg,155
unit,lurker,deploy_move,Lurker_Yes7.ogg,TMG_CANDIDATES/mods/liberty.sc2mod/base.sc2assets/Assets/Sounds/Zerg/Lurker/Lurker_Yes7.ogg,155
unit,lurker,deploy_move,Lurker_Yes8.ogg,TMG_CANDIDATES/mods/liberty.sc2mod/base.sc2assets/Assets/Sounds/Zerg/Lurker/Lurker_Yes8.ogg,155
unit,lurker,attack,Lurker_Attack3.ogg,TMG_CANDIDATES/mods/liberty.sc2mod/base.sc2assets/Assets/Sounds/Zerg/Lurker/Lurker_Attack3.ogg,155
unit,lurker,attack,Lurker_Attack4.ogg,TMG_CANDIDATES/mods/liberty.sc2mod/base.sc2assets/Assets/Sounds/Zerg/Lurker/Lurker_Attack4.ogg,155
unit,lurker,attack,Lurker_Attack5.ogg,TMG_CANDIDATES/mods/liberty.sc2mod/base.sc2assets/Assets/Sounds/Zerg/Lurker/Lurker_Attack5.ogg,155
unit,lurker,attack,Lurker_Attack6.ogg,TMG_CANDIDATES/mods/liberty.sc2mod/base.sc2assets/Assets/Sounds/Zerg/Lurker/Lurker_Attack6.ogg,155
unit,lurker,attack,Lurker_Attack7.ogg,TMG_CANDIDATES/mods/liberty.sc2mod/base.sc2assets/Assets/Sounds/Zerg/Lurker/Lurker_Attack7.ogg,155
unit,lurker,attack,Lurker_Attack8.ogg,TMG_CANDIDATES/mods/liberty.sc2mod/base.sc2assets/Assets/Sounds/Zerg/Lurker/Lurker_Attack8.ogg,155
unit,lurker,attack,Lurker_Attack9.ogg,TMG_CANDIDATES/mods/liberty.sc2mod/base.sc2assets/Assets/Sounds/Zerg/Lurker/Lurker_Attack9.ogg,155
unit,lurker,death,Lurker_Death2.wav,TMG_CANDIDATES/mods/liberty.sc2mod/base.sc2assets/Assets/Sounds/Zerg/Lurker/Lurker_Death2.wav,155
unit,lurker,death,Lurker_Death3.wav,TMG_CANDIDATES/mods/liberty.sc2mod/base.sc2assets/Assets/Sounds/Zerg/Lurker/Lurker_Death3.wav,155
unit,lurker,death,Lurker_Death4.wav,TMG_CANDIDATES/mods/liberty.sc2mod/base.sc2assets/Assets/Sounds/Zerg/Lurker/Lurker_Death4.wav,155
unit,lurker,death,Lurker_Death5.wav,TMG_CANDIDATES/mods/liberty.sc2mod/base.sc2assets/Assets/Sounds/Zerg/Lurker/Lurker_Death5.wav,155
unit,infestor,deploy_move,Infestor_What7.ogg,TMG_CANDIDATES/mods/liberty.sc2mod/base.sc2assets/Assets/Sounds/Zerg/Infestor/Infestor_What7.ogg,155
unit,infestor,deploy_move,Infestor_Yes0.ogg,TMG_CANDIDATES/mods/liberty.sc2mod/base.sc2assets/Assets/Sounds/Zerg/Infestor/Infestor_Yes0.ogg,155
unit,infestor,deploy_move,Infestor_Yes1.ogg,TMG_CANDIDATES/mods/liberty.sc2mod/base.sc2assets/Assets/Sounds/Zerg/Infestor/Infestor_Yes1.ogg,155
unit,infestor,deploy_move,Infestor_Yes2.ogg,TMG_CANDIDATES/mods/liberty.sc2mod/base.sc2assets/Assets/Sounds/Zerg/Infestor/Infestor_Yes2.ogg,155
unit,infestor,deploy_move,Infestor_Yes3.ogg,TMG_CANDIDATES/mods/liberty.sc2mod/base.sc2assets/Assets/Sounds/Zerg/Infestor/Infestor_Yes3.ogg,155
unit,infestor,deploy_move,Infestor_Yes4.ogg,TMG_CANDIDATES/mods/liberty.sc2mod/base.sc2assets/Assets/Sounds/Zerg/Infestor/Infestor_Yes4.ogg,155
unit,infestor,deploy_move,Infestor_Yes5.ogg,TMG_CANDIDATES/mods/liberty.sc2mod/base.sc2assets/Assets/Sounds/Zerg/Infestor/Infestor_Yes5.ogg,155
unit,infestor,deploy_move,Infestor_Yes6.ogg,TMG_CANDIDATES/mods/liberty.sc2mod/base.sc2assets/Assets/Sounds/Zerg/Infestor/Infestor_Yes6.ogg,155
unit,infestor,deploy_move,Infestor_Yes7.ogg,TMG_CANDIDATES/mods/liberty.sc2mod/base.sc2assets/Assets/Sounds/Zerg/Infestor/Infestor_Yes7.ogg,155
unit,infestor,deploy_move,Infestor_Yes8.ogg,TMG_CANDIDATES/mods/liberty.sc2mod/base.sc2assets/Assets/Sounds/Zerg/Infestor/Infestor_Yes8.ogg,155
unit,infestor,death,Infestor_Death1.wav,TMG_CANDIDATES/mods/liberty.sc2mod/base.sc2assets/Assets/Sounds/Zerg/Infestor/Infestor_Death1.wav,155
unit,infestor,death,Infestor_Death2.wav,TMG_CANDIDATES/mods/liberty.sc2mod/base.sc2assets/Assets/Sounds/Zerg/Infestor/Infestor_Death2.wav,155
unit,infestor,death,Infestor_Death3.wav,TMG_CANDIDATES/mods/liberty.sc2mod/base.sc2assets/Assets/Sounds/Zerg/Infestor/Infestor_Death3.wav,155
unit,infestor,death,Infestor_Death4.wav,TMG_CANDIDATES/mods/liberty.sc2mod/base.sc2assets/Assets/Sounds/Zerg/Infestor/Infestor_Death4.wav,155
unit,swarm_host,deploy_move,SwarmHost_What_09.ogg,TMG_CANDIDATES/mods/liberty.sc2mod/base.sc2assets/Assets/Sounds/SwarmHost_What_09.ogg,135
unit,swarm_host,deploy_move,SwarmHost_Yes_00.ogg,TMG_CANDIDATES/mods/liberty.sc2mod/base.sc2assets/Assets/Sounds/SwarmHost_Yes_00.ogg,135
unit,swarm_host,deploy_move,SwarmHost_Yes_01.ogg,TMG_CANDIDATES/mods/liberty.sc2mod/base.sc2assets/Assets/Sounds/SwarmHost_Yes_01.ogg,135
unit,swarm_host,deploy_move,SwarmHost_Yes_02.ogg,TMG_CANDIDATES/mods/liberty.sc2mod/base.sc2assets/Assets/Sounds/SwarmHost_Yes_02.ogg,135
unit,swarm_host,deploy_move,SwarmHost_Yes_03.ogg,TMG_CANDIDATES/mods/liberty.sc2mod/base.sc2assets/Assets/Sounds/SwarmHost_Yes_03.ogg,135
unit,swarm_host,deploy_move,SwarmHost_Yes_04.ogg,TMG_CANDIDATES/mods/liberty.sc2mod/base.sc2assets/Assets/Sounds/SwarmHost_Yes_04.ogg,135
unit,swarm_host,deploy_move,SwarmHost_Yes_05.ogg,TMG_CANDIDATES/mods/liberty.sc2mod/base.sc2assets/Assets/Sounds/SwarmHost_Yes_05.ogg,135
unit,swarm_host,deploy_move,SwarmHost_Yes_06.ogg,TMG_CANDIDATES/mods/liberty.sc2mod/base.sc2assets/Assets/Sounds/SwarmHost_Yes_06.ogg,135
unit,swarm_host,deploy_move,SwarmHost_Yes_07.ogg,TMG_CANDIDATES/mods/liberty.sc2mod/base.sc2assets/Assets/Sounds/SwarmHost_Yes_07.ogg,135
unit,swarm_host,deploy_move,SwarmHost_Yes_08.ogg,TMG_CANDIDATES/mods/liberty.sc2mod/base.sc2assets/Assets/Sounds/SwarmHost_Yes_08.ogg,135
unit,swarm_host,attack,SwarmHost_Attack_02.ogg,TMG_CANDIDATES/mods/liberty.sc2mod/base.sc2assets/Assets/Sounds/SwarmHost_Attack_02.ogg,135
unit,swarm_host,attack,SwarmHost_Attack_03.ogg,TMG_CANDIDATES/mods/liberty.sc2mod/base.sc2assets/Assets/Sounds/SwarmHost_Attack_03.ogg,135
unit,swarm_host,attack,SwarmHost_Attack_04.ogg,TMG_CANDIDATES/mods/liberty.sc2mod/base.sc2assets/Assets/Sounds/SwarmHost_Attack_04.ogg,135
unit,swarm_host,attack,SwarmHost_Attack_05.ogg,TMG_CANDIDATES/mods/liberty.sc2mod/base.sc2assets/Assets/Sounds/SwarmHost_Attack_05.ogg,135
unit,swarm_host,attack,SwarmHost_Attack_06.ogg,TMG_CANDIDATES/mods/liberty.sc2mod/base.sc2assets/Assets/Sounds/SwarmHost_Attack_06.ogg,135
unit,swarm_host,attack,SwarmHost_Attack_07.ogg,TMG_CANDIDATES/mods/liberty.sc2mod/base.sc2assets/Assets/Sounds/SwarmHost_Attack_07.ogg,135
unit,swarm_host,attack,SwarmHost_Attack_08.ogg,TMG_CANDIDATES/mods/liberty.sc2mod/base.sc2assets/Assets/Sounds/SwarmHost_Attack_08.ogg,135
unit,swarm_host,death,SwarmHost_Death_01.wav,TMG_CANDIDATES/mods/liberty.sc2mod/base.sc2assets/Assets/Sounds/SwarmHost_Death_01.wav,135
unit,swarm_host,death,SwarmHost_Death_02.wav,TMG_CANDIDATES/mods/liberty.sc2mod/base.sc2assets/Assets/Sounds/SwarmHost_Death_02.wav,135
unit,swarm_host,death,SwarmHost_Death_03.wav,TMG_CANDIDATES/mods/liberty.sc2mod/base.sc2assets/Assets/Sounds/SwarmHost_Death_03.wav,135
unit,swarm_host,death,SwarmHost_Death_04.wav,TMG_CANDIDATES/mods/liberty.sc2mod/base.sc2assets/Assets/Sounds/SwarmHost_Death_04.wav,135
unit,ultralisk,deploy_move,UltraLisk_What1.ogg,TMG_CANDIDATES/mods/liberty.sc2mod/base.sc2assets/Assets/Sounds/Zerg/Ultralisk/UltraLisk_What1.ogg,155
unit,ultralisk,deploy_move,UltraLisk_What2.ogg,TMG_CANDIDATES/mods/liberty.sc2mod/base.sc2assets/Assets/Sounds/Zerg/Ultralisk/UltraLisk_What2.ogg,155
unit,ultralisk,deploy_move,UltraLisk_What3.ogg,TMG_CANDIDATES/mods/liberty.sc2mod/base.sc2assets/Assets/Sounds/Zerg/Ultralisk/UltraLisk_What3.ogg,155
unit,ultralisk,deploy_move,UltraLisk_What4.ogg,TMG_CANDIDATES/mods/liberty.sc2mod/base.sc2assets/Assets/Sounds/Zerg/Ultralisk/UltraLisk_What4.ogg,155
unit,ultralisk,deploy_move,UltraLisk_What5.ogg,TMG_CANDIDATES/mods/liberty.sc2mod/base.sc2assets/Assets/Sounds/Zerg/Ultralisk/UltraLisk_What5.ogg,155
unit,ultralisk,deploy_move,UltraLisk_Yes0.ogg,TMG_CANDIDATES/mods/liberty.sc2mod/base.sc2assets/Assets/Sounds/Zerg/Ultralisk/UltraLisk_Yes0.ogg,155
unit,ultralisk,deploy_move,UltraLisk_Yes1.ogg,TMG_CANDIDATES/mods/liberty.sc2mod/base.sc2assets/Assets/Sounds/Zerg/Ultralisk/UltraLisk_Yes1.ogg,155
unit,ultralisk,deploy_move,UltraLisk_Yes2.ogg,TMG_CANDIDATES/mods/liberty.sc2mod/base.sc2assets/Assets/Sounds/Zerg/Ultralisk/UltraLisk_Yes2.ogg,155
unit,ultralisk,deploy_move,UltraLisk_Yes3.ogg,TMG_CANDIDATES/mods/liberty.sc2mod/base.sc2assets/Assets/Sounds/Zerg/Ultralisk/UltraLisk_Yes3.ogg,155
unit,ultralisk,deploy_move,UltraLisk_Yes4.ogg,TMG_CANDIDATES/mods/liberty.sc2mod/base.sc2assets/Assets/Sounds/Zerg/Ultralisk/UltraLisk_Yes4.ogg,155
unit,ultralisk,attack,UltraLisk_Attack0.ogg,TMG_CANDIDATES/mods/liberty.sc2mod/base.sc2assets/Assets/Sounds/Zerg/Ultralisk/UltraLisk_Attack0.ogg,155
unit,ultralisk,attack,UltraLisk_Attack1.ogg,TMG_CANDIDATES/mods/liberty.sc2mod/base.sc2assets/Assets/Sounds/Zerg/Ultralisk/UltraLisk_Attack1.ogg,155
unit,ultralisk,attack,UltraLisk_Attack2.ogg,TMG_CANDIDATES/mods/liberty.sc2mod/base.sc2assets/Assets/Sounds/Zerg/Ultralisk/UltraLisk_Attack2.ogg,155
unit,ultralisk,attack,UltraLisk_Attack3.ogg,TMG_CANDIDATES/mods/liberty.sc2mod/base.sc2assets/Assets/Sounds/Zerg/Ultralisk/UltraLisk_Attack3.ogg,155
unit,ultralisk,attack,UltraLisk_Attack4.ogg,TMG_CANDIDATES/mods/liberty.sc2mod/base.sc2assets/Assets/Sounds/Zerg/Ultralisk/UltraLisk_Attack4.ogg,155
unit,ultralisk,death,Ultralisk_Death4.wav,TMG_CANDIDATES/mods/liberty.sc2mod/base.sc2assets/Assets/Sounds/Zerg/Ultralisk/Ultralisk_Death4.wav,155
unit,ultralisk,death,Ultralisk_Death5.wav,TMG_CANDIDATES/mods/liberty.sc2mod/base.sc2assets/Assets/Sounds/Zerg/Ultralisk/Ultralisk_Death5.wav,155
unit,ultralisk,death,Ultralisk_Death6.wav,TMG_CANDIDATES/mods/liberty.sc2mod/base.sc2assets/Assets/Sounds/Zerg/Ultralisk/Ultralisk_Death6.wav,155
unit,ultralisk,death,Ultralisk_Death7.wav,TMG_CANDIDATES/mods/liberty.sc2mod/base.sc2assets/Assets/Sounds/Zerg/Ultralisk/Ultralisk_Death7.wav,155
unit,mutalisk,deploy_move,Mutalisk_Yes01.ogg,TMG_CANDIDATES/mods/liberty.sc2mod/base.sc2assets/Assets/Sounds/Zerg/Mutalisk/Mutalisk_Yes01.ogg,155
unit,mutalisk,deploy_move,Mutalisk_Yes02.ogg,TMG_CANDIDATES/mods/liberty.sc2mod/base.sc2assets/Assets/Sounds/Zerg/Mutalisk/Mutalisk_Yes02.ogg,155
unit,mutalisk,deploy_move,Mutalisk_Yes03.ogg,TMG_CANDIDATES/mods/liberty.sc2mod/base.sc2assets/Assets/Sounds/Zerg/Mutalisk/Mutalisk_Yes03.ogg,155
unit,mutalisk,deploy_move,Mutalisk_Yes04.ogg,TMG_CANDIDATES/mods/liberty.sc2mod/base.sc2assets/Assets/Sounds/Zerg/Mutalisk/Mutalisk_Yes04.ogg,155
unit,mutalisk,deploy_move,Mutalisk_Yes05.ogg,TMG_CANDIDATES/mods/liberty.sc2mod/base.sc2assets/Assets/Sounds/Zerg/Mutalisk/Mutalisk_Yes05.ogg,155
unit,mutalisk,deploy_move,Mutalisk_Yes06.ogg,TMG_CANDIDATES/mods/liberty.sc2mod/base.sc2assets/Assets/Sounds/Zerg/Mutalisk/Mutalisk_Yes06.ogg,155
unit,mutalisk,deploy_move,Mutalisk_Yes07.ogg,TMG_CANDIDATES/mods/liberty.sc2mod/base.sc2assets/Assets/Sounds/Zerg/Mutalisk/Mutalisk_Yes07.ogg,155
unit,mutalisk,deploy_move,Mutalisk_Yes08.ogg,TMG_CANDIDATES/mods/liberty.sc2mod/base.sc2assets/Assets/Sounds/Zerg/Mutalisk/Mutalisk_Yes08.ogg,155
unit,mutalisk,deploy_move,Mutalisk_Yes09.ogg,TMG_CANDIDATES/mods/liberty.sc2mod/base.sc2assets/Assets/Sounds/Zerg/Mutalisk/Mutalisk_Yes09.ogg,155
unit,mutalisk,deploy_move,Mutalisk_Yes10.ogg,TMG_CANDIDATES/mods/liberty.sc2mod/base.sc2assets/Assets/Sounds/Zerg/Mutalisk/Mutalisk_Yes10.ogg,155
unit,mutalisk,attack,Mutalisk_Attack04.ogg,TMG_CANDIDATES/mods/liberty.sc2mod/base.sc2assets/Assets/Sounds/Zerg/Mutalisk/Mutalisk_Attack04.ogg,155
unit,mutalisk,attack,Mutalisk_Attack05.ogg,TMG_CANDIDATES/mods/liberty.sc2mod/base.sc2assets/Assets/Sounds/Zerg/Mutalisk/Mutalisk_Attack05.ogg,155
unit,mutalisk,attack,Mutalisk_Attack06.ogg,TMG_CANDIDATES/mods/liberty.sc2mod/base.sc2assets/Assets/Sounds/Zerg/Mutalisk/Mutalisk_Attack06.ogg,155
unit,mutalisk,attack,Mutalisk_Attack07.ogg,TMG_CANDIDATES/mods/liberty.sc2mod/base.sc2assets/Assets/Sounds/Zerg/Mutalisk/Mutalisk_Attack07.ogg,155
unit,mutalisk,attack,Mutalisk_Attack08.ogg,TMG_CANDIDATES/mods/liberty.sc2mod/base.sc2assets/Assets/Sounds/Zerg/Mutalisk/Mutalisk_Attack08.ogg,155
unit,mutalisk,attack,Mutalisk_Attack09.ogg,TMG_CANDIDATES/mods/liberty.sc2mod/base.sc2assets/Assets/Sounds/Zerg/Mutalisk/Mutalisk_Attack09.ogg,155
unit,mutalisk,attack,Mutalisk_Attack10.ogg,TMG_CANDIDATES/mods/liberty.sc2mod/base.sc2assets/Assets/Sounds/Zerg/Mutalisk/Mutalisk_Attack10.ogg,155
unit,mutalisk,death,Mutalisk_Death0.wav,TMG_CANDIDATES/mods/liberty.sc2mod/base.sc2assets/Assets/Sounds/Zerg/Mutalisk/Mutalisk_Death0.wav,155
unit,mutalisk,death,Mutalisk_Death1.wav,TMG_CANDIDATES/mods/liberty.sc2mod/base.sc2assets/Assets/Sounds/Zerg/Mutalisk/Mutalisk_Death1.wav,155
unit,corruptor,deploy_move,Corruptor_Yes0.ogg,TMG_CANDIDATES/mods/liberty.sc2mod/base.sc2assets/Assets/Sounds/Zerg/Corruptor/Corruptor_Yes0.ogg,155
unit,corruptor,deploy_move,Corruptor_Yes1.ogg,TMG_CANDIDATES/mods/liberty.sc2mod/base.sc2assets/Assets/Sounds/Zerg/Corruptor/Corruptor_Yes1.ogg,155
unit,corruptor,deploy_move,Corruptor_Yes2.ogg,TMG_CANDIDATES/mods/liberty.sc2mod/base.sc2assets/Assets/Sounds/Zerg/Corruptor/Corruptor_Yes2.ogg,155
unit,corruptor,deploy_move,Corruptor_Yes3.ogg,TMG_CANDIDATES/mods/liberty.sc2mod/base.sc2assets/Assets/Sounds/Zerg/Corruptor/Corruptor_Yes3.ogg,155
unit,corruptor,deploy_move,Corruptor_Yes4.ogg,TMG_CANDIDATES/mods/liberty.sc2mod/base.sc2assets/Assets/Sounds/Zerg/Corruptor/Corruptor_Yes4.ogg,155
unit,corruptor,deploy_move,Corruptor_Yes5.ogg,TMG_CANDIDATES/mods/liberty.sc2mod/base.sc2assets/Assets/Sounds/Zerg/Corruptor/Corruptor_Yes5.ogg,155
unit,corruptor,deploy_move,Corruptor_Yes6.ogg,TMG_CANDIDATES/mods/liberty.sc2mod/base.sc2assets/Assets/Sounds/Zerg/Corruptor/Corruptor_Yes6.ogg,155
unit,corruptor,deploy_move,Corruptor_Yes7.ogg,TMG_CANDIDATES/mods/liberty.sc2mod/base.sc2assets/Assets/Sounds/Zerg/Corruptor/Corruptor_Yes7.ogg,155
unit,corruptor,deploy_move,Corruptor_Yes8.ogg,TMG_CANDIDATES/mods/liberty.sc2mod/base.sc2assets/Assets/Sounds/Zerg/Corruptor/Corruptor_Yes8.ogg,155
unit,corruptor,deploy_move,Corruptor_Yes9.ogg,TMG_CANDIDATES/mods/liberty.sc2mod/base.sc2assets/Assets/Sounds/Zerg/Corruptor/Corruptor_Yes9.ogg,155
unit,corruptor,attack,Corruptor_Attack0.ogg,TMG_CANDIDATES/mods/liberty.sc2mod/base.sc2assets/Assets/Sounds/Zerg/Corruptor/Corruptor_Attack0.ogg,155
unit,corruptor,attack,Corruptor_Attack1.ogg,TMG_CANDIDATES/mods/liberty.sc2mod/base.sc2assets/Assets/Sounds/Zerg/Corruptor/Corruptor_Attack1.ogg,155
unit,corruptor,attack,Corruptor_Attack2.ogg,TMG_CANDIDATES/mods/liberty.sc2mod/base.sc2assets/Assets/Sounds/Zerg/Corruptor/Corruptor_Attack2.ogg,155
unit,corruptor,attack,Corruptor_Attack3.ogg,TMG_CANDIDATES/mods/liberty.sc2mod/base.sc2assets/Assets/Sounds/Zerg/Corruptor/Corruptor_Attack3.ogg,155
unit,corruptor,attack,Corruptor_Attack4.ogg,TMG_CANDIDATES/mods/liberty.sc2mod/base.sc2assets/Assets/Sounds/Zerg/Corruptor/Corruptor_Attack4.ogg,155
unit,corruptor,attack,Corruptor_Attack5.ogg,TMG_CANDIDATES/mods/liberty.sc2mod/base.sc2assets/Assets/Sounds/Zerg/Corruptor/Corruptor_Attack5.ogg,155
unit,corruptor,death,Corruptor_Death2.wav,TMG_CANDIDATES/mods/liberty.sc2mod/base.sc2assets/Assets/Sounds/Zerg/Corruptor/Corruptor_Death2.wav,155
unit,corruptor,death,Corruptor_Death3.wav,TMG_CANDIDATES/mods/liberty.sc2mod/base.sc2assets/Assets/Sounds/Zerg/Corruptor/Corruptor_Death3.wav,155
unit,corruptor,death,Corruptor_Death4.wav,TMG_CANDIDATES/mods/liberty.sc2mod/base.sc2assets/Assets/Sounds/Zerg/Corruptor/Corruptor_Death4.wav,155
unit,corruptor,death,Corruptor_Death5.wav,TMG_CANDIDATES/mods/liberty.sc2mod/base.sc2assets/Assets/Sounds/Zerg/Corruptor/Corruptor_Death5.wav,155
unit,brood_lord,deploy_move,BroodLord_Yes0.ogg,TMG_CANDIDATES/mods/liberty.sc2mod/base.sc2assets/Assets/Sounds/Zerg/BroodLord/BroodLord_Yes0.ogg,155
unit,brood_lord,deploy_move,BroodLord_Yes1.ogg,TMG_CANDIDATES/mods/liberty.sc2mod/base.sc2assets/Assets/Sounds/Zerg/BroodLord/BroodLord_Yes1.ogg,155
unit,brood_lord,deploy_move,BroodLord_Yes2.ogg,TMG_CANDIDATES/mods/liberty.sc2mod/base.sc2assets/Assets/Sounds/Zerg/BroodLord/BroodLord_Yes2.ogg,155
unit,brood_lord,deploy_move,BroodLord_Yes3.ogg,TMG_CANDIDATES/mods/liberty.sc2mod/base.sc2assets/Assets/Sounds/Zerg/BroodLord/BroodLord_Yes3.ogg,155
unit,brood_lord,deploy_move,BroodLord_Yes4.ogg,TMG_CANDIDATES/mods/liberty.sc2mod/base.sc2assets/Assets/Sounds/Zerg/BroodLord/BroodLord_Yes4.ogg,155
unit,brood_lord,deploy_move,BroodLord_Yes5.ogg,TMG_CANDIDATES/mods/liberty.sc2mod/base.sc2assets/Assets/Sounds/Zerg/BroodLord/BroodLord_Yes5.ogg,155
unit,brood_lord,deploy_move,BroodLord_Yes6.ogg,TMG_CANDIDATES/mods/liberty.sc2mod/base.sc2assets/Assets/Sounds/Zerg/BroodLord/BroodLord_Yes6.ogg,155
unit,brood_lord,deploy_move,BroodLord_Yes7.ogg,TMG_CANDIDATES/mods/liberty.sc2mod/base.sc2assets/Assets/Sounds/Zerg/BroodLord/BroodLord_Yes7.ogg,155
unit,brood_lord,deploy_move,BroodLord_Yes8.ogg,TMG_CANDIDATES/mods/liberty.sc2mod/base.sc2assets/Assets/Sounds/Zerg/BroodLord/BroodLord_Yes8.ogg,155
unit,brood_lord,deploy_move,BroodLord_Yes9.ogg,TMG_CANDIDATES/mods/liberty.sc2mod/base.sc2assets/Assets/Sounds/Zerg/BroodLord/BroodLord_Yes9.ogg,155
unit,brood_lord,attack,BroodLord_Attack3.ogg,TMG_CANDIDATES/mods/liberty.sc2mod/base.sc2assets/Assets/Sounds/Zerg/BroodLord/BroodLord_Attack3.ogg,155
unit,brood_lord,attack,BroodLord_Attack4.ogg,TMG_CANDIDATES/mods/liberty.sc2mod/base.sc2assets/Assets/Sounds/Zerg/BroodLord/BroodLord_Attack4.ogg,155
unit,brood_lord,attack,BroodLord_Attack5.ogg,TMG_CANDIDATES/mods/liberty.sc2mod/base.sc2assets/Assets/Sounds/Zerg/BroodLord/BroodLord_Attack5.ogg,155
unit,brood_lord,attack,BroodLord_Attack6.ogg,TMG_CANDIDATES/mods/liberty.sc2mod/base.sc2assets/Assets/Sounds/Zerg/BroodLord/BroodLord_Attack6.ogg,155
unit,brood_lord,attack,BroodLord_Attack7.ogg,TMG_CANDIDATES/mods/liberty.sc2mod/base.sc2assets/Assets/Sounds/Zerg/BroodLord/BroodLord_Attack7.ogg,155
unit,brood_lord,attack,BroodLord_Attack8.ogg,TMG_CANDIDATES/mods/liberty.sc2mod/base.sc2assets/Assets/Sounds/Zerg/BroodLord/BroodLord_Attack8.ogg,155
unit,brood_lord,attack,BroodLord_Attack9.ogg,TMG_CANDIDATES/mods/liberty.sc2mod/base.sc2assets/Assets/Sounds/Zerg/BroodLord/BroodLord_Attack9.ogg,155
unit,brood_lord,death,BroodLord_Death1.wav,TMG_CANDIDATES/mods/liberty.sc2mod/base.sc2assets/Assets/Sounds/Zerg/BroodLord/BroodLord_Death1.wav,155
unit,brood_lord,death,BroodLord_Death2.wav,TMG_CANDIDATES/mods/liberty.sc2mod/base.sc2assets/Assets/Sounds/Zerg/BroodLord/BroodLord_Death2.wav,155
unit,brood_lord,death,BroodLord_Death3.wav,TMG_CANDIDATES/mods/liberty.sc2mod/base.sc2assets/Assets/Sounds/Zerg/BroodLord/BroodLord_Death3.wav,155
unit,brood_lord,death,BroodLord_Death4.wav,TMG_CANDIDATES/mods/liberty.sc2mod/base.sc2assets/Assets/Sounds/Zerg/BroodLord/BroodLord_Death4.wav,155
unit,overlord,deploy_move,Overlord_Yes0.ogg,TMG_CANDIDATES/mods/liberty.sc2mod/base.sc2assets/Assets/Sounds/Zerg/Overlord/Overlord_Yes0.ogg,155
unit,overlord,deploy_move,Overlord_Yes1.ogg,TMG_CANDIDATES/mods/liberty.sc2mod/base.sc2assets/Assets/Sounds/Zerg/Overlord/Overlord_Yes1.ogg,155
unit,overlord,deploy_move,Overlord_Yes2.ogg,TMG_CANDIDATES/mods/liberty.sc2mod/base.sc2assets/Assets/Sounds/Zerg/Overlord/Overlord_Yes2.ogg,155
unit,overlord,deploy_move,Overlord_Yes3.ogg,TMG_CANDIDATES/mods/liberty.sc2mod/base.sc2assets/Assets/Sounds/Zerg/Overlord/Overlord_Yes3.ogg,155
unit,overlord,deploy_move,Overlord_Yes4.ogg,TMG_CANDIDATES/mods/liberty.sc2mod/base.sc2assets/Assets/Sounds/Zerg/Overlord/Overlord_Yes4.ogg,155
unit,overlord,deploy_move,Overlord_Yes5.ogg,TMG_CANDIDATES/mods/liberty.sc2mod/base.sc2assets/Assets/Sounds/Zerg/Overlord/Overlord_Yes5.ogg,155
unit,overlord,deploy_move,Overlord_Yes6.ogg,TMG_CANDIDATES/mods/liberty.sc2mod/base.sc2assets/Assets/Sounds/Zerg/Overlord/Overlord_Yes6.ogg,155
unit,overlord,deploy_move,Overlord_Yes7.ogg,TMG_CANDIDATES/mods/liberty.sc2mod/base.sc2assets/Assets/Sounds/Zerg/Overlord/Overlord_Yes7.ogg,155
unit,overlord,deploy_move,Overlord_Yes8.ogg,TMG_CANDIDATES/mods/liberty.sc2mod/base.sc2assets/Assets/Sounds/Zerg/Overlord/Overlord_Yes8.ogg,155
unit,overlord,deploy_move,Overlord_Yes9.ogg,TMG_CANDIDATES/mods/liberty.sc2mod/base.sc2assets/Assets/Sounds/Zerg/Overlord/Overlord_Yes9.ogg,155
unit,overlord,death,Overlord_Death3.wav,TMG_CANDIDATES/mods/liberty.sc2mod/base.sc2assets/Assets/Sounds/Zerg/Overlord/Overlord_Death3.wav,155
unit,overlord,death,Overlord_Death4.wav,TMG_CANDIDATES/mods/liberty.sc2mod/base.sc2assets/Assets/Sounds/Zerg/Overlord/Overlord_Death4.wav,155
unit,overlord,death,Overlord_Death5.wav,TMG_CANDIDATES/mods/liberty.sc2mod/base.sc2assets/Assets/Sounds/Zerg/Overlord/Overlord_Death5.wav,155
unit,overlord,death,Overlord_Death6.wav,TMG_CANDIDATES/mods/liberty.sc2mod/base.sc2assets/Assets/Sounds/Zerg/Overlord/Overlord_Death6.wav,155
unit,overseer,deploy_move,Overseer_What6.ogg,TMG_CANDIDATES/mods/liberty.sc2mod/base.sc2assets/Assets/Sounds/Zerg/Overseer/Overseer_What6.ogg,155
unit,overseer,deploy_move,Overseer_Yes0.ogg,TMG_CANDIDATES/mods/liberty.sc2mod/base.sc2assets/Assets/Sounds/Zerg/Overseer/Overseer_Yes0.ogg,155
unit,overseer,deploy_move,Overseer_Yes1.ogg,TMG_CANDIDATES/mods/liberty.sc2mod/base.sc2assets/Assets/Sounds/Zerg/Overseer/Overseer_Yes1.ogg,155
unit,overseer,deploy_move,Overseer_Yes2.ogg,TMG_CANDIDATES/mods/liberty.sc2mod/base.sc2assets/Assets/Sounds/Zerg/Overseer/Overseer_Yes2.ogg,155
unit,overseer,deploy_move,Overseer_Yes3.ogg,TMG_CANDIDATES/mods/liberty.sc2mod/base.sc2assets/Assets/Sounds/Zerg/Overseer/Overseer_Yes3.ogg,155
unit,overseer,deploy_move,Overseer_Yes4.ogg,TMG_CANDIDATES/mods/liberty.sc2mod/base.sc2assets/Assets/Sounds/Zerg/Overseer/Overseer_Yes4.ogg,155
unit,overseer,deploy_move,Overseer_Yes5.ogg,TMG_CANDIDATES/mods/liberty.sc2mod/base.sc2assets/Assets/Sounds/Zerg/Overseer/Overseer_Yes5.ogg,155
unit,overseer,deploy_move,Overseer_Yes6.ogg,TMG_CANDIDATES/mods/liberty.sc2mod/base.sc2assets/Assets/Sounds/Zerg/Overseer/Overseer_Yes6.ogg,155
unit,overseer,deploy_move,Overseer_Yes7.ogg,TMG_CANDIDATES/mods/liberty.sc2mod/base.sc2assets/Assets/Sounds/Zerg/Overseer/Overseer_Yes7.ogg,155
unit,overseer,deploy_move,Overseer_Yes8.ogg,TMG_CANDIDATES/mods/liberty.sc2mod/base.sc2assets/Assets/Sounds/Zerg/Overseer/Overseer_Yes8.ogg,155
unit,overseer,death,Overseer_Death1.wav,TMG_CANDIDATES/mods/liberty.sc2mod/base.sc2assets/Assets/Sounds/Zerg/Overseer/Overseer_Death1.wav,155
unit,overseer,death,Overseer_Death2.wav,TMG_CANDIDATES/mods/liberty.sc2mod/base.sc2assets/Assets/Sounds/Zerg/Overseer/Overseer_Death2.wav,155
unit,overseer,death,Overseer_Death3.wav,TMG_CANDIDATES/mods/liberty.sc2mod/base.sc2assets/Assets/Sounds/Zerg/Overseer/Overseer_Death3.wav,155
unit,overseer,death,Overseer_Death4.wav,TMG_CANDIDATES/mods/liberty.sc2mod/base.sc2assets/Assets/Sounds/Zerg/Overseer/Overseer_Death4.wav,155
unit,queen,deploy_move,Queen_What1.ogg,TMG_CANDIDATES/mods/liberty.sc2mod/base.sc2assets/Assets/Sounds/Zerg/Queen/Queen_What1.ogg,155
unit,queen,deploy_move,Queen_What2.ogg,TMG_CANDIDATES/mods/liberty.sc2mod/base.sc2assets/Assets/Sounds/Zerg/Queen/Queen_What2.ogg,155
unit,queen,deploy_move,Queen_What3.ogg,TMG_CANDIDATES/mods/liberty.sc2mod/base.sc2assets/Assets/Sounds/Zerg/Queen/Queen_What3.ogg,155
unit,queen,deploy_move,Queen_What4.ogg,TMG_CANDIDATES/mods/liberty.sc2mod/base.sc2assets/Assets/Sounds/Zerg/Queen/Queen_What4.ogg,155
unit,queen,deploy_move,Queen_What5.ogg,TMG_CANDIDATES/mods/liberty.sc2mod/base.sc2assets/Assets/Sounds/Zerg/Queen/Queen_What5.ogg,155
unit,queen,deploy_move,Queen_What6.ogg,TMG_CANDIDATES/mods/liberty.sc2mod/base.sc2assets/Assets/Sounds/Zerg/Queen/Queen_What6.ogg,155
unit,queen,deploy_move,Queen_What7.ogg,TMG_CANDIDATES/mods/liberty.sc2mod/base.sc2assets/Assets/Sounds/Zerg/Queen/Queen_What7.ogg,155
unit,queen,deploy_move,Queen_Yes0.ogg,TMG_CANDIDATES/mods/liberty.sc2mod/base.sc2assets/Assets/Sounds/Zerg/Queen/Queen_Yes0.ogg,155
unit,queen,deploy_move,Queen_Yes1.ogg,TMG_CANDIDATES/mods/liberty.sc2mod/base.sc2assets/Assets/Sounds/Zerg/Queen/Queen_Yes1.ogg,155
unit,queen,deploy_move,Queen_Yes2.ogg,TMG_CANDIDATES/mods/liberty.sc2mod/base.sc2assets/Assets/Sounds/Zerg/Queen/Queen_Yes2.ogg,155
unit,queen,deploy_move,Queen_Yes3.ogg,TMG_CANDIDATES/mods/liberty.sc2mod/base.sc2assets/Assets/Sounds/Zerg/Queen/Queen_Yes3.ogg,155
unit,queen,deploy_move,Queen_Yes4.ogg,TMG_CANDIDATES/mods/liberty.sc2mod/base.sc2assets/Assets/Sounds/Zerg/Queen/Queen_Yes4.ogg,155
unit,queen,deploy_move,Queen_Yes5.ogg,TMG_CANDIDATES/mods/liberty.sc2mod/base.sc2assets/Assets/Sounds/Zerg/Queen/Queen_Yes5.ogg,155
unit,queen,deploy_move,Queen_Yes6.ogg,TMG_CANDIDATES/mods/liberty.sc2mod/base.sc2assets/Assets/Sounds/Zerg/Queen/Queen_Yes6.ogg,155
unit,queen,deploy_move,Queen_Yes7.ogg,TMG_CANDIDATES/mods/liberty.sc2mod/base.sc2assets/Assets/Sounds/Zerg/Queen/Queen_Yes7.ogg,155
unit,queen,deploy_move,Queen_Yes8.ogg,TMG_CANDIDATES/mods/liberty.sc2mod/base.sc2assets/Assets/Sounds/Zerg/Queen/Queen_Yes8.ogg,155
unit,queen,attack,Queen_Attack0.ogg,TMG_CANDIDATES/mods/liberty.sc2mod/base.sc2assets/Assets/Sounds/Zerg/Queen/Queen_Attack0.ogg,155
unit,queen,attack,Queen_Attack1.ogg,TMG_CANDIDATES/mods/liberty.sc2mod/base.sc2assets/Assets/Sounds/Zerg/Queen/Queen_Attack1.ogg,155
unit,queen,attack,Queen_Attack2.ogg,TMG_CANDIDATES/mods/liberty.sc2mod/base.sc2assets/Assets/Sounds/Zerg/Queen/Queen_Attack2.ogg,155
unit,queen,attack,Queen_Attack3.ogg,TMG_CANDIDATES/mods/liberty.sc2mod/base.sc2assets/Assets/Sounds/Zerg/Queen/Queen_Attack3.ogg,155
unit,queen,attack,Queen_Attack4.ogg,TMG_CANDIDATES/mods/liberty.sc2mod/base.sc2assets/Assets/Sounds/Zerg/Queen/Queen_Attack4.ogg,155
unit,queen,attack,Queen_Attack5.ogg,TMG_CANDIDATES/mods/liberty.sc2mod/base.sc2assets/Assets/Sounds/Zerg/Queen/Queen_Attack5.ogg,155
unit,queen,attack,Queen_Attack6.ogg,TMG_CANDIDATES/mods/liberty.sc2mod/base.sc2assets/Assets/Sounds/Zerg/Queen/Queen_Attack6.ogg,155
unit,queen,attack,Queen_Attack7.ogg,TMG_CANDIDATES/mods/liberty.sc2mod/base.sc2assets/Assets/Sounds/Zerg/Queen/Queen_Attack7.ogg,155
unit,queen,attack,Queen_Attack8.ogg,TMG_CANDIDATES/mods/liberty.sc2mod/base.sc2assets/Assets/Sounds/Zerg/Queen/Queen_Attack8.ogg,155
unit,queen,attack,Queen_Attack9.ogg,TMG_CANDIDATES/mods/liberty.sc2mod/base.sc2assets/Assets/Sounds/Zerg/Queen/Queen_Attack9.ogg,155
unit,queen,death,Queen_Death0.wav,TMG_CANDIDATES/mods/liberty.sc2mod/base.sc2assets/Assets/Sounds/Zerg/Queen/Queen_Death0.wav,155
unit,queen,death,Queen_Death1.wav,TMG_CANDIDATES/mods/liberty.sc2mod/base.sc2assets/Assets/Sounds/Zerg/Queen/Queen_Death1.wav,155
unit,queen,death,Queen_Death2.wav,TMG_CANDIDATES/mods/liberty.sc2mod/base.sc2assets/Assets/Sounds/Zerg/Queen/Queen_Death2.wav,155
unit,viper,deploy_move,LairViper_What_07.ogg,TMG_CANDIDATES/mods/liberty.sc2mod/base.sc2assets/Assets/Sounds/LairViper_What_07.ogg,135
unit,viper,deploy_move,LairViper_Yes_00.ogg,TMG_CANDIDATES/mods/liberty.sc2mod/base.sc2assets/Assets/Sounds/LairViper_Yes_00.ogg,135
unit,viper,deploy_move,LairViper_Yes_01.ogg,TMG_CANDIDATES/mods/liberty.sc2mod/base.sc2assets/Assets/Sounds/LairViper_Yes_01.ogg,135
unit,viper,deploy_move,LairViper_Yes_02.ogg,TMG_CANDIDATES/mods/liberty.sc2mod/base.sc2assets/Assets/Sounds/LairViper_Yes_02.ogg,135
unit,viper,deploy_move,LairViper_Yes_03.ogg,TMG_CANDIDATES/mods/liberty.sc2mod/base.sc2assets/Assets/Sounds/LairViper_Yes_03.ogg,135
unit,viper,deploy_move,LairViper_Yes_04.ogg,TMG_CANDIDATES/mods/liberty.sc2mod/base.sc2assets/Assets/Sounds/LairViper_Yes_04.ogg,135
unit,viper,deploy_move,LairViper_Yes_05.ogg,TMG_CANDIDATES/mods/liberty.sc2mod/base.sc2assets/Assets/Sounds/LairViper_Yes_05.ogg,135
unit,viper,deploy_move,LairViper_Yes_06.ogg,TMG_CANDIDATES/mods/liberty.sc2mod/base.sc2assets/Assets/Sounds/LairViper_Yes_06.ogg,135
unit,viper,deploy_move,LairViper_Yes_07.ogg,TMG_CANDIDATES/mods/liberty.sc2mod/base.sc2assets/Assets/Sounds/LairViper_Yes_07.ogg,135
unit,viper,deploy_move,LairViper_Yes_08.ogg,TMG_CANDIDATES/mods/liberty.sc2mod/base.sc2assets/Assets/Sounds/LairViper_Yes_08.ogg,135
unit,viper,death,LairViper_Death_01.wav,TMG_CANDIDATES/mods/liberty.sc2mod/base.sc2assets/Assets/Sounds/LairViper_Death_01.wav,135
unit,viper,death,LairViper_Death_02.wav,TMG_CANDIDATES/mods/liberty.sc2mod/base.sc2assets/Assets/Sounds/LairViper_Death_02.wav,135
unit,viper,death,LairViper_Death_03.wav,TMG_CANDIDATES/mods/liberty.sc2mod/base.sc2assets/Assets/Sounds/LairViper_Death_03.wav,135
unit,viper,death,LairViper_Death_04.wav,TMG_CANDIDATES/mods/liberty.sc2mod/base.sc2assets/Assets/Sounds/LairViper_Death_04.wav,135
unit,defiler,death,Doodad_DefilerBones_Death_00.wav,TMG_CANDIDATES/campaigns/swarm.sc2campaign/base.sc2assets/Assets/Sounds/Doodad_DefilerBones_Death_00.wav,65
unit,defiler,death,Doodad_DefilerBones_Death_01.wav,TMG_CANDIDATES/campaigns/swarm.sc2campaign/base.sc2assets/Assets/Sounds/Doodad_DefilerBones_Death_01.wav,65
unit,defiler,death,Doodad_DefilerBones_Death_02.wav,TMG_CANDIDATES/campaigns/swarm.sc2campaign/base.sc2assets/Assets/Sounds/Doodad_DefilerBones_Death_02.wav,65
unit,guardian,deploy_move,Guardian_Ready00.ogg,TMG_CANDIDATES/mods/liberty.sc2mod/base.sc2assets/Assets/Sounds/Guardian_Ready00.ogg,135
unit,guardian,deploy_move,Guardian_What00.ogg,TMG_CANDIDATES/mods/liberty.sc2mod/base.sc2assets/Assets/Sounds/Guardian_What00.ogg,135
unit,guardian,deploy_move,Guardian_What01.ogg,TMG_CANDIDATES/mods/liberty.sc2mod/base.sc2assets/Assets/Sounds/Guardian_What01.ogg,135
unit,guardian,deploy_move,Guardian_What02.ogg,TMG_CANDIDATES/mods/liberty.sc2mod/base.sc2assets/Assets/Sounds/Guardian_What02.ogg,135
unit,guardian,deploy_move,Guardian_What03.ogg,TMG_CANDIDATES/mods/liberty.sc2mod/base.sc2assets/Assets/Sounds/Guardian_What03.ogg,135
unit,guardian,deploy_move,Guardian_Yes00.ogg,TMG_CANDIDATES/mods/liberty.sc2mod/base.sc2assets/Assets/Sounds/Guardian_Yes00.ogg,135
unit,guardian,deploy_move,Guardian_Yes01.ogg,TMG_CANDIDATES/mods/liberty.sc2mod/base.sc2assets/Assets/Sounds/Guardian_Yes01.ogg,135
unit,guardian,deploy_move,Guardian_Yes02.ogg,TMG_CANDIDATES/mods/liberty.sc2mod/base.sc2assets/Assets/Sounds/Guardian_Yes02.ogg,135
unit,guardian,deploy_move,Guardian_Yes03.ogg,TMG_CANDIDATES/mods/liberty.sc2mod/base.sc2assets/Assets/Sounds/Guardian_Yes03.ogg,135
unit,guardian,attack,AncestralGuardianAttack1.ogg,TMG_CANDIDATES/mods/war3.sc2mod/base.sc2assets/Assets/Sounds/Units/Orc/AncestralGuardian/AncestralGuardianAttack1.ogg,65
unit,guardian,death,Sentry_GuardianShieldDeath0.wav,TMG_CANDIDATES/mods/liberty.sc2mod/base.sc2assets/Assets/Sounds/Protoss/Sentry/Sentry_GuardianShieldDeath0.wav,85
unit,devourer,deploy_move,Devourer_Ready00.ogg,TMG_CANDIDATES/mods/liberty.sc2mod/base.sc2assets/Assets/Sounds/Devourer_Ready00.ogg,135
unit,devourer,deploy_move,Devourer_What00.ogg,TMG_CANDIDATES/mods/liberty.sc2mod/base.sc2assets/Assets/Sounds/Devourer_What00.ogg,135
unit,devourer,deploy_move,Devourer_What01.ogg,TMG_CANDIDATES/mods/liberty.sc2mod/base.sc2assets/Assets/Sounds/Devourer_What01.ogg,135
unit,devourer,deploy_move,Devourer_What02.ogg,TMG_CANDIDATES/mods/liberty.sc2mod/base.sc2assets/Assets/Sounds/Devourer_What02.ogg,135
unit,devourer,deploy_move,Devourer_Yes00.ogg,TMG_CANDIDATES/mods/liberty.sc2mod/base.sc2assets/Assets/Sounds/Devourer_Yes00.ogg,135
unit,devourer,deploy_move,Devourer_Yes01.ogg,TMG_CANDIDATES/mods/liberty.sc2mod/base.sc2assets/Assets/Sounds/Devourer_Yes01.ogg,135
unit,devourer,deploy_move,Devourer_Yes02.ogg,TMG_CANDIDATES/mods/liberty.sc2mod/base.sc2assets/Assets/Sounds/Devourer_Yes02.ogg,135
unit,devourer,deploy_move,Devourer_Yes03.ogg,TMG_CANDIDATES/mods/liberty.sc2mod/base.sc2assets/Assets/Sounds/Devourer_Yes03.ogg,135
unit,devourer,deploy_move,Devourer_Yes04.ogg,TMG_CANDIDATES/mods/liberty.sc2mod/base.sc2assets/Assets/Sounds/Devourer_Yes04.ogg,135
unit,devourer,death,Devourer_DeathVox03.wav,TMG_CANDIDATES/mods/liberty.sc2mod/base.sc2assets/Assets/Sounds/Devourer_DeathVox03.wav,135
unit,devourer,death,Devourer_DeathVox04.wav,TMG_CANDIDATES/mods/liberty.sc2mod/base.sc2assets/Assets/Sounds/Devourer_DeathVox04.wav,135
unit,devourer,death,Devourer_DeathVox05.wav,TMG_CANDIDATES/mods/liberty.sc2mod/base.sc2assets/Assets/Sounds/Devourer_DeathVox05.wav,135
unit,devourer,death,Devourer_DeathVox06.wav,TMG_CANDIDATES/mods/liberty.sc2mod/base.sc2assets/Assets/Sounds/Devourer_DeathVox06.wav,135
unit,aberration,deploy_move,Aberration_Yes_00.ogg,TMG_CANDIDATES/mods/liberty.sc2mod/base.sc2assets/Assets/Sounds/Aberration_Yes_00.ogg,135
unit,aberration,deploy_move,Aberration_Yes_01.ogg,TMG_CANDIDATES/mods/liberty.sc2mod/base.sc2assets/Assets/Sounds/Aberration_Yes_01.ogg,135
unit,aberration,deploy_move,Aberration_Yes_02.ogg,TMG_CANDIDATES/mods/liberty.sc2mod/base.sc2assets/Assets/Sounds/Aberration_Yes_02.ogg,135
unit,aberration,deploy_move,Aberration_Yes_03.ogg,TMG_CANDIDATES/mods/liberty.sc2mod/base.sc2assets/Assets/Sounds/Aberration_Yes_03.ogg,135
unit,aberration,deploy_move,Aberration_Yes_04.ogg,TMG_CANDIDATES/mods/liberty.sc2mod/base.sc2assets/Assets/Sounds/Aberration_Yes_04.ogg,135
unit,aberration,deploy_move,Aberration_Yes_05.ogg,TMG_CANDIDATES/mods/liberty.sc2mod/base.sc2assets/Assets/Sounds/Aberration_Yes_05.ogg,135
unit,aberration,deploy_move,Aberration_Yes_06.ogg,TMG_CANDIDATES/mods/liberty.sc2mod/base.sc2assets/Assets/Sounds/Aberration_Yes_06.ogg,135
unit,aberration,deploy_move,Aberration_Yes_07.ogg,TMG_CANDIDATES/mods/liberty.sc2mod/base.sc2assets/Assets/Sounds/Aberration_Yes_07.ogg,135
unit,aberration,deploy_move,Aberration_Yes_08.ogg,TMG_CANDIDATES/mods/liberty.sc2mod/base.sc2assets/Assets/Sounds/Aberration_Yes_08.ogg,135
unit,aberration,deploy_move,Aberration_Yes_09.ogg,TMG_CANDIDATES/mods/liberty.sc2mod/base.sc2assets/Assets/Sounds/Aberration_Yes_09.ogg,135
unit,aberration,attack,Aberration_Attack_02.ogg,TMG_CANDIDATES/mods/liberty.sc2mod/base.sc2assets/Assets/Sounds/Aberration_Attack_02.ogg,135
unit,aberration,attack,Aberration_Attack_03.ogg,TMG_CANDIDATES/mods/liberty.sc2mod/base.sc2assets/Assets/Sounds/Aberration_Attack_03.ogg,135
unit,aberration,attack,Aberration_Attack_04.ogg,TMG_CANDIDATES/mods/liberty.sc2mod/base.sc2assets/Assets/Sounds/Aberration_Attack_04.ogg,135
unit,aberration,attack,Aberration_Attack_05.ogg,TMG_CANDIDATES/mods/liberty.sc2mod/base.sc2assets/Assets/Sounds/Aberration_Attack_05.ogg,135
unit,aberration,attack,Aberration_Attack_06.ogg,TMG_CANDIDATES/mods/liberty.sc2mod/base.sc2assets/Assets/Sounds/Aberration_Attack_06.ogg,135
unit,aberration,attack,Aberration_Attack_07.ogg,TMG_CANDIDATES/mods/liberty.sc2mod/base.sc2assets/Assets/Sounds/Aberration_Attack_07.ogg,135
unit,aberration,attack,Aberration_Attack_08.ogg,TMG_CANDIDATES/mods/liberty.sc2mod/base.sc2assets/Assets/Sounds/Aberration_Attack_08.ogg,135
unit,aberration,death,Aberration_Death_01.wav,TMG_CANDIDATES/mods/liberty.sc2mod/base.sc2assets/Assets/Sounds/Aberration_Death_01.wav,135
unit,aberration,death,Aberration_Death_02.wav,TMG_CANDIDATES/mods/liberty.sc2mod/base.sc2assets/Assets/Sounds/Aberration_Death_02.wav,135
unit,aberration,death,Aberration_Death_03.wav,TMG_CANDIDATES/mods/liberty.sc2mod/base.sc2assets/Assets/Sounds/Aberration_Death_03.wav,135
unit,aberration,death,Aberration_Death_04.wav,TMG_CANDIDATES/mods/liberty.sc2mod/base.sc2assets/Assets/Sounds/Aberration_Death_04.wav,135
unit,brutalisk,deploy_move,Brutalisk_Yes_00.ogg,TMG_CANDIDATES/campaigns/swarm.sc2campaign/base.sc2assets/Assets/Sounds/Brutalisk_Yes_00.ogg,135
unit,brutalisk,deploy_move,Brutalisk_Yes_01.ogg,TMG_CANDIDATES/campaigns/swarm.sc2campaign/base.sc2assets/Assets/Sounds/Brutalisk_Yes_01.ogg,135
unit,brutalisk,deploy_move,Brutalisk_Yes_02.ogg,TMG_CANDIDATES/campaigns/swarm.sc2campaign/base.sc2assets/Assets/Sounds/Brutalisk_Yes_02.ogg,135
unit,brutalisk,deploy_move,Brutalisk_Yes_03.ogg,TMG_CANDIDATES/campaigns/swarm.sc2campaign/base.sc2assets/Assets/Sounds/Brutalisk_Yes_03.ogg,135
unit,brutalisk,deploy_move,Brutalisk_Yes_04.ogg,TMG_CANDIDATES/campaigns/swarm.sc2campaign/base.sc2assets/Assets/Sounds/Brutalisk_Yes_04.ogg,135
unit,brutalisk,deploy_move,Brutalisk_Yes_05.ogg,TMG_CANDIDATES/campaigns/swarm.sc2campaign/base.sc2assets/Assets/Sounds/Brutalisk_Yes_05.ogg,135
unit,brutalisk,deploy_move,Brutalisk_Yes_06.ogg,TMG_CANDIDATES/campaigns/swarm.sc2campaign/base.sc2assets/Assets/Sounds/Brutalisk_Yes_06.ogg,135
unit,brutalisk,deploy_move,Brutalisk_Yes_07.ogg,TMG_CANDIDATES/campaigns/swarm.sc2campaign/base.sc2assets/Assets/Sounds/Brutalisk_Yes_07.ogg,135
unit,brutalisk,deploy_move,Brutalisk_Yes_08.ogg,TMG_CANDIDATES/campaigns/swarm.sc2campaign/base.sc2assets/Assets/Sounds/Brutalisk_Yes_08.ogg,135
unit,brutalisk,deploy_move,Brutalisk_Yes_09.ogg,TMG_CANDIDATES/campaigns/swarm.sc2campaign/base.sc2assets/Assets/Sounds/Brutalisk_Yes_09.ogg,135
unit,brutalisk,attack,Brutalisk_Attack_03.ogg,TMG_CANDIDATES/campaigns/swarm.sc2campaign/base.sc2assets/Assets/Sounds/Brutalisk_Attack_03.ogg,135
unit,brutalisk,attack,Brutalisk_Attack_04.ogg,TMG_CANDIDATES/campaigns/swarm.sc2campaign/base.sc2assets/Assets/Sounds/Brutalisk_Attack_04.ogg,135
unit,brutalisk,attack,Brutalisk_Attack_05.ogg,TMG_CANDIDATES/campaigns/swarm.sc2campaign/base.sc2assets/Assets/Sounds/Brutalisk_Attack_05.ogg,135
unit,brutalisk,attack,Brutalisk_Attack_06.ogg,TMG_CANDIDATES/campaigns/swarm.sc2campaign/base.sc2assets/Assets/Sounds/Brutalisk_Attack_06.ogg,135
unit,brutalisk,attack,Brutalisk_Attack_07.ogg,TMG_CANDIDATES/campaigns/swarm.sc2campaign/base.sc2assets/Assets/Sounds/Brutalisk_Attack_07.ogg,135
unit,brutalisk,attack,Brutalisk_Attack_08.ogg,TMG_CANDIDATES/campaigns/swarm.sc2campaign/base.sc2assets/Assets/Sounds/Brutalisk_Attack_08.ogg,135
unit,brutalisk,attack,Brutalisk_Attack_09.ogg,TMG_CANDIDATES/campaigns/swarm.sc2campaign/base.sc2assets/Assets/Sounds/Brutalisk_Attack_09.ogg,135
unit,leviathan,deploy_move,Leviathan_Yes_00.ogg,TMG_CANDIDATES/campaigns/swarm.sc2campaign/base.sc2assets/Assets/Sounds/Leviathan_Yes_00.ogg,135
unit,leviathan,deploy_move,Leviathan_Yes_01.ogg,TMG_CANDIDATES/campaigns/swarm.sc2campaign/base.sc2assets/Assets/Sounds/Leviathan_Yes_01.ogg,135
unit,leviathan,deploy_move,Leviathan_Yes_02.ogg,TMG_CANDIDATES/campaigns/swarm.sc2campaign/base.sc2assets/Assets/Sounds/Leviathan_Yes_02.ogg,135
unit,leviathan,deploy_move,Leviathan_Yes_03.ogg,TMG_CANDIDATES/campaigns/swarm.sc2campaign/base.sc2assets/Assets/Sounds/Leviathan_Yes_03.ogg,135
unit,leviathan,deploy_move,Leviathan_Yes_04.ogg,TMG_CANDIDATES/campaigns/swarm.sc2campaign/base.sc2assets/Assets/Sounds/Leviathan_Yes_04.ogg,135
unit,leviathan,deploy_move,Leviathan_Yes_05.ogg,TMG_CANDIDATES/campaigns/swarm.sc2campaign/base.sc2assets/Assets/Sounds/Leviathan_Yes_05.ogg,135
unit,leviathan,deploy_move,Leviathan_Yes_06.ogg,TMG_CANDIDATES/campaigns/swarm.sc2campaign/base.sc2assets/Assets/Sounds/Leviathan_Yes_06.ogg,135
unit,leviathan,deploy_move,Leviathan_Yes_07.ogg,TMG_CANDIDATES/campaigns/swarm.sc2campaign/base.sc2assets/Assets/Sounds/Leviathan_Yes_07.ogg,135
unit,leviathan,deploy_move,Leviathan_Yes_08.ogg,TMG_CANDIDATES/campaigns/swarm.sc2campaign/base.sc2assets/Assets/Sounds/Leviathan_Yes_08.ogg,135
unit,leviathan,deploy_move,Leviathan_Yes_09.ogg,TMG_CANDIDATES/campaigns/swarm.sc2campaign/base.sc2assets/Assets/Sounds/Leviathan_Yes_09.ogg,135
unit,leviathan,attack,Leviathan_Attack_03.ogg,TMG_CANDIDATES/campaigns/swarm.sc2campaign/base.sc2assets/Assets/Sounds/Leviathan_Attack_03.ogg,135
unit,leviathan,attack,Leviathan_Attack_04.ogg,TMG_CANDIDATES/campaigns/swarm.sc2campaign/base.sc2assets/Assets/Sounds/Leviathan_Attack_04.ogg,135
unit,leviathan,attack,Leviathan_Attack_05.ogg,TMG_CANDIDATES/campaigns/swarm.sc2campaign/base.sc2assets/Assets/Sounds/Leviathan_Attack_05.ogg,135
unit,leviathan,attack,Leviathan_Attack_06.ogg,TMG_CANDIDATES/campaigns/swarm.sc2campaign/base.sc2assets/Assets/Sounds/Leviathan_Attack_06.ogg,135
unit,leviathan,attack,Leviathan_Attack_07.ogg,TMG_CANDIDATES/campaigns/swarm.sc2campaign/base.sc2assets/Assets/Sounds/Leviathan_Attack_07.ogg,135
unit,leviathan,attack,Leviathan_Attack_08.ogg,TMG_CANDIDATES/campaigns/swarm.sc2campaign/base.sc2assets/Assets/Sounds/Leviathan_Attack_08.ogg,135
unit,leviathan,attack,Leviathan_Attack_09.ogg,TMG_CANDIDATES/campaigns/swarm.sc2campaign/base.sc2assets/Assets/Sounds/Leviathan_Attack_09.ogg,135
unit,kerrigan,deploy_move,Kerrigan_Ready00.ogg,TMG_CANDIDATES/campaigns/liberty.sc2campaign/enus.sc2assets/LocalizedData/Sounds/ZergVO/CampaignUnits/Kerrigan/Kerrigan_Ready00.ogg,200
unit,kerrigan,deploy_move,Kerrigan_What00.ogg,TMG_CANDIDATES/campaigns/liberty.sc2campaign/enus.sc2assets/LocalizedData/Sounds/ZergVO/CampaignUnits/Kerrigan/Kerrigan_What00.ogg,200
unit,kerrigan,deploy_move,Kerrigan_What01.ogg,TMG_CANDIDATES/campaigns/liberty.sc2campaign/enus.sc2assets/LocalizedData/Sounds/ZergVO/CampaignUnits/Kerrigan/Kerrigan_What01.ogg,200
unit,kerrigan,deploy_move,Kerrigan_What02.ogg,TMG_CANDIDATES/campaigns/liberty.sc2campaign/enus.sc2assets/LocalizedData/Sounds/ZergVO/CampaignUnits/Kerrigan/Kerrigan_What02.ogg,200
unit,kerrigan,deploy_move,Kerrigan_What03.ogg,TMG_CANDIDATES/campaigns/liberty.sc2campaign/enus.sc2assets/LocalizedData/Sounds/ZergVO/CampaignUnits/Kerrigan/Kerrigan_What03.ogg,200
unit,kerrigan,deploy_move,Kerrigan_Yes00.ogg,TMG_CANDIDATES/campaigns/liberty.sc2campaign/enus.sc2assets/LocalizedData/Sounds/ZergVO/CampaignUnits/Kerrigan/Kerrigan_Yes00.ogg,200
unit,kerrigan,deploy_move,Kerrigan_Yes01.ogg,TMG_CANDIDATES/campaigns/liberty.sc2campaign/enus.sc2assets/LocalizedData/Sounds/ZergVO/CampaignUnits/Kerrigan/Kerrigan_Yes01.ogg,200
unit,kerrigan,deploy_move,Kerrigan_Yes02.ogg,TMG_CANDIDATES/campaigns/liberty.sc2campaign/enus.sc2assets/LocalizedData/Sounds/ZergVO/CampaignUnits/Kerrigan/Kerrigan_Yes02.ogg,200
unit,kerrigan,deploy_move,Kerrigan_Yes03.ogg,TMG_CANDIDATES/campaigns/liberty.sc2campaign/enus.sc2assets/LocalizedData/Sounds/ZergVO/CampaignUnits/Kerrigan/Kerrigan_Yes03.ogg,200
unit,kerrigan,deploy_move,Kerrigan_Yes04.ogg,TMG_CANDIDATES/campaigns/liberty.sc2campaign/enus.sc2assets/LocalizedData/Sounds/ZergVO/CampaignUnits/Kerrigan/Kerrigan_Yes04.ogg,200
unit,kerrigan,attack,Kerrigan_Attack00.ogg,TMG_CANDIDATES/campaigns/liberty.sc2campaign/enus.sc2assets/LocalizedData/Sounds/ZergVO/CampaignUnits/Kerrigan/Kerrigan_Attack00.ogg,200
unit,kerrigan,attack,Kerrigan_Attack01.ogg,TMG_CANDIDATES/campaigns/liberty.sc2campaign/enus.sc2assets/LocalizedData/Sounds/ZergVO/CampaignUnits/Kerrigan/Kerrigan_Attack01.ogg,200
unit,kerrigan,attack,Kerrigan_Attack02.ogg,TMG_CANDIDATES/campaigns/liberty.sc2campaign/enus.sc2assets/LocalizedData/Sounds/ZergVO/CampaignUnits/Kerrigan/Kerrigan_Attack02.ogg,200
unit,kerrigan,attack,Kerrigan_Attack03.ogg,TMG_CANDIDATES/campaigns/liberty.sc2campaign/enus.sc2assets/LocalizedData/Sounds/ZergVO/CampaignUnits/Kerrigan/Kerrigan_Attack03.ogg,200
unit,kerrigan,attack,Kerrigan_Attack04.ogg,TMG_CANDIDATES/campaigns/liberty.sc2campaign/enus.sc2assets/LocalizedData/Sounds/ZergVO/CampaignUnits/Kerrigan/Kerrigan_Attack04.ogg,200
unit,kerrigan,attack,Kerrigan_Attack05.ogg,TMG_CANDIDATES/campaigns/liberty.sc2campaign/enus.sc2assets/LocalizedData/Sounds/ZergVO/CampaignUnits/Kerrigan/Kerrigan_Attack05.ogg,200
unit,kerrigan,death,Kerrigan_Death00.wav,TMG_CANDIDATES/campaigns/liberty.sc2campaign/enus.sc2assets/LocalizedData/Sounds/ZergVO/CampaignUnits/Kerrigan/Kerrigan_Death00.wav,200
unit,kerrigan,death,Kerrigan_Death01.wav,TMG_CANDIDATES/campaigns/liberty.sc2campaign/enus.sc2assets/LocalizedData/Sounds/ZergVO/CampaignUnits/Kerrigan/Kerrigan_Death01.wav,200
unit,zagara,deploy_move,ZagaraHero_What01.ogg,TMG_CANDIDATES/campaigns/void.sc2campaign/enus.sc2assets/LocalizedData/Sounds/VO/Zerg/ZagaraHero_What01.ogg,100
unit,zagara,deploy_move,ZagaraHero_What02.ogg,TMG_CANDIDATES/campaigns/void.sc2campaign/enus.sc2assets/LocalizedData/Sounds/VO/Zerg/ZagaraHero_What02.ogg,100
unit,zagara,deploy_move,ZagaraHero_What03.ogg,TMG_CANDIDATES/campaigns/void.sc2campaign/enus.sc2assets/LocalizedData/Sounds/VO/Zerg/ZagaraHero_What03.ogg,100
unit,zagara,deploy_move,ZagaraHero_Yes00.ogg,TMG_CANDIDATES/campaigns/void.sc2campaign/enus.sc2assets/LocalizedData/Sounds/VO/Zerg/ZagaraHero_Yes00.ogg,100
unit,zagara,deploy_move,ZagaraHero_Yes01.ogg,TMG_CANDIDATES/campaigns/void.sc2campaign/enus.sc2assets/LocalizedData/Sounds/VO/Zerg/ZagaraHero_Yes01.ogg,100
unit,zagara,deploy_move,ZagaraHero_Yes02.ogg,TMG_CANDIDATES/campaigns/void.sc2campaign/enus.sc2assets/LocalizedData/Sounds/VO/Zerg/ZagaraHero_Yes02.ogg,100
unit,zagara,deploy_move,ZagaraHero_Yes03.ogg,TMG_CANDIDATES/campaigns/void.sc2campaign/enus.sc2assets/LocalizedData/Sounds/VO/Zerg/ZagaraHero_Yes03.ogg,100
unit,zagara,deploy_move,ZagaraHero_Yes04.ogg,TMG_CANDIDATES/campaigns/void.sc2campaign/enus.sc2assets/LocalizedData/Sounds/VO/Zerg/ZagaraHero_Yes04.ogg,100
unit,zagara,deploy_move,ZagaraHero_Yes05.ogg,TMG_CANDIDATES/campaigns/void.sc2campaign/enus.sc2assets/LocalizedData/Sounds/VO/Zerg/ZagaraHero_Yes05.ogg,100
unit,zagara,deploy_move,ZagaraHero_Yes06.ogg,TMG_CANDIDATES/campaigns/void.sc2campaign/enus.sc2assets/LocalizedData/Sounds/VO/Zerg/ZagaraHero_Yes06.ogg,100
unit,zagara,attack,ZagaraHero_Attack00.ogg,TMG_CANDIDATES/campaigns/void.sc2campaign/enus.sc2assets/LocalizedData/Sounds/VO/Zerg/ZagaraHero_Attack00.ogg,100
unit,zagara,attack,ZagaraHero_Attack01.ogg,TMG_CANDIDATES/campaigns/void.sc2campaign/enus.sc2assets/LocalizedData/Sounds/VO/Zerg/ZagaraHero_Attack01.ogg,100
unit,zagara,attack,ZagaraHero_Attack02.ogg,TMG_CANDIDATES/campaigns/void.sc2campaign/enus.sc2assets/LocalizedData/Sounds/VO/Zerg/ZagaraHero_Attack02.ogg,100
unit,zagara,attack,ZagaraHero_Attack03.ogg,TMG_CANDIDATES/campaigns/void.sc2campaign/enus.sc2assets/LocalizedData/Sounds/VO/Zerg/ZagaraHero_Attack03.ogg,100
unit,zagara,attack,ZagaraHero_Attack04.ogg,TMG_CANDIDATES/campaigns/void.sc2campaign/enus.sc2assets/LocalizedData/Sounds/VO/Zerg/ZagaraHero_Attack04.ogg,100
unit,zagara,attack,ZagaraHero_Attack05.ogg,TMG_CANDIDATES/campaigns/void.sc2campaign/enus.sc2assets/LocalizedData/Sounds/VO/Zerg/ZagaraHero_Attack05.ogg,100
unit,zagara,attack,ZagaraHero_Attack06.ogg,TMG_CANDIDATES/campaigns/void.sc2campaign/enus.sc2assets/LocalizedData/Sounds/VO/Zerg/ZagaraHero_Attack06.ogg,100
unit,zagara,death,ZagaraHero_Death00.wav,TMG_CANDIDATES/campaigns/void.sc2campaign/enus.sc2assets/LocalizedData/Sounds/VO/Zerg/ZagaraHero_Death00.wav,100
unit,zagara,death,ZagaraHero_Death01.wav,TMG_CANDIDATES/campaigns/void.sc2campaign/enus.sc2assets/LocalizedData/Sounds/VO/Zerg/ZagaraHero_Death01.wav,100
unit,abathur,deploy_move,AbathurA_NukeReady00.ogg,TMG_CANDIDATES/mods/liberty.sc2mod/enus.sc2assets/LocalizedData/Sounds/VO/AbathurA_NukeReady00.ogg,100
unit,abathur,deploy_move,AbathurA_NukeReady01.ogg,TMG_CANDIDATES/mods/liberty.sc2mod/enus.sc2assets/LocalizedData/Sounds/VO/AbathurA_NukeReady01.ogg,100
unit,abathur,deploy_move,AbathurCommander_CreepMendReady00.ogg,TMG_CANDIDATES/campaigns/void.sc2campaign/base.sc2assets/LocalizedData/Sounds/VO/AbathurCommander_CreepMendReady00.ogg,100
unit,abathur,deploy_move,AbathurCommander_CreepMendReady01.ogg,TMG_CANDIDATES/campaigns/void.sc2campaign/base.sc2assets/LocalizedData/Sounds/VO/AbathurCommander_CreepMendReady01.ogg,100
unit,abathur,deploy_move,AbathurCommander_LocustNestReady00.ogg,TMG_CANDIDATES/campaigns/void.sc2campaign/base.sc2assets/LocalizedData/Sounds/VO/AbathurCommander_LocustNestReady00.ogg,100
unit,abathur,deploy_move,AbathurCommander_LocustNestReady01.ogg,TMG_CANDIDATES/campaigns/void.sc2campaign/base.sc2assets/LocalizedData/Sounds/VO/AbathurCommander_LocustNestReady01.ogg,100
unit,abathur,deploy_move,AbathurCommander_SymbioteReady00.ogg,TMG_CANDIDATES/campaigns/void.sc2campaign/base.sc2assets/LocalizedData/Sounds/VO/AbathurCommander_SymbioteReady00.ogg,100
unit,abathur,deploy_move,AbathurCommander_SymbioteReady01.ogg,TMG_CANDIDATES/campaigns/void.sc2campaign/base.sc2assets/LocalizedData/Sounds/VO/AbathurCommander_SymbioteReady01.ogg,100
unit,abathur,deploy_move,AbathurCommander_UltimateEvoReady00.ogg,TMG_CANDIDATES/campaigns/void.sc2campaign/base.sc2assets/LocalizedData/Sounds/VO/AbathurCommander_UltimateEvoReady00.ogg,100
unit,abathur,deploy_move,AbathurCommander_UltimateEvoReady01.ogg,TMG_CANDIDATES/campaigns/void.sc2campaign/base.sc2assets/LocalizedData/Sounds/VO/AbathurCommander_UltimateEvoReady01.ogg,100
unit,dehaka,deploy_move,DehakaA_NukeReady00.ogg,TMG_CANDIDATES/mods/liberty.sc2mod/enus.sc2assets/LocalizedData/Sounds/VO/DehakaA_NukeReady00.ogg,100
unit,dehaka,deploy_move,DehakaA_NukeReady01.ogg,TMG_CANDIDATES/mods/liberty.sc2mod/enus.sc2assets/LocalizedData/Sounds/VO/DehakaA_NukeReady01.ogg,100
unit,dehaka,deploy_move,DehakaCommander_DakrunReady00.ogg,TMG_CANDIDATES/campaigns/void.sc2campaign/enus.sc2assets/LocalizedData/Sounds/VO/DehakaCommander_DakrunReady00.ogg,100
unit,dehaka,deploy_move,DehakaCommander_DakrunReady01.ogg,TMG_CANDIDATES/campaigns/void.sc2campaign/enus.sc2assets/LocalizedData/Sounds/VO/DehakaCommander_DakrunReady01.ogg,100
unit,dehaka,deploy_move,DehakaCommander_GlevigReady00.ogg,TMG_CANDIDATES/campaigns/void.sc2campaign/enus.sc2assets/LocalizedData/Sounds/VO/DehakaCommander_GlevigReady00.ogg,100
unit,dehaka,deploy_move,DehakaCommander_GlevigReady01.ogg,TMG_CANDIDATES/campaigns/void.sc2campaign/enus.sc2assets/LocalizedData/Sounds/VO/DehakaCommander_GlevigReady01.ogg,100
unit,dehaka,deploy_move,DehakaCommander_MurvarReady00.ogg,TMG_CANDIDATES/campaigns/void.sc2campaign/enus.sc2assets/LocalizedData/Sounds/VO/DehakaCommander_MurvarReady00.ogg,100
unit,dehaka,deploy_move,DehakaCommander_MurvarReady01.ogg,TMG_CANDIDATES/campaigns/void.sc2campaign/enus.sc2assets/LocalizedData/Sounds/VO/DehakaCommander_MurvarReady01.ogg,100
unit,dehaka,deploy_move,DehakaCommander_Ready00.ogg,TMG_CANDIDATES/campaigns/void.sc2campaign/enus.sc2assets/LocalizedData/Sounds/VO/DehakaCommander_Ready00.ogg,100
unit,dehaka,deploy_move,DehakaCommander_Ready01.ogg,TMG_CANDIDATES/campaigns/void.sc2campaign/enus.sc2assets/LocalizedData/Sounds/VO/DehakaCommander_Ready01.ogg,100
unit,dehaka,death,DehakaCommander_Death00.wav,TMG_CANDIDATES/campaigns/void.sc2campaign/enus.sc2assets/LocalizedData/Sounds/VO/DehakaCommander_Death00.wav,100
unit,dehaka,death,DehakaCommander_Death01.wav,TMG_CANDIDATES/campaigns/void.sc2campaign/enus.sc2assets/LocalizedData/Sounds/VO/DehakaCommander_Death01.wav,100
unit,hybrid_destroyer,deploy_move,Hybrid_Ready00.ogg,TMG_CANDIDATES/campaigns/liberty.sc2campaign/enus.sc2assets/LocalizedData/Sounds/ProtossVO/CampaignUnits/Hybrid/Hybrid_Ready00.ogg,200
unit,hybrid_destroyer,deploy_move,Hybrid_What00.ogg,TMG_CANDIDATES/campaigns/liberty.sc2campaign/enus.sc2assets/LocalizedData/Sounds/ProtossVO/CampaignUnits/Hybrid/Hybrid_What00.ogg,200
unit,hybrid_destroyer,deploy_move,Hybrid_What01.ogg,TMG_CANDIDATES/campaigns/liberty.sc2campaign/enus.sc2assets/LocalizedData/Sounds/ProtossVO/CampaignUnits/Hybrid/Hybrid_What01.ogg,200
unit,hybrid_destroyer,deploy_move,Hybrid_What02.ogg,TMG_CANDIDATES/campaigns/liberty.sc2campaign/enus.sc2assets/LocalizedData/Sounds/ProtossVO/CampaignUnits/Hybrid/Hybrid_What02.ogg,200
unit,hybrid_destroyer,deploy_move,Hybrid_What03.ogg,TMG_CANDIDATES/campaigns/liberty.sc2campaign/enus.sc2assets/LocalizedData/Sounds/ProtossVO/CampaignUnits/Hybrid/Hybrid_What03.ogg,200
unit,hybrid_destroyer,deploy_move,Hybrid_Yes00.ogg,TMG_CANDIDATES/campaigns/liberty.sc2campaign/enus.sc2assets/LocalizedData/Sounds/ProtossVO/CampaignUnits/Hybrid/Hybrid_Yes00.ogg,200
unit,hybrid_destroyer,deploy_move,Hybrid_Yes01.ogg,TMG_CANDIDATES/campaigns/liberty.sc2campaign/enus.sc2assets/LocalizedData/Sounds/ProtossVO/CampaignUnits/Hybrid/Hybrid_Yes01.ogg,200
unit,hybrid_destroyer,deploy_move,Hybrid_Yes02.ogg,TMG_CANDIDATES/campaigns/liberty.sc2campaign/enus.sc2assets/LocalizedData/Sounds/ProtossVO/CampaignUnits/Hybrid/Hybrid_Yes02.ogg,200
unit,hybrid_destroyer,deploy_move,Hybrid_Yes03.ogg,TMG_CANDIDATES/campaigns/liberty.sc2campaign/enus.sc2assets/LocalizedData/Sounds/ProtossVO/CampaignUnits/Hybrid/Hybrid_Yes03.ogg,200
unit,hybrid_destroyer,attack,Hybrid_Attack00.ogg,TMG_CANDIDATES/campaigns/liberty.sc2campaign/enus.sc2assets/LocalizedData/Sounds/ProtossVO/CampaignUnits/Hybrid/Hybrid_Attack00.ogg,200
unit,hybrid_destroyer,attack,Hybrid_Attack01.ogg,TMG_CANDIDATES/campaigns/liberty.sc2campaign/enus.sc2assets/LocalizedData/Sounds/ProtossVO/CampaignUnits/Hybrid/Hybrid_Attack01.ogg,200
unit,hybrid_destroyer,attack,Hybrid_Attack02.ogg,TMG_CANDIDATES/campaigns/liberty.sc2campaign/enus.sc2assets/LocalizedData/Sounds/ProtossVO/CampaignUnits/Hybrid/Hybrid_Attack02.ogg,200
unit,hybrid_destroyer,attack,Hybrid_Attack03.ogg,TMG_CANDIDATES/campaigns/liberty.sc2campaign/enus.sc2assets/LocalizedData/Sounds/ProtossVO/CampaignUnits/Hybrid/Hybrid_Attack03.ogg,200
unit,hybrid_destroyer,death,Hybrid_Death00.wav,TMG_CANDIDATES/campaigns/liberty.sc2campaign/enus.sc2assets/LocalizedData/Sounds/ProtossVO/CampaignUnits/Hybrid/Hybrid_Death00.wav,200
unit,hybrid_destroyer,death,Hybrid_Death01.wav,TMG_CANDIDATES/campaigns/liberty.sc2campaign/enus.sc2assets/LocalizedData/Sounds/ProtossVO/CampaignUnits/Hybrid/Hybrid_Death01.wav,200
unit,hybrid_reaver,deploy_move,Hybrid_Ready00.ogg,TMG_CANDIDATES/campaigns/liberty.sc2campaign/enus.sc2assets/LocalizedData/Sounds/ProtossVO/CampaignUnits/Hybrid/Hybrid_Ready00.ogg,200
unit,hybrid_reaver,deploy_move,Hybrid_What00.ogg,TMG_CANDIDATES/campaigns/liberty.sc2campaign/enus.sc2assets/LocalizedData/Sounds/ProtossVO/CampaignUnits/Hybrid/Hybrid_What00.ogg,200
unit,hybrid_reaver,deploy_move,Hybrid_What01.ogg,TMG_CANDIDATES/campaigns/liberty.sc2campaign/enus.sc2assets/LocalizedData/Sounds/ProtossVO/CampaignUnits/Hybrid/Hybrid_What01.ogg,200
unit,hybrid_reaver,deploy_move,Hybrid_What02.ogg,TMG_CANDIDATES/campaigns/liberty.sc2campaign/enus.sc2assets/LocalizedData/Sounds/ProtossVO/CampaignUnits/Hybrid/Hybrid_What02.ogg,200
unit,hybrid_reaver,deploy_move,Hybrid_What03.ogg,TMG_CANDIDATES/campaigns/liberty.sc2campaign/enus.sc2assets/LocalizedData/Sounds/ProtossVO/CampaignUnits/Hybrid/Hybrid_What03.ogg,200
unit,hybrid_reaver,deploy_move,Hybrid_Yes00.ogg,TMG_CANDIDATES/campaigns/liberty.sc2campaign/enus.sc2assets/LocalizedData/Sounds/ProtossVO/CampaignUnits/Hybrid/Hybrid_Yes00.ogg,200
unit,hybrid_reaver,deploy_move,Hybrid_Yes01.ogg,TMG_CANDIDATES/campaigns/liberty.sc2campaign/enus.sc2assets/LocalizedData/Sounds/ProtossVO/CampaignUnits/Hybrid/Hybrid_Yes01.ogg,200
unit,hybrid_reaver,deploy_move,Hybrid_Yes02.ogg,TMG_CANDIDATES/campaigns/liberty.sc2campaign/enus.sc2assets/LocalizedData/Sounds/ProtossVO/CampaignUnits/Hybrid/Hybrid_Yes02.ogg,200
unit,hybrid_reaver,deploy_move,Hybrid_Yes03.ogg,TMG_CANDIDATES/campaigns/liberty.sc2campaign/enus.sc2assets/LocalizedData/Sounds/ProtossVO/CampaignUnits/Hybrid/Hybrid_Yes03.ogg,200
unit,hybrid_reaver,attack,Hybrid_Attack00.ogg,TMG_CANDIDATES/campaigns/liberty.sc2campaign/enus.sc2assets/LocalizedData/Sounds/ProtossVO/CampaignUnits/Hybrid/Hybrid_Attack00.ogg,200
unit,hybrid_reaver,attack,Hybrid_Attack01.ogg,TMG_CANDIDATES/campaigns/liberty.sc2campaign/enus.sc2assets/LocalizedData/Sounds/ProtossVO/CampaignUnits/Hybrid/Hybrid_Attack01.ogg,200
unit,hybrid_reaver,attack,Hybrid_Attack02.ogg,TMG_CANDIDATES/campaigns/liberty.sc2campaign/enus.sc2assets/LocalizedData/Sounds/ProtossVO/CampaignUnits/Hybrid/Hybrid_Attack02.ogg,200
unit,hybrid_reaver,attack,Hybrid_Attack03.ogg,TMG_CANDIDATES/campaigns/liberty.sc2campaign/enus.sc2assets/LocalizedData/Sounds/ProtossVO/CampaignUnits/Hybrid/Hybrid_Attack03.ogg,200
unit,hybrid_reaver,death,Hybrid_Death00.wav,TMG_CANDIDATES/campaigns/liberty.sc2campaign/enus.sc2assets/LocalizedData/Sounds/ProtossVO/CampaignUnits/Hybrid/Hybrid_Death00.wav,200
unit,hybrid_reaver,death,Hybrid_Death01.wav,TMG_CANDIDATES/campaigns/liberty.sc2campaign/enus.sc2assets/LocalizedData/Sounds/ProtossVO/CampaignUnits/Hybrid/Hybrid_Death01.wav,200
unit,hybrid_dominator,deploy_move,Hybrid_Ready00.ogg,TMG_CANDIDATES/campaigns/liberty.sc2campaign/enus.sc2assets/LocalizedData/Sounds/ProtossVO/CampaignUnits/Hybrid/Hybrid_Ready00.ogg,200
unit,hybrid_dominator,deploy_move,Hybrid_What00.ogg,TMG_CANDIDATES/campaigns/liberty.sc2campaign/enus.sc2assets/LocalizedData/Sounds/ProtossVO/CampaignUnits/Hybrid/Hybrid_What00.ogg,200
unit,hybrid_dominator,deploy_move,Hybrid_What01.ogg,TMG_CANDIDATES/campaigns/liberty.sc2campaign/enus.sc2assets/LocalizedData/Sounds/ProtossVO/CampaignUnits/Hybrid/Hybrid_What01.ogg,200
unit,hybrid_dominator,deploy_move,Hybrid_What02.ogg,TMG_CANDIDATES/campaigns/liberty.sc2campaign/enus.sc2assets/LocalizedData/Sounds/ProtossVO/CampaignUnits/Hybrid/Hybrid_What02.ogg,200
unit,hybrid_dominator,deploy_move,Hybrid_What03.ogg,TMG_CANDIDATES/campaigns/liberty.sc2campaign/enus.sc2assets/LocalizedData/Sounds/ProtossVO/CampaignUnits/Hybrid/Hybrid_What03.ogg,200
unit,hybrid_dominator,deploy_move,Hybrid_Yes00.ogg,TMG_CANDIDATES/campaigns/liberty.sc2campaign/enus.sc2assets/LocalizedData/Sounds/ProtossVO/CampaignUnits/Hybrid/Hybrid_Yes00.ogg,200
unit,hybrid_dominator,deploy_move,Hybrid_Yes01.ogg,TMG_CANDIDATES/campaigns/liberty.sc2campaign/enus.sc2assets/LocalizedData/Sounds/ProtossVO/CampaignUnits/Hybrid/Hybrid_Yes01.ogg,200
unit,hybrid_dominator,deploy_move,Hybrid_Yes02.ogg,TMG_CANDIDATES/campaigns/liberty.sc2campaign/enus.sc2assets/LocalizedData/Sounds/ProtossVO/CampaignUnits/Hybrid/Hybrid_Yes02.ogg,200
unit,hybrid_dominator,deploy_move,Hybrid_Yes03.ogg,TMG_CANDIDATES/campaigns/liberty.sc2campaign/enus.sc2assets/LocalizedData/Sounds/ProtossVO/CampaignUnits/Hybrid/Hybrid_Yes03.ogg,200
unit,hybrid_dominator,attack,Hybrid_Attack00.ogg,TMG_CANDIDATES/campaigns/liberty.sc2campaign/enus.sc2assets/LocalizedData/Sounds/ProtossVO/CampaignUnits/Hybrid/Hybrid_Attack00.ogg,200
unit,hybrid_dominator,attack,Hybrid_Attack01.ogg,TMG_CANDIDATES/campaigns/liberty.sc2campaign/enus.sc2assets/LocalizedData/Sounds/ProtossVO/CampaignUnits/Hybrid/Hybrid_Attack01.ogg,200
unit,hybrid_dominator,attack,Hybrid_Attack02.ogg,TMG_CANDIDATES/campaigns/liberty.sc2campaign/enus.sc2assets/LocalizedData/Sounds/ProtossVO/CampaignUnits/Hybrid/Hybrid_Attack02.ogg,200
unit,hybrid_dominator,attack,Hybrid_Attack03.ogg,TMG_CANDIDATES/campaigns/liberty.sc2campaign/enus.sc2assets/LocalizedData/Sounds/ProtossVO/CampaignUnits/Hybrid/Hybrid_Attack03.ogg,200
unit,hybrid_dominator,death,Hybrid_Death00.wav,TMG_CANDIDATES/campaigns/liberty.sc2campaign/enus.sc2assets/LocalizedData/Sounds/ProtossVO/CampaignUnits/Hybrid/Hybrid_Death00.wav,200
unit,hybrid_dominator,death,Hybrid_Death01.wav,TMG_CANDIDATES/campaigns/liberty.sc2campaign/enus.sc2assets/LocalizedData/Sounds/ProtossVO/CampaignUnits/Hybrid/Hybrid_Death01.wav,200
unit,hybrid_nemesis,deploy_move,Hybrid_Ready00.ogg,TMG_CANDIDATES/campaigns/liberty.sc2campaign/enus.sc2assets/LocalizedData/Sounds/ProtossVO/CampaignUnits/Hybrid/Hybrid_Ready00.ogg,200
unit,hybrid_nemesis,deploy_move,Hybrid_What00.ogg,TMG_CANDIDATES/campaigns/liberty.sc2campaign/enus.sc2assets/LocalizedData/Sounds/ProtossVO/CampaignUnits/Hybrid/Hybrid_What00.ogg,200
unit,hybrid_nemesis,deploy_move,Hybrid_What01.ogg,TMG_CANDIDATES/campaigns/liberty.sc2campaign/enus.sc2assets/LocalizedData/Sounds/ProtossVO/CampaignUnits/Hybrid/Hybrid_What01.ogg,200
unit,hybrid_nemesis,deploy_move,Hybrid_What02.ogg,TMG_CANDIDATES/campaigns/liberty.sc2campaign/enus.sc2assets/LocalizedData/Sounds/ProtossVO/CampaignUnits/Hybrid/Hybrid_What02.ogg,200
unit,hybrid_nemesis,deploy_move,Hybrid_What03.ogg,TMG_CANDIDATES/campaigns/liberty.sc2campaign/enus.sc2assets/LocalizedData/Sounds/ProtossVO/CampaignUnits/Hybrid/Hybrid_What03.ogg,200
unit,hybrid_nemesis,deploy_move,Hybrid_Yes00.ogg,TMG_CANDIDATES/campaigns/liberty.sc2campaign/enus.sc2assets/LocalizedData/Sounds/ProtossVO/CampaignUnits/Hybrid/Hybrid_Yes00.ogg,200
unit,hybrid_nemesis,deploy_move,Hybrid_Yes01.ogg,TMG_CANDIDATES/campaigns/liberty.sc2campaign/enus.sc2assets/LocalizedData/Sounds/ProtossVO/CampaignUnits/Hybrid/Hybrid_Yes01.ogg,200
unit,hybrid_nemesis,deploy_move,Hybrid_Yes02.ogg,TMG_CANDIDATES/campaigns/liberty.sc2campaign/enus.sc2assets/LocalizedData/Sounds/ProtossVO/CampaignUnits/Hybrid/Hybrid_Yes02.ogg,200
unit,hybrid_nemesis,deploy_move,Hybrid_Yes03.ogg,TMG_CANDIDATES/campaigns/liberty.sc2campaign/enus.sc2assets/LocalizedData/Sounds/ProtossVO/CampaignUnits/Hybrid/Hybrid_Yes03.ogg,200
unit,hybrid_nemesis,attack,Hybrid_Attack00.ogg,TMG_CANDIDATES/campaigns/liberty.sc2campaign/enus.sc2assets/LocalizedData/Sounds/ProtossVO/CampaignUnits/Hybrid/Hybrid_Attack00.ogg,200
unit,hybrid_nemesis,attack,Hybrid_Attack01.ogg,TMG_CANDIDATES/campaigns/liberty.sc2campaign/enus.sc2assets/LocalizedData/Sounds/ProtossVO/CampaignUnits/Hybrid/Hybrid_Attack01.ogg,200
unit,hybrid_nemesis,attack,Hybrid_Attack02.ogg,TMG_CANDIDATES/campaigns/liberty.sc2campaign/enus.sc2assets/LocalizedData/Sounds/ProtossVO/CampaignUnits/Hybrid/Hybrid_Attack02.ogg,200
unit,hybrid_nemesis,attack,Hybrid_Attack03.ogg,TMG_CANDIDATES/campaigns/liberty.sc2campaign/enus.sc2assets/LocalizedData/Sounds/ProtossVO/CampaignUnits/Hybrid/Hybrid_Attack03.ogg,200
unit,hybrid_nemesis,death,Hybrid_Death00.wav,TMG_CANDIDATES/campaigns/liberty.sc2campaign/enus.sc2assets/LocalizedData/Sounds/ProtossVO/CampaignUnits/Hybrid/Hybrid_Death00.wav,200
unit,hybrid_nemesis,death,Hybrid_Death01.wav,TMG_CANDIDATES/campaigns/liberty.sc2campaign/enus.sc2assets/LocalizedData/Sounds/ProtossVO/CampaignUnits/Hybrid/Hybrid_Death01.wav,200
unit,hybrid_behemoth,deploy_move,Hybrid_Ready00.ogg,TMG_CANDIDATES/campaigns/liberty.sc2campaign/enus.sc2assets/LocalizedData/Sounds/ProtossVO/CampaignUnits/Hybrid/Hybrid_Ready00.ogg,200
unit,hybrid_behemoth,deploy_move,Hybrid_What00.ogg,TMG_CANDIDATES/campaigns/liberty.sc2campaign/enus.sc2assets/LocalizedData/Sounds/ProtossVO/CampaignUnits/Hybrid/Hybrid_What00.ogg,200
unit,hybrid_behemoth,deploy_move,Hybrid_What01.ogg,TMG_CANDIDATES/campaigns/liberty.sc2campaign/enus.sc2assets/LocalizedData/Sounds/ProtossVO/CampaignUnits/Hybrid/Hybrid_What01.ogg,200
unit,hybrid_behemoth,deploy_move,Hybrid_What02.ogg,TMG_CANDIDATES/campaigns/liberty.sc2campaign/enus.sc2assets/LocalizedData/Sounds/ProtossVO/CampaignUnits/Hybrid/Hybrid_What02.ogg,200
unit,hybrid_behemoth,deploy_move,Hybrid_What03.ogg,TMG_CANDIDATES/campaigns/liberty.sc2campaign/enus.sc2assets/LocalizedData/Sounds/ProtossVO/CampaignUnits/Hybrid/Hybrid_What03.ogg,200
unit,hybrid_behemoth,deploy_move,Hybrid_Yes00.ogg,TMG_CANDIDATES/campaigns/liberty.sc2campaign/enus.sc2assets/LocalizedData/Sounds/ProtossVO/CampaignUnits/Hybrid/Hybrid_Yes00.ogg,200
unit,hybrid_behemoth,deploy_move,Hybrid_Yes01.ogg,TMG_CANDIDATES/campaigns/liberty.sc2campaign/enus.sc2assets/LocalizedData/Sounds/ProtossVO/CampaignUnits/Hybrid/Hybrid_Yes01.ogg,200
unit,hybrid_behemoth,deploy_move,Hybrid_Yes02.ogg,TMG_CANDIDATES/campaigns/liberty.sc2campaign/enus.sc2assets/LocalizedData/Sounds/ProtossVO/CampaignUnits/Hybrid/Hybrid_Yes02.ogg,200
unit,hybrid_behemoth,deploy_move,Hybrid_Yes03.ogg,TMG_CANDIDATES/campaigns/liberty.sc2campaign/enus.sc2assets/LocalizedData/Sounds/ProtossVO/CampaignUnits/Hybrid/Hybrid_Yes03.ogg,200
unit,hybrid_behemoth,attack,Hybrid_Attack00.ogg,TMG_CANDIDATES/campaigns/liberty.sc2campaign/enus.sc2assets/LocalizedData/Sounds/ProtossVO/CampaignUnits/Hybrid/Hybrid_Attack00.ogg,200
unit,hybrid_behemoth,attack,Hybrid_Attack01.ogg,TMG_CANDIDATES/campaigns/liberty.sc2campaign/enus.sc2assets/LocalizedData/Sounds/ProtossVO/CampaignUnits/Hybrid/Hybrid_Attack01.ogg,200
unit,hybrid_behemoth,attack,Hybrid_Attack02.ogg,TMG_CANDIDATES/campaigns/liberty.sc2campaign/enus.sc2assets/LocalizedData/Sounds/ProtossVO/CampaignUnits/Hybrid/Hybrid_Attack02.ogg,200
unit,hybrid_behemoth,attack,Hybrid_Attack03.ogg,TMG_CANDIDATES/campaigns/liberty.sc2campaign/enus.sc2assets/LocalizedData/Sounds/ProtossVO/CampaignUnits/Hybrid/Hybrid_Attack03.ogg,200
unit,hybrid_behemoth,death,Hybrid_Death00.wav,TMG_CANDIDATES/campaigns/liberty.sc2campaign/enus.sc2assets/LocalizedData/Sounds/ProtossVO/CampaignUnits/Hybrid/Hybrid_Death00.wav,200
unit,hybrid_behemoth,death,Hybrid_Death01.wav,TMG_CANDIDATES/campaigns/liberty.sc2campaign/enus.sc2assets/LocalizedData/Sounds/ProtossVO/CampaignUnits/Hybrid/Hybrid_Death01.wav,200
unit,hybrid_maar,deploy_move,Hybrid_Ready00.ogg,TMG_CANDIDATES/campaigns/liberty.sc2campaign/enus.sc2assets/LocalizedData/Sounds/ProtossVO/CampaignUnits/Hybrid/Hybrid_Ready00.ogg,200
unit,hybrid_maar,deploy_move,Hybrid_What00.ogg,TMG_CANDIDATES/campaigns/liberty.sc2campaign/enus.sc2assets/LocalizedData/Sounds/ProtossVO/CampaignUnits/Hybrid/Hybrid_What00.ogg,200
unit,hybrid_maar,deploy_move,Hybrid_What01.ogg,TMG_CANDIDATES/campaigns/liberty.sc2campaign/enus.sc2assets/LocalizedData/Sounds/ProtossVO/CampaignUnits/Hybrid/Hybrid_What01.ogg,200
unit,hybrid_maar,deploy_move,Hybrid_What02.ogg,TMG_CANDIDATES/campaigns/liberty.sc2campaign/enus.sc2assets/LocalizedData/Sounds/ProtossVO/CampaignUnits/Hybrid/Hybrid_What02.ogg,200
unit,hybrid_maar,deploy_move,Hybrid_What03.ogg,TMG_CANDIDATES/campaigns/liberty.sc2campaign/enus.sc2assets/LocalizedData/Sounds/ProtossVO/CampaignUnits/Hybrid/Hybrid_What03.ogg,200
unit,hybrid_maar,deploy_move,Hybrid_Yes00.ogg,TMG_CANDIDATES/campaigns/liberty.sc2campaign/enus.sc2assets/LocalizedData/Sounds/ProtossVO/CampaignUnits/Hybrid/Hybrid_Yes00.ogg,200
unit,hybrid_maar,deploy_move,Hybrid_Yes01.ogg,TMG_CANDIDATES/campaigns/liberty.sc2campaign/enus.sc2assets/LocalizedData/Sounds/ProtossVO/CampaignUnits/Hybrid/Hybrid_Yes01.ogg,200
unit,hybrid_maar,deploy_move,Hybrid_Yes02.ogg,TMG_CANDIDATES/campaigns/liberty.sc2campaign/enus.sc2assets/LocalizedData/Sounds/ProtossVO/CampaignUnits/Hybrid/Hybrid_Yes02.ogg,200
unit,hybrid_maar,deploy_move,Hybrid_Yes03.ogg,TMG_CANDIDATES/campaigns/liberty.sc2campaign/enus.sc2assets/LocalizedData/Sounds/ProtossVO/CampaignUnits/Hybrid/Hybrid_Yes03.ogg,200
unit,hybrid_maar,attack,Hybrid_Attack00.ogg,TMG_CANDIDATES/campaigns/liberty.sc2campaign/enus.sc2assets/LocalizedData/Sounds/ProtossVO/CampaignUnits/Hybrid/Hybrid_Attack00.ogg,200
unit,hybrid_maar,attack,Hybrid_Attack01.ogg,TMG_CANDIDATES/campaigns/liberty.sc2campaign/enus.sc2assets/LocalizedData/Sounds/ProtossVO/CampaignUnits/Hybrid/Hybrid_Attack01.ogg,200
unit,hybrid_maar,attack,Hybrid_Attack02.ogg,TMG_CANDIDATES/campaigns/liberty.sc2campaign/enus.sc2assets/LocalizedData/Sounds/ProtossVO/CampaignUnits/Hybrid/Hybrid_Attack02.ogg,200
unit,hybrid_maar,attack,Hybrid_Attack03.ogg,TMG_CANDIDATES/campaigns/liberty.sc2campaign/enus.sc2assets/LocalizedData/Sounds/ProtossVO/CampaignUnits/Hybrid/Hybrid_Attack03.ogg,200
unit,hybrid_maar,death,Hybrid_Death00.wav,TMG_CANDIDATES/campaigns/liberty.sc2campaign/enus.sc2assets/LocalizedData/Sounds/ProtossVO/CampaignUnits/Hybrid/Hybrid_Death00.wav,200
unit,hybrid_maar,death,Hybrid_Death01.wav,TMG_CANDIDATES/campaigns/liberty.sc2campaign/enus.sc2assets/LocalizedData/Sounds/ProtossVO/CampaignUnits/Hybrid/Hybrid_Death01.wav,200
building,command_center,tap,CommandCenter_What.ogg,TMG_CANDIDATES/mods/liberty.sc2mod/base.sc2assets/Assets/Sounds/Terran/CommandCenter/CommandCenter_What.ogg,285
building,orbital_command,tap,OrbitalCommand_What.ogg,TMG_CANDIDATES/mods/liberty.sc2mod/base.sc2assets/Assets/Sounds/Terran/OrbitalCommand/OrbitalCommand_What.ogg,285
building,planetary_fortress,tap,PlanetaryFortress_What.ogg,TMG_CANDIDATES/mods/liberty.sc2mod/base.sc2assets/Assets/Sounds/Terran/PlanetaryFortress/PlanetaryFortress_What.ogg,285
building,supply_depot,tap,SupplyDepot_What.ogg,TMG_CANDIDATES/mods/liberty.sc2mod/base.sc2assets/Assets/Sounds/Terran/SupplyDepot/SupplyDepot_What.ogg,285
building,refinery,tap,Refinery_What.ogg,TMG_CANDIDATES/mods/liberty.sc2mod/base.sc2assets/Assets/Sounds/Terran/Refinery/Refinery_What.ogg,285
building,barracks,tap,Barracks_What.ogg,TMG_CANDIDATES/mods/liberty.sc2mod/base.sc2assets/Assets/Sounds/Terran/Barracks/Barracks_What.ogg,285
building,engineering_bay,tap,EngineeringBay_What.ogg,TMG_CANDIDATES/mods/liberty.sc2mod/base.sc2assets/Assets/Sounds/Terran/EngineeringBay/EngineeringBay_What.ogg,285
building,bunker,tap,Bunker_What.ogg,TMG_CANDIDATES/mods/liberty.sc2mod/base.sc2assets/Assets/Sounds/Terran/Bunker/Bunker_What.ogg,285
building,missile_turret,tap,MissileTurret_What.ogg,TMG_CANDIDATES/mods/liberty.sc2mod/base.sc2assets/Assets/Sounds/Terran/MissileTurret/MissileTurret_What.ogg,285
building,sensor_tower,tap,SensorTower_What.ogg,TMG_CANDIDATES/mods/liberty.sc2mod/base.sc2assets/Assets/Sounds/Terran/SensorTower/SensorTower_What.ogg,285
building,factory,tap,Factory_What.ogg,TMG_CANDIDATES/mods/liberty.sc2mod/base.sc2assets/Assets/Sounds/Terran/Factory/Factory_What.ogg,285
building,starport,tap,Starport_What.ogg,TMG_CANDIDATES/mods/liberty.sc2mod/base.sc2assets/Assets/Sounds/Terran/Starport/Starport_What.ogg,285
building,armory,tap,Armory_What.ogg,TMG_CANDIDATES/mods/liberty.sc2mod/base.sc2assets/Assets/Sounds/Terran/Armory/Armory_What.ogg,285
building,fusion_core,tap,FusionCore_What.ogg,TMG_CANDIDATES/mods/liberty.sc2mod/base.sc2assets/Assets/Sounds/Terran/FusionCore/FusionCore_What.ogg,285
building,tech_lab,tap,TechLab_What.ogg,TMG_CANDIDATES/mods/liberty.sc2mod/base.sc2assets/Assets/Sounds/Terran/TechLab/TechLab_What.ogg,285
building,reactor,tap,Reactor_What.ogg,TMG_CANDIDATES/mods/liberty.sc2mod/base.sc2assets/Assets/Sounds/Terran/Reactor/Reactor_What.ogg,285
building,nexus,tap,Nexus_What0.wav,TMG_CANDIDATES/mods/liberty.sc2mod/base.sc2assets/Assets/Sounds/Protoss/Nexus/Nexus_What0.wav,285
building,pylon,tap,Pylon_What.ogg,TMG_CANDIDATES/mods/liberty.sc2mod/base.sc2assets/Assets/Sounds/Protoss/Pylon/Pylon_What.ogg,285
building,assimilator,tap,Assimilator_What.ogg,TMG_CANDIDATES/mods/liberty.sc2mod/base.sc2assets/Assets/Sounds/Protoss/Assimilator/Assimilator_What.ogg,285
building,gateway,tap,Gateway_What.ogg,TMG_CANDIDATES/mods/liberty.sc2mod/base.sc2assets/Assets/Sounds/Protoss/Gateway/Gateway_What.ogg,285
building,warp_gate,tap,WarpGate_What.ogg,TMG_CANDIDATES/mods/liberty.sc2mod/base.sc2assets/Assets/Sounds/Protoss/WarpGate/WarpGate_What.ogg,285
building,forge,tap,Forge_What.ogg,TMG_CANDIDATES/mods/liberty.sc2mod/base.sc2assets/Assets/Sounds/Protoss/Forge/Forge_What.ogg,285
building,cybernetics_core,tap,CyberneticsCore_What.ogg,TMG_CANDIDATES/mods/liberty.sc2mod/base.sc2assets/Assets/Sounds/Protoss/CyberneticsCore/CyberneticsCore_What.ogg,285
building,photon_cannon,tap,PhotonCannon_What.ogg,TMG_CANDIDATES/mods/liberty.sc2mod/base.sc2assets/Assets/Sounds/Protoss/PhotonCannon/PhotonCannon_What.ogg,285
building,shield_battery,tap,ShieldBattery_What.wav,TMG_CANDIDATES/mods/liberty.sc2mod/base.sc2assets/Assets/Sounds/ShieldBattery_What.wav,185
building,twilight_council,tap,TwilightCouncil_What.ogg,TMG_CANDIDATES/mods/liberty.sc2mod/base.sc2assets/Assets/Sounds/Protoss/TwilightCouncil/TwilightCouncil_What.ogg,285
building,templar_archives,tap,TemplarArchives_What.ogg,TMG_CANDIDATES/mods/liberty.sc2mod/base.sc2assets/Assets/Sounds/Protoss/TemplarArchives/TemplarArchives_What.ogg,285
building,dark_shrine,tap,DarkShrine_What.ogg,TMG_CANDIDATES/mods/liberty.sc2mod/base.sc2assets/Assets/Sounds/Protoss/DarkShrine/DarkShrine_What.ogg,285
building,robotics_facility,tap,RoboticsFacility_What.ogg,TMG_CANDIDATES/mods/liberty.sc2mod/base.sc2assets/Assets/Sounds/Protoss/RoboticsFacility/RoboticsFacility_What.ogg,285
building,robotics_bay,tap,RoboticsBay_What.ogg,TMG_CANDIDATES/mods/liberty.sc2mod/base.sc2assets/Assets/Sounds/Protoss/RoboticsBay/RoboticsBay_What.ogg,285
building,stargate,tap,Stargate_What.ogg,TMG_CANDIDATES/mods/liberty.sc2mod/base.sc2assets/Assets/Sounds/Protoss/Stargate/Stargate_What.ogg,285
building,fleet_beacon,tap,FleetBeacon_What.ogg,TMG_CANDIDATES/mods/liberty.sc2mod/base.sc2assets/Assets/Sounds/Protoss/FleetBeacon/FleetBeacon_What.ogg,285
building,hatchery,tap,Hatchery_What0.ogg,TMG_CANDIDATES/mods/liberty.sc2mod/base.sc2assets/Assets/Sounds/Zerg/Hatchery/Hatchery_What0.ogg,285
building,lair,tap,Lair_What0.ogg,TMG_CANDIDATES/mods/liberty.sc2mod/base.sc2assets/Assets/Sounds/Zerg/Lair/Lair_What0.ogg,285
building,hive,tap,Hive_What0.ogg,TMG_CANDIDATES/mods/liberty.sc2mod/base.sc2assets/Assets/Sounds/Zerg/Hive/Hive_What0.ogg,285
building,extractor,tap,Extractor_What0.ogg,TMG_CANDIDATES/mods/liberty.sc2mod/base.sc2assets/Assets/Sounds/Zerg/Extractor/Extractor_What0.ogg,285
building,spawning_pool,tap,SpawningPool_What0.ogg,TMG_CANDIDATES/mods/liberty.sc2mod/base.sc2assets/Assets/Sounds/Zerg/SpawningPool/SpawningPool_What0.ogg,285
building,evolution_chamber,tap,EvolutionChamber_What0.ogg,TMG_CANDIDATES/mods/liberty.sc2mod/base.sc2assets/Assets/Sounds/Zerg/EvolutionChamber/EvolutionChamber_What0.ogg,285
building,roach_warren,tap,RoachWarren_What0.ogg,TMG_CANDIDATES/mods/liberty.sc2mod/base.sc2assets/Assets/Sounds/Zerg/RoachWarren/RoachWarren_What0.ogg,285
building,baneling_nest,tap,BanelingNest_What0.ogg,TMG_CANDIDATES/mods/liberty.sc2mod/base.sc2assets/Assets/Sounds/Zerg/BanelingNest/BanelingNest_What0.ogg,285
building,spine_crawler,tap,SpineCrawler_What10.ogg,TMG_CANDIDATES/mods/liberty.sc2mod/base.sc2assets/Assets/Sounds/Zerg/SpineCrawler/SpineCrawler_What10.ogg,285
building,spore_crawler,tap,SporeCrawler_What7.ogg,TMG_CANDIDATES/mods/liberty.sc2mod/base.sc2assets/Assets/Sounds/Zerg/SporeCrawler/SporeCrawler_What7.ogg,285
building,hydralisk_den,tap,HydraliskDen_What0.ogg,TMG_CANDIDATES/mods/liberty.sc2mod/base.sc2assets/Assets/Sounds/Zerg/HydraliskDen/HydraliskDen_What0.ogg,285
building,lurker_den,tap,LurkerDen_What0.ogg,TMG_CANDIDATES/mods/liberty.sc2mod/base.sc2assets/Assets/Sounds/Zerg/LurkerDen/LurkerDen_What0.ogg,285
building,infestation_pit,tap,InfestationPit_What0.ogg,TMG_CANDIDATES/mods/liberty.sc2mod/base.sc2assets/Assets/Sounds/Zerg/InfestationPit/InfestationPit_What0.ogg,285
building,spire,tap,Spire_What0.ogg,TMG_CANDIDATES/mods/liberty.sc2mod/base.sc2assets/Assets/Sounds/Zerg/Spire/Spire_What0.ogg,285
building,greater_spire,tap,GreaterSpire_What0.ogg,TMG_CANDIDATES/mods/liberty.sc2mod/base.sc2assets/Assets/Sounds/Zerg/GreaterSpire/GreaterSpire_What0.ogg,285
building,nydus_network,tap,NydusNetwork_What0.ogg,TMG_CANDIDATES/mods/liberty.sc2mod/base.sc2assets/Assets/Sounds/Zerg/NydusNetwork/NydusNetwork_What0.ogg,285
building,nydus_worm,tap,NydusWorm_What4.ogg,TMG_CANDIDATES/mods/liberty.sc2mod/base.sc2assets/Assets/Sounds/Zerg/NydusWorm/NydusWorm_What4.ogg,285
building,ultralisk_cavern,tap,UltraliskCavern_What0.ogg,TMG_CANDIDATES/mods/liberty.sc2mod/base.sc2assets/Assets/Sounds/Zerg/UltraliskCavern/UltraliskCavern_What0.ogg,285
building,omega_worm,tap,NydusWorm_What4.ogg,TMG_CANDIDATES/mods/liberty.sc2mod/base.sc2assets/Assets/Sounds/Zerg/NydusWorm/NydusWorm_What4.ogg,285
