asset_path,display_label,source,category
audio/classic/units/arbiter/chatter/pabPss00__3a87a25641.wav,We sense a sore in search of answers.,SC1/BW • VERIFIED DIALOGUE,PORTRAIT / VOICE
audio/classic/units/arbiter/chatter/pabPss01__e608bab11a.wav,Do you seek knowledge of time travel?,SC1/BW • VERIFIED DIALOGUE,PORTRAIT / VOICE
audio/classic/units/arbiter/chatter/pabPss02__ef3dbc7e79.wav,We'll take that as a yes.,SC1/BW • VERIFIED DIALOGUE,PORTRAIT / VOICE
audio/classic/units/arbiter/chatter/pabPss03__7b72d687fa.wav,And now for your first lesson.,SC1/BW • VERIFIED DIALOGUE,PORTRAIT / VOICE
audio/classic/units/arbiter/chatter/pabPss04__2df8693246.wav,Annoyed / repeated selection 05,SC1/BW,PORTRAIT / VOICE
audio/classic/units/arbiter/death/pabDth00__7843d04f47.wav,Death voice 01,SC1/BW,DEATH VO
audio/classic/units/arbiter/move/pabRdy00__3b458a97a0.wav,Warfield Stabilized,SC1/BW • VERIFIED DIALOGUE,MOVE / ACTIVATE VO
audio/classic/units/arbiter/move/pabWht00__846a0ca39a.wav,We feel your presence.,SC1/BW • VERIFIED DIALOGUE,MOVE / ACTIVATE VO
audio/classic/units/arbiter/move/pabWht01__c518a18c8c.wav,Selection response 02,SC1/BW,MOVE / ACTIVATE VO
audio/classic/units/arbiter/move/pabWht02__a06121fb08.wav,Selection response 03,SC1/BW,MOVE / ACTIVATE VO
audio/classic/units/arbiter/move/pabWht03__a566c8b0d3.wav,We are vigilant.,SC1/BW • VERIFIED DIALOGUE,MOVE / ACTIVATE VO
audio/classic/units/arbiter/move/pabYes00__01aeebc63b.wav,Move / order response 01,SC1/BW,MOVE / ACTIVATE VO
audio/classic/units/arbiter/move/pabYes01__a874575c21.wav,Move / order response 02,SC1/BW,MOVE / ACTIVATE VO
audio/classic/units/arbiter/move/pabYes02__c1e6e2e4c0.wav,Move / order response 03,SC1/BW,MOVE / ACTIVATE VO
audio/classic/units/archon/attack/alias_archon_parYes00__6a07e6d591.wav,DESTROY!,SC1/BW • VERIFIED DIALOGUE,ATTACK VO
audio/classic/units/archon/attack/alias_archon_parYes01__e0f774c799.wav,Annihilate!,SC1/BW • VERIFIED DIALOGUE,ATTACK VO
audio/classic/units/archon/attack/alias_archon_parYes02__bdcdd3b085.wav,Attack voice 03,SC1/BW,ATTACK VO
audio/classic/units/archon/chatter/parPss00__e54af3e059.wav,It all looks so different on this side!,SC1/BW • VERIFIED DIALOGUE,PORTRAIT / VOICE
audio/classic/units/archon/chatter/parPss01__d301a9da92.wav,Break all through,SC1/BW • VERIFIED DIALOGUE,PORTRAIT / VOICE
audio/classic/units/archon/chatter/parPss02__6d372bd9d9.wav,It's beautiful!,SC1/BW • VERIFIED DIALOGUE,PORTRAIT / VOICE
audio/classic/units/archon/chatter/parPss03__1882f612b4.wav,Annoyed / repeated selection 04,SC1/BW,PORTRAIT / VOICE
audio/classic/units/archon/death/parDth00__95ab99cfd2.wav,Death voice 01,SC1/BW,DEATH VO
audio/classic/units/archon/move/parRdy00__d4642a4d1e.wav,The merging is complete!,SC1/BW • VERIFIED DIALOGUE,MOVE / ACTIVATE VO
audio/classic/units/archon/move/parWht00__f79f1c105b.wav,Selection response 01,SC1/BW,MOVE / ACTIVATE VO
audio/classic/units/archon/move/parWht01__a4fbacb108.wav,Selection response 02,SC1/BW,MOVE / ACTIVATE VO
audio/classic/units/archon/move/parWht02__e8df06a915.wav,Selection response 03,SC1/BW,MOVE / ACTIVATE VO
audio/classic/units/archon/move/parWht03__77e20e01cb.wav,Power overwhelming.,SC1/BW • VERIFIED DIALOGUE,MOVE / ACTIVATE VO
audio/classic/units/archon/move/parYes00__6a07e6d591.wav,DESTROY!,SC1/BW • VERIFIED DIALOGUE,MOVE / ACTIVATE VO
audio/classic/units/archon/move/parYes01__e0f774c799.wav,Annihilate!,SC1/BW • VERIFIED DIALOGUE,MOVE / ACTIVATE VO
audio/classic/units/archon/move/parYes02__bdcdd3b085.wav,Move / order response 03,SC1/BW,MOVE / ACTIVATE VO
audio/classic/units/archon/move/parYes03__761c0f945c.wav,ARADICATE!,SC1/BW • VERIFIED DIALOGUE,MOVE / ACTIVATE VO
audio/classic/units/battlecruiser/attack/alias_battlecruiser_tbayes00__db7111430a.wav,Make it happen.,SC1/BW • VERIFIED DIALOGUE,ATTACK VO
audio/classic/units/battlecruiser/attack/alias_battlecruiser_tbayes01__5db16f3048.wav,Set a course.,SC1/BW • VERIFIED DIALOGUE,ATTACK VO
audio/classic/units/battlecruiser/attack/alias_battlecruiser_tbayes03__c0090362cb.wav,in the cage.,SC1/BW • VERIFIED DIALOGUE,ATTACK VO
audio/classic/units/battlecruiser/chatter/tbapss00__974de5d9dd.wav,Identify yourself.,SC1/BW • VERIFIED DIALOGUE,PORTRAIT / VOICE
audio/classic/units/battlecruiser/chatter/tbapss01__873def5cbf.wav,"Shields up, weapons online.",SC1/BW • VERIFIED DIALOGUE,PORTRAIT / VOICE
audio/classic/units/battlecruiser/chatter/tbapss02__7127020697.wav,Another grip with shields. Well then buckle up!,SC1/BW • VERIFIED DIALOGUE,PORTRAIT / VOICE
audio/classic/units/battlecruiser/chatter/tbapss03__68a383f9f2.wav,We are getting way behind schedule.,SC1/BW • VERIFIED DIALOGUE,PORTRAIT / VOICE
audio/classic/units/battlecruiser/chatter/tbapss04__da793ec77c.wav,I really have to go. Number one.,SC1/BW • VERIFIED DIALOGUE,PORTRAIT / VOICE
audio/classic/units/battlecruiser/death/TBaDth00__e821c44b12.wav,Death voice 01,SC1/BW,DEATH VO
audio/classic/units/battlecruiser/move/tbardy00__19e75fcf8a.wav,Battle Cruiser operational,SC1/BW • VERIFIED DIALOGUE,MOVE / ACTIVATE VO
audio/classic/units/battlecruiser/move/tbawht00__4f0bea6466.wav,All crews reporting.,SC1/BW • VERIFIED DIALOGUE,MOVE / ACTIVATE VO
audio/classic/units/battlecruiser/move/tbawht01__055724e5d9.wav,Receiving transmission.,SC1/BW • VERIFIED DIALOGUE,MOVE / ACTIVATE VO
audio/classic/units/battlecruiser/move/tbawht02__fc4da6e9ef.wav,"Good day, Commander.",SC1/BW • VERIFIED DIALOGUE,MOVE / ACTIVATE VO
audio/classic/units/battlecruiser/move/tbawht03__04659d6154.wav,Healing frequency is open.,SC1/BW • VERIFIED DIALOGUE,MOVE / ACTIVATE VO
audio/classic/units/battlecruiser/move/tbayes00__db7111430a.wav,Make it happen.,SC1/BW • VERIFIED DIALOGUE,MOVE / ACTIVATE VO
audio/classic/units/battlecruiser/move/tbayes01__5db16f3048.wav,Set a course.,SC1/BW • VERIFIED DIALOGUE,MOVE / ACTIVATE VO
audio/classic/units/battlecruiser/move/tbayes02__e5bcb0a499.wav,Take it slow.,SC1/BW • VERIFIED DIALOGUE,MOVE / ACTIVATE VO
audio/classic/units/battlecruiser/move/tbayes03__c0090362cb.wav,in the cage.,SC1/BW • VERIFIED DIALOGUE,MOVE / ACTIVATE VO
audio/classic/units/broodling/chatter/ZBrPss00__4fecf538a7.wav,Annoyed / repeated selection 01,SC1/BW,PORTRAIT / VOICE
audio/classic/units/broodling/chatter/ZBrPss01__25c9eb30a2.wav,Annoyed / repeated selection 02,SC1/BW,PORTRAIT / VOICE
audio/classic/units/broodling/chatter/ZBrPss02__e6193c6c90.wav,Annoyed / repeated selection 03,SC1/BW,PORTRAIT / VOICE
audio/classic/units/broodling/chatter/ZBrPss03__2de100fa5f.wav,Annoyed / repeated selection 04,SC1/BW,PORTRAIT / VOICE
audio/classic/units/broodling/death/ZBrDth00__49ae422304.wav,Death voice 01,SC1/BW,DEATH VO
audio/classic/units/broodling/move/ZBrRdy00__fe3a98da2c.wav,Ready / selection 01,SC1/BW,MOVE / ACTIVATE VO
audio/classic/units/broodling/move/ZBrWht00__36d776f212.wav,Selection response 01,SC1/BW,MOVE / ACTIVATE VO
audio/classic/units/broodling/move/ZBrWht01__4ca4409651.wav,Selection response 02,SC1/BW,MOVE / ACTIVATE VO
audio/classic/units/broodling/move/ZBrWht02__380516d89e.wav,Selection response 03,SC1/BW,MOVE / ACTIVATE VO
audio/classic/units/broodling/move/ZBrWht03__63cc54ad16.wav,Selection response 04,SC1/BW,MOVE / ACTIVATE VO
audio/classic/units/broodling/move/ZBrYes00__0fb3f1e6be.wav,Move / order response 01,SC1/BW,MOVE / ACTIVATE VO
audio/classic/units/broodling/move/ZBrYes01__919b535db3.wav,Move / order response 02,SC1/BW,MOVE / ACTIVATE VO
audio/classic/units/broodling/move/ZBrYes02__84fded4a1c.wav,Move / order response 03,SC1/BW,MOVE / ACTIVATE VO
audio/classic/units/broodling/move/ZBrYes03__47ee79e6a9.wav,Move / order response 04,SC1/BW,MOVE / ACTIVATE VO
audio/classic/units/carrier/attack/alias_carrier_PCaYes00__02d852703e.wav,Attack voice 01,SC1/BW,ATTACK VO
audio/classic/units/carrier/attack/alias_carrier_PCaYes03__f265c363a4.wav,Affirmative!,SC1/BW • VERIFIED DIALOGUE,ATTACK VO
audio/classic/units/carrier/chatter/PCaPss00__03350c42e7.wav,Our enemies are legion!,SC1/BW • VERIFIED DIALOGUE,PORTRAIT / VOICE
audio/classic/units/carrier/chatter/PCaPss01__6bb7096318.wav,And still you procrastinate!,SC1/BW • VERIFIED DIALOGUE,PORTRAIT / VOICE
audio/classic/units/carrier/chatter/PCaPss02__9d9319bccc.wav,Command or you will be relieved!,SC1/BW • VERIFIED DIALOGUE,PORTRAIT / VOICE
audio/classic/units/carrier/chatter/PCaPss03__76db57eb7d.wav,This is not an idle threat!,SC1/BW • VERIFIED DIALOGUE,PORTRAIT / VOICE
audio/classic/units/carrier/death/PCaDth00__5d94859008.wav,Death voice 01,SC1/BW • DESCRIPTIVE NONVERBAL,DEATH VO
audio/classic/units/carrier/death/pcaDth01__d7ae355332.wav,Death voice 02,SC1/BW • DESCRIPTIVE NONVERBAL,DEATH VO
audio/classic/units/carrier/move/PCaWht00__ba072e0e18.wav,Instructions.,SC1/BW • VERIFIED DIALOGUE,MOVE / ACTIVATE VO
audio/classic/units/carrier/move/PCaWht01__c04bd32a6c.wav,Your command.,SC1/BW • VERIFIED DIALOGUE,MOVE / ACTIVATE VO
audio/classic/units/carrier/move/PCaWht02__aa623b6d57.wav,Selection response 03,SC1/BW,MOVE / ACTIVATE VO
audio/classic/units/carrier/move/PCaWht03__eaf99fc34b.wav,Selection response 04,SC1/BW,MOVE / ACTIVATE VO
audio/classic/units/carrier/move/PCaYes00__02d852703e.wav,Move / order response 01,SC1/BW,MOVE / ACTIVATE VO
audio/classic/units/carrier/move/PCaYes01__a75980d3a4.wav,Move / order response 02,SC1/BW,MOVE / ACTIVATE VO
audio/classic/units/carrier/move/PCaYes02__308b5c3e82.wav,Move / order response 03,SC1/BW,MOVE / ACTIVATE VO
audio/classic/units/carrier/move/PCaYes03__f265c363a4.wav,Affirmative!,SC1/BW • VERIFIED DIALOGUE,MOVE / ACTIVATE VO
audio/classic/units/carrier/move/pcaRdy00__74d72d3475.wav,Carrier has arrived!,SC1/BW • VERIFIED DIALOGUE,MOVE / ACTIVATE VO
audio/classic/units/civilian/chatter/TCVPss04__f087dee755.wav,Annoyed / repeated selection 05,SC1/BW,PORTRAIT / VOICE
audio/classic/units/civilian/chatter/TCvPss00__8668df6b14.wav,Annoyed / repeated selection 01,SC1/BW,PORTRAIT / VOICE
audio/classic/units/civilian/chatter/TCvPss01__61482ff360.wav,Annoyed / repeated selection 02,SC1/BW,PORTRAIT / VOICE
audio/classic/units/civilian/chatter/TCvPss02__e01445d10c.wav,Annoyed / repeated selection 03,SC1/BW,PORTRAIT / VOICE
audio/classic/units/civilian/chatter/TCvPss03__aa920b95a8.wav,Annoyed / repeated selection 04,SC1/BW,PORTRAIT / VOICE
audio/classic/units/civilian/death/TCvDth00__0df76751da.wav,Death voice 01,SC1/BW,DEATH VO
audio/classic/units/civilian/move/TCVRdy00__52ecc2d26f.wav,Ready / selection 01,SC1/BW,MOVE / ACTIVATE VO
audio/classic/units/civilian/move/TCVYes04__70a283497e.wav,Move / order response 05,SC1/BW,MOVE / ACTIVATE VO
audio/classic/units/civilian/move/TCvWht00__90aedf3768.wav,Selection response 01,SC1/BW,MOVE / ACTIVATE VO
audio/classic/units/civilian/move/TCvWht01__4e10cb74b0.wav,Selection response 02,SC1/BW,MOVE / ACTIVATE VO
audio/classic/units/civilian/move/TCvWht02__d16795eae4.wav,Selection response 03,SC1/BW,MOVE / ACTIVATE VO
audio/classic/units/civilian/move/TCvWht03__9a89a5efd2.wav,Selection response 04,SC1/BW,MOVE / ACTIVATE VO
audio/classic/units/civilian/move/TCvYes00__4f35126a2d.wav,Move / order response 01,SC1/BW,MOVE / ACTIVATE VO
audio/classic/units/civilian/move/TCvYes01__5a742d375d.wav,Move / order response 02,SC1/BW,MOVE / ACTIVATE VO
audio/classic/units/civilian/move/TCvYes02__07bcddda6a.wav,Move / order response 03,SC1/BW,MOVE / ACTIVATE VO
audio/classic/units/civilian/move/TCvYes03__8644a6cd29.wav,Move / order response 04,SC1/BW,MOVE / ACTIVATE VO
audio/classic/units/dark_templar/attack/alias_dark_templar_PDTYes00__337588aac7.wav,Attack voice 01,SC1/BW,ATTACK VO
audio/classic/units/dark_templar/attack/alias_dark_templar_PDTYes01__c77ed3b1d2.wav,Attack voice 02,SC1/BW,ATTACK VO
audio/classic/units/dark_templar/attack/alias_dark_templar_PDTYes02__49218af61c.wav,So be it.,SC1/BW • VERIFIED DIALOGUE,ATTACK VO
audio/classic/units/dark_templar/attack/alias_dark_templar_PDTYes03__61fb114366.wav,Very well.,SC1/BW • VERIFIED DIALOGUE,ATTACK VO
audio/classic/units/dark_templar/chatter/PDTPss00__1a7a802d15.wav,Your tonser ill-advised Templar!,SC1/BW • VERIFIED DIALOGUE,PORTRAIT / VOICE
audio/classic/units/dark_templar/chatter/PDTPss01__65dcc6bcb8.wav,Do not provoke me to violence.,SC1/BW • VERIFIED DIALOGUE,PORTRAIT / VOICE
audio/classic/units/dark_templar/chatter/PDTPss02__c6dc438540.wav,You can no more evade my wrath!,SC1/BW • VERIFIED DIALOGUE,PORTRAIT / VOICE
audio/classic/units/dark_templar/chatter/PDTPss03__e410532953.wav,Then you quit your own shadow.,SC1/BW • VERIFIED DIALOGUE,PORTRAIT / VOICE
audio/classic/units/dark_templar/death/PDTDth00__7a5545dba5.wav,Death voice 01,SC1/BW,DEATH VO
audio/classic/units/dark_templar/move/PDTWht00__57308f1d91.wav,Yes.,SC1/BW • VERIFIED DIALOGUE,MOVE / ACTIVATE VO
audio/classic/units/dark_templar/move/PDTWht01__6c67ec8f59.wav,Selection response 02,SC1/BW,MOVE / ACTIVATE VO
audio/classic/units/dark_templar/move/PDTWht02__746ada3a85.wav,I'm waiting.,SC1/BW • VERIFIED DIALOGUE,MOVE / ACTIVATE VO
audio/classic/units/dark_templar/move/PDTWht03__3672df3745.wav,Selection response 04,SC1/BW,MOVE / ACTIVATE VO
audio/classic/units/dark_templar/move/PDTYes00__337588aac7.wav,Move / order response 01,SC1/BW,MOVE / ACTIVATE VO
audio/classic/units/dark_templar/move/PDTYes01__c77ed3b1d2.wav,Move / order response 02,SC1/BW,MOVE / ACTIVATE VO
audio/classic/units/dark_templar/move/PDTYes02__49218af61c.wav,So be it.,SC1/BW • VERIFIED DIALOGUE,MOVE / ACTIVATE VO
audio/classic/units/dark_templar/move/PDTYes03__61fb114366.wav,Very well.,SC1/BW • VERIFIED DIALOGUE,MOVE / ACTIVATE VO
audio/classic/units/defiler/chatter/ZDePss03__51e101b960.wav,Defiler selection vocalization,SC1/BW • DESCRIPTIVE NONVERBAL,PORTRAIT / VOICE
audio/classic/units/defiler/chatter/zdePss00__d064a7c1d0.wav,Defiler selection vocalization,SC1/BW • DESCRIPTIVE NONVERBAL,PORTRAIT / VOICE
audio/classic/units/defiler/chatter/zdePss01__fb1d1d6ca7.wav,Defiler selection vocalization,SC1/BW • DESCRIPTIVE NONVERBAL,PORTRAIT / VOICE
audio/classic/units/defiler/chatter/zdePss02__031375a9ee.wav,Defiler selection vocalization,SC1/BW • DESCRIPTIVE NONVERBAL,PORTRAIT / VOICE
audio/classic/units/defiler/death/ZDeDth00__15573a4880.wav,Defiler death sound,SC1/BW • DESCRIPTIVE NONVERBAL,DEATH VO
audio/classic/units/defiler/move/ZDeWht03__af47a4e90e.wav,Defiler movement vocalization,SC1/BW • DESCRIPTIVE NONVERBAL,MOVE / ACTIVATE VO
audio/classic/units/defiler/move/ZDeYes03__d6710f8a01.wav,Defiler movement vocalization,SC1/BW • DESCRIPTIVE NONVERBAL,MOVE / ACTIVATE VO
audio/classic/units/defiler/move/zdeRdy00__57f77f1148.wav,Defiler movement vocalization,SC1/BW • DESCRIPTIVE NONVERBAL,MOVE / ACTIVATE VO
audio/classic/units/defiler/move/zdeWht00__d477f1b62a.wav,Defiler movement vocalization,SC1/BW • DESCRIPTIVE NONVERBAL,MOVE / ACTIVATE VO
audio/classic/units/defiler/move/zdeWht01__8bcd6a3fcf.wav,Defiler movement vocalization,SC1/BW • DESCRIPTIVE NONVERBAL,MOVE / ACTIVATE VO
audio/classic/units/defiler/move/zdeWht02__89b89e5087.wav,Defiler movement vocalization,SC1/BW • DESCRIPTIVE NONVERBAL,MOVE / ACTIVATE VO
audio/classic/units/defiler/move/zdeYes00__5429e44e3d.wav,Defiler movement vocalization,SC1/BW • DESCRIPTIVE NONVERBAL,MOVE / ACTIVATE VO
audio/classic/units/defiler/move/zdeYes01__b208bf0dc4.wav,Defiler movement vocalization,SC1/BW • DESCRIPTIVE NONVERBAL,MOVE / ACTIVATE VO
audio/classic/units/defiler/move/zdeYes02__4cb9276310.wav,Defiler movement vocalization,SC1/BW • DESCRIPTIVE NONVERBAL,MOVE / ACTIVATE VO
audio/classic/units/dragoon/chatter/PDrPss00__1d47f3219f.wav,Unauthorized transmission.,SC1/BW • VERIFIED DIALOGUE,PORTRAIT / VOICE
audio/classic/units/dragoon/chatter/PDrPss01__f6d00ba046.wav,Incorrect protocol.,SC1/BW • VERIFIED DIALOGUE,PORTRAIT / VOICE
audio/classic/units/dragoon/chatter/PDrPss02__b7ed3b90d6.wav,"Drop your weapon, you have 15 seconds to comply.",SC1/BW • VERIFIED DIALOGUE,PORTRAIT / VOICE
audio/classic/units/dragoon/chatter/PDrPss03__fa6a8d924a.wav,Annoyed / repeated selection 04,SC1/BW,PORTRAIT / VOICE
audio/classic/units/dragoon/death/pdrDth00__a3ae599e61.wav,Death voice 01,SC1/BW,DEATH VO
audio/classic/units/dragoon/move/PDrWht00__b755ef97f9.wav,Selection response 01,SC1/BW,MOVE / ACTIVATE VO
audio/classic/units/dragoon/move/PDrWht01__1f21129326.wav,Awaiting instructions.,SC1/BW • VERIFIED DIALOGUE,MOVE / ACTIVATE VO
audio/classic/units/dragoon/move/PDrWht02__70b44c2406.wav,Selection response 03,SC1/BW,MOVE / ACTIVATE VO
audio/classic/units/dragoon/move/PDrWht03__59a766cf77.wav,Selection response 04,SC1/BW,MOVE / ACTIVATE VO
audio/classic/units/dragoon/move/PDrWht04__3c4611436f.wav,Selection response 05,SC1/BW,MOVE / ACTIVATE VO
audio/classic/units/dragoon/move/PDrWht05__b4fe7d4e61.wav,Selection response 06,SC1/BW,MOVE / ACTIVATE VO
audio/classic/units/dragoon/move/PDrWht06__da3b0af41d.wav,Make use of me.,SC1/BW • VERIFIED DIALOGUE,MOVE / ACTIVATE VO
audio/classic/units/dragoon/move/PDrWht07__ac02d9f61b.wav,I AM NEEDED,SC1/BW • VERIFIED DIALOGUE,MOVE / ACTIVATE VO
audio/classic/units/dragoon/move/PDrYes00__94b5f6ac91.wav,Confirmed.,SC1/BW • VERIFIED DIALOGUE,MOVE / ACTIVATE VO
audio/classic/units/dragoon/move/PDrYes01__c8a0935d59.wav,Move / order response 02,SC1/BW,MOVE / ACTIVATE VO
audio/classic/units/dragoon/move/PDrYes02__6af6ced60a.wav,Move / order response 03,SC1/BW,MOVE / ACTIVATE VO
audio/classic/units/dragoon/move/PDrYes03__b04819a6be.wav,Move / order response 04,SC1/BW,MOVE / ACTIVATE VO
audio/classic/units/dragoon/move/PDrYes04__fdad8f8db6.wav,Commencing.,SC1/BW • VERIFIED DIALOGUE,MOVE / ACTIVATE VO
audio/classic/units/dragoon/move/PDrYes05__8870a56b53.wav,Move / order response 06,SC1/BW,MOVE / ACTIVATE VO
audio/classic/units/dragoon/move/PDrYes06__7596758449.wav,For vengeance.,SC1/BW • VERIFIED DIALOGUE,MOVE / ACTIVATE VO
audio/classic/units/dragoon/move/pdrRdy00__354740bebf.wav,I have returned.,SC1/BW • VERIFIED DIALOGUE,MOVE / ACTIVATE VO
audio/classic/units/drone/chatter/zdrPss00__f0a299d4f6.wav,Drone selection vocalization,SC1/BW • DESCRIPTIVE NONVERBAL,PORTRAIT / VOICE
audio/classic/units/drone/chatter/zdrPss01__d4cde0bb13.wav,Drone selection vocalization,SC1/BW • DESCRIPTIVE NONVERBAL,PORTRAIT / VOICE
audio/classic/units/drone/chatter/zdrPss02__973c8336f6.wav,Drone selection vocalization,SC1/BW • DESCRIPTIVE NONVERBAL,PORTRAIT / VOICE
audio/classic/units/drone/death/zdrDth00__d66d95ad02.wav,Drone death sound,SC1/BW • DESCRIPTIVE NONVERBAL,DEATH VO
audio/classic/units/drone/move/zdrRdy00__641e9f0860.wav,Drone movement vocalization,SC1/BW • DESCRIPTIVE NONVERBAL,MOVE / ACTIVATE VO
audio/classic/units/drone/move/zdrWht00__a2a6d92227.wav,Drone movement vocalization,SC1/BW • DESCRIPTIVE NONVERBAL,MOVE / ACTIVATE VO
audio/classic/units/drone/move/zdrWht01__edee507d7e.wav,Drone movement vocalization,SC1/BW • DESCRIPTIVE NONVERBAL,MOVE / ACTIVATE VO
audio/classic/units/drone/move/zdrWht02__63327cbd51.wav,Drone movement vocalization,SC1/BW • DESCRIPTIVE NONVERBAL,MOVE / ACTIVATE VO
audio/classic/units/drone/move/zdrWht03__f17a498564.wav,Drone movement vocalization,SC1/BW • DESCRIPTIVE NONVERBAL,MOVE / ACTIVATE VO
audio/classic/units/drone/move/zdrWht04__a3cae20d28.wav,Drone movement vocalization,SC1/BW • DESCRIPTIVE NONVERBAL,MOVE / ACTIVATE VO
audio/classic/units/drone/move/zdrYes00__ad8e4af4b1.wav,Drone movement vocalization,SC1/BW • DESCRIPTIVE NONVERBAL,MOVE / ACTIVATE VO
audio/classic/units/drone/move/zdrYes01__02b34ee206.wav,Drone movement vocalization,SC1/BW • DESCRIPTIVE NONVERBAL,MOVE / ACTIVATE VO
audio/classic/units/drone/move/zdrYes02__83d0806bae.wav,Drone movement vocalization,SC1/BW • DESCRIPTIVE NONVERBAL,MOVE / ACTIVATE VO
audio/classic/units/drone/move/zdrYes03__e267155e7f.wav,Drone movement vocalization,SC1/BW • DESCRIPTIVE NONVERBAL,MOVE / ACTIVATE VO
audio/classic/units/drone/move/zdrYes04__6f24c4f898.wav,Drone movement vocalization,SC1/BW • DESCRIPTIVE NONVERBAL,MOVE / ACTIVATE VO
audio/classic/units/dropship/chatter/TDrPss00__444f4d9bef.wav,Annoyed / repeated selection 01,SC1/BW,PORTRAIT / VOICE
audio/classic/units/dropship/chatter/TDrPss01__24df3403ef.wav,Annoyed / repeated selection 02,SC1/BW,PORTRAIT / VOICE
audio/classic/units/dropship/chatter/TDrPss02__74cbfbbc01.wav,Annoyed / repeated selection 03,SC1/BW,PORTRAIT / VOICE
audio/classic/units/dropship/chatter/TDrPss03__b99cd7e939.wav,Annoyed / repeated selection 04,SC1/BW,PORTRAIT / VOICE
audio/classic/units/dropship/death/TDrDth00__d0ae2ee092.wav,Death voice 01,SC1/BW,DEATH VO
audio/classic/units/dropship/move/TDrRdy00__27060c2201.wav,Ready / selection 01,SC1/BW,MOVE / ACTIVATE VO
audio/classic/units/dropship/move/TDrWht00__76c75803d9.wav,Selection response 01,SC1/BW,MOVE / ACTIVATE VO
audio/classic/units/dropship/move/TDrWht01__daa531436d.wav,Selection response 02,SC1/BW,MOVE / ACTIVATE VO
audio/classic/units/dropship/move/TDrWht02__ce11e7eef0.wav,Selection response 03,SC1/BW,MOVE / ACTIVATE VO
audio/classic/units/dropship/move/TDrWht03__1005da471e.wav,Selection response 04,SC1/BW,MOVE / ACTIVATE VO
audio/classic/units/dropship/move/TDrYes00__676aa9b472.wav,Move / order response 01,SC1/BW,MOVE / ACTIVATE VO
audio/classic/units/dropship/move/TDrYes01__449e301cc3.wav,Move / order response 02,SC1/BW,MOVE / ACTIVATE VO
audio/classic/units/dropship/move/TDrYes02__9d1d5a3620.wav,Move / order response 03,SC1/BW,MOVE / ACTIVATE VO
audio/classic/units/dropship/move/TDrYes03__1ef72db927.wav,Move / order response 04,SC1/BW,MOVE / ACTIVATE VO
audio/classic/units/dropship/move/TDrYes04__52f49f6473.wav,Move / order response 05,SC1/BW,MOVE / ACTIVATE VO
audio/classic/units/dropship/move/TDrYes05__8ce10906bf.wav,Move / order response 06,SC1/BW,MOVE / ACTIVATE VO
audio/classic/units/edmund_duke_battlecruiser/chatter/UDupss00__17ec217594.wav,Annoyed / repeated selection 01,SC1/BW,PORTRAIT / VOICE
audio/classic/units/edmund_duke_battlecruiser/chatter/UDupss01__5ef73a9ca3.wav,Annoyed / repeated selection 02,SC1/BW,PORTRAIT / VOICE
audio/classic/units/edmund_duke_battlecruiser/chatter/UDupss02__d63c8d925b.wav,Annoyed / repeated selection 03,SC1/BW,PORTRAIT / VOICE
audio/classic/units/edmund_duke_battlecruiser/chatter/UDupss03__4447319329.wav,Annoyed / repeated selection 04,SC1/BW,PORTRAIT / VOICE
audio/classic/units/edmund_duke_battlecruiser/chatter/UDupss04__8810101ee0.wav,Annoyed / repeated selection 05,SC1/BW,PORTRAIT / VOICE
audio/classic/units/edmund_duke_battlecruiser/death/UDuDth00__e821c44b12.wav,Death voice 01,SC1/BW,DEATH VO
audio/classic/units/edmund_duke_battlecruiser/move/UDuwht00__ad497f9e0f.wav,Selection response 01,SC1/BW,MOVE / ACTIVATE VO
audio/classic/units/edmund_duke_battlecruiser/move/UDuwht01__cc6216cfcb.wav,Selection response 02,SC1/BW,MOVE / ACTIVATE VO
audio/classic/units/edmund_duke_battlecruiser/move/UDuwht02__2ba9e31be2.wav,Selection response 03,SC1/BW,MOVE / ACTIVATE VO
audio/classic/units/edmund_duke_battlecruiser/move/UDuwht03__54b785174c.wav,Selection response 04,SC1/BW,MOVE / ACTIVATE VO
audio/classic/units/edmund_duke_battlecruiser/move/UDuyes00__1169cd31e6.wav,Move / order response 01,SC1/BW,MOVE / ACTIVATE VO
audio/classic/units/edmund_duke_battlecruiser/move/UDuyes01__1353c8b227.wav,Move / order response 02,SC1/BW,MOVE / ACTIVATE VO
audio/classic/units/edmund_duke_battlecruiser/move/UDuyes02__51e02c8edc.wav,Move / order response 03,SC1/BW,MOVE / ACTIVATE VO
audio/classic/units/edmund_duke_battlecruiser/move/UDuyes03__810c48b68c.wav,Move / order response 04,SC1/BW,MOVE / ACTIVATE VO
audio/classic/units/edmund_duke_siege_tank/chatter/UDTPss04__1e75e1d542.wav,Annoyed / repeated selection 05,SC1/BW,PORTRAIT / VOICE
audio/classic/units/edmund_duke_siege_tank/chatter/UDTpss00__0a9f2b90bd.wav,Annoyed / repeated selection 01,SC1/BW,PORTRAIT / VOICE
audio/classic/units/edmund_duke_siege_tank/chatter/UDTpss01__d5ba85cef9.wav,Annoyed / repeated selection 02,SC1/BW,PORTRAIT / VOICE
audio/classic/units/edmund_duke_siege_tank/chatter/UDTpss02__dec90e230f.wav,Annoyed / repeated selection 03,SC1/BW,PORTRAIT / VOICE
audio/classic/units/edmund_duke_siege_tank/chatter/UDTpss03__b9c7a777d6.wav,Annoyed / repeated selection 04,SC1/BW,PORTRAIT / VOICE
audio/classic/units/edmund_duke_siege_tank/death/UDTDth00__da9707ce9d.wav,Death voice 01,SC1/BW,DEATH VO
audio/classic/units/edmund_duke_siege_tank/move/UDTwht00__d14fbce61e.wav,Selection response 01,SC1/BW,MOVE / ACTIVATE VO
audio/classic/units/edmund_duke_siege_tank/move/UDTwht01__62f682c37b.wav,Selection response 02,SC1/BW,MOVE / ACTIVATE VO
audio/classic/units/edmund_duke_siege_tank/move/UDTwht02__634ab9cae7.wav,Selection response 03,SC1/BW,MOVE / ACTIVATE VO
audio/classic/units/edmund_duke_siege_tank/move/UDTwht03__5a8ec2d705.wav,Selection response 04,SC1/BW,MOVE / ACTIVATE VO
audio/classic/units/edmund_duke_siege_tank/move/UDTyes00__0a0cf6551c.wav,Move / order response 01,SC1/BW,MOVE / ACTIVATE VO
audio/classic/units/edmund_duke_siege_tank/move/UDTyes01__ae8bb895f0.wav,Move / order response 02,SC1/BW,MOVE / ACTIVATE VO
audio/classic/units/edmund_duke_siege_tank/move/UDTyes02__d1b1c6092b.wav,Move / order response 03,SC1/BW,MOVE / ACTIVATE VO
audio/classic/units/edmund_duke_siege_tank/move/UDTyes03__652ea10f56.wav,Move / order response 04,SC1/BW,MOVE / ACTIVATE VO
audio/classic/units/egg/chatter/ZEgPss00__e01054758c.wav,Annoyed / repeated selection 01,SC1/BW,PORTRAIT / VOICE
audio/classic/units/egg/death/ZEgDth00__dd9bd3407c.wav,Death voice 01,SC1/BW,DEATH VO
audio/classic/units/egg/move/ZEgRdy00__f7a450b623.wav,Ready / selection 01,SC1/BW,MOVE / ACTIVATE VO
audio/classic/units/egg/move/ZEgWht00__dc1a7da400.wav,Selection response 01,SC1/BW,MOVE / ACTIVATE VO
audio/classic/units/egg/move/ZEgWht01__1ccbb26adc.wav,Selection response 02,SC1/BW,MOVE / ACTIVATE VO
audio/classic/units/fenix_dragoon/chatter/UFDPss00__ee78704161.wav,Annoyed / repeated selection 01,SC1/BW,PORTRAIT / VOICE
audio/classic/units/fenix_dragoon/chatter/UFDPss01__43b8200ad0.wav,Annoyed / repeated selection 02,SC1/BW,PORTRAIT / VOICE
audio/classic/units/fenix_dragoon/chatter/UFDPss02__d027136f15.wav,Annoyed / repeated selection 03,SC1/BW,PORTRAIT / VOICE
audio/classic/units/fenix_dragoon/chatter/UFDPss03__12253ad5cb.wav,Annoyed / repeated selection 04,SC1/BW,PORTRAIT / VOICE
audio/classic/units/fenix_dragoon/move/UFDWht00__2aa1ec452e.wav,Selection response 01,SC1/BW,MOVE / ACTIVATE VO
audio/classic/units/fenix_dragoon/move/UFDWht01__d3f5e42da4.wav,Selection response 02,SC1/BW,MOVE / ACTIVATE VO
audio/classic/units/fenix_dragoon/move/UFDWht02__c31eacfd88.wav,Selection response 03,SC1/BW,MOVE / ACTIVATE VO
audio/classic/units/fenix_dragoon/move/UFDWht03__de7092d932.wav,Selection response 04,SC1/BW,MOVE / ACTIVATE VO
audio/classic/units/fenix_dragoon/move/UFDYes00__0d0474ce36.wav,Move / order response 01,SC1/BW,MOVE / ACTIVATE VO
audio/classic/units/fenix_dragoon/move/UFDYes01__295a3fcc74.wav,Move / order response 02,SC1/BW,MOVE / ACTIVATE VO
audio/classic/units/fenix_dragoon/move/UFDYes02__ff60da3cd3.wav,Move / order response 03,SC1/BW,MOVE / ACTIVATE VO
audio/classic/units/fenix_dragoon/move/UFDYes03__c11ca8319b.wav,Move / order response 04,SC1/BW,MOVE / ACTIVATE VO
audio/classic/units/fenix_zealot/chatter/UFePss00__4b76aa866a.wav,Annoyed / repeated selection 01,SC1/BW,PORTRAIT / VOICE
audio/classic/units/fenix_zealot/chatter/UFePss01__7df05b6ff2.wav,Annoyed / repeated selection 02,SC1/BW,PORTRAIT / VOICE
audio/classic/units/fenix_zealot/chatter/UFePss02__d9696c1d83.wav,Annoyed / repeated selection 03,SC1/BW,PORTRAIT / VOICE
audio/classic/units/fenix_zealot/chatter/UFePss03__437e7c4f8c.wav,Annoyed / repeated selection 04,SC1/BW,PORTRAIT / VOICE
audio/classic/units/fenix_zealot/death/UFeDth00__43fe7cab0a.wav,Death voice 01,SC1/BW,DEATH VO
audio/classic/units/fenix_zealot/move/UFeWht00__23ed69b81b.wav,Selection response 01,SC1/BW,MOVE / ACTIVATE VO
audio/classic/units/fenix_zealot/move/UFeWht01__b892cde19a.wav,Selection response 02,SC1/BW,MOVE / ACTIVATE VO
audio/classic/units/fenix_zealot/move/UFeWht02__fd53604b3b.wav,Selection response 03,SC1/BW,MOVE / ACTIVATE VO
audio/classic/units/fenix_zealot/move/UFeWht03__b2c2b539f1.wav,Selection response 04,SC1/BW,MOVE / ACTIVATE VO
audio/classic/units/fenix_zealot/move/UFeYes00__3608c7143e.wav,Move / order response 01,SC1/BW,MOVE / ACTIVATE VO
audio/classic/units/fenix_zealot/move/UFeYes01__c129a2d281.wav,Move / order response 02,SC1/BW,MOVE / ACTIVATE VO
audio/classic/units/fenix_zealot/move/UFeYes02__4344e9c8f8.wav,Move / order response 03,SC1/BW,MOVE / ACTIVATE VO
audio/classic/units/fenix_zealot/move/UFeYes03__4dcba2b6b1.wav,Move / order response 04,SC1/BW,MOVE / ACTIVATE VO
audio/classic/units/firebat/chatter/tfbPss00__3257bf6eac.wav,Is something burning?,SC1/BW • VERIFIED DIALOGUE,PORTRAIT / VOICE
audio/classic/units/firebat/chatter/tfbPss01__479da2a411.wav,That's what I thought.,SC1/BW • VERIFIED DIALOGUE,PORTRAIT / VOICE
audio/classic/units/firebat/chatter/tfbPss02__7a290dcadb.wav,I love the smell of knee palm.,SC1/BW • VERIFIED DIALOGUE,PORTRAIT / VOICE
audio/classic/units/firebat/chatter/tfbPss03__2c87e162c6.wav,Nothing like a good smoke.,SC1/BW • VERIFIED DIALOGUE,PORTRAIT / VOICE
audio/classic/units/firebat/chatter/tfbPss04__d3d3be3845.wav,But you're trying to get invited to my next barbecue.,SC1/BW • VERIFIED DIALOGUE,PORTRAIT / VOICE
audio/classic/units/firebat/chatter/tfbPss05__c7b3566520.wav,Got any questions about propane?,SC1/BW • VERIFIED DIALOGUE,PORTRAIT / VOICE
audio/classic/units/firebat/chatter/tfbPss06__f034457124.wav,or propane accessories.,SC1/BW • VERIFIED DIALOGUE,PORTRAIT / VOICE
audio/classic/units/firebat/death/TFbDth00__8e93a9d25d.wav,Death voice 01,SC1/BW • DESCRIPTIVE NONVERBAL,DEATH VO
audio/classic/units/firebat/death/TFbDth01__63e87cff22.wav,Death voice 02,SC1/BW,DEATH VO
audio/classic/units/firebat/death/TFbDth02__85aaa47bd3.wav,Death voice 03,SC1/BW • DESCRIPTIVE NONVERBAL,DEATH VO
audio/classic/units/firebat/move/tfbRdy00__28e65a0c68.wav,Need a light?,SC1/BW • VERIFIED DIALOGUE,MOVE / ACTIVATE VO
audio/classic/units/firebat/move/tfbWht00__0709b2dcb3.wav,Fire it up!,SC1/BW • VERIFIED DIALOGUE,MOVE / ACTIVATE VO
audio/classic/units/firebat/move/tfbWht01__aea77c607e.wav,Yes.,SC1/BW • VERIFIED DIALOGUE,MOVE / ACTIVATE VO
audio/classic/units/firebat/move/tfbWht02__2068f6c552.wav,You got my attention.,SC1/BW • VERIFIED DIALOGUE,MOVE / ACTIVATE VO
audio/classic/units/firebat/move/tfbWht03__312f05f6cc.wav,I want to turn up the heat.,SC1/BW • VERIFIED DIALOGUE,MOVE / ACTIVATE VO
audio/classic/units/firebat/move/tfbYes00__3c541d2a78.wav,Naturally.,SC1/BW • VERIFIED DIALOGUE,MOVE / ACTIVATE VO
audio/classic/units/firebat/move/tfbYes01__403ebc0dfd.wav,Slammin',SC1/BW • VERIFIED DIALOGUE,MOVE / ACTIVATE VO
audio/classic/units/firebat/move/tfbYes02__5fa30492ca.wav,You got it.,SC1/BW • VERIFIED DIALOGUE,MOVE / ACTIVATE VO
audio/classic/units/firebat/move/tfbYes03__71c39d92da.wav,Let's burn!,SC1/BW • VERIFIED DIALOGUE,MOVE / ACTIVATE VO
audio/classic/units/gantrithor/chatter/UTCPss00__e223c53de7.wav,Annoyed / repeated selection 01,SC1/BW,PORTRAIT / VOICE
audio/classic/units/gantrithor/chatter/UTCPss01__77fac82b2e.wav,Annoyed / repeated selection 02,SC1/BW,PORTRAIT / VOICE
audio/classic/units/gantrithor/chatter/UTCPss02__7526c09e86.wav,Annoyed / repeated selection 03,SC1/BW,PORTRAIT / VOICE
audio/classic/units/gantrithor/chatter/UTCPss03__3716735873.wav,Annoyed / repeated selection 04,SC1/BW,PORTRAIT / VOICE
audio/classic/units/gantrithor/move/UTCWht00__a5ebd109bf.wav,Selection response 01,SC1/BW,MOVE / ACTIVATE VO
audio/classic/units/gantrithor/move/UTCWht01__ad70be10fb.wav,Selection response 02,SC1/BW,MOVE / ACTIVATE VO
audio/classic/units/gantrithor/move/UTCWht02__64425ce14d.wav,Selection response 03,SC1/BW,MOVE / ACTIVATE VO
audio/classic/units/gantrithor/move/UTCWht03__c31eccf157.wav,Selection response 04,SC1/BW,MOVE / ACTIVATE VO
audio/classic/units/gantrithor/move/UTCYes00__51380cc07b.wav,Move / order response 01,SC1/BW,MOVE / ACTIVATE VO
audio/classic/units/gantrithor/move/UTCYes01__80955f752d.wav,Move / order response 02,SC1/BW,MOVE / ACTIVATE VO
audio/classic/units/gantrithor/move/UTCYes02__0553b43a23.wav,Move / order response 03,SC1/BW,MOVE / ACTIVATE VO
audio/classic/units/gantrithor/move/UTCYes03__938072a93b.wav,Move / order response 04,SC1/BW,MOVE / ACTIVATE VO
audio/classic/units/ghost/attack/alias_ghost_tghyes02__e2377a446e.wav,Never know what hit up.,SC1/BW • VERIFIED DIALOGUE,ATTACK VO
audio/classic/units/ghost/attack/alias_ghost_tghyes03__8809836f00.wav,I'm all over it.,SC1/BW • VERIFIED DIALOGUE,ATTACK VO
audio/classic/units/ghost/chatter/tghpss00__8b9448c898.wav,You call down the thunder.,SC1/BW • VERIFIED DIALOGUE,PORTRAIT / VOICE
audio/classic/units/ghost/chatter/tghpss01__c5099e8dad.wav,Now reap the whirlwind.,SC1/BW • VERIFIED DIALOGUE,PORTRAIT / VOICE
audio/classic/units/ghost/chatter/tghpss02__cb710a9f26.wav,"Keep it up, I dare ya.",SC1/BW • VERIFIED DIALOGUE,PORTRAIT / VOICE
audio/classic/units/ghost/chatter/tghpss03__14d1861afa.wav,I'm about to overload my aggression inhibitors.,SC1/BW • VERIFIED DIALOGUE,PORTRAIT / VOICE
audio/classic/units/ghost/death/TGhDth00__d73620157e.wav,Death voice 01,SC1/BW • DESCRIPTIVE NONVERBAL,DEATH VO
audio/classic/units/ghost/death/TGhDth01__2060cc0fc5.wav,Death voice 02,SC1/BW • DESCRIPTIVE NONVERBAL,DEATH VO
audio/classic/units/ghost/move/tghrdy00__dea5c94762.wav,Somebody call for an exterminator?,SC1/BW • VERIFIED DIALOGUE,MOVE / ACTIVATE VO
audio/classic/units/ghost/move/tghwht00__560b4567b6.wav,Ghost reporting.,SC1/BW • VERIFIED DIALOGUE,MOVE / ACTIVATE VO
audio/classic/units/ghost/move/tghwht01__e5f87139e7.wav,I'm here.,SC1/BW • VERIFIED DIALOGUE,MOVE / ACTIVATE VO
audio/classic/units/ghost/move/tghwht02__5df7803f8b.wav,Finally.,SC1/BW • VERIFIED DIALOGUE,MOVE / ACTIVATE VO
audio/classic/units/ghost/move/tghwht03__c6a89bc864.wav,Call the shot.,SC1/BW • VERIFIED DIALOGUE,MOVE / ACTIVATE VO
audio/classic/units/ghost/move/tghyes00__9b797aac30.wav,I hear that.,SC1/BW • VERIFIED DIALOGUE,MOVE / ACTIVATE VO
audio/classic/units/ghost/move/tghyes01__f477b86f53.wav,I'm gone.,SC1/BW • VERIFIED DIALOGUE,MOVE / ACTIVATE VO
audio/classic/units/ghost/move/tghyes02__e2377a446e.wav,Never know what hit up.,SC1/BW • VERIFIED DIALOGUE,MOVE / ACTIVATE VO
audio/classic/units/ghost/move/tghyes03__8809836f00.wav,I'm all over it.,SC1/BW • VERIFIED DIALOGUE,MOVE / ACTIVATE VO
audio/classic/units/goliath/chatter/TGoPss00__80db3c9917.wav,Annoyed / repeated selection 01,SC1/BW,PORTRAIT / VOICE
audio/classic/units/goliath/chatter/TGoPss01__ea8216d194.wav,Checklist protocol initiated.,SC1/BW • VERIFIED DIALOGUE,PORTRAIT / VOICE
audio/classic/units/goliath/chatter/TGoPss02__a5dc2ef296.wav,Running Level 1 Diagnostic.,SC1/BW • VERIFIED DIALOGUE,PORTRAIT / VOICE
audio/classic/units/goliath/chatter/TGoPss03__476e1272b6.wav,USDA selected.,SC1/BW • VERIFIED DIALOGUE,PORTRAIT / VOICE
audio/classic/units/goliath/chatter/TGoPss04__2fedd1a6b9.wav,FDIC approved.,SC1/BW • VERIFIED DIALOGUE,PORTRAIT / VOICE
audio/classic/units/goliath/chatter/TGoPss05__303558e139.wav,Checklist completed. SOB.,SC1/BW • VERIFIED DIALOGUE,PORTRAIT / VOICE
audio/classic/units/goliath/death/TGoDth00__7b21a9c75f.wav,Death voice 01,SC1/BW • DESCRIPTIVE NONVERBAL,DEATH VO
audio/classic/units/goliath/move/TGoRdy00__f4f8008c24.wav,Goliath Online,SC1/BW • VERIFIED DIALOGUE,MOVE / ACTIVATE VO
audio/classic/units/goliath/move/TGoWht00__e86a525394.wav,"Go ahead, TACOM.",SC1/BW • VERIFIED DIALOGUE,MOVE / ACTIVATE VO
audio/classic/units/goliath/move/TGoWht01__79abc573bf.wav,Comment online.,SC1/BW • VERIFIED DIALOGUE,MOVE / ACTIVATE VO
audio/classic/units/goliath/move/TGoWht02__b8450d69ef.wav,Channel open.,SC1/BW • VERIFIED DIALOGUE,MOVE / ACTIVATE VO
audio/classic/units/goliath/move/TGoWht03__7fb95ecf4b.wav,Systems functional.,SC1/BW • VERIFIED DIALOGUE,MOVE / ACTIVATE VO
audio/classic/units/goliath/move/TGoYes00__804d9b9a5a.wav,Move / order response 01,SC1/BW,MOVE / ACTIVATE VO
audio/classic/units/goliath/move/TGoYes01__5b274f891f.wav,Now comm locked.,SC1/BW • VERIFIED DIALOGUE,MOVE / ACTIVATE VO
audio/classic/units/goliath/move/TGoYes02__08ea5cd4e1.wav,Confirmed.,SC1/BW • VERIFIED DIALOGUE,MOVE / ACTIVATE VO
audio/classic/units/goliath/move/TGoYes03__653bd7ccca.wav,Target designated.,SC1/BW • VERIFIED DIALOGUE,MOVE / ACTIVATE VO
audio/classic/units/guardian/chatter/ZGuPss00__4ff8c6bd4c.wav,Guardian selection vocalization,SC1/BW • DESCRIPTIVE NONVERBAL,PORTRAIT / VOICE
audio/classic/units/guardian/chatter/ZGuPss01__7725164856.wav,Guardian selection vocalization,SC1/BW • DESCRIPTIVE NONVERBAL,PORTRAIT / VOICE
audio/classic/units/guardian/chatter/ZGuPss02__867f7212f9.wav,Guardian selection vocalization,SC1/BW • DESCRIPTIVE NONVERBAL,PORTRAIT / VOICE
audio/classic/units/guardian/chatter/ZGuPss03__9954f2bd26.wav,Guardian selection vocalization,SC1/BW • DESCRIPTIVE NONVERBAL,PORTRAIT / VOICE
audio/classic/units/guardian/death/ZGuDth00__f775bf9f46.wav,Guardian death sound,SC1/BW • DESCRIPTIVE NONVERBAL,DEATH VO
audio/classic/units/guardian/move/ZGuRdy00__52f83190e1.wav,Guardian movement vocalization,SC1/BW • DESCRIPTIVE NONVERBAL,MOVE / ACTIVATE VO
audio/classic/units/guardian/move/ZGuWht00__910cee017e.wav,Guardian movement vocalization,SC1/BW • DESCRIPTIVE NONVERBAL,MOVE / ACTIVATE VO
audio/classic/units/guardian/move/ZGuWht01__3c39e1f32e.wav,Guardian movement vocalization,SC1/BW • DESCRIPTIVE NONVERBAL,MOVE / ACTIVATE VO
audio/classic/units/guardian/move/ZGuWht02__89798c96d4.wav,Guardian movement vocalization,SC1/BW • DESCRIPTIVE NONVERBAL,MOVE / ACTIVATE VO
audio/classic/units/guardian/move/ZGuWht03__bb8d7a0df5.wav,Guardian movement vocalization,SC1/BW • DESCRIPTIVE NONVERBAL,MOVE / ACTIVATE VO
audio/classic/units/guardian/move/ZGuYes00__bd1dea280f.wav,Guardian movement vocalization,SC1/BW • DESCRIPTIVE NONVERBAL,MOVE / ACTIVATE VO
audio/classic/units/guardian/move/ZGuYes01__2f82787c2a.wav,Guardian movement vocalization,SC1/BW • DESCRIPTIVE NONVERBAL,MOVE / ACTIVATE VO
audio/classic/units/guardian/move/ZGuYes02__38eeb3f8e2.wav,Guardian movement vocalization,SC1/BW • DESCRIPTIVE NONVERBAL,MOVE / ACTIVATE VO
audio/classic/units/guardian/move/ZGuYes03__03effee7f2.wav,Guardian movement vocalization,SC1/BW • DESCRIPTIVE NONVERBAL,MOVE / ACTIVATE VO
audio/classic/units/hellion/attack/alias_vulture_TVuWht00__2a8d46b65c.wav,What do you want?,SC1/BW • VERIFIED DIALOGUE,ATTACK VO
audio/classic/units/hellion/attack/alias_vulture_tvuwht02__d86d65c703.wav,"I'll read you, sir.",SC1/BW • VERIFIED DIALOGUE,ATTACK VO
audio/classic/units/hellion/attack/alias_vulture_tvuyes00__77980ed04f.wav,"Yeah, I'm goin'!",SC1/BW • VERIFIED DIALOGUE,ATTACK VO
audio/classic/units/hellion/chatter/alias_vulture_tvupss00__5b047123eb.wav,Something you wanted!,SC1/BW • VERIFIED DIALOGUE,PORTRAIT / VOICE
audio/classic/units/hellion/chatter/alias_vulture_tvupss01__0438ee2879.wav,I don't have time to f*** around!,SC1/BW • VERIFIED DIALOGUE,PORTRAIT / VOICE
audio/classic/units/hellion/chatter/alias_vulture_tvupss02__3e4e734a41.wav,You keep pushing me boy!,SC1/BW • VERIFIED DIALOGUE,PORTRAIT / VOICE
audio/classic/units/hellion/chatter/alias_vulture_tvupss03__50dec351ff.wav,And I'll scrap you along with the aliens!,SC1/BW • VERIFIED DIALOGUE,PORTRAIT / VOICE
audio/classic/units/hellion/move/alias_vulture_TVuWht00__2a8d46b65c.wav,What do you want?,SC1/BW • VERIFIED DIALOGUE,MOVE / ACTIVATE VO
audio/classic/units/hellion/move/alias_vulture_tvurdy00__1e8040dfb1.wav,"All right, bring it on",SC1/BW • VERIFIED DIALOGUE,MOVE / ACTIVATE VO
audio/classic/units/hellion/move/alias_vulture_tvuwht01__c533b7c835.wav,Yeah?,SC1/BW • VERIFIED DIALOGUE,MOVE / ACTIVATE VO
audio/classic/units/hellion/move/alias_vulture_tvuwht02__d86d65c703.wav,"I'll read you, sir.",SC1/BW • VERIFIED DIALOGUE,MOVE / ACTIVATE VO
audio/classic/units/hellion/move/alias_vulture_tvuwht03__4b61c942cc.wav,Something on your mind?,SC1/BW • VERIFIED DIALOGUE,MOVE / ACTIVATE VO
audio/classic/units/hellion/move/alias_vulture_tvuyes00__77980ed04f.wav,"Yeah, I'm goin'!",SC1/BW • VERIFIED DIALOGUE,MOVE / ACTIVATE VO
audio/classic/units/hellion/move/alias_vulture_tvuyes01__86c00db3d2.wav,Move / order response 02,SC1/BW,MOVE / ACTIVATE VO
audio/classic/units/hellion/move/alias_vulture_tvuyes02__df21b87536.wav,No problem.,SC1/BW • VERIFIED DIALOGUE,MOVE / ACTIVATE VO
audio/classic/units/hellion/move/alias_vulture_tvuyes03__e95157ff3b.wav,"Oh, is that it?",SC1/BW • VERIFIED DIALOGUE,MOVE / ACTIVATE VO
audio/classic/units/high_templar/attack/alias_high_templar_pteYes00__6af9e4f073.wav,Attack voice 01,SC1/BW,ATTACK VO
audio/classic/units/high_templar/attack/alias_high_templar_pteYes01__226bb43179.wav,It shall be done.,SC1/BW • VERIFIED DIALOGUE,ATTACK VO
audio/classic/units/high_templar/attack/alias_high_templar_pteYes02__1f334b2097.wav,My dad is sick.,SC1/BW • VERIFIED DIALOGUE,ATTACK VO
audio/classic/units/high_templar/chatter/ptePss00__a5083f2a26.wav,Your thoughts betray you.,SC1/BW • VERIFIED DIALOGUE,PORTRAIT / VOICE
audio/classic/units/high_templar/chatter/ptePss01__19d33eddff.wav,I see you have an appetite for destruction.,SC1/BW • VERIFIED DIALOGUE,PORTRAIT / VOICE
audio/classic/units/high_templar/chatter/ptePss02__6c652f0cfb.wav,And you learn to use your illusions.,SC1/BW • VERIFIED DIALOGUE,PORTRAIT / VOICE
audio/classic/units/high_templar/chatter/ptePss03__ae143e395e.wav,But I find your lack of control disturbing.,SC1/BW • VERIFIED DIALOGUE,PORTRAIT / VOICE
audio/classic/units/high_templar/death/pteDth00__7a5545dba5.wav,Death voice 01,SC1/BW,DEATH VO
audio/classic/units/high_templar/move/pteRdy00__c038b7d488.wav,Ready / selection 01,SC1/BW,MOVE / ACTIVATE VO
audio/classic/units/high_templar/move/pteWht00__acc33dfc38.wav,Selection response 01,SC1/BW,MOVE / ACTIVATE VO
audio/classic/units/high_templar/move/pteWht01__00d673596f.wav,Selection response 02,SC1/BW,MOVE / ACTIVATE VO
audio/classic/units/high_templar/move/pteWht02__c9d50de0ca.wav,I see thy call.,SC1/BW • VERIFIED DIALOGUE,MOVE / ACTIVATE VO
audio/classic/units/high_templar/move/pteWht03__64f4131b45.wav,Selection response 04,SC1/BW,MOVE / ACTIVATE VO
audio/classic/units/high_templar/move/pteYes00__6af9e4f073.wav,Move / order response 01,SC1/BW,MOVE / ACTIVATE VO
audio/classic/units/high_templar/move/pteYes01__226bb43179.wav,It shall be done.,SC1/BW • VERIFIED DIALOGUE,MOVE / ACTIVATE VO
audio/classic/units/high_templar/move/pteYes02__1f334b2097.wav,My dad is sick.,SC1/BW • VERIFIED DIALOGUE,MOVE / ACTIVATE VO
audio/classic/units/high_templar/move/pteYes03__f81a0ad739.wav,Move / order response 04,SC1/BW,MOVE / ACTIVATE VO
audio/classic/units/hydralisk/chatter/zhyPss00__30627104e3.wav,Hydralisk selection vocalization,SC1/BW • DESCRIPTIVE NONVERBAL,PORTRAIT / VOICE
audio/classic/units/hydralisk/chatter/zhyPss01__b290d23aba.wav,Hydralisk selection vocalization,SC1/BW • DESCRIPTIVE NONVERBAL,PORTRAIT / VOICE
audio/classic/units/hydralisk/death/zhyDth00__28088b9f97.wav,Hydralisk death sound,SC1/BW • DESCRIPTIVE NONVERBAL,DEATH VO
audio/classic/units/hydralisk/move/zhyRdy00__562ce1e87d.wav,Hydralisk movement vocalization,SC1/BW • DESCRIPTIVE NONVERBAL,MOVE / ACTIVATE VO
audio/classic/units/hydralisk/move/zhyWht00__0389a4ae97.wav,Hydralisk movement vocalization,SC1/BW • DESCRIPTIVE NONVERBAL,MOVE / ACTIVATE VO
audio/classic/units/hydralisk/move/zhyWht01__f54be3e700.wav,Hydralisk movement vocalization,SC1/BW • DESCRIPTIVE NONVERBAL,MOVE / ACTIVATE VO
audio/classic/units/hydralisk/move/zhyWht02__6e3086c7bd.wav,Hydralisk movement vocalization,SC1/BW • DESCRIPTIVE NONVERBAL,MOVE / ACTIVATE VO
audio/classic/units/hydralisk/move/zhyYes00__391eb377da.wav,Hydralisk movement vocalization,SC1/BW • DESCRIPTIVE NONVERBAL,MOVE / ACTIVATE VO
audio/classic/units/hydralisk/move/zhyYes01__65c38bb490.wav,Hydralisk movement vocalization,SC1/BW • DESCRIPTIVE NONVERBAL,MOVE / ACTIVATE VO
audio/classic/units/hydralisk/move/zhyYes02__0d9c978d1e.wav,Hydralisk movement vocalization,SC1/BW • DESCRIPTIVE NONVERBAL,MOVE / ACTIVATE VO
audio/classic/units/hydralisk/move/zhyYes03__938e352fba.wav,Hydralisk movement vocalization,SC1/BW • DESCRIPTIVE NONVERBAL,MOVE / ACTIVATE VO
audio/classic/units/immortal/attack/alias_dragoon_PDrYes01__c8a0935d59.wav,Attack voice 02,SC1/BW,ATTACK VO
audio/classic/units/immortal/attack/alias_dragoon_PDrYes04__fdad8f8db6.wav,Commencing.,SC1/BW • VERIFIED DIALOGUE,ATTACK VO
audio/classic/units/immortal/chatter/alias_dragoon_PDrPss00__1d47f3219f.wav,Unauthorized transmission.,SC1/BW • VERIFIED DIALOGUE,PORTRAIT / VOICE
audio/classic/units/immortal/chatter/alias_dragoon_PDrPss01__f6d00ba046.wav,Incorrect protocol.,SC1/BW • VERIFIED DIALOGUE,PORTRAIT / VOICE
audio/classic/units/immortal/chatter/alias_dragoon_PDrPss02__b7ed3b90d6.wav,"Drop your weapon, you have 15 seconds to comply.",SC1/BW • VERIFIED DIALOGUE,PORTRAIT / VOICE
audio/classic/units/immortal/chatter/alias_dragoon_PDrPss03__fa6a8d924a.wav,Annoyed / repeated selection 04,SC1/BW,PORTRAIT / VOICE
audio/classic/units/immortal/move/alias_dragoon_PDrWht00__b755ef97f9.wav,Selection response 01,SC1/BW,MOVE / ACTIVATE VO
audio/classic/units/immortal/move/alias_dragoon_PDrWht01__1f21129326.wav,Awaiting instructions.,SC1/BW • VERIFIED DIALOGUE,MOVE / ACTIVATE VO
audio/classic/units/immortal/move/alias_dragoon_PDrWht02__70b44c2406.wav,Selection response 03,SC1/BW,MOVE / ACTIVATE VO
audio/classic/units/immortal/move/alias_dragoon_PDrWht03__59a766cf77.wav,Selection response 04,SC1/BW,MOVE / ACTIVATE VO
audio/classic/units/immortal/move/alias_dragoon_PDrWht04__3c4611436f.wav,Selection response 05,SC1/BW,MOVE / ACTIVATE VO
audio/classic/units/immortal/move/alias_dragoon_PDrWht05__b4fe7d4e61.wav,Selection response 06,SC1/BW,MOVE / ACTIVATE VO
audio/classic/units/immortal/move/alias_dragoon_PDrWht06__da3b0af41d.wav,Make use of me.,SC1/BW • VERIFIED DIALOGUE,MOVE / ACTIVATE VO
audio/classic/units/immortal/move/alias_dragoon_PDrYes00__94b5f6ac91.wav,Confirmed.,SC1/BW • VERIFIED DIALOGUE,MOVE / ACTIVATE VO
audio/classic/units/immortal/move/alias_dragoon_PDrYes01__c8a0935d59.wav,Move / order response 02,SC1/BW,MOVE / ACTIVATE VO
audio/classic/units/immortal/move/alias_dragoon_PDrYes02__6af6ced60a.wav,Move / order response 03,SC1/BW,MOVE / ACTIVATE VO
audio/classic/units/immortal/move/alias_dragoon_PDrYes03__b04819a6be.wav,Move / order response 04,SC1/BW,MOVE / ACTIVATE VO
audio/classic/units/immortal/move/alias_dragoon_PDrYes04__fdad8f8db6.wav,Commencing.,SC1/BW • VERIFIED DIALOGUE,MOVE / ACTIVATE VO
audio/classic/units/immortal/move/alias_dragoon_PDrYes05__8870a56b53.wav,Move / order response 06,SC1/BW,MOVE / ACTIVATE VO
audio/classic/units/immortal/move/alias_dragoon_pdrRdy00__354740bebf.wav,I have returned.,SC1/BW • VERIFIED DIALOGUE,MOVE / ACTIVATE VO
audio/classic/units/infested_terran/chatter/ZBgPss00__52e82299c4.wav,Annoyed / repeated selection 01,SC1/BW,PORTRAIT / VOICE
audio/classic/units/infested_terran/chatter/ZBgPss01__8f190cec6e.wav,Annoyed / repeated selection 02,SC1/BW,PORTRAIT / VOICE
audio/classic/units/infested_terran/chatter/ZBgPss02__ecdc1f2372.wav,Annoyed / repeated selection 03,SC1/BW,PORTRAIT / VOICE
audio/classic/units/infested_terran/chatter/ZBgPss03__f225c93caf.wav,Annoyed / repeated selection 04,SC1/BW,PORTRAIT / VOICE
audio/classic/units/infested_terran/move/ZBgRdy00__fe6a1e96f9.wav,Ready / selection 01,SC1/BW,MOVE / ACTIVATE VO
audio/classic/units/infested_terran/move/ZBgWht00__0f7cb4e4f6.wav,Selection response 01,SC1/BW,MOVE / ACTIVATE VO
audio/classic/units/infested_terran/move/ZBgWht01__b69cf2e679.wav,Selection response 02,SC1/BW,MOVE / ACTIVATE VO
audio/classic/units/infested_terran/move/ZBgWht02__b3bb190ce1.wav,Selection response 03,SC1/BW,MOVE / ACTIVATE VO
audio/classic/units/infested_terran/move/ZBgWht03__7bbe309c15.wav,Selection response 04,SC1/BW,MOVE / ACTIVATE VO
audio/classic/units/infested_terran/move/ZBgYes00__f4bcc6bbf3.wav,Move / order response 01,SC1/BW,MOVE / ACTIVATE VO
audio/classic/units/infested_terran/move/ZBgYes01__baa6c96348.wav,Move / order response 02,SC1/BW,MOVE / ACTIVATE VO
audio/classic/units/infested_terran/move/ZBgYes02__835928e950.wav,Move / order response 03,SC1/BW,MOVE / ACTIVATE VO
audio/classic/units/infested_terran/move/ZBgYes03__6be171104c.wav,Move / order response 04,SC1/BW,MOVE / ACTIVATE VO
audio/classic/units/jim_raynor/chatter/URaPss00__e60de387a7.wav,"Hey, quit it!",SC1/BW • VERIFIED DIALOGUE,PORTRAIT / VOICE
audio/classic/units/jim_raynor/chatter/URaPss01__35324f80e9.wav,"What's your problem, man?",SC1/BW • VERIFIED DIALOGUE,PORTRAIT / VOICE
audio/classic/units/jim_raynor/chatter/URaPss02__b8ebf111d0.wav,"Look, Commander. Do you mind?",SC1/BW • VERIFIED DIALOGUE,PORTRAIT / VOICE
audio/classic/units/jim_raynor/chatter/URaPss03__cd60f75c12.wav,I knew I should have stayed in bed this morning.,SC1/BW • VERIFIED DIALOGUE,PORTRAIT / VOICE
audio/classic/units/jim_raynor/death/URaDth00__2f6776cc1a.wav,Death voice 01,SC1/BW • DESCRIPTIVE NONVERBAL,DEATH VO
audio/classic/units/jim_raynor/death/URaDth01__5c9d5b23c3.wav,Death voice 02,SC1/BW • DESCRIPTIVE NONVERBAL,DEATH VO
audio/classic/units/jim_raynor/move/URaWht00__4e3e8410eb.wav,Rainer here.,SC1/BW • VERIFIED DIALOGUE,MOVE / ACTIVATE VO
audio/classic/units/jim_raynor/move/URaWht01__7fee5a143a.wav,This is Jimmy.,SC1/BW • VERIFIED DIALOGUE,MOVE / ACTIVATE VO
audio/classic/units/jim_raynor/move/URaWht02__7b816c01b7.wav,Anytime you're ready.,SC1/BW • VERIFIED DIALOGUE,MOVE / ACTIVATE VO
audio/classic/units/jim_raynor/move/URaWht03__d67a5a5f6c.wav,"Go ahead, Commander.",SC1/BW • VERIFIED DIALOGUE,MOVE / ACTIVATE VO
audio/classic/units/jim_raynor/move/URaYes00__717b555349.wav,Sounds fun.,SC1/BW • VERIFIED DIALOGUE,MOVE / ACTIVATE VO
audio/classic/units/jim_raynor/move/URaYes01__f5d0604943.wav,Right on.,SC1/BW • VERIFIED DIALOGUE,MOVE / ACTIVATE VO
audio/classic/units/jim_raynor/move/URaYes02__b0460d8715.wav,This should be good.,SC1/BW • VERIFIED DIALOGUE,MOVE / ACTIVATE VO
audio/classic/units/jim_raynor/move/URaYes03__d1ac0fe396.wav,Oh yeah!,SC1/BW • VERIFIED DIALOGUE,MOVE / ACTIVATE VO
audio/classic/units/jim_raynor_vulture/chatter/URVpss00__2401ce2157.wav,Annoyed / repeated selection 01,SC1/BW,PORTRAIT / VOICE
audio/classic/units/jim_raynor_vulture/chatter/URVpss01__9049435293.wav,Annoyed / repeated selection 02,SC1/BW,PORTRAIT / VOICE
audio/classic/units/jim_raynor_vulture/chatter/URVpss02__63b592d892.wav,Annoyed / repeated selection 03,SC1/BW,PORTRAIT / VOICE
audio/classic/units/jim_raynor_vulture/chatter/URVpss03__744b1e554b.wav,Annoyed / repeated selection 04,SC1/BW,PORTRAIT / VOICE
audio/classic/units/jim_raynor_vulture/death/URVDth00__ebbe9f601a.wav,Death voice 01,SC1/BW,DEATH VO
audio/classic/units/jim_raynor_vulture/move/URVWht00__b29b08358a.wav,Selection response 01,SC1/BW,MOVE / ACTIVATE VO
audio/classic/units/jim_raynor_vulture/move/URVwht01__1246e64724.wav,Selection response 02,SC1/BW,MOVE / ACTIVATE VO
audio/classic/units/jim_raynor_vulture/move/URVwht02__a60a9386ec.wav,Selection response 03,SC1/BW,MOVE / ACTIVATE VO
audio/classic/units/jim_raynor_vulture/move/URVwht03__abf2dcb134.wav,Selection response 04,SC1/BW,MOVE / ACTIVATE VO
audio/classic/units/jim_raynor_vulture/move/URVyes00__9e6570827e.wav,Move / order response 01,SC1/BW,MOVE / ACTIVATE VO
audio/classic/units/jim_raynor_vulture/move/URVyes01__efc68a44ce.wav,Move / order response 02,SC1/BW,MOVE / ACTIVATE VO
audio/classic/units/jim_raynor_vulture/move/URVyes02__c437a45329.wav,Move / order response 03,SC1/BW,MOVE / ACTIVATE VO
audio/classic/units/jim_raynor_vulture/move/URVyes03__28b0755b27.wav,Move / order response 04,SC1/BW,MOVE / ACTIVATE VO
audio/classic/units/kerrigan/chatter/UKiPss03__75c1f287b4.wav,I'll kill you myself!,SC1/BW • VERIFIED DIALOGUE,PORTRAIT / VOICE
audio/classic/units/kerrigan/chatter/UKipss00__e26100dd3e.wav,"You begin to annoy me, Cerebrate.",SC1/BW • VERIFIED DIALOGUE,PORTRAIT / VOICE
audio/classic/units/kerrigan/chatter/UKipss01__db34376b1f.wav,But don't think that I need you!,SC1/BW • VERIFIED DIALOGUE,PORTRAIT / VOICE
audio/classic/units/kerrigan/chatter/UKipss02__3575720c6c.wav,should you become a new service.,SC1/BW • VERIFIED DIALOGUE,PORTRAIT / VOICE
audio/classic/units/kerrigan/death/UKiDth00__49483b0c94.wav,Death voice 01,SC1/BW • DESCRIPTIVE NONVERBAL,DEATH VO
audio/classic/units/kerrigan/move/UKiwht00__888cdc52c6.wav,Selection response 01,SC1/BW,MOVE / ACTIVATE VO
audio/classic/units/kerrigan/move/UKiwht01__01ddc71a7d.wav,Selection response 02,SC1/BW,MOVE / ACTIVATE VO
audio/classic/units/kerrigan/move/UKiwht02__4e01989053.wav,What is it now?,SC1/BW • VERIFIED DIALOGUE,MOVE / ACTIVATE VO
audio/classic/units/kerrigan/move/UKiwht03__42c1de7dd4.wav,I'm listening.,SC1/BW • VERIFIED DIALOGUE,MOVE / ACTIVATE VO
audio/classic/units/kerrigan/move/UKiyes00__c4603d0a7b.wav,Move / order response 01,SC1/BW,MOVE / ACTIVATE VO
audio/classic/units/kerrigan/move/UKiyes01__014b0b6318.wav,A BOLD MOVE!,SC1/BW • VERIFIED DIALOGUE,MOVE / ACTIVATE VO
audio/classic/units/kerrigan/move/UKiyes02__17db1da73c.wav,On my way.,SC1/BW • VERIFIED DIALOGUE,MOVE / ACTIVATE VO
audio/classic/units/kerrigan/move/UKiyes03__1ca9851f0f.wav,Alright!,SC1/BW • VERIFIED DIALOGUE,MOVE / ACTIVATE VO
audio/classic/units/larva/chatter/ZLaPss00__11e97d1e48.wav,Annoyed / repeated selection 01,SC1/BW,PORTRAIT / VOICE
audio/classic/units/larva/death/ZLaDth00__0e5c29067b.wav,Death voice 01,SC1/BW,DEATH VO
audio/classic/units/larva/move/ZLaWht00__64ce85e5c5.wav,Selection response 01,SC1/BW,MOVE / ACTIVATE VO
audio/classic/units/marine/attack/alias_marine_TMaYes00__252c5e57fb.wav,"Go, go, go!",SC1/BW • VERIFIED DIALOGUE,ATTACK VO
audio/classic/units/marine/attack/alias_marine_TMaYes01__af140ca7c3.wav,Let's move!,SC1/BW • VERIFIED DIALOGUE,ATTACK VO
audio/classic/units/marine/attack/alias_marine_TMaYes03__7e1e2bf6fa.wav,Rock and roll!,SC1/BW • VERIFIED DIALOGUE,ATTACK VO
audio/classic/units/marine/chatter/TMaPss00__63aab0b010.wav,We gotta move.,SC1/BW • VERIFIED DIALOGUE,PORTRAIT / VOICE
audio/classic/units/marine/chatter/TMaPss01__a5bd67334a.wav,Are you gonna give me orders?,SC1/BW • VERIFIED DIALOGUE,PORTRAIT / VOICE
audio/classic/units/marine/chatter/TMaPss02__0d5a6026e2.wav,"Oh my god, he's wet.",SC1/BW • VERIFIED DIALOGUE,PORTRAIT / VOICE
audio/classic/units/marine/chatter/TMaPss03__df92216b52.wav,I vote we frag this commander.,SC1/BW • VERIFIED DIALOGUE,PORTRAIT / VOICE
audio/classic/units/marine/chatter/TMaPss04__0feb18ca10.wav,How do I get out of this chicken-a-sh**ing outfit?,SC1/BW • VERIFIED DIALOGUE,PORTRAIT / VOICE
audio/classic/units/marine/chatter/TMaPss05__f310b1faa2.wav,"You want a piece of me, boy?",SC1/BW • VERIFIED DIALOGUE,PORTRAIT / VOICE
audio/classic/units/marine/chatter/TMaPss06__76bc6e3734.wav,"If it weren't for these damn neural implants, you'd be a smoking crater by now.",SC1/BW • VERIFIED DIALOGUE,PORTRAIT / VOICE
audio/classic/units/marine/death/TMaDth00__2f6776cc1a.wav,Death voice 01,SC1/BW • DESCRIPTIVE NONVERBAL,DEATH VO
audio/classic/units/marine/death/TMaDth01__5c9d5b23c3.wav,Death voice 02,SC1/BW • DESCRIPTIVE NONVERBAL,DEATH VO
audio/classic/units/marine/move/TMaRdy00__f310b1faa2.wav,"You want a piece of me, boy?",SC1/BW • VERIFIED DIALOGUE,MOVE / ACTIVATE VO
audio/classic/units/marine/move/TMaWht00__5b46baf7f3.wav,Commander,SC1/BW • VERIFIED DIALOGUE,MOVE / ACTIVATE VO
audio/classic/units/marine/move/TMaWht01__3b24f14204.wav,Standing by.,SC1/BW • VERIFIED DIALOGUE,MOVE / ACTIVATE VO
audio/classic/units/marine/move/TMaWht02__a303feeca4.wav,Jacked up and good to go.,SC1/BW • VERIFIED DIALOGUE,MOVE / ACTIVATE VO
audio/classic/units/marine/move/TMaWht03__a9ef005780.wav,Give me something to shoot.,SC1/BW • VERIFIED DIALOGUE,MOVE / ACTIVATE VO
audio/classic/units/marine/move/TMaYes00__252c5e57fb.wav,"Go, go, go!",SC1/BW • VERIFIED DIALOGUE,MOVE / ACTIVATE VO
audio/classic/units/marine/move/TMaYes01__af140ca7c3.wav,Let's move!,SC1/BW • VERIFIED DIALOGUE,MOVE / ACTIVATE VO
audio/classic/units/marine/move/TMaYes02__e654728e68.wav,Outstanding.,SC1/BW • VERIFIED DIALOGUE,MOVE / ACTIVATE VO
audio/classic/units/marine/move/TMaYes03__7e1e2bf6fa.wav,Rock and roll!,SC1/BW • VERIFIED DIALOGUE,MOVE / ACTIVATE VO
audio/classic/units/medivac/chatter/alias_dropship_TDrPss00__444f4d9bef.wav,"When removing your overhead luggage, please be careful.",SC1/BW • VERIFIED DIALOGUE,PORTRAIT / VOICE
audio/classic/units/medivac/chatter/alias_dropship_TDrPss01__24df3403ef.wav,"In case of a water landing, you may be used as a filtration device.",SC1/BW • VERIFIED DIALOGUE,PORTRAIT / VOICE
audio/classic/units/medivac/chatter/alias_dropship_TDrPss02__74cbfbbc01.wav,"To hurl chunks, please use the vomit bag in front of you.",SC1/BW • VERIFIED DIALOGUE,PORTRAIT / VOICE
audio/classic/units/medivac/chatter/alias_dropship_TDrPss03__b99cd7e939.wav,Keep your arms and legs inside until this ride comes to a full and complete stop.,SC1/BW • VERIFIED DIALOGUE,PORTRAIT / VOICE
audio/classic/units/medivac/move/alias_dropship_TDrRdy00__27060c2201.wav,Can I take your order?,SC1/BW • VERIFIED DIALOGUE,MOVE / ACTIVATE VO
audio/classic/units/medivac/move/alias_dropship_TDrWht00__76c75803d9.wav,Go ahead HQ.,SC1/BW • VERIFIED DIALOGUE,MOVE / ACTIVATE VO
audio/classic/units/medivac/move/alias_dropship_TDrWht01__daa531436d.wav,I'm listening.,SC1/BW • VERIFIED DIALOGUE,MOVE / ACTIVATE VO
audio/classic/units/medivac/move/alias_dropship_TDrWht02__ce11e7eef0.wav,destination?,SC1/BW • VERIFIED DIALOGUE,MOVE / ACTIVATE VO
audio/classic/units/medivac/move/alias_dropship_TDrWht03__1005da471e.wav,input coordinates.,SC1/BW • VERIFIED DIALOGUE,MOVE / ACTIVATE VO
audio/classic/units/medivac/move/alias_dropship_TDrYes00__676aa9b472.wav,"In the by, by, by, by.",SC1/BW • VERIFIED DIALOGUE,MOVE / ACTIVATE VO
audio/classic/units/medivac/move/alias_dropship_TDrYes01__449e301cc3.wav,"Hang on, we're in for some chop.",SC1/BW • VERIFIED DIALOGUE,MOVE / ACTIVATE VO
audio/classic/units/medivac/move/alias_dropship_TDrYes02__9d1d5a3620.wav,in transit HQ.,SC1/BW • VERIFIED DIALOGUE,MOVE / ACTIVATE VO
audio/classic/units/medivac/move/alias_dropship_TDrYes03__1ef72db927.wav,Buckle up.,SC1/BW • VERIFIED DIALOGUE,MOVE / ACTIVATE VO
audio/classic/units/medivac/move/alias_dropship_TDrYes04__52f49f6473.wav,"Strap yourselves in, boys.",SC1/BW • VERIFIED DIALOGUE,MOVE / ACTIVATE VO
audio/classic/units/medivac/move/alias_dropship_TDrYes05__8ce10906bf.wav,I copy that.,SC1/BW • VERIFIED DIALOGUE,MOVE / ACTIVATE VO
audio/classic/units/mutalisk/chatter/zmuPss00__8380a07f0d.wav,Mutalisk selection vocalization,SC1/BW • DESCRIPTIVE NONVERBAL,PORTRAIT / VOICE
audio/classic/units/mutalisk/chatter/zmuPss01__0195c3c945.wav,Mutalisk selection vocalization,SC1/BW • DESCRIPTIVE NONVERBAL,PORTRAIT / VOICE
audio/classic/units/mutalisk/chatter/zmuPss02__088773d08c.wav,Mutalisk selection vocalization,SC1/BW • DESCRIPTIVE NONVERBAL,PORTRAIT / VOICE
audio/classic/units/mutalisk/chatter/zmuPss03__6dc0735e73.wav,Mutalisk selection vocalization,SC1/BW • DESCRIPTIVE NONVERBAL,PORTRAIT / VOICE
audio/classic/units/mutalisk/death/zmuDth00__e994a92eec.wav,Mutalisk death sound,SC1/BW • DESCRIPTIVE NONVERBAL,DEATH VO
audio/classic/units/mutalisk/move/zmuRdy00__9e61a2399a.wav,Mutalisk movement vocalization,SC1/BW • DESCRIPTIVE NONVERBAL,MOVE / ACTIVATE VO
audio/classic/units/mutalisk/move/zmuWht00__f9c4661260.wav,Mutalisk movement vocalization,SC1/BW • DESCRIPTIVE NONVERBAL,MOVE / ACTIVATE VO
audio/classic/units/mutalisk/move/zmuWht01__d3a065e571.wav,Mutalisk movement vocalization,SC1/BW • DESCRIPTIVE NONVERBAL,MOVE / ACTIVATE VO
audio/classic/units/mutalisk/move/zmuWht02__59327913bb.wav,Mutalisk movement vocalization,SC1/BW • DESCRIPTIVE NONVERBAL,MOVE / ACTIVATE VO
audio/classic/units/mutalisk/move/zmuWht03__3d40122b54.wav,Mutalisk movement vocalization,SC1/BW • DESCRIPTIVE NONVERBAL,MOVE / ACTIVATE VO
audio/classic/units/mutalisk/move/zmuYes00__64ecd49574.wav,Mutalisk movement vocalization,SC1/BW • DESCRIPTIVE NONVERBAL,MOVE / ACTIVATE VO
audio/classic/units/mutalisk/move/zmuYes01__8bf08b96e9.wav,Mutalisk movement vocalization,SC1/BW • DESCRIPTIVE NONVERBAL,MOVE / ACTIVATE VO
audio/classic/units/mutalisk/move/zmuYes02__9434952ae6.wav,Mutalisk movement vocalization,SC1/BW • DESCRIPTIVE NONVERBAL,MOVE / ACTIVATE VO
audio/classic/units/mutalisk/move/zmuYes03__15076068a0.wav,Mutalisk movement vocalization,SC1/BW • DESCRIPTIVE NONVERBAL,MOVE / ACTIVATE VO
audio/classic/units/overlord/chatter/zovPss00__639ae63fe9.wav,Overlord selection vocalization,SC1/BW • DESCRIPTIVE NONVERBAL,PORTRAIT / VOICE
audio/classic/units/overlord/chatter/zovPss01__fb0f5bb326.wav,Overlord selection vocalization,SC1/BW • DESCRIPTIVE NONVERBAL,PORTRAIT / VOICE
audio/classic/units/overlord/chatter/zovPss02__d3b1326102.wav,Overlord selection vocalization,SC1/BW • DESCRIPTIVE NONVERBAL,PORTRAIT / VOICE
audio/classic/units/overlord/chatter/zovPss03__474817790b.wav,Overlord selection vocalization,SC1/BW • DESCRIPTIVE NONVERBAL,PORTRAIT / VOICE
audio/classic/units/overlord/death/zovDth00__7ef0e88711.wav,Overlord death sound,SC1/BW • DESCRIPTIVE NONVERBAL,DEATH VO
audio/classic/units/overlord/move/zovRdy00__99d3ea565e.wav,Overlord movement vocalization,SC1/BW • DESCRIPTIVE NONVERBAL,MOVE / ACTIVATE VO
audio/classic/units/overlord/move/zovWht00__48a94cc2c4.wav,Overlord movement vocalization,SC1/BW • DESCRIPTIVE NONVERBAL,MOVE / ACTIVATE VO
audio/classic/units/overlord/move/zovWht01__4c77c0c23c.wav,Overlord movement vocalization,SC1/BW • DESCRIPTIVE NONVERBAL,MOVE / ACTIVATE VO
audio/classic/units/overlord/move/zovWht02__4b57bdfdd4.wav,Overlord movement vocalization,SC1/BW • DESCRIPTIVE NONVERBAL,MOVE / ACTIVATE VO
audio/classic/units/overlord/move/zovWht03__a3203098f8.wav,Overlord movement vocalization,SC1/BW • DESCRIPTIVE NONVERBAL,MOVE / ACTIVATE VO
audio/classic/units/overlord/move/zovYes00__87aad16ab0.wav,Overlord movement vocalization,SC1/BW • DESCRIPTIVE NONVERBAL,MOVE / ACTIVATE VO
audio/classic/units/overlord/move/zovYes01__216921bda4.wav,Overlord movement vocalization,SC1/BW • DESCRIPTIVE NONVERBAL,MOVE / ACTIVATE VO
audio/classic/units/overlord/move/zovYes02__c98261ca07.wav,Overlord movement vocalization,SC1/BW • DESCRIPTIVE NONVERBAL,MOVE / ACTIVATE VO
audio/classic/units/overlord/move/zovYes03__48363aa1d8.wav,Overlord movement vocalization,SC1/BW • DESCRIPTIVE NONVERBAL,MOVE / ACTIVATE VO
audio/classic/units/phoenix/attack/alias_scout_PScYes00__c2132addb2.wav,Attack voice 01,SC1/BW,ATTACK VO
audio/classic/units/phoenix/attack/alias_scout_PScYes01__359cc72258.wav,Attack voice 02,SC1/BW,ATTACK VO
audio/classic/units/phoenix/attack/alias_scout_PScYes02__2a51b4b3bd.wav,Locus acknowledged.,SC1/BW • VERIFIED DIALOGUE,ATTACK VO
audio/classic/units/phoenix/attack/alias_scout_PScYes03__1405d54f12.wav,It will be done.,SC1/BW • VERIFIED DIALOGUE,ATTACK VO
audio/classic/units/phoenix/chatter/alias_scout_PScPss00__caaa441843.wav,Annoyed / repeated selection 01,SC1/BW,PORTRAIT / VOICE
audio/classic/units/phoenix/chatter/alias_scout_PScPss01__4978e9bf96.wav,Annoyed / repeated selection 02,SC1/BW,PORTRAIT / VOICE
audio/classic/units/phoenix/chatter/alias_scout_PScPss02__5127de8e3e.wav,Adjusting your transmission.,SC1/BW • VERIFIED DIALOGUE,PORTRAIT / VOICE
audio/classic/units/phoenix/chatter/alias_scout_PScPss03__09616a6eae.wav,Annoyed / repeated selection 04,SC1/BW,PORTRAIT / VOICE
audio/classic/units/phoenix/chatter/alias_scout_pscPss04__5284298b77.wav,Annoyed / repeated selection 05,SC1/BW,PORTRAIT / VOICE
audio/classic/units/phoenix/move/alias_scout_PScRdy00__e1f2f9d022.wav,Ready / selection 01,SC1/BW,MOVE / ACTIVATE VO
audio/classic/units/phoenix/move/alias_scout_PScWht00__d7cd4251bf.wav,I'm waiting for her hand.,SC1/BW • VERIFIED DIALOGUE,MOVE / ACTIVATE VO
audio/classic/units/phoenix/move/alias_scout_PScWht01__7da26b67da.wav,Standing One,SC1/BW • VERIFIED DIALOGUE,MOVE / ACTIVATE VO
audio/classic/units/phoenix/move/alias_scout_PScWht02__063380b61f.wav,Contact!,SC1/BW • VERIFIED DIALOGUE,MOVE / ACTIVATE VO
audio/classic/units/phoenix/move/alias_scout_PScWht03__560e7725cb.wav,Selection response 04,SC1/BW,MOVE / ACTIVATE VO
audio/classic/units/phoenix/move/alias_scout_PScYes00__c2132addb2.wav,Move / order response 01,SC1/BW,MOVE / ACTIVATE VO
audio/classic/units/phoenix/move/alias_scout_PScYes01__359cc72258.wav,Move / order response 02,SC1/BW,MOVE / ACTIVATE VO
audio/classic/units/phoenix/move/alias_scout_PScYes02__2a51b4b3bd.wav,Locus acknowledged.,SC1/BW • VERIFIED DIALOGUE,MOVE / ACTIVATE VO
audio/classic/units/phoenix/move/alias_scout_PScYes03__1405d54f12.wav,It will be done.,SC1/BW • VERIFIED DIALOGUE,MOVE / ACTIVATE VO
audio/classic/units/probe/chatter/pprPss00__2a801f64d2.wav,Annoyed / repeated selection 01,SC1/BW,PORTRAIT / VOICE
audio/classic/units/probe/chatter/pprPss01__47b09766ff.wav,WHAT'S IN YOUR NAME?,SC1/BW • VERIFIED DIALOGUE,PORTRAIT / VOICE
audio/classic/units/probe/chatter/pprPss02__da0f9f6ad1.wav,Annoyed / repeated selection 03,SC1/BW,PORTRAIT / VOICE
audio/classic/units/probe/chatter/pprPss03__284d420a8f.wav,Annoyed / repeated selection 04,SC1/BW,PORTRAIT / VOICE
audio/classic/units/probe/death/pprDth00__64baa962e2.wav,Death voice 01,SC1/BW,DEATH VO
audio/classic/units/probe/move/pprRdy00__2faf8781fc.wav,Ready / selection 01,SC1/BW,MOVE / ACTIVATE VO
audio/classic/units/probe/move/pprWht00__780d3ff091.wav,Selection response 01,SC1/BW,MOVE / ACTIVATE VO
audio/classic/units/probe/move/pprWht01__add6c4e971.wav,Selection response 02,SC1/BW,MOVE / ACTIVATE VO
audio/classic/units/probe/move/pprWht03__8e2adf81ec.wav,Selection response 04,SC1/BW,MOVE / ACTIVATE VO
audio/classic/units/probe/move/pprYes00__26d28ed0df.wav,Move / order response 01,SC1/BW,MOVE / ACTIVATE VO
audio/classic/units/probe/move/pprYes01__9761f83dfa.wav,Move / order response 02,SC1/BW,MOVE / ACTIVATE VO
audio/classic/units/probe/move/pprYes02__3e9f9ebd3a.wav,Move / order response 03,SC1/BW,MOVE / ACTIVATE VO
audio/classic/units/probe/move/pprYes03__b02c865354.wav,Move / order response 04,SC1/BW,MOVE / ACTIVATE VO
audio/classic/units/queen/chatter/ZQuPss03__695609d7b2.wav,Queen selection vocalization,SC1/BW • DESCRIPTIVE NONVERBAL,PORTRAIT / VOICE
audio/classic/units/queen/chatter/zquPss00__cb7207c825.wav,Queen selection vocalization,SC1/BW • DESCRIPTIVE NONVERBAL,PORTRAIT / VOICE
audio/classic/units/queen/chatter/zquPss01__ad5bf5db42.wav,Queen selection vocalization,SC1/BW • DESCRIPTIVE NONVERBAL,PORTRAIT / VOICE
audio/classic/units/queen/chatter/zquPss02__d02a8ade16.wav,Queen selection vocalization,SC1/BW • DESCRIPTIVE NONVERBAL,PORTRAIT / VOICE
audio/classic/units/queen/death/ZQuDth00__e91063b957.wav,Queen death sound,SC1/BW • DESCRIPTIVE NONVERBAL,DEATH VO
audio/classic/units/queen/death/ZQuDth01__f98fb2612d.wav,Queen death sound,SC1/BW • DESCRIPTIVE NONVERBAL,DEATH VO
audio/classic/units/queen/death/ZQuDth02__962729be67.wav,Queen death sound,SC1/BW • DESCRIPTIVE NONVERBAL,DEATH VO
audio/classic/units/queen/move/ZQuWht03__22400a9215.wav,Queen movement vocalization,SC1/BW • DESCRIPTIVE NONVERBAL,MOVE / ACTIVATE VO
audio/classic/units/queen/move/ZQuYes03__5f2e1e7e40.wav,Queen movement vocalization,SC1/BW • DESCRIPTIVE NONVERBAL,MOVE / ACTIVATE VO
audio/classic/units/queen/move/zquRdy00__63839b14c9.wav,Queen movement vocalization,SC1/BW • DESCRIPTIVE NONVERBAL,MOVE / ACTIVATE VO
audio/classic/units/queen/move/zquWht00__3e67703d7c.wav,Queen movement vocalization,SC1/BW • DESCRIPTIVE NONVERBAL,MOVE / ACTIVATE VO
audio/classic/units/queen/move/zquWht01__42aed0fefc.wav,Queen movement vocalization,SC1/BW • DESCRIPTIVE NONVERBAL,MOVE / ACTIVATE VO
audio/classic/units/queen/move/zquWht02__7c34b6aa24.wav,Queen movement vocalization,SC1/BW • DESCRIPTIVE NONVERBAL,MOVE / ACTIVATE VO
audio/classic/units/queen/move/zquYes00__0c8c0061e3.wav,Queen movement vocalization,SC1/BW • DESCRIPTIVE NONVERBAL,MOVE / ACTIVATE VO
audio/classic/units/queen/move/zquYes01__72e1925694.wav,Queen movement vocalization,SC1/BW • DESCRIPTIVE NONVERBAL,MOVE / ACTIVATE VO
audio/classic/units/queen/move/zquYes02__284a241354.wav,Queen movement vocalization,SC1/BW • DESCRIPTIVE NONVERBAL,MOVE / ACTIVATE VO
audio/classic/units/sarah_kerrigan_human/chatter/UKePss04__7afb7ec968.wav,Annoyed / repeated selection 05,SC1/BW,PORTRAIT / VOICE
audio/classic/units/sarah_kerrigan_human/chatter/UKepss00__3b01e21222.wav,Annoyed / repeated selection 01,SC1/BW,PORTRAIT / VOICE
audio/classic/units/sarah_kerrigan_human/chatter/UKepss01__850890c0dc.wav,Annoyed / repeated selection 02,SC1/BW,PORTRAIT / VOICE
audio/classic/units/sarah_kerrigan_human/chatter/UKepss02__3611c9f59e.wav,Annoyed / repeated selection 03,SC1/BW,PORTRAIT / VOICE
audio/classic/units/sarah_kerrigan_human/chatter/UKepss03__21cc9412ce.wav,Annoyed / repeated selection 04,SC1/BW,PORTRAIT / VOICE
audio/classic/units/sarah_kerrigan_human/death/UKeDth00__6b02b6f133.wav,Death voice 01,SC1/BW,DEATH VO
audio/classic/units/sarah_kerrigan_human/move/UKewht00__df249e6b84.wav,Selection response 01,SC1/BW,MOVE / ACTIVATE VO
audio/classic/units/sarah_kerrigan_human/move/UKewht01__f54b19b8ea.wav,Selection response 02,SC1/BW,MOVE / ACTIVATE VO
audio/classic/units/sarah_kerrigan_human/move/UKewht02__72a7f211f3.wav,Selection response 03,SC1/BW,MOVE / ACTIVATE VO
audio/classic/units/sarah_kerrigan_human/move/UKewht03__d4f3960c74.wav,Selection response 04,SC1/BW,MOVE / ACTIVATE VO
audio/classic/units/sarah_kerrigan_human/move/UKeyes00__d0ceccb35b.wav,Move / order response 01,SC1/BW,MOVE / ACTIVATE VO
audio/classic/units/sarah_kerrigan_human/move/UKeyes01__943c4668cd.wav,Move / order response 02,SC1/BW,MOVE / ACTIVATE VO
audio/classic/units/sarah_kerrigan_human/move/UKeyes02__b3b4e4f30c.wav,Move / order response 03,SC1/BW,MOVE / ACTIVATE VO
audio/classic/units/sarah_kerrigan_human/move/UKeyes03__d3596e32a1.wav,Move / order response 04,SC1/BW,MOVE / ACTIVATE VO
audio/classic/units/science_vessel/chatter/tvepss00__ccb7fa3a78.wav,I like the kind of your jib.,SC1/BW • VERIFIED DIALOGUE,PORTRAIT / VOICE
audio/classic/units/science_vessel/chatter/tvepss01__18ea9417df.wav,"E equals MC. Oh, let me get my notepad.",SC1/BW • VERIFIED DIALOGUE,PORTRAIT / VOICE
audio/classic/units/science_vessel/chatter/tvepss02__e7c73df942.wav,"Fusion, eh? I'll have to remember that.",SC1/BW • VERIFIED DIALOGUE,PORTRAIT / VOICE
audio/classic/units/science_vessel/chatter/tvepss03__56ff75a8e3.wav,Who said all these lab monkeys freeze?,SC1/BW • VERIFIED DIALOGUE,PORTRAIT / VOICE
audio/classic/units/science_vessel/chatter/tvepss04__4356f49d2a.wav,I think we may have a gas leak.,SC1/BW • VERIFIED DIALOGUE,PORTRAIT / VOICE
audio/classic/units/science_vessel/chatter/tvepss05__70d1349f5a.wav,Do any of you fools know how to shut off this infertile contraption?,SC1/BW • VERIFIED DIALOGUE,PORTRAIT / VOICE
audio/classic/units/science_vessel/chatter/tvepss06__90f1982071.wav,The ship out of danger!,SC1/BW • VERIFIED DIALOGUE,PORTRAIT / VOICE
audio/classic/units/science_vessel/death/TVeDth00__46fd45e632.wav,Death voice 01,SC1/BW • DESCRIPTIVE NONVERBAL,DEATH VO
audio/classic/units/science_vessel/move/TVeRdy00__f22d588a2d.wav,Explore reporting,SC1/BW • VERIFIED DIALOGUE,MOVE / ACTIVATE VO
audio/classic/units/science_vessel/move/tvewht00__227131e371.wav,"Ah, greetings command.",SC1/BW • VERIFIED DIALOGUE,MOVE / ACTIVATE VO
audio/classic/units/science_vessel/move/tvewht01__54df585b39.wav,Transmit orders!,SC1/BW • VERIFIED DIALOGUE,MOVE / ACTIVATE VO
audio/classic/units/science_vessel/move/tvewht02__315f08c450.wav,Receiving headquarters.,SC1/BW • VERIFIED DIALOGUE,MOVE / ACTIVATE VO
audio/classic/units/science_vessel/move/tvewht03__e2553a42ae.wav,We have you on visual.,SC1/BW • VERIFIED DIALOGUE,MOVE / ACTIVATE VO
audio/classic/units/science_vessel/move/tveyes00__56ff309098.wav,Let's roll!,SC1/BW • VERIFIED DIALOGUE,MOVE / ACTIVATE VO
audio/classic/units/science_vessel/move/tveyes01__0e09348cbe.wav,Excellent!,SC1/BW • VERIFIED DIALOGUE,MOVE / ACTIVATE VO
audio/classic/units/science_vessel/move/tveyes02__5a47862b8e.wav,Commencing.,SC1/BW • VERIFIED DIALOGUE,MOVE / ACTIVATE VO
audio/classic/units/science_vessel/move/tveyes03__97b27704a6.wav,"Affirmative, sir.",SC1/BW • VERIFIED DIALOGUE,MOVE / ACTIVATE VO
audio/classic/units/scourge/chatter/ZAvPss00__99d29dc46b.wav,Scourge selection vocalization,SC1/BW • DESCRIPTIVE NONVERBAL,PORTRAIT / VOICE
audio/classic/units/scourge/chatter/ZAvPss01__b4420bcf14.wav,Scourge selection vocalization,SC1/BW • DESCRIPTIVE NONVERBAL,PORTRAIT / VOICE
audio/classic/units/scourge/death/ZAvDth00__9d50d5b952.wav,Scourge death sound,SC1/BW • DESCRIPTIVE NONVERBAL,DEATH VO
audio/classic/units/scourge/move/ZAvRdy00__c3ed500f66.wav,Scourge movement vocalization,SC1/BW • DESCRIPTIVE NONVERBAL,MOVE / ACTIVATE VO
audio/classic/units/scourge/move/ZAvWht00__7d016ca222.wav,Scourge movement vocalization,SC1/BW • DESCRIPTIVE NONVERBAL,MOVE / ACTIVATE VO
audio/classic/units/scourge/move/ZAvWht01__17a4138dca.wav,Scourge movement vocalization,SC1/BW • DESCRIPTIVE NONVERBAL,MOVE / ACTIVATE VO
audio/classic/units/scourge/move/ZAvYes00__c987f7527a.wav,Scourge movement vocalization,SC1/BW • DESCRIPTIVE NONVERBAL,MOVE / ACTIVATE VO
audio/classic/units/scourge/move/ZAvYes01__be62cef68c.wav,Scourge movement vocalization,SC1/BW • DESCRIPTIVE NONVERBAL,MOVE / ACTIVATE VO
audio/classic/units/scout/chatter/PScPss00__caaa441843.wav,Annoyed / repeated selection 01,SC1/BW,PORTRAIT / VOICE
audio/classic/units/scout/chatter/PScPss01__4978e9bf96.wav,Annoyed / repeated selection 02,SC1/BW,PORTRAIT / VOICE
audio/classic/units/scout/chatter/PScPss02__5127de8e3e.wav,Adjusting your transmission.,SC1/BW • VERIFIED DIALOGUE,PORTRAIT / VOICE
audio/classic/units/scout/chatter/PScPss03__09616a6eae.wav,Annoyed / repeated selection 04,SC1/BW,PORTRAIT / VOICE
audio/classic/units/scout/chatter/pscPss04__5284298b77.wav,Annoyed / repeated selection 05,SC1/BW,PORTRAIT / VOICE
audio/classic/units/scout/death/PScDth00__53544a6b85.wav,Death voice 01,SC1/BW,DEATH VO
audio/classic/units/scout/move/PScRdy00__e1f2f9d022.wav,Ready / selection 01,SC1/BW,MOVE / ACTIVATE VO
audio/classic/units/scout/move/PScWht00__d7cd4251bf.wav,I'm waiting for her hand.,SC1/BW • VERIFIED DIALOGUE,MOVE / ACTIVATE VO
audio/classic/units/scout/move/PScWht01__7da26b67da.wav,Standing One,SC1/BW • VERIFIED DIALOGUE,MOVE / ACTIVATE VO
audio/classic/units/scout/move/PScWht02__063380b61f.wav,Contact!,SC1/BW • VERIFIED DIALOGUE,MOVE / ACTIVATE VO
audio/classic/units/scout/move/PScWht03__560e7725cb.wav,Selection response 04,SC1/BW,MOVE / ACTIVATE VO
audio/classic/units/scout/move/PScYes00__c2132addb2.wav,Move / order response 01,SC1/BW,MOVE / ACTIVATE VO
audio/classic/units/scout/move/PScYes01__359cc72258.wav,Move / order response 02,SC1/BW,MOVE / ACTIVATE VO
audio/classic/units/scout/move/PScYes02__2a51b4b3bd.wav,Locus acknowledged.,SC1/BW • VERIFIED DIALOGUE,MOVE / ACTIVATE VO
audio/classic/units/scout/move/PScYes03__1405d54f12.wav,It will be done.,SC1/BW • VERIFIED DIALOGUE,MOVE / ACTIVATE VO
audio/classic/units/scv/attack/alias_scv_TSCYes00__5e0c8c9f23.wav,Affirmative.,SC1/BW • VERIFIED DIALOGUE,ATTACK VO
audio/classic/units/scv/attack/alias_scv_TSCYes01__81103ef8d4.wav,Roger that.,SC1/BW • VERIFIED DIALOGUE,ATTACK VO
audio/classic/units/scv/attack/alias_scv_TSCYes03__c238923179.wav,Orders received.,SC1/BW • VERIFIED DIALOGUE,ATTACK VO
audio/classic/units/scv/chatter/TSCPss00__74ddd209db.wav,"Come again, Captain.",SC1/BW • VERIFIED DIALOGUE,PORTRAIT / VOICE
audio/classic/units/scv/chatter/TSCPss01__e98083c19d.wav,I'm not reading you clearly.,SC1/BW • VERIFIED DIALOGUE,PORTRAIT / VOICE
audio/classic/units/scv/chatter/TSCPss02__5b504b0683.wav,"You ain't from around here, are you?",SC1/BW • VERIFIED DIALOGUE,PORTRAIT / VOICE
audio/classic/units/scv/chatter/TSCPss03__218946aea9.wav,I can't believe they put me in one of these things.,SC1/BW • VERIFIED DIALOGUE,PORTRAIT / VOICE
audio/classic/units/scv/chatter/TSCPss04__27afef5c70.wav,And now I gotta put up with this too.,SC1/BW • VERIFIED DIALOGUE,PORTRAIT / VOICE
audio/classic/units/scv/chatter/TSCPss05__b220a9cfc8.wav,I told him I was claustrophobic. I gotta get outta here!,SC1/BW • VERIFIED DIALOGUE,PORTRAIT / VOICE
audio/classic/units/scv/chatter/TSCPss06__5082f53cdb.wav,I'm soft in here tiring a frog butt in a watermelon seed fight.,SC1/BW • VERIFIED DIALOGUE,PORTRAIT / VOICE
audio/classic/units/scv/death/TSCDth00__143cadbc74.wav,Death voice 01,SC1/BW • DESCRIPTIVE NONVERBAL,DEATH VO
audio/classic/units/scv/move/TSCRdy00__6a6f2d560a.wav,SCB good to go sir,SC1/BW • VERIFIED DIALOGUE,MOVE / ACTIVATE VO
audio/classic/units/scv/move/TSCWht00__5f14acbbcd.wav,"Yes, sir.",SC1/BW • VERIFIED DIALOGUE,MOVE / ACTIVATE VO
audio/classic/units/scv/move/TSCWht01__78de77b56c.wav,"Order, Scaven.",SC1/BW • VERIFIED DIALOGUE,MOVE / ACTIVATE VO
audio/classic/units/scv/move/TSCWht02__885673b57c.wav,Can I read you?,SC1/BW • VERIFIED DIALOGUE,MOVE / ACTIVATE VO
audio/classic/units/scv/move/TSCWht03__778b04392e.wav,Selection response 04,SC1/BW,MOVE / ACTIVATE VO
audio/classic/units/scv/move/TSCYes00__5e0c8c9f23.wav,Affirmative.,SC1/BW • VERIFIED DIALOGUE,MOVE / ACTIVATE VO
audio/classic/units/scv/move/TSCYes01__81103ef8d4.wav,Roger that.,SC1/BW • VERIFIED DIALOGUE,MOVE / ACTIVATE VO
audio/classic/units/scv/move/TSCYes02__fa797f6d70.wav,"Right away, sir.",SC1/BW • VERIFIED DIALOGUE,MOVE / ACTIVATE VO
audio/classic/units/scv/move/TSCYes03__c238923179.wav,Orders received.,SC1/BW • VERIFIED DIALOGUE,MOVE / ACTIVATE VO
audio/classic/units/shuttle/chatter/PShPss00__3f3664f96b.wav,Annoyed / repeated selection 01,SC1/BW,PORTRAIT / VOICE
audio/classic/units/shuttle/chatter/PShPss01__80274b9809.wav,Annoyed / repeated selection 02,SC1/BW,PORTRAIT / VOICE
audio/classic/units/shuttle/chatter/PShPss02__5641e16fb8.wav,Annoyed / repeated selection 03,SC1/BW,PORTRAIT / VOICE
audio/classic/units/shuttle/chatter/PShPss03__1a9def00d6.wav,Annoyed / repeated selection 04,SC1/BW,PORTRAIT / VOICE
audio/classic/units/shuttle/chatter/PShPss04__0cb17c5e0f.wav,Annoyed / repeated selection 05,SC1/BW,PORTRAIT / VOICE
audio/classic/units/shuttle/death/pshDth00__ead697be89.wav,Death voice 01,SC1/BW,DEATH VO
audio/classic/units/shuttle/move/PShWht00__3c46f789cb.wav,Selection response 01,SC1/BW,MOVE / ACTIVATE VO
audio/classic/units/shuttle/move/PShWht01__4572e82720.wav,Selection response 02,SC1/BW,MOVE / ACTIVATE VO
audio/classic/units/shuttle/move/PShYes00__6bc6aff94d.wav,Move / order response 01,SC1/BW,MOVE / ACTIVATE VO
audio/classic/units/shuttle/move/PShYes02__61d7f9847e.wav,Move / order response 03,SC1/BW,MOVE / ACTIVATE VO
audio/classic/units/shuttle/move/pshRdy00__e4a3479665.wav,Ready / selection 01,SC1/BW,MOVE / ACTIVATE VO
audio/classic/units/siege_tank/attack/alias_siege_tank_ttayes00__3025082403.wav,Move it!,SC1/BW • VERIFIED DIALOGUE,ATTACK VO
audio/classic/units/siege_tank/attack/alias_siege_tank_ttayes03__fd6685284f.wav,Absolutely!,SC1/BW • VERIFIED DIALOGUE,ATTACK VO
audio/classic/units/siege_tank/chatter/ttapss00__64c7a49d02.wav,Annoyed / repeated selection 01,SC1/BW,PORTRAIT / VOICE
audio/classic/units/siege_tank/chatter/ttapss01__7f47c35083.wav,I'm about to drop the hammer!,SC1/BW • VERIFIED DIALOGUE,PORTRAIT / VOICE
audio/classic/units/siege_tank/chatter/ttapss02__d6acecbbb4.wav,and dispense some indiscriminate justice!,SC1/BW • VERIFIED DIALOGUE,PORTRAIT / VOICE
audio/classic/units/siege_tank/chatter/ttapss03__f45771f22d.wav,What is your major malfunction?,SC1/BW • VERIFIED DIALOGUE,PORTRAIT / VOICE
audio/classic/units/siege_tank/death/TTaDth00__da9707ce9d.wav,Death voice 01,SC1/BW • DESCRIPTIVE NONVERBAL,DEATH VO
audio/classic/units/siege_tank/move/ttardy00__7f06045198.wav,Ready to roll out!,SC1/BW • VERIFIED DIALOGUE,MOVE / ACTIVATE VO
audio/classic/units/siege_tank/move/ttawht00__eb0aaa107b.wav,"Yes, sir!",SC1/BW • VERIFIED DIALOGUE,MOVE / ACTIVATE VO
audio/classic/units/siege_tank/move/ttawht01__c41493f630.wav,Destination?,SC1/BW • VERIFIED DIALOGUE,MOVE / ACTIVATE VO
audio/classic/units/siege_tank/move/ttawht02__44d8b8deeb.wav,Identify target!,SC1/BW • VERIFIED DIALOGUE,MOVE / ACTIVATE VO
audio/classic/units/siege_tank/move/ttawht03__cc4b6564bd.wav,Selection response 04,SC1/BW,MOVE / ACTIVATE VO
audio/classic/units/siege_tank/move/ttayes00__3025082403.wav,Move it!,SC1/BW • VERIFIED DIALOGUE,MOVE / ACTIVATE VO
audio/classic/units/siege_tank/move/ttayes01__4c03bba9ec.wav,Prose eating!,SC1/BW • VERIFIED DIALOGUE,MOVE / ACTIVATE VO
audio/classic/units/siege_tank/move/ttayes02__b84113b75d.wav,Move / order response 03,SC1/BW,MOVE / ACTIVATE VO
audio/classic/units/siege_tank/move/ttayes03__fd6685284f.wav,Absolutely!,SC1/BW • VERIFIED DIALOGUE,MOVE / ACTIVATE VO
audio/classic/units/stalker/attack/alias_fenix_dragoon_UFDYes00__0d0474ce36.wav,Attack voice 01,SC1/BW,ATTACK VO
audio/classic/units/stalker/attack/alias_fenix_dragoon_UFDYes01__295a3fcc74.wav,IMMEDIATELY,SC1/BW • VERIFIED DIALOGUE,ATTACK VO
audio/classic/units/stalker/attack/alias_fenix_dragoon_UFDYes03__c11ca8319b.wav,As you will!,SC1/BW • VERIFIED DIALOGUE,ATTACK VO
audio/classic/units/stalker/chatter/alias_fenix_dragoon_UFDPss00__ee78704161.wav,I fear no enemy!,SC1/BW • VERIFIED DIALOGUE,PORTRAIT / VOICE
audio/classic/units/stalker/chatter/alias_fenix_dragoon_UFDPss01__43b8200ad0.wav,For the comma is my strength!,SC1/BW • VERIFIED DIALOGUE,PORTRAIT / VOICE
audio/classic/units/stalker/chatter/alias_fenix_dragoon_UFDPss02__d027136f15.wav,I fear not death.,SC1/BW • VERIFIED DIALOGUE,PORTRAIT / VOICE
audio/classic/units/stalker/chatter/alias_fenix_dragoon_UFDPss03__12253ad5cb.wav,For our strength is eternal.,SC1/BW • VERIFIED DIALOGUE,PORTRAIT / VOICE
audio/classic/units/stalker/move/alias_fenix_dragoon_UFDWht00__2aa1ec452e.wav,Selection response 01,SC1/BW,MOVE / ACTIVATE VO
audio/classic/units/stalker/move/alias_fenix_dragoon_UFDWht01__d3f5e42da4.wav,Your command?,SC1/BW • VERIFIED DIALOGUE,MOVE / ACTIVATE VO
audio/classic/units/stalker/move/alias_fenix_dragoon_UFDWht02__c31eacfd88.wav,What would you ask of me?,SC1/BW • VERIFIED DIALOGUE,MOVE / ACTIVATE VO
audio/classic/units/stalker/move/alias_fenix_dragoon_UFDWht03__de7092d932.wav,I hunger for battle!,SC1/BW • VERIFIED DIALOGUE,MOVE / ACTIVATE VO
audio/classic/units/stalker/move/alias_fenix_dragoon_UFDYes00__0d0474ce36.wav,Move / order response 01,SC1/BW,MOVE / ACTIVATE VO
audio/classic/units/stalker/move/alias_fenix_dragoon_UFDYes01__295a3fcc74.wav,IMMEDIATELY,SC1/BW • VERIFIED DIALOGUE,MOVE / ACTIVATE VO
audio/classic/units/stalker/move/alias_fenix_dragoon_UFDYes02__ff60da3cd3.wav,Knock the dollar!,SC1/BW • VERIFIED DIALOGUE,MOVE / ACTIVATE VO
audio/classic/units/stalker/move/alias_fenix_dragoon_UFDYes03__c11ca8319b.wav,As you will!,SC1/BW • VERIFIED DIALOGUE,MOVE / ACTIVATE VO
audio/classic/units/tassadar/chatter/UTaPss00__f118dccd81.wav,"Speak quickly, executor.",SC1/BW • VERIFIED DIALOGUE,PORTRAIT / VOICE
audio/classic/units/tassadar/chatter/UTaPss01__245a0910ec.wav,I don't have time for games!,SC1/BW • VERIFIED DIALOGUE,PORTRAIT / VOICE
audio/classic/units/tassadar/chatter/UTaPss02__182b666337.wav,I was executive long before you.,SC1/BW • VERIFIED DIALOGUE,PORTRAIT / VOICE
audio/classic/units/tassadar/chatter/UTaPss03__745c73fb93.wav,So do not try my patience.,SC1/BW • VERIFIED DIALOGUE,PORTRAIT / VOICE
audio/classic/units/tassadar/death/UTaDth00__7a5545dba5.wav,Death voice 01,SC1/BW,DEATH VO
audio/classic/units/tassadar/move/UTaWht00__1cee923393.wav,"Yes, executive.",SC1/BW • VERIFIED DIALOGUE,MOVE / ACTIVATE VO
audio/classic/units/tassadar/move/UTaWht01__e88bd387df.wav,I hear you.,SC1/BW • VERIFIED DIALOGUE,MOVE / ACTIVATE VO
audio/classic/units/tassadar/move/UTaWht02__2210a75bf7.wav,How may I help?,SC1/BW • VERIFIED DIALOGUE,MOVE / ACTIVATE VO
audio/classic/units/tassadar/move/UTaWht03__9154cb6e7d.wav,Your will?,SC1/BW • VERIFIED DIALOGUE,MOVE / ACTIVATE VO
audio/classic/units/tassadar/move/UTaYes00__29cd602adb.wav,Of course.,SC1/BW • VERIFIED DIALOGUE,MOVE / ACTIVATE VO
audio/classic/units/tassadar/move/UTaYes01__ebf662d7cf.wav,It shall be done.,SC1/BW • VERIFIED DIALOGUE,MOVE / ACTIVATE VO
audio/classic/units/tassadar/move/UTaYes02__8479849fa7.wav,For Adun!,SC1/BW • VERIFIED DIALOGUE,MOVE / ACTIVATE VO
audio/classic/units/tassadar/move/UTaYes03__dd94b6dd08.wav,Move / order response 04,SC1/BW,MOVE / ACTIVATE VO
audio/classic/units/terran_phoenix/chatter/TPhPss00__41ae8032bf.wav,Annoyed / repeated selection 01,SC1/BW,PORTRAIT / VOICE
audio/classic/units/terran_phoenix/chatter/TPhPss01__922a4444d6.wav,Annoyed / repeated selection 02,SC1/BW,PORTRAIT / VOICE
audio/classic/units/terran_phoenix/chatter/TPhPss02__3d0d055a82.wav,Annoyed / repeated selection 03,SC1/BW,PORTRAIT / VOICE
audio/classic/units/terran_phoenix/chatter/TPhPss03__2d51767e95.wav,Annoyed / repeated selection 04,SC1/BW,PORTRAIT / VOICE
audio/classic/units/terran_phoenix/chatter/TPhPss04__cdaf19ba66.wav,Annoyed / repeated selection 05,SC1/BW,PORTRAIT / VOICE
audio/classic/units/terran_phoenix/chatter/TPhPss05__825ab2f6c7.wav,Annoyed / repeated selection 06,SC1/BW,PORTRAIT / VOICE
audio/classic/units/terran_phoenix/chatter/TPhPss06__4fe01496f6.wav,Annoyed / repeated selection 07,SC1/BW,PORTRAIT / VOICE
audio/classic/units/terran_phoenix/death/TPhDth00__0377bf786b.wav,Death voice 01,SC1/BW,DEATH VO
audio/classic/units/terran_phoenix/move/TPhRdy00__cc2c9704b9.wav,Ready / selection 01,SC1/BW,MOVE / ACTIVATE VO
audio/classic/units/terran_phoenix/move/TPhWht00__652889173a.wav,Selection response 01,SC1/BW,MOVE / ACTIVATE VO
audio/classic/units/terran_phoenix/move/TPhWht01__30a9202ed4.wav,Selection response 02,SC1/BW,MOVE / ACTIVATE VO
audio/classic/units/terran_phoenix/move/TPhWht02__a5f36e3700.wav,Selection response 03,SC1/BW,MOVE / ACTIVATE VO
audio/classic/units/terran_phoenix/move/TPhWht03__55485fa393.wav,Selection response 04,SC1/BW,MOVE / ACTIVATE VO
audio/classic/units/terran_phoenix/move/TPhYes00__1335d13cfb.wav,Move / order response 01,SC1/BW,MOVE / ACTIVATE VO
audio/classic/units/terran_phoenix/move/TPhYes01__4f86b035f2.wav,Move / order response 02,SC1/BW,MOVE / ACTIVATE VO
audio/classic/units/terran_phoenix/move/TPhYes02__6aa36e5cc6.wav,Move / order response 03,SC1/BW,MOVE / ACTIVATE VO
audio/classic/units/terran_phoenix/move/TPhYes03__6c9b796b77.wav,Move / order response 04,SC1/BW,MOVE / ACTIVATE VO
audio/classic/units/thor/attack/alias_goliath_TGoYes00__804d9b9a5a.wav,Attack voice 01,SC1/BW,ATTACK VO
audio/classic/units/thor/attack/alias_goliath_TGoYes01__5b274f891f.wav,Now comm locked.,SC1/BW • VERIFIED DIALOGUE,ATTACK VO
audio/classic/units/thor/attack/alias_goliath_TGoYes03__653bd7ccca.wav,Target designated.,SC1/BW • VERIFIED DIALOGUE,ATTACK VO
audio/classic/units/thor/chatter/alias_goliath_TGoPss00__80db3c9917.wav,Annoyed / repeated selection 01,SC1/BW,PORTRAIT / VOICE
audio/classic/units/thor/chatter/alias_goliath_TGoPss01__ea8216d194.wav,Checklist protocol initiated.,SC1/BW • VERIFIED DIALOGUE,PORTRAIT / VOICE
audio/classic/units/thor/chatter/alias_goliath_TGoPss02__a5dc2ef296.wav,Running Level 1 Diagnostic.,SC1/BW • VERIFIED DIALOGUE,PORTRAIT / VOICE
audio/classic/units/thor/chatter/alias_goliath_TGoPss03__476e1272b6.wav,USDA selected.,SC1/BW • VERIFIED DIALOGUE,PORTRAIT / VOICE
audio/classic/units/thor/chatter/alias_goliath_TGoPss04__2fedd1a6b9.wav,FDIC approved.,SC1/BW • VERIFIED DIALOGUE,PORTRAIT / VOICE
audio/classic/units/thor/chatter/alias_goliath_TGoPss05__303558e139.wav,Checklist completed. SOB.,SC1/BW • VERIFIED DIALOGUE,PORTRAIT / VOICE
audio/classic/units/thor/death/alias_goliath_TGoDth00__7b21a9c75f.wav,Death voice 01,SC1/BW • DESCRIPTIVE NONVERBAL,DEATH VO
audio/classic/units/thor/move/alias_goliath_TGoRdy00__f4f8008c24.wav,Goliath Online,SC1/BW • VERIFIED DIALOGUE,MOVE / ACTIVATE VO
audio/classic/units/thor/move/alias_goliath_TGoWht00__e86a525394.wav,"Go ahead, TACOM.",SC1/BW • VERIFIED DIALOGUE,MOVE / ACTIVATE VO
audio/classic/units/thor/move/alias_goliath_TGoWht01__79abc573bf.wav,Comment online.,SC1/BW • VERIFIED DIALOGUE,MOVE / ACTIVATE VO
audio/classic/units/thor/move/alias_goliath_TGoWht02__b8450d69ef.wav,Channel open.,SC1/BW • VERIFIED DIALOGUE,MOVE / ACTIVATE VO
audio/classic/units/thor/move/alias_goliath_TGoWht03__7fb95ecf4b.wav,Systems functional.,SC1/BW • VERIFIED DIALOGUE,MOVE / ACTIVATE VO
audio/classic/units/thor/move/alias_goliath_TGoYes00__804d9b9a5a.wav,Move / order response 01,SC1/BW,MOVE / ACTIVATE VO
audio/classic/units/thor/move/alias_goliath_TGoYes01__5b274f891f.wav,Now comm locked.,SC1/BW • VERIFIED DIALOGUE,MOVE / ACTIVATE VO
audio/classic/units/thor/move/alias_goliath_TGoYes02__08ea5cd4e1.wav,Confirmed.,SC1/BW • VERIFIED DIALOGUE,MOVE / ACTIVATE VO
audio/classic/units/thor/move/alias_goliath_TGoYes03__653bd7ccca.wav,Target designated.,SC1/BW • VERIFIED DIALOGUE,MOVE / ACTIVATE VO
audio/classic/units/trilobyte/chatter/PtrPss00__c98eba4fcc.wav,Annoyed / repeated selection 01,SC1/BW,PORTRAIT / VOICE
audio/classic/units/trilobyte/chatter/PtrPss01__72e20c2236.wav,Annoyed / repeated selection 02,SC1/BW,PORTRAIT / VOICE
audio/classic/units/trilobyte/chatter/PtrPss02__c30c27770b.wav,Annoyed / repeated selection 03,SC1/BW,PORTRAIT / VOICE
audio/classic/units/trilobyte/death/ptrDth00__d741e066fc.wav,Death voice 01,SC1/BW,DEATH VO
audio/classic/units/trilobyte/move/PTrRdy00__67e548d5f7.wav,Ready / selection 01,SC1/BW,MOVE / ACTIVATE VO
audio/classic/units/trilobyte/move/PTrWht00__9823db70fb.wav,Selection response 01,SC1/BW,MOVE / ACTIVATE VO
audio/classic/units/trilobyte/move/PTrWht01__be539b7909.wav,Selection response 02,SC1/BW,MOVE / ACTIVATE VO
audio/classic/units/trilobyte/move/PTrWht02__3b46512b24.wav,Selection response 03,SC1/BW,MOVE / ACTIVATE VO
audio/classic/units/trilobyte/move/PTrWht03__d99b15ae0d.wav,Selection response 04,SC1/BW,MOVE / ACTIVATE VO
audio/classic/units/trilobyte/move/PTrYes00__31e378b94f.wav,Move / order response 01,SC1/BW,MOVE / ACTIVATE VO
audio/classic/units/trilobyte/move/PTrYes01__9a72b46bbe.wav,Move / order response 02,SC1/BW,MOVE / ACTIVATE VO
audio/classic/units/trilobyte/move/PTrYes02__495323bea6.wav,Move / order response 03,SC1/BW,MOVE / ACTIVATE VO
audio/classic/units/trilobyte/move/PTrYes03__a85b7a8e8d.wav,Move / order response 04,SC1/BW,MOVE / ACTIVATE VO
audio/classic/units/ultralisk/chatter/zulPss00__71dc2fccd0.wav,Ultralisk selection vocalization,SC1/BW • DESCRIPTIVE NONVERBAL,PORTRAIT / VOICE
audio/classic/units/ultralisk/chatter/zulPss01__5f356b89b5.wav,Ultralisk selection vocalization,SC1/BW • DESCRIPTIVE NONVERBAL,PORTRAIT / VOICE
audio/classic/units/ultralisk/chatter/zulPss02__d1dc29693c.wav,Ultralisk selection vocalization,SC1/BW • DESCRIPTIVE NONVERBAL,PORTRAIT / VOICE
audio/classic/units/ultralisk/death/zulDth00__6b5f13254b.wav,Ultralisk death sound,SC1/BW • DESCRIPTIVE NONVERBAL,DEATH VO
audio/classic/units/ultralisk/move/zulRdy00__dc4c2b85c8.wav,Ultralisk movement vocalization,SC1/BW • DESCRIPTIVE NONVERBAL,MOVE / ACTIVATE VO
audio/classic/units/ultralisk/move/zulWht00__d3ff6cb6b6.wav,Ultralisk movement vocalization,SC1/BW • DESCRIPTIVE NONVERBAL,MOVE / ACTIVATE VO
audio/classic/units/ultralisk/move/zulWht01__9fa0808d75.wav,Ultralisk movement vocalization,SC1/BW • DESCRIPTIVE NONVERBAL,MOVE / ACTIVATE VO
audio/classic/units/ultralisk/move/zulWht02__4e009c8c2a.wav,Ultralisk movement vocalization,SC1/BW • DESCRIPTIVE NONVERBAL,MOVE / ACTIVATE VO
audio/classic/units/ultralisk/move/zulWht03__0d5d6b7c84.wav,Ultralisk movement vocalization,SC1/BW • DESCRIPTIVE NONVERBAL,MOVE / ACTIVATE VO
audio/classic/units/ultralisk/move/zulYes00__642e9facfa.wav,Ultralisk movement vocalization,SC1/BW • DESCRIPTIVE NONVERBAL,MOVE / ACTIVATE VO
audio/classic/units/ultralisk/move/zulYes01__403e872286.wav,Ultralisk movement vocalization,SC1/BW • DESCRIPTIVE NONVERBAL,MOVE / ACTIVATE VO
audio/classic/units/ultralisk/move/zulYes02__d46812811c.wav,Ultralisk movement vocalization,SC1/BW • DESCRIPTIVE NONVERBAL,MOVE / ACTIVATE VO
audio/classic/units/ultralisk/move/zulYes03__9a50c85597.wav,Ultralisk movement vocalization,SC1/BW • DESCRIPTIVE NONVERBAL,MOVE / ACTIVATE VO
audio/classic/units/viking/attack/alias_terran_phoenix_TPhYes01__4f86b035f2.wav,and attack formation.,SC1/BW • VERIFIED DIALOGUE,ATTACK VO
audio/classic/units/viking/attack/alias_terran_phoenix_TPhYes02__6aa36e5cc6.wav,Roger.,SC1/BW • VERIFIED DIALOGUE,ATTACK VO
audio/classic/units/viking/attack/alias_terran_phoenix_TPhYes03__6c9b796b77.wav,Vector locked in.,SC1/BW • VERIFIED DIALOGUE,ATTACK VO
audio/classic/units/viking/chatter/alias_terran_phoenix_TPhPss00__41ae8032bf.wav,"Last transmission, breaking up, come back.",SC1/BW • VERIFIED DIALOGUE,PORTRAIT / VOICE
audio/classic/units/viking/chatter/alias_terran_phoenix_TPhPss01__922a4444d6.wav,"I'm just curious, why am I so good?",SC1/BW • VERIFIED DIALOGUE,PORTRAIT / VOICE
audio/classic/units/viking/chatter/alias_terran_phoenix_TPhPss02__3d0d055a82.wav,I gotta get me one of these.,SC1/BW • VERIFIED DIALOGUE,PORTRAIT / VOICE
audio/classic/units/viking/chatter/alias_terran_phoenix_TPhPss03__2d51767e95.wav,you know who the best starfighter in the fleet is.,SC1/BW • VERIFIED DIALOGUE,PORTRAIT / VOICE
audio/classic/units/viking/chatter/alias_terran_phoenix_TPhPss04__cdaf19ba66.wav,Yours truly.,SC1/BW • VERIFIED DIALOGUE,PORTRAIT / VOICE
audio/classic/units/viking/chatter/alias_terran_phoenix_TPhPss05__825ab2f6c7.wav,"Everybody's gotta die sometime, Red.",SC1/BW • VERIFIED DIALOGUE,PORTRAIT / VOICE
audio/classic/units/viking/chatter/alias_terran_phoenix_TPhPss06__4fe01496f6.wav,"I am invincible, that's right.",SC1/BW • VERIFIED DIALOGUE,PORTRAIT / VOICE
audio/classic/units/viking/move/alias_terran_phoenix_TPhRdy00__cc2c9704b9.wav,Rate the waiting launch orders.,SC1/BW • VERIFIED DIALOGUE,MOVE / ACTIVATE VO
audio/classic/units/viking/move/alias_terran_phoenix_TPhWht00__652889173a.wav,"Go ahead, command.",SC1/BW • VERIFIED DIALOGUE,MOVE / ACTIVATE VO
audio/classic/units/viking/move/alias_terran_phoenix_TPhWht01__30a9202ed4.wav,Transmit Coordinates.,SC1/BW • VERIFIED DIALOGUE,MOVE / ACTIVATE VO
audio/classic/units/viking/move/alias_terran_phoenix_TPhWht02__a5f36e3700.wav,standing by.,SC1/BW • VERIFIED DIALOGUE,MOVE / ACTIVATE VO
audio/classic/units/viking/move/alias_terran_phoenix_TPhWht03__55485fa393.wav,Report again.,SC1/BW • VERIFIED DIALOGUE,MOVE / ACTIVATE VO
audio/classic/units/viking/move/alias_terran_phoenix_TPhYes00__1335d13cfb.wav,coordinates are seen.,SC1/BW • VERIFIED DIALOGUE,MOVE / ACTIVATE VO
audio/classic/units/viking/move/alias_terran_phoenix_TPhYes01__4f86b035f2.wav,and attack formation.,SC1/BW • VERIFIED DIALOGUE,MOVE / ACTIVATE VO
audio/classic/units/viking/move/alias_terran_phoenix_TPhYes02__6aa36e5cc6.wav,Roger.,SC1/BW • VERIFIED DIALOGUE,MOVE / ACTIVATE VO
audio/classic/units/viking/move/alias_terran_phoenix_TPhYes03__6c9b796b77.wav,Vector locked in.,SC1/BW • VERIFIED DIALOGUE,MOVE / ACTIVATE VO
audio/classic/units/void_ray/attack/alias_arbiter_pabYes00__01aeebc63b.wav,Attack voice 01,SC1/BW,ATTACK VO
audio/classic/units/void_ray/attack/alias_arbiter_pabYes01__a874575c21.wav,Attack voice 02,SC1/BW,ATTACK VO
audio/classic/units/void_ray/attack/alias_arbiter_pabYes02__c1e6e2e4c0.wav,Attack voice 03,SC1/BW,ATTACK VO
audio/classic/units/void_ray/chatter/alias_arbiter_pabPss00__3a87a25641.wav,We sense a sore in search of answers.,SC1/BW • VERIFIED DIALOGUE,PORTRAIT / VOICE
audio/classic/units/void_ray/chatter/alias_arbiter_pabPss01__e608bab11a.wav,Do you seek knowledge of time travel?,SC1/BW • VERIFIED DIALOGUE,PORTRAIT / VOICE
audio/classic/units/void_ray/chatter/alias_arbiter_pabPss02__ef3dbc7e79.wav,We'll take that as a yes.,SC1/BW • VERIFIED DIALOGUE,PORTRAIT / VOICE
audio/classic/units/void_ray/chatter/alias_arbiter_pabPss03__7b72d687fa.wav,And now for your first lesson.,SC1/BW • VERIFIED DIALOGUE,PORTRAIT / VOICE
audio/classic/units/void_ray/chatter/alias_arbiter_pabPss04__2df8693246.wav,Annoyed / repeated selection 05,SC1/BW,PORTRAIT / VOICE
audio/classic/units/void_ray/move/alias_arbiter_pabRdy00__3b458a97a0.wav,Warfield Stabilized,SC1/BW • VERIFIED DIALOGUE,MOVE / ACTIVATE VO
audio/classic/units/void_ray/move/alias_arbiter_pabWht00__846a0ca39a.wav,We feel your presence.,SC1/BW • VERIFIED DIALOGUE,MOVE / ACTIVATE VO
audio/classic/units/void_ray/move/alias_arbiter_pabWht01__c518a18c8c.wav,Selection response 02,SC1/BW,MOVE / ACTIVATE VO
audio/classic/units/void_ray/move/alias_arbiter_pabWht02__a06121fb08.wav,Selection response 03,SC1/BW,MOVE / ACTIVATE VO
audio/classic/units/void_ray/move/alias_arbiter_pabWht03__a566c8b0d3.wav,We are vigilant.,SC1/BW • VERIFIED DIALOGUE,MOVE / ACTIVATE VO
audio/classic/units/void_ray/move/alias_arbiter_pabYes00__01aeebc63b.wav,Move / order response 01,SC1/BW,MOVE / ACTIVATE VO
audio/classic/units/void_ray/move/alias_arbiter_pabYes01__a874575c21.wav,Move / order response 02,SC1/BW,MOVE / ACTIVATE VO
audio/classic/units/void_ray/move/alias_arbiter_pabYes02__c1e6e2e4c0.wav,Move / order response 03,SC1/BW,MOVE / ACTIVATE VO
audio/classic/units/vulture/chatter/tvupss00__5b047123eb.wav,Something you wanted!,SC1/BW • VERIFIED DIALOGUE,PORTRAIT / VOICE
audio/classic/units/vulture/chatter/tvupss01__0438ee2879.wav,I don't have time to f*** around!,SC1/BW • VERIFIED DIALOGUE,PORTRAIT / VOICE
audio/classic/units/vulture/chatter/tvupss02__3e4e734a41.wav,You keep pushing me boy!,SC1/BW • VERIFIED DIALOGUE,PORTRAIT / VOICE
audio/classic/units/vulture/chatter/tvupss03__50dec351ff.wav,And I'll scrap you along with the aliens!,SC1/BW • VERIFIED DIALOGUE,PORTRAIT / VOICE
audio/classic/units/vulture/death/TVuDth00__ebbe9f601a.wav,Death voice 01,SC1/BW • DESCRIPTIVE NONVERBAL,DEATH VO
audio/classic/units/vulture/move/TVuWht00__2a8d46b65c.wav,What do you want?,SC1/BW • VERIFIED DIALOGUE,MOVE / ACTIVATE VO
audio/classic/units/vulture/move/tvurdy00__1e8040dfb1.wav,"All right, bring it on",SC1/BW • VERIFIED DIALOGUE,MOVE / ACTIVATE VO
audio/classic/units/vulture/move/tvuwht01__c533b7c835.wav,Yeah?,SC1/BW • VERIFIED DIALOGUE,MOVE / ACTIVATE VO
audio/classic/units/vulture/move/tvuwht02__d86d65c703.wav,"I'll read you, sir.",SC1/BW • VERIFIED DIALOGUE,MOVE / ACTIVATE VO
audio/classic/units/vulture/move/tvuwht03__4b61c942cc.wav,Something on your mind?,SC1/BW • VERIFIED DIALOGUE,MOVE / ACTIVATE VO
audio/classic/units/vulture/move/tvuyes00__77980ed04f.wav,"Yeah, I'm goin'!",SC1/BW • VERIFIED DIALOGUE,MOVE / ACTIVATE VO
audio/classic/units/vulture/move/tvuyes01__86c00db3d2.wav,Move / order response 02,SC1/BW,MOVE / ACTIVATE VO
audio/classic/units/vulture/move/tvuyes02__df21b87536.wav,No problem.,SC1/BW • VERIFIED DIALOGUE,MOVE / ACTIVATE VO
audio/classic/units/vulture/move/tvuyes03__e95157ff3b.wav,"Oh, is that it?",SC1/BW • VERIFIED DIALOGUE,MOVE / ACTIVATE VO
audio/classic/units/witness_iv/chatter/pwiPss00__c1102d11cb.wav,Annoyed / repeated selection 01,SC1/BW,PORTRAIT / VOICE
audio/classic/units/witness_iv/chatter/pwiPss01__145f4e4524.wav,Annoyed / repeated selection 02,SC1/BW,PORTRAIT / VOICE
audio/classic/units/witness_iv/chatter/pwiPss02__f7f11b293b.wav,Annoyed / repeated selection 03,SC1/BW,PORTRAIT / VOICE
audio/classic/units/witness_iv/chatter/pwiPss03__abe4d304a6.wav,Annoyed / repeated selection 04,SC1/BW,PORTRAIT / VOICE
audio/classic/units/witness_iv/chatter/pwiPss04__01c271315d.wav,Annoyed / repeated selection 05,SC1/BW,PORTRAIT / VOICE
audio/classic/units/witness_iv/death/PWiDth00__222abdb122.wav,Death voice 01,SC1/BW,DEATH VO
audio/classic/units/witness_iv/death/pwiDth01__5cbfabbb48.wav,Death voice 02,SC1/BW,DEATH VO
audio/classic/units/witness_iv/move/PWiRdy00__67962e207a.wav,Ready / selection 01,SC1/BW,MOVE / ACTIVATE VO
audio/classic/units/witness_iv/move/pwiWht00__ab6d932cc7.wav,Selection response 01,SC1/BW,MOVE / ACTIVATE VO
audio/classic/units/witness_iv/move/pwiWht01__7cb6dd7a91.wav,Selection response 02,SC1/BW,MOVE / ACTIVATE VO
audio/classic/units/witness_iv/move/pwiYes00__40ea4a6f12.wav,Move / order response 01,SC1/BW,MOVE / ACTIVATE VO
audio/classic/units/witness_iv/move/pwiYes01__8148a8918f.wav,Move / order response 02,SC1/BW,MOVE / ACTIVATE VO
audio/classic/units/zealot/attack/alias_zealot_PZeYes00__ca7107a567.wav,Attack voice 01,SC1/BW,ATTACK VO
audio/classic/units/zealot/attack/alias_zealot_PZeYes01__897087a435.wav,Attack voice 02,SC1/BW,ATTACK VO
audio/classic/units/zealot/attack/alias_zealot_PZeYes02__cae9e6f748.wav,Honor died me!,SC1/BW • VERIFIED DIALOGUE,ATTACK VO
audio/classic/units/zealot/chatter/PZePss00__4625e98bd4.wav,Annoyed / repeated selection 01,SC1/BW,PORTRAIT / VOICE
audio/classic/units/zealot/chatter/PZePss01__c759f2caf7.wav,ALL FOR THE EMPIRE!,SC1/BW • VERIFIED DIALOGUE,PORTRAIT / VOICE
audio/classic/units/zealot/chatter/PZePss02__5e4d9511dd.wav,Doom to all who threaten the whole world!,SC1/BW • VERIFIED DIALOGUE,PORTRAIT / VOICE
audio/classic/units/zealot/death/pzeDth00__43fe7cab0a.wav,Death voice 01,SC1/BW,DEATH VO
audio/classic/units/zealot/move/PZeWht00__8581bdddcc.wav,Selection response 01,SC1/BW,MOVE / ACTIVATE VO
audio/classic/units/zealot/move/PZeWht01__530dc72095.wav,Selection response 02,SC1/BW,MOVE / ACTIVATE VO
audio/classic/units/zealot/move/PZeWht02__2afbaa1795.wav,I long for combat.,SC1/BW • VERIFIED DIALOGUE,MOVE / ACTIVATE VO
audio/classic/units/zealot/move/PZeWht03__999ef593c4.wav,Selection response 04,SC1/BW,MOVE / ACTIVATE VO
audio/classic/units/zealot/move/PZeYes00__ca7107a567.wav,Move / order response 01,SC1/BW,MOVE / ACTIVATE VO
audio/classic/units/zealot/move/PZeYes01__897087a435.wav,Move / order response 02,SC1/BW,MOVE / ACTIVATE VO
audio/classic/units/zealot/move/PZeYes02__cae9e6f748.wav,Honor died me!,SC1/BW • VERIFIED DIALOGUE,MOVE / ACTIVATE VO
audio/classic/units/zealot/move/PZeYes03__33b60ef1ac.wav,Move / order response 04,SC1/BW,MOVE / ACTIVATE VO
audio/classic/units/zealot/move/pzeRdy00__0638a00d47.wav,My life for ire!,SC1/BW • VERIFIED DIALOGUE,MOVE / ACTIVATE VO
audio/classic/units/zeratul/chatter/UZePss00__25113822db.wav,You have persecuted us for generations.,SC1/BW • VERIFIED DIALOGUE,PORTRAIT / VOICE
audio/classic/units/zeratul/chatter/UZePss01__1425b69f42.wav,And now you beg us to aid you?,SC1/BW • VERIFIED DIALOGUE,PORTRAIT / VOICE
audio/classic/units/zeratul/chatter/UZePss02__6ca3aaaa9c.wav,We will do what we must.,SC1/BW • VERIFIED DIALOGUE,PORTRAIT / VOICE
audio/classic/units/zeratul/chatter/UZePss03__e759a29330.wav,"But we do it for IEL, not you.",SC1/BW • VERIFIED DIALOGUE,PORTRAIT / VOICE
audio/classic/units/zeratul/death/UZeDth00__7a5545dba5.wav,Death voice 01,SC1/BW,DEATH VO
audio/classic/units/zeratul/move/UZeWht00__1206c5a552.wav,Selection response 01,SC1/BW,MOVE / ACTIVATE VO
audio/classic/units/zeratul/move/UZeWht01__0d191aac7c.wav,You address me.,SC1/BW • VERIFIED DIALOGUE,MOVE / ACTIVATE VO
audio/classic/units/zeratul/move/UZeWht02__57de8c0527.wav,"Your orders, Templar.",SC1/BW • VERIFIED DIALOGUE,MOVE / ACTIVATE VO
audio/classic/units/zeratul/move/UZeWht03__c86aa04834.wav,Selection response 04,SC1/BW,MOVE / ACTIVATE VO
audio/classic/units/zeratul/move/UZeYes00__951eb1b956.wav,I do this for ire.,SC1/BW • VERIFIED DIALOGUE,MOVE / ACTIVATE VO
audio/classic/units/zeratul/move/UZeYes01__7c4c6cd1db.wav,So weird,SC1/BW • VERIFIED DIALOGUE,MOVE / ACTIVATE VO
audio/classic/units/zeratul/move/UZeYes02__f0fbd0f5f7.wav,It will be done.,SC1/BW • VERIFIED DIALOGUE,MOVE / ACTIVATE VO
audio/classic/units/zeratul/move/UZeYes03__062ce34201.wav,Entaro Adun!,SC1/BW • VERIFIED DIALOGUE,MOVE / ACTIVATE VO
audio/classic/units/zergling/chatter/ZZePss00__7b6a3c1eab.wav,Zergling selection vocalization,SC1/BW • DESCRIPTIVE NONVERBAL,PORTRAIT / VOICE
audio/classic/units/zergling/chatter/ZZePss01__4ec0a278bd.wav,Zergling selection vocalization,SC1/BW • DESCRIPTIVE NONVERBAL,PORTRAIT / VOICE
audio/classic/units/zergling/chatter/ZZePss02__4fd0eed386.wav,Zergling selection vocalization,SC1/BW • DESCRIPTIVE NONVERBAL,PORTRAIT / VOICE
audio/classic/units/zergling/death/ZZeDth00__a1b7ca5250.wav,Zergling death sound,SC1/BW • DESCRIPTIVE NONVERBAL,DEATH VO
audio/classic/units/zergling/move/ZZeRdy00__e2e4c96d8f.wav,Zergling movement vocalization,SC1/BW • DESCRIPTIVE NONVERBAL,MOVE / ACTIVATE VO
audio/classic/units/zergling/move/ZZeWht00__2e319f5eb9.wav,Zergling movement vocalization,SC1/BW • DESCRIPTIVE NONVERBAL,MOVE / ACTIVATE VO
audio/classic/units/zergling/move/ZZeWht01__58e31198ff.wav,Zergling movement vocalization,SC1/BW • DESCRIPTIVE NONVERBAL,MOVE / ACTIVATE VO
audio/classic/units/zergling/move/ZZeWht02__e52547064c.wav,Zergling movement vocalization,SC1/BW • DESCRIPTIVE NONVERBAL,MOVE / ACTIVATE VO
audio/classic/units/zergling/move/ZZeWht03__a7037ce96b.wav,Zergling movement vocalization,SC1/BW • DESCRIPTIVE NONVERBAL,MOVE / ACTIVATE VO
audio/classic/units/zergling/move/ZZeYes00__d0b4d19bc3.wav,Zergling movement vocalization,SC1/BW • DESCRIPTIVE NONVERBAL,MOVE / ACTIVATE VO
audio/classic/units/zergling/move/ZZeYes01__54bd5759f3.wav,Zergling movement vocalization,SC1/BW • DESCRIPTIVE NONVERBAL,MOVE / ACTIVATE VO
audio/classic/units/zergling/move/ZZeYes02__6e35589032.wav,Zergling movement vocalization,SC1/BW • DESCRIPTIVE NONVERBAL,MOVE / ACTIVATE VO
audio/classic/units/zergling/move/ZZeYes03__96335491b8.wav,Zergling movement vocalization,SC1/BW • DESCRIPTIVE NONVERBAL,MOVE / ACTIVATE VO
audio/sfx/units/aberration/attack/Aberration_Attack_00.ogg,Weapon fire 01,SC2,WEAPON SFX
audio/sfx/units/aberration/attack/Aberration_Attack_01.ogg,Weapon fire 02,SC2,WEAPON SFX
audio/sfx/units/aberration/attack/Aberration_Attack_02.ogg,Weapon fire 03,SC2,WEAPON SFX
audio/sfx/units/aberration/attack/Aberration_Attack_03.ogg,Weapon fire 04,SC2,WEAPON SFX
audio/sfx/units/aberration/attack/Aberration_Attack_04.ogg,Weapon fire 05,SC2,WEAPON SFX
audio/sfx/units/adept/attack/Adept_AttackLaunch00.ogg,Weapon fire 01,SC2,WEAPON SFX
audio/sfx/units/adept/attack/Adept_AttackLaunch01.ogg,Weapon fire 02,SC2,WEAPON SFX
audio/sfx/units/adept/attack/Adept_AttackLaunch02.ogg,Weapon fire 03,SC2,WEAPON SFX
audio/sfx/units/adept/attack/Adept_AttackLaunch03.ogg,Weapon fire 04,SC2,WEAPON SFX
audio/sfx/units/adept/attack/Adept_AttackLaunch04.ogg,Weapon fire 05,SC2,WEAPON SFX
audio/sfx/units/arbiter/attack/ArbiterMP_AttackLaunch00.ogg,Weapon fire 01,SC2,WEAPON SFX
audio/sfx/units/arbiter/attack/ArbiterMP_AttackLaunch01.ogg,Weapon fire 02,SC2,WEAPON SFX
audio/sfx/units/arbiter/attack/ArbiterMP_AttackLaunch02.ogg,Weapon fire 03,SC2,WEAPON SFX
audio/sfx/units/arbiter/attack/ArbiterMP_AttackLaunch03.ogg,Weapon fire 04,SC2,WEAPON SFX
audio/sfx/units/arbiter/attack/ArbiterMP_AttackLaunch04.ogg,Weapon fire 05,SC2,WEAPON SFX
audio/sfx/units/archon/attack/Archon_AttackLaunch0.ogg,Weapon fire 01,SC2,WEAPON SFX
audio/sfx/units/archon/attack/Archon_AttackLaunch1.ogg,Weapon fire 02,SC2,WEAPON SFX
audio/sfx/units/archon/attack/Archon_AttackLaunch2.ogg,Weapon fire 03,SC2,WEAPON SFX
audio/sfx/units/archon/attack/Archon_AttackLaunch3.ogg,Weapon fire 04,SC2,WEAPON SFX
audio/sfx/units/archon/attack/Archon_AttackLaunch4.ogg,Weapon fire 05,SC2,WEAPON SFX
audio/sfx/units/artanis/attack/Artanis_PsiBladeAttackLaunch01.ogg,Weapon fire 02,SC2,WEAPON SFX
audio/sfx/units/artanis/attack/Artanis_PsiBladeAttackLaunch02.ogg,Weapon fire 03,SC2,WEAPON SFX
audio/sfx/units/artanis/attack/Artanis_PsiBladeAttackLaunch03.ogg,Weapon fire 04,SC2,WEAPON SFX
audio/sfx/units/artanis/attack/Artanis_PsiBladeAttackLaunch04.ogg,Weapon fire 05,SC2,WEAPON SFX
audio/sfx/units/artanis/attack/Artanis_PsiBladeAttackLaunch05.ogg,Weapon fire 06,SC2,WEAPON SFX
audio/sfx/units/baneling/attack/Baneling_Attack0.ogg,Weapon fire 01,SC2,WEAPON SFX
audio/sfx/units/baneling/attack/Baneling_Attack1.ogg,Weapon fire 02,SC2,WEAPON SFX
audio/sfx/units/baneling/attack/Baneling_Attack2.ogg,Weapon fire 03,SC2,WEAPON SFX
audio/sfx/units/baneling/attack/Baneling_Attack3.ogg,Weapon fire 04,SC2,WEAPON SFX
audio/sfx/units/baneling/attack/Baneling_Attack4.ogg,Weapon fire 05,SC2,WEAPON SFX
audio/sfx/units/banshee/attack/Banshee_AttackImpact0.ogg,Weapon impact 01,SC2,WEAPON SFX
audio/sfx/units/banshee/attack/Banshee_AttackLaunch0.ogg,Weapon fire 01,SC2,WEAPON SFX
audio/sfx/units/banshee/attack/Banshee_AttackLaunch1.ogg,Weapon fire 02,SC2,WEAPON SFX
audio/sfx/units/banshee/attack/Banshee_AttackLaunch2.ogg,Weapon fire 03,SC2,WEAPON SFX
audio/sfx/units/banshee/attack/Banshee_AttackLaunch3.ogg,Weapon fire 04,SC2,WEAPON SFX
audio/sfx/units/battlecruiser/attack/Battlecruiser_AttackLaunch0.ogg,Weapon fire 01,SC2,WEAPON SFX
audio/sfx/units/battlecruiser/attack/Battlecruiser_AttackLaunch1.ogg,Weapon fire 02,SC2,WEAPON SFX
audio/sfx/units/battlecruiser/attack/Battlecruiser_AttackLaunch2.ogg,Weapon fire 03,SC2,WEAPON SFX
audio/sfx/units/battlecruiser/attack/Battlecruiser_YamatoAttackCharge0.ogg,Weapon fire 01,SC2,WEAPON SFX
audio/sfx/units/battlecruiser/attack/Battlecruiser_YamatoAttackLaunch0.ogg,Weapon fire 01,SC2,WEAPON SFX
audio/sfx/units/brood_lord/attack/Broodlord_AttackLaunch0.ogg,Weapon fire 01,SC2,WEAPON SFX
audio/sfx/units/brood_lord/attack/Broodlord_AttackLaunch1.ogg,Weapon fire 02,SC2,WEAPON SFX
audio/sfx/units/brood_lord/attack/Broodlord_AttackLaunch2.ogg,Weapon fire 03,SC2,WEAPON SFX
audio/sfx/units/brood_lord/attack/Broodlord_AttackLaunch3.ogg,Weapon fire 04,SC2,WEAPON SFX
audio/sfx/units/brood_lord/attack/Broodlord_AttackLaunch4.ogg,Weapon fire 05,SC2,WEAPON SFX
audio/sfx/units/brutalisk/attack/Brutalisk_AntiAirAttackLaunch0.ogg,Weapon fire 01,SC2,WEAPON SFX
audio/sfx/units/brutalisk/attack/Brutalisk_AntiAirAttackLaunch1.ogg,Weapon fire 02,SC2,WEAPON SFX
audio/sfx/units/brutalisk/attack/Brutalisk_AntiAirAttackLaunch2.ogg,Weapon fire 03,SC2,WEAPON SFX
audio/sfx/units/brutalisk/attack/Brutalisk_AntiAirAttackLaunch3.ogg,Weapon fire 04,SC2,WEAPON SFX
audio/sfx/units/brutalisk/attack/Brutalisk_AntiAirAttackLaunch4.ogg,Weapon fire 05,SC2,WEAPON SFX
audio/sfx/units/colossus/attack/ColossusTaldarim_Beam_AttackLaunch01_1ch.ogg,Weapon fire,SC2,WEAPON SFX
audio/sfx/units/colossus/attack/ColossusTaldarim_Beam_AttackLaunch02_1ch.ogg,Weapon fire,SC2,WEAPON SFX
audio/sfx/units/colossus/attack/ColossusTaldarim_Beam_AttackLaunch03_1ch.ogg,Weapon fire,SC2,WEAPON SFX
audio/sfx/units/colossus/attack/Colossus_AttackLaunch0.ogg,Weapon fire 01,SC2,WEAPON SFX
audio/sfx/units/colossus/attack/Colossus_AttackLaunch1.ogg,Weapon fire 02,SC2,WEAPON SFX
audio/sfx/units/corruptor/attack/Corruptor_AttackLaunch0.ogg,Weapon fire 01,SC2,WEAPON SFX
audio/sfx/units/corruptor/attack/Corruptor_AttackLaunch1.ogg,Weapon fire 02,SC2,WEAPON SFX
audio/sfx/units/corruptor/attack/Corruptor_AttackLaunch2.ogg,Weapon fire 03,SC2,WEAPON SFX
audio/sfx/units/corruptor/attack/Corruptor_AttackLaunch3.ogg,Weapon fire 04,SC2,WEAPON SFX
audio/sfx/units/corruptor/attack/Corruptor_AttackLaunch4.ogg,Weapon fire 05,SC2,WEAPON SFX
audio/sfx/units/dark_templar/attack/DarkTemplar_AttackLaunch0.ogg,Weapon fire 01,SC2,WEAPON SFX
audio/sfx/units/dark_templar/attack/DarkTemplar_AttackLaunch1.ogg,Weapon fire 02,SC2,WEAPON SFX
audio/sfx/units/dark_templar/attack/DarkTemplar_AttackLaunch2.ogg,Weapon fire 03,SC2,WEAPON SFX
audio/sfx/units/dark_templar/attack/DarkTemplar_AttackLaunch3.ogg,Weapon fire 04,SC2,WEAPON SFX
audio/sfx/units/dark_templar/attack/DarkTemplar_AttackLaunch4.ogg,Weapon fire 05,SC2,WEAPON SFX
audio/sfx/units/diamondback/attack/Diamondback_AttackImpact0.ogg,Weapon impact 01,SC2,WEAPON SFX
audio/sfx/units/diamondback/attack/Diamondback_AttackLaunch0.ogg,Weapon fire 01,SC2,WEAPON SFX
audio/sfx/units/diamondback/attack/Diamondback_AttackLaunch1.ogg,Weapon fire 02,SC2,WEAPON SFX
audio/sfx/units/diamondback/attack/Diamondback_AttackLaunch2.ogg,Weapon fire 03,SC2,WEAPON SFX
audio/sfx/units/diamondback/attack/Diamondback_AttackLaunch3.ogg,Weapon fire 04,SC2,WEAPON SFX
audio/sfx/units/disruptor/attack/Disruptor_Attack_01.ogg,Weapon fire 02,SC2,WEAPON SFX
audio/sfx/units/disruptor/attack/Disruptor_Attack_02.ogg,Weapon fire 03,SC2,WEAPON SFX
audio/sfx/units/dragoon/attack/Dragoon_AttackLaunch01.ogg,Weapon fire 02,SC2,WEAPON SFX
audio/sfx/units/dragoon/attack/Dragoon_AttackLaunch02.ogg,Weapon fire 03,SC2,WEAPON SFX
audio/sfx/units/dragoon/attack/Dragoon_AttackLaunch03.ogg,Weapon fire 04,SC2,WEAPON SFX
audio/sfx/units/dragoon/attack/Dragoon_AttackLaunch04.ogg,Weapon fire 05,SC2,WEAPON SFX
audio/sfx/units/dragoon/attack/Dragoon_AttackLaunch05.ogg,Weapon fire 06,SC2,WEAPON SFX
audio/sfx/units/drone/attack/Drone_AttackLaunch0.ogg,Weapon fire 01,SC2,WEAPON SFX
audio/sfx/units/drone/attack/Drone_AttackLaunch1.ogg,Weapon fire 02,SC2,WEAPON SFX
audio/sfx/units/drone/attack/Drone_AttackLaunch2.ogg,Weapon fire 03,SC2,WEAPON SFX
audio/sfx/units/drone/attack/Drone_AttackLaunch3.ogg,Weapon fire 04,SC2,WEAPON SFX
audio/sfx/units/drone/attack/Drone_AttackLaunch4.ogg,Weapon fire 05,SC2,WEAPON SFX
audio/sfx/units/fenix/attack/FenixChampion_AttackLaunch01_1ch.ogg,Weapon fire,SC2,WEAPON SFX
audio/sfx/units/fenix/attack/FenixChampion_AttackLaunch02_1ch.ogg,Weapon fire,SC2,WEAPON SFX
audio/sfx/units/fenix/attack/FenixChampion_AttackLaunch03_1ch.ogg,Weapon fire,SC2,WEAPON SFX
audio/sfx/units/fenix/attack/FenixChampion_AttackLaunch04_1ch.ogg,Weapon fire,SC2,WEAPON SFX
audio/sfx/units/fenix/attack/FenixChampion_AttackLaunch05_1ch.ogg,Weapon fire,SC2,WEAPON SFX
audio/sfx/units/firebat/attack/Firebat_AttackLaunch0.ogg,Weapon fire 01,SC2,WEAPON SFX
audio/sfx/units/firebat/attack/Firebat_AttackLaunch1.ogg,Weapon fire 02,SC2,WEAPON SFX
audio/sfx/units/firebat/attack/Firebat_AttackLaunch2.ogg,Weapon fire 03,SC2,WEAPON SFX
audio/sfx/units/firebat/attack/Firebat_AttackLaunch3.ogg,Weapon fire 04,SC2,WEAPON SFX
audio/sfx/units/firebat/attack/Firebat_AttackLaunch4.ogg,Weapon fire 05,SC2,WEAPON SFX
audio/sfx/units/ghost/attack/Ghost_AttackLaunch0.ogg,Weapon fire 01,SC2,WEAPON SFX
audio/sfx/units/ghost/attack/Ghost_AttackLaunch1.ogg,Weapon fire 02,SC2,WEAPON SFX
audio/sfx/units/ghost/attack/Ghost_AttackLaunch2.ogg,Weapon fire 03,SC2,WEAPON SFX
audio/sfx/units/ghost/attack/Ghost_EMPAttackLaunch.ogg,Weapon fire,SC2,WEAPON SFX
audio/sfx/units/ghost/attack/Ghost_SnipeAttackLaunch.ogg,Weapon fire,SC2,WEAPON SFX
audio/sfx/units/goliath/attack/Goliath_GroundAttackLaunch0.ogg,Weapon fire 01,SC2,WEAPON SFX
audio/sfx/units/goliath/attack/Goliath_GroundAttackLaunch1.ogg,Weapon fire 02,SC2,WEAPON SFX
audio/sfx/units/goliath/attack/Goliath_GroundAttackLaunch2.ogg,Weapon fire 03,SC2,WEAPON SFX
audio/sfx/units/hellion/attack/Hellion_AttackLaunch0.ogg,Weapon fire 01,SC2,WEAPON SFX
audio/sfx/units/hellion/attack/Hellion_AttackLaunch1.ogg,Weapon fire 02,SC2,WEAPON SFX
audio/sfx/units/hellion/attack/Hellion_AttackLaunch2.ogg,Weapon fire 03,SC2,WEAPON SFX
audio/sfx/units/hellion/attack/Hellion_AttackLaunch3.ogg,Weapon fire 04,SC2,WEAPON SFX
audio/sfx/units/hellion/attack/Hellion_AttackLaunch4.ogg,Weapon fire 05,SC2,WEAPON SFX
audio/sfx/units/hydralisk/attack/Hydralisk_AttackImpactRanged0.ogg,Weapon impact 01,SC2,WEAPON SFX
audio/sfx/units/hydralisk/attack/Hydralisk_AttackLaunchRanged0.ogg,Weapon fire 01,SC2,WEAPON SFX
audio/sfx/units/hydralisk/attack/Hydralisk_AttackLaunchRanged1.ogg,Weapon fire 02,SC2,WEAPON SFX
audio/sfx/units/hydralisk/attack/Hydralisk_AttackLaunchRanged2.ogg,Weapon fire 03,SC2,WEAPON SFX
audio/sfx/units/hydralisk/attack/Hydralisk_AttackLaunchRanged3.ogg,Weapon fire 04,SC2,WEAPON SFX
audio/sfx/units/immortal/attack/ImmortalShakuras_ShadowCannon_AttackLaunch01_1ch.ogg,Weapon fire,SC2,WEAPON SFX
audio/sfx/units/immortal/attack/ImmortalShakuras_ShadowCannon_AttackLaunch02_1ch.ogg,Weapon fire,SC2,WEAPON SFX
audio/sfx/units/immortal/attack/Immortal_AttackLaunch0.ogg,Weapon fire 01,SC2,WEAPON SFX
audio/sfx/units/immortal/attack/Immortal_AttackLaunch1.ogg,Weapon fire 02,SC2,WEAPON SFX
audio/sfx/units/immortal/attack/Immortal_AttackLaunch2.ogg,Weapon fire 03,SC2,WEAPON SFX
audio/sfx/units/infestor/attack/Infestor_AttackLaunch0.ogg,Weapon fire 01,SC2,WEAPON SFX
audio/sfx/units/infestor/attack/Infestor_AttackLaunch1.ogg,Weapon fire 02,SC2,WEAPON SFX
audio/sfx/units/infestor/attack/Infestor_AttackLaunch2.ogg,Weapon fire 03,SC2,WEAPON SFX
audio/sfx/units/infestor/attack/Infestor_AttackLaunch3.ogg,Weapon fire 04,SC2,WEAPON SFX
audio/sfx/units/infestor/attack/Infestor_AttackLaunch4.ogg,Weapon fire 05,SC2,WEAPON SFX
audio/sfx/units/karass/attack/Karass_AttackImpact0.ogg,Weapon impact 01,SC2,WEAPON SFX
audio/sfx/units/karass/attack/Karass_AttackLaunch0.ogg,Weapon fire 01,SC2,WEAPON SFX
audio/sfx/units/karass/attack/Karass_AttackLaunch1.ogg,Weapon fire 02,SC2,WEAPON SFX
audio/sfx/units/karass/attack/Karass_AttackLaunch2.ogg,Weapon fire 03,SC2,WEAPON SFX
audio/sfx/units/karass/attack/Karass_AttackLaunch3.ogg,Weapon fire 04,SC2,WEAPON SFX
audio/sfx/units/leviathan/attack/Leviathan_BileTorpedoAttackLaunch01.ogg,Weapon fire 02,SC2,WEAPON SFX
audio/sfx/units/leviathan/attack/Leviathan_BileTorpedoAttackLaunch02.ogg,Weapon fire 03,SC2,WEAPON SFX
audio/sfx/units/leviathan/attack/Leviathan_BileTorpedoAttackLaunch03.ogg,Weapon fire 04,SC2,WEAPON SFX
audio/sfx/units/leviathan/attack/Leviathan_BileTorpedoAttackLaunch04.ogg,Weapon fire 05,SC2,WEAPON SFX
audio/sfx/units/leviathan/attack/Leviathan_BileTorpedoAttackLaunch05.ogg,Weapon fire 06,SC2,WEAPON SFX
audio/sfx/units/liberator/attack/Liberator_AG_AttackLaunch01.ogg,Weapon fire 02,SC2,WEAPON SFX
audio/sfx/units/liberator/attack/Liberator_AG_AttackLaunch02.ogg,Weapon fire 03,SC2,WEAPON SFX
audio/sfx/units/liberator/attack/Liberator_AG_AttackLaunch03.ogg,Weapon fire 04,SC2,WEAPON SFX
audio/sfx/units/liberator/attack/Liberator_AG_AttackLaunch04.ogg,Weapon fire 05,SC2,WEAPON SFX
audio/sfx/units/liberator/attack/Liberator_AG_AttackLaunch05.ogg,Weapon fire 06,SC2,WEAPON SFX
audio/sfx/units/lurker/attack/Lurker_AttackLaunch0.ogg,Weapon fire 01,SC2,WEAPON SFX
audio/sfx/units/lurker/attack/Lurker_AttackLaunch1.ogg,Weapon fire 02,SC2,WEAPON SFX
audio/sfx/units/lurker/attack/Lurker_AttackLaunch2.ogg,Weapon fire 03,SC2,WEAPON SFX
audio/sfx/units/lurker/attack/Lurker_AttackLaunch2_00.ogg,Weapon fire 01,SC2,WEAPON SFX
audio/sfx/units/lurker/attack/Lurker_AttackLaunch2_01.ogg,Weapon fire 02,SC2,WEAPON SFX
audio/sfx/units/marauder/attack/Marauder_AttackLaunch0.ogg,Weapon fire 01,SC2,WEAPON SFX
audio/sfx/units/marauder/attack/Marauder_AttackLaunch1.ogg,Weapon fire 02,SC2,WEAPON SFX
audio/sfx/units/marauder/attack/Marauder_AttackLaunch2.ogg,Weapon fire 03,SC2,WEAPON SFX
audio/sfx/units/marauder/attack/Marauder_AttackLaunch3.ogg,Weapon fire 04,SC2,WEAPON SFX
audio/sfx/units/marauder/attack/Marauder_AttackLaunch4.ogg,Weapon fire 05,SC2,WEAPON SFX
audio/sfx/units/marine/attack/Marine_AttackLaunch0.ogg,Weapon fire 01,SC2,WEAPON SFX
audio/sfx/units/marine/attack/Marine_AttackLaunch1.ogg,Weapon fire 02,SC2,WEAPON SFX
audio/sfx/units/marine/attack/Marine_AttackLaunch2.ogg,Weapon fire 03,SC2,WEAPON SFX
audio/sfx/units/marine/attack/Marine_AttackLaunch3.ogg,Weapon fire 04,SC2,WEAPON SFX
audio/sfx/units/marine/attack/Marine_AttackLaunch4.ogg,Weapon fire 05,SC2,WEAPON SFX
audio/sfx/units/mengsk/attack/Mengsk_TrooperAuto_AttackLaunch_01.ogg,Weapon fire 02,SC2,WEAPON SFX
audio/sfx/units/mengsk/attack/Mengsk_TrooperAuto_AttackLaunch_01C.ogg,Weapon fire,SC2,WEAPON SFX
audio/sfx/units/mengsk/attack/Mengsk_TrooperAuto_AttackLaunch_01a.ogg,Weapon fire,SC2,WEAPON SFX
audio/sfx/units/mengsk/attack/Mengsk_TrooperAuto_AttackLaunch_02.ogg,Weapon fire 03,SC2,WEAPON SFX
audio/sfx/units/mengsk/attack/Mengsk_TrooperAuto_AttackLaunch_02a.ogg,Weapon fire,SC2,WEAPON SFX
audio/sfx/units/mothership/attack/Mothership_AttackLaunch0.ogg,Weapon fire 01,SC2,WEAPON SFX
audio/sfx/units/mothership/attack/Mothership_AttackLaunch1.ogg,Weapon fire 02,SC2,WEAPON SFX
audio/sfx/units/mothership/attack/Mothership_AttackLaunch2.ogg,Weapon fire 03,SC2,WEAPON SFX
audio/sfx/units/mothership/attack/Mothership_AttackLaunch3.ogg,Weapon fire 04,SC2,WEAPON SFX
audio/sfx/units/mothership/attack/Mothership_BeamAttackLaunch0.ogg,Weapon fire 01,SC2,WEAPON SFX
audio/sfx/units/mutalisk/attack/Mutalisk_AttackLaunch0.ogg,Weapon fire 01,SC2,WEAPON SFX
audio/sfx/units/mutalisk/attack/Mutalisk_AttackLaunch1.ogg,Weapon fire 02,SC2,WEAPON SFX
audio/sfx/units/mutalisk/attack/Mutalisk_AttackLaunch2.ogg,Weapon fire 03,SC2,WEAPON SFX
audio/sfx/units/mutalisk/attack/Mutalisk_AttackLaunch3.ogg,Weapon fire 04,SC2,WEAPON SFX
audio/sfx/units/mutalisk/attack/Mutalisk_AttackLaunch4.ogg,Weapon fire 05,SC2,WEAPON SFX
audio/sfx/units/phoenix/attack/Phoenix_AttackImpact0.ogg,Weapon impact 01,SC2,WEAPON SFX
audio/sfx/units/phoenix/attack/Phoenix_AttackImpact1.ogg,Weapon impact 02,SC2,WEAPON SFX
audio/sfx/units/phoenix/attack/Phoenix_AttackLaunch0.ogg,Weapon fire 01,SC2,WEAPON SFX
audio/sfx/units/phoenix/attack/Phoenix_AttackLaunch1.ogg,Weapon fire 02,SC2,WEAPON SFX
audio/sfx/units/phoenix/attack/Phoenix_AttackLaunch2.ogg,Weapon fire 03,SC2,WEAPON SFX
audio/sfx/units/probe/attack/Probe_AttackLaunch0.ogg,Weapon fire 01,SC2,WEAPON SFX
audio/sfx/units/probe/attack/Probe_AttackLaunch1.ogg,Weapon fire 02,SC2,WEAPON SFX
audio/sfx/units/probe/attack/Probe_AttackLaunch2.ogg,Weapon fire 03,SC2,WEAPON SFX
audio/sfx/units/probe/attack/Probe_AttackLaunch3.ogg,Weapon fire 04,SC2,WEAPON SFX
audio/sfx/units/probe/attack/Probe_AttackLaunch4.ogg,Weapon fire 05,SC2,WEAPON SFX
audio/sfx/units/queen/attack/QueenOfBlades_RangedAttackLaunch0.ogg,Weapon fire 01,SC2,WEAPON SFX
audio/sfx/units/queen/attack/Queen_AttackImpactRanged0.ogg,Weapon impact 01,SC2,WEAPON SFX
audio/sfx/units/queen/attack/Queen_AttackImpactRanged1.ogg,Weapon impact 02,SC2,WEAPON SFX
audio/sfx/units/queen/attack/Queen_AttackImpactRanged2.ogg,Weapon impact 03,SC2,WEAPON SFX
audio/sfx/units/queen/attack/Queen_AttackImpactRanged3.ogg,Weapon impact 04,SC2,WEAPON SFX
audio/sfx/units/ravager/attack/Ravager_CorrosiveBile_AttackLaunch01.ogg,Weapon fire 02,SC2,WEAPON SFX
audio/sfx/units/ravager/attack/Ravager_CorrosiveBile_AttackLaunch02.ogg,Weapon fire 03,SC2,WEAPON SFX
audio/sfx/units/ravager/attack/Ravager_CorrosiveBile_AttackLaunch03.ogg,Weapon fire 04,SC2,WEAPON SFX
audio/sfx/units/ravager/attack/Ravager_CorrosiveBile_AttackLaunch04.ogg,Weapon fire 05,SC2,WEAPON SFX
audio/sfx/units/ravager/attack/Ravager_CorrosiveBile_AttackLaunch05.ogg,Weapon fire 06,SC2,WEAPON SFX
audio/sfx/units/raven/attack/Raven_AutoTurretAttack0.ogg,Weapon fire 01,SC2,WEAPON SFX
audio/sfx/units/raven/attack/Raven_PointDefenseDroneAttackImpact0.ogg,Weapon impact 01,SC2,WEAPON SFX
audio/sfx/units/raven/attack/Raven_PointDefenseDroneAttackLaunch0.ogg,Weapon fire 01,SC2,WEAPON SFX
audio/sfx/units/raven/attack/Raven_PointDefenseDroneAttackLaunch1.ogg,Weapon fire 02,SC2,WEAPON SFX
audio/sfx/units/raven/attack/Raven_PointDefenseDroneAttackLaunch2.ogg,Weapon fire 03,SC2,WEAPON SFX
audio/sfx/units/reaper/attack/Reaper_AttackLaunch0.ogg,Weapon fire 01,SC2,WEAPON SFX
audio/sfx/units/reaper/attack/Reaper_AttackLaunch1.ogg,Weapon fire 02,SC2,WEAPON SFX
audio/sfx/units/reaper/attack/Reaper_AttackLaunch2.ogg,Weapon fire 03,SC2,WEAPON SFX
audio/sfx/units/reaper/attack/Reaper_AttackLaunch3.ogg,Weapon fire 04,SC2,WEAPON SFX
audio/sfx/units/reaper/attack/Reaper_AttackLaunch4.ogg,Weapon fire 05,SC2,WEAPON SFX
audio/sfx/units/reaver/attack/Reaver_AttackLaunch00.ogg,Weapon fire 01,SC2,WEAPON SFX
audio/sfx/units/reaver/attack/Reaver_AttackLaunch01.ogg,Weapon fire 02,SC2,WEAPON SFX
audio/sfx/units/reaver/attack/Reaver_AttackLaunch02.ogg,Weapon fire 03,SC2,WEAPON SFX
audio/sfx/units/reaver/attack/Reaver_AttackLaunch03.ogg,Weapon fire 04,SC2,WEAPON SFX
audio/sfx/units/reaver/attack/Reaver_AttackLaunch04.ogg,Weapon fire 05,SC2,WEAPON SFX
audio/sfx/units/roach/attack/Roach_AttackLaunchMelee0.ogg,Weapon fire 01,SC2,WEAPON SFX
audio/sfx/units/roach/attack/Roach_AttackLaunchMelee1.ogg,Weapon fire 02,SC2,WEAPON SFX
audio/sfx/units/roach/attack/Roach_AttackLaunchMelee2.ogg,Weapon fire 03,SC2,WEAPON SFX
audio/sfx/units/roach/attack/Roach_AttackLaunchMelee3.ogg,Weapon fire 04,SC2,WEAPON SFX
audio/sfx/units/roach/attack/Roach_AttackLaunchMelee4.ogg,Weapon fire 05,SC2,WEAPON SFX
audio/sfx/units/scourge/attack/Scourge_AttackLaunch0.ogg,Weapon fire 01,SC2,WEAPON SFX
audio/sfx/units/scourge/attack/Scourge_AttackLaunch1.ogg,Weapon fire 02,SC2,WEAPON SFX
audio/sfx/units/scourge/attack/Scourge_AttackLaunch2.ogg,Weapon fire 03,SC2,WEAPON SFX
audio/sfx/units/scourge/attack/Scourge_AttackLaunch3.ogg,Weapon fire 04,SC2,WEAPON SFX
audio/sfx/units/scourge/attack/Scourge_AttackLaunch4.ogg,Weapon fire 05,SC2,WEAPON SFX
audio/sfx/units/scout/attack/Scout_AirAttackLaunch0.ogg,Weapon fire 01,SC2,WEAPON SFX
audio/sfx/units/scout/attack/Scout_AirAttackLaunch1.ogg,Weapon fire 02,SC2,WEAPON SFX
audio/sfx/units/scout/attack/Scout_AirAttackLaunch2.ogg,Weapon fire 03,SC2,WEAPON SFX
audio/sfx/units/scout/attack/Scout_AirAttackLaunch3.ogg,Weapon fire 04,SC2,WEAPON SFX
audio/sfx/units/scout/attack/Scout_GroundAttackLaunch0.ogg,Weapon fire 01,SC2,WEAPON SFX
audio/sfx/units/scv/attack/SCV_AttackLaunch0.ogg,Weapon fire 01,SC2,WEAPON SFX
audio/sfx/units/scv/attack/SCV_AttackLaunch1.ogg,Weapon fire 02,SC2,WEAPON SFX
audio/sfx/units/scv/attack/SCV_AttackLaunch2.ogg,Weapon fire 03,SC2,WEAPON SFX
audio/sfx/units/scv/attack/SCV_AttackLaunch3.ogg,Weapon fire 04,SC2,WEAPON SFX
audio/sfx/units/scv/attack/SCV_AttackLaunch4.ogg,Weapon fire 05,SC2,WEAPON SFX
audio/sfx/units/sentry/attack/Sentry_Attack00.ogg,Weapon fire 01,SC2,WEAPON SFX
audio/sfx/units/sentry/attack/Sentry_Attack01.ogg,Weapon fire 02,SC2,WEAPON SFX
audio/sfx/units/sentry/attack/Sentry_Attack02.ogg,Weapon fire 03,SC2,WEAPON SFX
audio/sfx/units/sentry/attack/Sentry_Attack03.ogg,Weapon fire 04,SC2,WEAPON SFX
audio/sfx/units/sentry/attack/Sentry_Attack04.ogg,Weapon fire 05,SC2,WEAPON SFX
audio/sfx/units/siege_tank/attack/SiegeTank_AttackLaunch0.ogg,Weapon fire 01,SC2,WEAPON SFX
audio/sfx/units/siege_tank/attack/SiegeTank_AttackLaunch1.ogg,Weapon fire 02,SC2,WEAPON SFX
audio/sfx/units/siege_tank/attack/SiegeTank_AttackLaunch2.ogg,Weapon fire 03,SC2,WEAPON SFX
audio/sfx/units/siege_tank/attack/SiegeTank_AttackLaunch3.ogg,Weapon fire 04,SC2,WEAPON SFX
audio/sfx/units/siege_tank/attack/SiegeTank_SiegeAttackLaunch0.ogg,Weapon fire 01,SC2,WEAPON SFX
audio/sfx/units/stalker/attack/Stalker_AttackLaunch0.ogg,Weapon fire 01,SC2,WEAPON SFX
audio/sfx/units/stalker/attack/Stalker_AttackLaunch1.ogg,Weapon fire 02,SC2,WEAPON SFX
audio/sfx/units/stalker/attack/Stalker_AttackLaunch2.ogg,Weapon fire 03,SC2,WEAPON SFX
audio/sfx/units/stalker/attack/Stalker_AttackLaunch3.ogg,Weapon fire 04,SC2,WEAPON SFX
audio/sfx/units/stalker/attack/Stalker_AttackLaunch4.ogg,Weapon fire 05,SC2,WEAPON SFX
audio/sfx/units/stukov/attack/Stukov_Broodling_AttackLaunch_01.ogg,Weapon fire 02,SC2,WEAPON SFX
audio/sfx/units/stukov/attack/Stukov_Broodling_AttackLaunch_02.ogg,Weapon fire 03,SC2,WEAPON SFX
audio/sfx/units/stukov/attack/Stukov_Broodling_AttackLaunch_03.ogg,Weapon fire 04,SC2,WEAPON SFX
audio/sfx/units/stukov/attack/Stukov_Broodling_AttackLaunch_04.ogg,Weapon fire 05,SC2,WEAPON SFX
audio/sfx/units/stukov/attack/Stukov_Broodling_AttackLaunch_05.ogg,Weapon fire 06,SC2,WEAPON SFX
audio/sfx/units/swarm_host/attack/SwarmHost_AttackLaunch.ogg,Weapon fire,SC2,WEAPON SFX
audio/sfx/units/swarm_host/attack/SwarmHost_Attack_00.ogg,Weapon fire 01,SC2,WEAPON SFX
audio/sfx/units/swarm_host/attack/SwarmHost_Attack_01.ogg,Weapon fire 02,SC2,WEAPON SFX
audio/sfx/units/swarm_host/attack/SwarmHost_Attack_02.ogg,Weapon fire 03,SC2,WEAPON SFX
audio/sfx/units/swarm_host/attack/SwarmHost_Attack_03.ogg,Weapon fire 04,SC2,WEAPON SFX
audio/sfx/units/tempest/attack/Tempest_AirAttackLaunch_00.ogg,Weapon fire 01,SC2,WEAPON SFX
audio/sfx/units/tempest/attack/Tempest_AirAttackLaunch_01.ogg,Weapon fire 02,SC2,WEAPON SFX
audio/sfx/units/tempest/attack/Tempest_AirAttackLaunch_02.ogg,Weapon fire 03,SC2,WEAPON SFX
audio/sfx/units/tempest/attack/Tempest_AirAttackLaunch_03.ogg,Weapon fire 04,SC2,WEAPON SFX
audio/sfx/units/tempest/attack/Tempest_AirAttackLaunch_04.ogg,Weapon fire 05,SC2,WEAPON SFX
audio/sfx/units/thor/attack/Thor_AttackImpact0.ogg,Weapon impact 01,SC2,WEAPON SFX
audio/sfx/units/thor/attack/Thor_AttackImpact1.ogg,Weapon impact 02,SC2,WEAPON SFX
audio/sfx/units/thor/attack/Thor_AttackLaunch0.ogg,Weapon fire 01,SC2,WEAPON SFX
audio/sfx/units/thor/attack/Thor_AttackLaunch1.ogg,Weapon fire 02,SC2,WEAPON SFX
audio/sfx/units/thor/attack/Thor_AttackLaunch2.ogg,Weapon fire 03,SC2,WEAPON SFX
audio/sfx/units/tychus/attack/Tychus_Nux_Attack_Impact_01.ogg,Weapon impact 02,SC2,WEAPON SFX
audio/sfx/units/tychus/attack/Tychus_Nux_Attack_Impact_02.ogg,Weapon impact 03,SC2,WEAPON SFX
audio/sfx/units/tychus/attack/Tychus_Nux_Attack_Impact_03.ogg,Weapon impact 04,SC2,WEAPON SFX
audio/sfx/units/tychus/attack/Tychus_Nux_Attack_Impact_06.ogg,Weapon impact 07,SC2,WEAPON SFX
audio/sfx/units/tychus/attack/Tychus_Nux_Attack_Impact_08.ogg,Weapon impact 09,SC2,WEAPON SFX
audio/sfx/units/ultralisk/attack/Ultralisk_AttackImpact0.ogg,Weapon impact 01,SC2,WEAPON SFX
audio/sfx/units/ultralisk/attack/Ultralisk_AttackImpact1.ogg,Weapon impact 02,SC2,WEAPON SFX
audio/sfx/units/ultralisk/attack/Ultralisk_AttackLaunch0.ogg,Weapon fire 01,SC2,WEAPON SFX
audio/sfx/units/ultralisk/attack/Ultralisk_AttackLaunch1.ogg,Weapon fire 02,SC2,WEAPON SFX
audio/sfx/units/ultralisk/attack/Ultralisk_AttackLaunch2.ogg,Weapon fire 03,SC2,WEAPON SFX
audio/sfx/units/viking/attack/Viking_AssaultAttackLaunch0.ogg,Weapon fire 01,SC2,WEAPON SFX
audio/sfx/units/viking/attack/Viking_AssaultAttackLaunch1.ogg,Weapon fire 02,SC2,WEAPON SFX
audio/sfx/units/viking/attack/Viking_AssaultAttackLaunch2.ogg,Weapon fire 03,SC2,WEAPON SFX
audio/sfx/units/viking/attack/Viking_AssaultAttackLaunch3.ogg,Weapon fire 04,SC2,WEAPON SFX
audio/sfx/units/viking/attack/Viking_AssaultAttackLaunch4.ogg,Weapon fire 05,SC2,WEAPON SFX
audio/sfx/units/vulture/attack/Vulture_AttackLaunch0.ogg,Weapon fire 01,SC2,WEAPON SFX
audio/sfx/units/vulture/attack/Vulture_AttackLaunch1.ogg,Weapon fire 02,SC2,WEAPON SFX
audio/sfx/units/vulture/attack/Vulture_AttackLaunch2.ogg,Weapon fire 03,SC2,WEAPON SFX
audio/sfx/units/vulture/attack/Vulture_AttackLaunch3.ogg,Weapon fire 04,SC2,WEAPON SFX
audio/sfx/units/warbot/attack/Warbot_Attack0.ogg,Weapon fire 01,SC2,WEAPON SFX
audio/sfx/units/warbot/attack/Warbot_GatlingGunAttackLaunch1.ogg,Weapon fire 02,SC2,WEAPON SFX
audio/sfx/units/warbot/attack/Warbot_GatlingGunAttackLaunch2.ogg,Weapon fire 03,SC2,WEAPON SFX
audio/sfx/units/warbot/attack/Warbot_GatlingGunAttackLaunch3.ogg,Weapon fire 04,SC2,WEAPON SFX
audio/sfx/units/warbot/attack/Warbot_GatlingGunAttackLaunch4.ogg,Weapon fire 05,SC2,WEAPON SFX
audio/sfx/units/warp_prism/attack/WarpPrismTaldarim_AttackLaunch01.ogg,Weapon fire 02,SC2,WEAPON SFX
audio/sfx/units/warp_prism/attack/WarpPrismTaldarim_AttackLaunch02.ogg,Weapon fire 03,SC2,WEAPON SFX
audio/sfx/units/warp_prism/attack/WarpPrismTaldarim_AttackLaunch03.ogg,Weapon fire 04,SC2,WEAPON SFX
audio/sfx/units/warp_prism/attack/WarpPrismTaldarim_AttackLaunch04.ogg,Weapon fire 05,SC2,WEAPON SFX
audio/sfx/units/warp_prism/attack/WarpPrismTaldarim_AttackLaunch05.ogg,Weapon fire 06,SC2,WEAPON SFX
audio/sfx/units/widow_mine/attack/WidowMine_Attack00.ogg,Weapon fire 01,SC2,WEAPON SFX
audio/sfx/units/widow_mine/attack/WidowMine_Attack01.ogg,Weapon fire 02,SC2,WEAPON SFX
audio/sfx/units/widow_mine/attack/WidowMine_Attack02.ogg,Weapon fire 03,SC2,WEAPON SFX
audio/sfx/units/wraith/attack/Wraith_GroundAttackImpact0.ogg,Weapon impact 01,SC2,WEAPON SFX
audio/sfx/units/wraith/attack/Wraith_GroundAttackImpact1.ogg,Weapon impact 02,SC2,WEAPON SFX
audio/sfx/units/wraith/attack/Wraith_GroundAttackImpact2.ogg,Weapon impact 03,SC2,WEAPON SFX
audio/sfx/units/wraith/attack/Wraith_GroundAttackImpact3.ogg,Weapon impact 04,SC2,WEAPON SFX
audio/sfx/units/wraith/attack/Wraith_GroundAttackImpact4.ogg,Weapon impact 05,SC2,WEAPON SFX
audio/sfx/units/zealot/attack/Zealot_AttackLaunch0.ogg,Weapon fire 01,SC2,WEAPON SFX
audio/sfx/units/zealot/attack/Zealot_AttackLaunch1.ogg,Weapon fire 02,SC2,WEAPON SFX
audio/sfx/units/zealot/attack/Zealot_AttackLaunch2.ogg,Weapon fire 03,SC2,WEAPON SFX
audio/sfx/units/zealot/attack/Zealot_AttackLaunch3.ogg,Weapon fire 04,SC2,WEAPON SFX
audio/sfx/units/zealot/attack/Zealot_AttackLaunch4.ogg,Weapon fire 05,SC2,WEAPON SFX
audio/sfx/units/zergling/attack/Zergling_AttackLaunch0.ogg,Weapon fire 01,SC2,WEAPON SFX
audio/sfx/units/zergling/attack/Zergling_AttackLaunch1.ogg,Weapon fire 02,SC2,WEAPON SFX
audio/sfx/units/zergling/attack/Zergling_AttackLaunch10.ogg,Weapon fire 11,SC2,WEAPON SFX
audio/sfx/units/zergling/attack/Zergling_AttackLaunch11.ogg,Weapon fire 12,SC2,WEAPON SFX
audio/sfx/units/zergling/attack/Zergling_AttackLaunch12.ogg,Weapon fire 13,SC2,WEAPON SFX
audio/units/aberration/attack/Aberration_Attack_02.ogg,Aberration attack vocalization,SC2 • DESCRIPTIVE NONVERBAL,ATTACK VO
audio/units/aberration/attack/Aberration_Attack_03.ogg,Aberration attack vocalization,SC2 • DESCRIPTIVE NONVERBAL,ATTACK VO
audio/units/aberration/attack/Aberration_Attack_04.ogg,Aberration attack vocalization,SC2 • DESCRIPTIVE NONVERBAL,ATTACK VO
audio/units/aberration/attack/Aberration_Attack_05.ogg,Aberration attack vocalization,SC2 • DESCRIPTIVE NONVERBAL,ATTACK VO
audio/units/aberration/attack/Aberration_Attack_06.ogg,Aberration attack vocalization,SC2 • DESCRIPTIVE NONVERBAL,ATTACK VO
audio/units/aberration/attack/Aberration_Attack_07.ogg,Aberration attack vocalization,SC2 • DESCRIPTIVE NONVERBAL,ATTACK VO
audio/units/aberration/attack/Aberration_Attack_08.ogg,Aberration attack vocalization,SC2 • DESCRIPTIVE NONVERBAL,ATTACK VO
audio/units/aberration/death/Aberration_Death_01.wav,Aberration death sound,SC2 • DESCRIPTIVE NONVERBAL,DEATH VO
audio/units/aberration/death/Aberration_Death_02.wav,Aberration death sound,SC2 • DESCRIPTIVE NONVERBAL,DEATH VO
audio/units/aberration/death/Aberration_Death_03.wav,Aberration death sound,SC2 • DESCRIPTIVE NONVERBAL,DEATH VO
audio/units/aberration/death/Aberration_Death_04.wav,Aberration death sound,SC2 • DESCRIPTIVE NONVERBAL,DEATH VO
audio/units/aberration/deploy_move/Aberration_Yes_00.ogg,Aberration movement vocalization,SC2 • DESCRIPTIVE NONVERBAL,MOVE / ACTIVATE VO
audio/units/aberration/deploy_move/Aberration_Yes_01.ogg,Aberration movement vocalization,SC2 • DESCRIPTIVE NONVERBAL,MOVE / ACTIVATE VO
audio/units/aberration/deploy_move/Aberration_Yes_02.ogg,Aberration movement vocalization,SC2 • DESCRIPTIVE NONVERBAL,MOVE / ACTIVATE VO
audio/units/aberration/deploy_move/Aberration_Yes_03.ogg,Aberration movement vocalization,SC2 • DESCRIPTIVE NONVERBAL,MOVE / ACTIVATE VO
audio/units/aberration/deploy_move/Aberration_Yes_04.ogg,Aberration movement vocalization,SC2 • DESCRIPTIVE NONVERBAL,MOVE / ACTIVATE VO
audio/units/aberration/deploy_move/Aberration_Yes_05.ogg,Aberration movement vocalization,SC2 • DESCRIPTIVE NONVERBAL,MOVE / ACTIVATE VO
audio/units/aberration/deploy_move/Aberration_Yes_06.ogg,Aberration movement vocalization,SC2 • DESCRIPTIVE NONVERBAL,MOVE / ACTIVATE VO
audio/units/aberration/deploy_move/Aberration_Yes_07.ogg,Aberration movement vocalization,SC2 • DESCRIPTIVE NONVERBAL,MOVE / ACTIVATE VO
audio/units/aberration/deploy_move/Aberration_Yes_08.ogg,Aberration movement vocalization,SC2 • DESCRIPTIVE NONVERBAL,MOVE / ACTIVATE VO
audio/units/aberration/deploy_move/Aberration_Yes_09.ogg,Aberration movement vocalization,SC2 • DESCRIPTIVE NONVERBAL,MOVE / ACTIVATE VO
audio/units/adept/attack/Adept_Attack00.ogg,I am the will of the Hierarch.,SC2 • VERIFIED DIALOGUE,ATTACK VO
audio/units/adept/attack/Adept_Attack01.ogg,May your death be swift.,SC2 • VERIFIED DIALOGUE,ATTACK VO
audio/units/adept/attack/Adept_Attack02.ogg,To glorious battle!,SC2 • VERIFIED DIALOGUE,ATTACK VO
audio/units/adept/attack/Adept_Attack03.ogg,Spare none who oppose us!,SC2 • VERIFIED DIALOGUE,ATTACK VO
audio/units/adept/attack/Adept_Attack04.ogg,Victory for the first born!,SC2 • VERIFIED DIALOGUE,ATTACK VO
audio/units/adept/attack/Adept_Attack05.ogg,FOR SALENDIS!,SC2 • VERIFIED DIALOGUE,ATTACK VO
audio/units/adept/attack/Adept_Attack06.ogg,Glade Cannon Armed!,SC2 • VERIFIED DIALOGUE,ATTACK VO
audio/units/adept/attack/Adept_Attack07.ogg,Eradication.,SC2 • VERIFIED DIALOGUE,ATTACK VO
audio/units/adept/death/Adept_Death00.wav,Death voice 01,SC2,DEATH VO
audio/units/adept/death/Adept_Death01.wav,Death voice 02,SC2,DEATH VO
audio/units/adept/death/Adept_Death02.wav,Death voice 03,SC2 • DESCRIPTIVE NONVERBAL,DEATH VO
audio/units/adept/death/Adept_Death03.wav,Death voice 04,SC2,DEATH VO
audio/units/adept/deploy_move/Adept_What00.ogg,Give us your command.,SC2 • VERIFIED DIALOGUE,MOVE / ACTIVATE VO
audio/units/adept/deploy_move/Adept_What01.ogg,Let your will be heard.,SC2 • VERIFIED DIALOGUE,MOVE / ACTIVATE VO
audio/units/adept/deploy_move/Adept_What02.ogg,I'er shall be reclaimed.,SC2 • VERIFIED DIALOGUE,MOVE / ACTIVATE VO
audio/units/adept/deploy_move/Adept_What03.ogg,"Yes, executor.",SC2 • VERIFIED DIALOGUE,MOVE / ACTIVATE VO
audio/units/adept/deploy_move/Adept_What04.ogg,Where shall we march?,SC2 • VERIFIED DIALOGUE,MOVE / ACTIVATE VO
audio/units/adept/deploy_move/Adept_What05.ogg,Combat awaits.,SC2 • VERIFIED DIALOGUE,MOVE / ACTIVATE VO
audio/units/adept/deploy_move/Adept_What06.ogg,We serve with pride.,SC2 • VERIFIED DIALOGUE,MOVE / ACTIVATE VO
audio/units/adept/deploy_move/Adept_What07.ogg,Selection response 08,SC2,MOVE / ACTIVATE VO
audio/units/adept/deploy_move/Adept_Yes00.ogg,Faith before fear.,SC2 • VERIFIED DIALOGUE,MOVE / ACTIVATE VO
audio/units/adept/deploy_move/Adept_Yes01.ogg,It shall be done.,SC2 • VERIFIED DIALOGUE,MOVE / ACTIVATE VO
audio/units/adept/deploy_move/Adept_Yes02.ogg,We are of one mind.,SC2 • VERIFIED DIALOGUE,MOVE / ACTIVATE VO
audio/units/adept/deploy_move/Adept_Yes03.ogg,The Templar March,SC2 • VERIFIED DIALOGUE,MOVE / ACTIVATE VO
audio/units/adept/deploy_move/Adept_Yes04.ogg,Let none deter us.,SC2 • VERIFIED DIALOGUE,MOVE / ACTIVATE VO
audio/units/adept/deploy_move/Adept_Yes05.ogg,To glory!,SC2 • VERIFIED DIALOGUE,MOVE / ACTIVATE VO
audio/units/adept/deploy_move/Adept_Yes06.ogg,Move / order response 07,SC2,MOVE / ACTIVATE VO
audio/units/adept/deploy_move/Adept_Yes07.ogg,Move / order response 08,SC2,MOVE / ACTIVATE VO
audio/units/alarak/attack/Alarak_Attack00.ogg,Oblivion awaits!,SC2 • VERIFIED DIALOGUE,ATTACK VO
audio/units/alarak/attack/Alarak_Attack01.ogg,"Oh, they shall suffer.",SC2 • VERIFIED DIALOGUE,ATTACK VO
audio/units/alarak/attack/Alarak_Attack02.ogg,My blades seek blood.,SC2 • VERIFIED DIALOGUE,ATTACK VO
audio/units/alarak/attack/Alarak_Attack03.ogg,CRYSTAL FUCK ARRAN,SC2 • VERIFIED DIALOGUE,ATTACK VO
audio/units/alarak/attack/Alarak_Attack04.ogg,Attack voice 05,SC2,ATTACK VO
audio/units/alarak/attack/Alarak_Attack05.ogg,The week always fall.,SC2 • VERIFIED DIALOGUE,ATTACK VO
audio/units/alarak/attack/Alarak_Attack06.ogg,Vengeance is mine!,SC2 • VERIFIED DIALOGUE,ATTACK VO
audio/units/alarak/death/Alarak_Death00.wav,My wrath is not quenched.,SC2 • VERIFIED DIALOGUE,DEATH VO
audio/units/alarak/deploy_move/Alarak_What03.ogg,What?,SC2 • VERIFIED DIALOGUE,MOVE / ACTIVATE VO
audio/units/alarak/deploy_move/Alarak_What04.ogg,Do not waste my time.,SC2 • VERIFIED DIALOGUE,MOVE / ACTIVATE VO
audio/units/alarak/deploy_move/Alarak_What05.ogg,Of course I am needed.,SC2 • VERIFIED DIALOGUE,MOVE / ACTIVATE VO
audio/units/alarak/deploy_move/Alarak_What06.ogg,State your request.,SC2 • VERIFIED DIALOGUE,MOVE / ACTIVATE VO
audio/units/alarak/deploy_move/Alarak_Yes00.ogg,Only because I will it.,SC2 • VERIFIED DIALOGUE,MOVE / ACTIVATE VO
audio/units/alarak/deploy_move/Alarak_Yes01.ogg,As I desire.,SC2 • VERIFIED DIALOGUE,MOVE / ACTIVATE VO
audio/units/alarak/deploy_move/Alarak_Yes02.ogg,So shall it be.,SC2 • VERIFIED DIALOGUE,MOVE / ACTIVATE VO
audio/units/alarak/deploy_move/Alarak_Yes03.ogg,"Oh, well, I agree with this choice.",SC2 • VERIFIED DIALOGUE,MOVE / ACTIVATE VO
audio/units/alarak/deploy_move/Alarak_Yes04.ogg,So goes the chain of ascension.,SC2 • VERIFIED DIALOGUE,MOVE / ACTIVATE VO
audio/units/alarak/deploy_move/Alarak_Yes05.ogg,As I will it.,SC2 • VERIFIED DIALOGUE,MOVE / ACTIVATE VO
audio/units/arbiter/attack/Arbiter_Attack00.ogg,Attack voice 01,SC2,ATTACK VO
audio/units/arbiter/attack/Arbiter_Attack01.ogg,Attack voice 02,SC2,ATTACK VO
audio/units/arbiter/attack/Arbiter_Attack02.ogg,Space time coordinates locked.,SC2 • VERIFIED DIALOGUE,ATTACK VO
audio/units/arbiter/attack/Arbiter_Attack03.ogg,We proceed.,SC2 • VERIFIED DIALOGUE,ATTACK VO
audio/units/arbiter/attack/Arbiter_Attack04.ogg,Attack voice 05,SC2,ATTACK VO
audio/units/arbiter/attack/Arbiter_Attack05.ogg,Let our enemies fall!,SC2 • VERIFIED DIALOGUE,ATTACK VO
audio/units/arbiter/attack/Arbiter_Attack06.ogg,We strike from the skies!,SC2 • VERIFIED DIALOGUE,ATTACK VO
audio/units/arbiter/deploy_move/Arbiter_What05.ogg,Selection response 06,SC2,MOVE / ACTIVATE VO
audio/units/arbiter/deploy_move/Arbiter_What06.ogg,We serve the dam!,SC2 • VERIFIED DIALOGUE,MOVE / ACTIVATE VO
audio/units/arbiter/deploy_move/Arbiter_What07.ogg,Our expertise is yours.,SC2 • VERIFIED DIALOGUE,MOVE / ACTIVATE VO
audio/units/arbiter/deploy_move/Arbiter_Yes00.ogg,Move / order response 01,SC2,MOVE / ACTIVATE VO
audio/units/arbiter/deploy_move/Arbiter_Yes01.ogg,Astonishing Vectors!,SC2 • VERIFIED DIALOGUE,MOVE / ACTIVATE VO
audio/units/arbiter/deploy_move/Arbiter_Yes02.ogg,Move / order response 03,SC2,MOVE / ACTIVATE VO
audio/units/arbiter/deploy_move/Arbiter_Yes03.ogg,Special coordinates received.,SC2 • VERIFIED DIALOGUE,MOVE / ACTIVATE VO
audio/units/arbiter/deploy_move/Arbiter_Yes04.ogg,We shall end our call.,SC2 • VERIFIED DIALOGUE,MOVE / ACTIVATE VO
audio/units/arbiter/deploy_move/Arbiter_Yes05.ogg,As the High Rock wins!,SC2 • VERIFIED DIALOGUE,MOVE / ACTIVATE VO
audio/units/arbiter/deploy_move/Arbiter_Yes06.ogg,Let it be so.,SC2 • VERIFIED DIALOGUE,MOVE / ACTIVATE VO
audio/units/archon/attack/Archon_Attack00.ogg,Dominate!,SC2 • VERIFIED DIALOGUE,ATTACK VO
audio/units/archon/attack/Archon_Attack01.ogg,Attack voice 02,SC2,ATTACK VO
audio/units/archon/attack/Archon_Attack02.ogg,VAPORIZE!,SC2 • VERIFIED DIALOGUE,ATTACK VO
audio/units/archon/canonical/0bf4917bb3d55cba__Archon_Ready00.ogg,Ready / selection 01,SC2 • GAME-DATA VERIFIED BANK,MOVE / ACTIVATE VO
audio/units/archon/death/Archon_Death00.wav,Death voice 01,SC2,DEATH VO
audio/units/archon/death/Archon_Death01.wav,Death voice 02,SC2,DEATH VO
audio/units/archon/death/Archon_Death02.wav,Death voice 03,SC2 • DESCRIPTIVE NONVERBAL,DEATH VO
audio/units/archon/death/Archon_Death03.wav,Death voice 04,SC2,DEATH VO
audio/units/archon/deploy_move/Archon_What00.ogg,Selection response 01,SC2,MOVE / ACTIVATE VO
audio/units/archon/deploy_move/Archon_What01.ogg,We need focus.,SC2 • VERIFIED DIALOGUE,MOVE / ACTIVATE VO
audio/units/archon/deploy_move/Archon_What02.ogg,Power Overwhelming,SC2 • VERIFIED DIALOGUE,MOVE / ACTIVATE VO
audio/units/archon/deploy_move/Archon_What03.ogg,What guidance?,SC2 • VERIFIED DIALOGUE,MOVE / ACTIVATE VO
audio/units/archon/deploy_move/Archon_Yes00.ogg,DESTROY!,SC2 • VERIFIED DIALOGUE,MOVE / ACTIVATE VO
audio/units/archon/deploy_move/Archon_Yes01.ogg,Annihilate!,SC2 • VERIFIED DIALOGUE,MOVE / ACTIVATE VO
audio/units/archon/deploy_move/Archon_Yes02.ogg,"Oh, better it.",SC2 • VERIFIED DIALOGUE,MOVE / ACTIVATE VO
audio/units/archon/deploy_move/Archon_Yes03.ogg,Move / order response 04,SC2,MOVE / ACTIVATE VO
audio/units/archon/deploy_move/Archon_Yes04.ogg,IT WILL BE,SC2 • VERIFIED DIALOGUE,MOVE / ACTIVATE VO
audio/units/archon/deploy_move/Archon_Yes05.ogg,Move / order response 06,SC2,MOVE / ACTIVATE VO
audio/units/artanis/attack/Artanis_Attack00.ogg,Vanquish!,SC2 • VERIFIED DIALOGUE,ATTACK VO
audio/units/artanis/attack/Artanis_Attack01.ogg,Attack voice 02,SC2,ATTACK VO
audio/units/artanis/attack/Artanis_Attack02.ogg,"Adun, guide my hand.",SC2 • VERIFIED DIALOGUE,ATTACK VO
audio/units/artanis/attack/Artanis_Attack03.ogg,Triumph through sacrifice!,SC2 • VERIFIED DIALOGUE,ATTACK VO
audio/units/artanis/attack/Artanis_Attack04.ogg,Then we will meet justice.,SC2 • VERIFIED DIALOGUE,ATTACK VO
audio/units/artanis/death/Artanis_Death00.wav,Has it all been for nothing?,SC2 • VERIFIED DIALOGUE,DEATH VO
audio/units/artanis/deploy_move/Artanis_Ready00.ogg,We must stand as one.,SC2 • VERIFIED DIALOGUE,MOVE / ACTIVATE VO
audio/units/artanis/deploy_move/Artanis_What00.ogg,Dawn will come.,SC2 • VERIFIED DIALOGUE,MOVE / ACTIVATE VO
audio/units/artanis/deploy_move/Artanis_What01.ogg,We shall prevail.,SC2 • VERIFIED DIALOGUE,MOVE / ACTIVATE VO
audio/units/artanis/deploy_move/Artanis_What02.ogg,Faith before fear.,SC2 • VERIFIED DIALOGUE,MOVE / ACTIVATE VO
audio/units/artanis/deploy_move/Artanis_What03.ogg,Strength in unity.,SC2 • VERIFIED DIALOGUE,MOVE / ACTIVATE VO
audio/units/artanis/deploy_move/Artanis_What04.ogg,Selection response 05,SC2,MOVE / ACTIVATE VO
audio/units/artanis/deploy_move/Artanis_Yes00.ogg,Our thoughts are won!,SC2 • VERIFIED DIALOGUE,MOVE / ACTIVATE VO
audio/units/artanis/deploy_move/Artanis_Yes01.ogg,Our path is clear!,SC2 • VERIFIED DIALOGUE,MOVE / ACTIVATE VO
audio/units/artanis/deploy_move/Artanis_Yes02.ogg,There can be no doubt!,SC2 • VERIFIED DIALOGUE,MOVE / ACTIVATE VO
audio/units/artanis/deploy_move/Artanis_Yes03.ogg,March boldly without fear!,SC2 • VERIFIED DIALOGUE,MOVE / ACTIVATE VO
audio/units/baneling/attack/Baneling_Attack3.ogg,Baneling attack vocalization,SC2 • DESCRIPTIVE NONVERBAL,ATTACK VO
audio/units/baneling/attack/Baneling_Attack4.ogg,Baneling attack vocalization,SC2 • DESCRIPTIVE NONVERBAL,ATTACK VO
audio/units/baneling/attack/Baneling_Attack5.ogg,Baneling attack vocalization,SC2 • DESCRIPTIVE NONVERBAL,ATTACK VO
audio/units/baneling/attack/Baneling_Attack6.ogg,Baneling attack vocalization,SC2 • DESCRIPTIVE NONVERBAL,ATTACK VO
audio/units/baneling/attack/Baneling_Attack7.ogg,Baneling attack vocalization,SC2 • DESCRIPTIVE NONVERBAL,ATTACK VO
audio/units/baneling/attack/Baneling_Attack8.ogg,Baneling attack vocalization,SC2 • DESCRIPTIVE NONVERBAL,ATTACK VO
audio/units/baneling/attack/Baneling_Attack9.ogg,Baneling attack vocalization,SC2 • DESCRIPTIVE NONVERBAL,ATTACK VO
audio/units/baneling/canonical/00b9b1dd66f830cc__Baneling_What5.ogg,Baneling selection vocalization,SC2 • DESCRIPTIVE NONVERBAL,MULTI-ROLE VO
audio/units/baneling/canonical/010b516cd77b5426__Baneling_Death1.wav,Baneling death sound,SC2 • DESCRIPTIVE NONVERBAL,DEATH VO
audio/units/baneling/canonical/062c8ebda6f10215__Baneling_What0.ogg,Baneling selection vocalization,SC2 • DESCRIPTIVE NONVERBAL,MULTI-ROLE VO
audio/units/baneling/canonical/1d583fa44e8087d8__Baneling_Ready0.ogg,Baneling movement vocalization,SC2 • DESCRIPTIVE NONVERBAL,MOVE / ACTIVATE VO
audio/units/baneling/canonical/2ae5e25b1e50227c__Baneling_Death0.wav,Baneling death sound,SC2 • DESCRIPTIVE NONVERBAL,DEATH VO
audio/units/baneling/canonical/2f19e2b17a7a23f2__Baneling_What1.ogg,Baneling selection vocalization,SC2 • DESCRIPTIVE NONVERBAL,MULTI-ROLE VO
audio/units/baneling/canonical/4c8ab8161c38ee0e__Baneling_Ready1.ogg,Baneling movement vocalization,SC2 • DESCRIPTIVE NONVERBAL,MOVE / ACTIVATE VO
audio/units/baneling/canonical/5594c9287b16fc33__Baneling_What2.ogg,Baneling selection vocalization,SC2 • DESCRIPTIVE NONVERBAL,MULTI-ROLE VO
audio/units/baneling/canonical/74bfeb8365db8d34__Baneling_Death3.wav,Baneling death sound,SC2 • DESCRIPTIVE NONVERBAL,DEATH VO
audio/units/baneling/canonical/757b51c799ae8ad7__Baneling_What3.ogg,Baneling selection vocalization,SC2 • DESCRIPTIVE NONVERBAL,MULTI-ROLE VO
audio/units/baneling/canonical/7c632007e264a7fe__Baneling_Death4.wav,Baneling death sound,SC2 • DESCRIPTIVE NONVERBAL,DEATH VO
audio/units/baneling/canonical/7d789530702f58df__Baneling_Death5.wav,Baneling death sound,SC2 • DESCRIPTIVE NONVERBAL,DEATH VO
audio/units/baneling/canonical/c5cb5a0146b45354__Baneling_Ready2.ogg,Baneling movement vocalization,SC2 • DESCRIPTIVE NONVERBAL,MOVE / ACTIVATE VO
audio/units/baneling/canonical/cbf9a38b5a7eb890__Baneling_What4.ogg,Baneling selection vocalization,SC2 • DESCRIPTIVE NONVERBAL,MULTI-ROLE VO
audio/units/baneling/canonical/d1fa15139e4e75fe__Baneling_Death2.wav,Baneling death sound,SC2 • DESCRIPTIVE NONVERBAL,DEATH VO
audio/units/baneling/death/Baneling_Death6.wav,Baneling death sound,SC2 • DESCRIPTIVE NONVERBAL,DEATH VO
audio/units/baneling/death/Baneling_Death7.wav,Baneling death sound,SC2 • DESCRIPTIVE NONVERBAL,DEATH VO
audio/units/baneling/death/Baneling_Death8.wav,Baneling death sound,SC2 • DESCRIPTIVE NONVERBAL,DEATH VO
audio/units/baneling/death/Baneling_Death9.wav,Baneling death sound,SC2 • DESCRIPTIVE NONVERBAL,DEATH VO
audio/units/baneling/deploy_move/Baneling_Yes0.ogg,Baneling movement vocalization,SC2 • DESCRIPTIVE NONVERBAL,MOVE / ACTIVATE VO
audio/units/baneling/deploy_move/Baneling_Yes1.ogg,Baneling movement vocalization,SC2 • DESCRIPTIVE NONVERBAL,MOVE / ACTIVATE VO
audio/units/baneling/deploy_move/Baneling_Yes2.ogg,Baneling movement vocalization,SC2 • DESCRIPTIVE NONVERBAL,MOVE / ACTIVATE VO
audio/units/baneling/deploy_move/Baneling_Yes3.ogg,Baneling movement vocalization,SC2 • DESCRIPTIVE NONVERBAL,MOVE / ACTIVATE VO
audio/units/baneling/deploy_move/Baneling_Yes4.ogg,Baneling movement vocalization,SC2 • DESCRIPTIVE NONVERBAL,MOVE / ACTIVATE VO
audio/units/baneling/deploy_move/Baneling_Yes5.ogg,Baneling movement vocalization,SC2 • DESCRIPTIVE NONVERBAL,MOVE / ACTIVATE VO
audio/units/baneling/deploy_move/Baneling_Yes6.ogg,Baneling movement vocalization,SC2 • DESCRIPTIVE NONVERBAL,MOVE / ACTIVATE VO
audio/units/baneling/deploy_move/Baneling_Yes7.ogg,Baneling movement vocalization,SC2 • DESCRIPTIVE NONVERBAL,MOVE / ACTIVATE VO
audio/units/baneling/deploy_move/Baneling_Yes8.ogg,Baneling movement vocalization,SC2 • DESCRIPTIVE NONVERBAL,MOVE / ACTIVATE VO
audio/units/baneling/deploy_move/Baneling_Yes9.ogg,Baneling movement vocalization,SC2 • DESCRIPTIVE NONVERBAL,MOVE / ACTIVATE VO
audio/units/banshee/attack/Banshee_Attack00.ogg,Rolling Thunder,SC2 • VERIFIED DIALOGUE,ATTACK VO
audio/units/banshee/attack/Banshee_Attack01.ogg,I'm gonna enjoy this.,SC2 • VERIFIED DIALOGUE,ATTACK VO
audio/units/banshee/attack/Banshee_Attack02.ogg,Scream in Fury,SC2 • VERIFIED DIALOGUE,ATTACK VO
audio/units/banshee/attack/Banshee_Attack03.ogg,This could get messy.,SC2 • VERIFIED DIALOGUE,ATTACK VO
audio/units/banshee/attack/Banshee_Attack04.ogg,They ain't gettin' far.,SC2 • VERIFIED DIALOGUE,ATTACK VO
audio/units/banshee/attack/Banshee_Attack05.ogg,Apocalypse now!,SC2 • VERIFIED DIALOGUE,ATTACK VO
audio/units/banshee/attack/Banshee_Attack06.ogg,Targets acquired.,SC2 • VERIFIED DIALOGUE,ATTACK VO
audio/units/banshee/canonical/22d00a661ef3b236__Banshee_What03.ogg,Selection response 04,SC2 • GAME-DATA VERIFIED BANK,MOVE / ACTIVATE VO
audio/units/banshee/canonical/7b1907ba75e4c59d__Banshee_What02.ogg,Selection response 03,SC2 • GAME-DATA VERIFIED BANK,MOVE / ACTIVATE VO
audio/units/banshee/canonical/96405fa6fa0b18c0__Banshee_What04.ogg,Selection response 05,SC2 • GAME-DATA VERIFIED BANK,MOVE / ACTIVATE VO
audio/units/banshee/canonical/9a8385cfe094ad7a__Banshee_What00.ogg,Selection response 01,SC2 • GAME-DATA VERIFIED BANK,MOVE / ACTIVATE VO
audio/units/banshee/canonical/bdf46748d622b3e9__Banshee_What05.ogg,Selection response 06,SC2 • GAME-DATA VERIFIED BANK,MOVE / ACTIVATE VO
audio/units/banshee/canonical/db1f4312e5b04c1f__Banshee_Yes02.ogg,Move / order response 03,SC2 • GAME-DATA VERIFIED BANK,MOVE / ACTIVATE VO
audio/units/banshee/canonical/e3bd362275e7cfcf__Banshee_Yes01.ogg,Move / order response 02,SC2 • GAME-DATA VERIFIED BANK,MOVE / ACTIVATE VO
audio/units/banshee/canonical/e5de02fc937f9409__Banshee_Ready00.ogg,Ready / selection 01,SC2 • GAME-DATA VERIFIED BANK,MOVE / ACTIVATE VO
audio/units/banshee/canonical/f168c6f00fd27e8d__Banshee_Yes00.ogg,Move / order response 01,SC2 • GAME-DATA VERIFIED BANK,MOVE / ACTIVATE VO
audio/units/banshee/canonical/f590faf744380d9e__Banshee_What01.ogg,Selection response 02,SC2 • GAME-DATA VERIFIED BANK,MOVE / ACTIVATE VO
audio/units/banshee/deploy_move/Banshee_Yes03.ogg,Roger that.,SC2 • VERIFIED DIALOGUE,MOVE / ACTIVATE VO
audio/units/banshee/deploy_move/Banshee_Yes04.ogg,Done and done.,SC2 • VERIFIED DIALOGUE,MOVE / ACTIVATE VO
audio/units/banshee/deploy_move/Banshee_Yes05.ogg,Engaging.,SC2 • VERIFIED DIALOGUE,MOVE / ACTIVATE VO
audio/units/banshee/deploy_move/Banshee_Yes06.ogg,Confirmed.,SC2 • VERIFIED DIALOGUE,MOVE / ACTIVATE VO
audio/units/banshee/deploy_move/Banshee_Yes07.ogg,I got this!,SC2 • VERIFIED DIALOGUE,MOVE / ACTIVATE VO
audio/units/banshee/deploy_move/Banshee_Yes08.ogg,Can do,SC2 • VERIFIED DIALOGUE,MOVE / ACTIVATE VO
audio/units/banshee/deploy_move/Banshee_Yes09.ogg,No problem.,SC2 • VERIFIED DIALOGUE,MOVE / ACTIVATE VO
audio/units/banshee/deploy_move/Banshee_Yes10.ogg,Right.,SC2 • VERIFIED DIALOGUE,MOVE / ACTIVATE VO
audio/units/banshee/deploy_move/Banshee_Yes11.ogg,Fine.,SC2 • VERIFIED DIALOGUE,MOVE / ACTIVATE VO
audio/units/banshee/deploy_move/Banshee_Yes12.ogg,That's fine.,SC2 • VERIFIED DIALOGUE,MOVE / ACTIVATE VO
audio/units/battlecruiser/attack/Battlecruiser_Attack00.ogg,Weapons charged and ready.,SC2 • VERIFIED DIALOGUE,ATTACK VO
audio/units/battlecruiser/attack/Battlecruiser_Attack01.ogg,Commencing bombardment.,SC2 • VERIFIED DIALOGUE,ATTACK VO
audio/units/battlecruiser/attack/Battlecruiser_Attack02.ogg,Take no prisoners.,SC2 • VERIFIED DIALOGUE,ATTACK VO
audio/units/battlecruiser/attack/Battlecruiser_Attack03.ogg,"Ah, how exciting!",SC2 • VERIFIED DIALOGUE,ATTACK VO
audio/units/battlecruiser/attack/Battlecruiser_Attack04.ogg,Cauterize the area.,SC2 • VERIFIED DIALOGUE,ATTACK VO
audio/units/battlecruiser/attack/Battlecruiser_Attack05.ogg,Full attack all weapons,SC2 • VERIFIED DIALOGUE,ATTACK VO
audio/units/battlecruiser/canonical/03dcefe1e29a7f57__Battlecruiser_What05.ogg,Selection response 06,SC2 • GAME-DATA VERIFIED BANK,MOVE / ACTIVATE VO
audio/units/battlecruiser/canonical/207c580f98f2b433__Battlecruiser_Ready00.ogg,Ready / selection 01,SC2 • GAME-DATA VERIFIED BANK,MOVE / ACTIVATE VO
audio/units/battlecruiser/canonical/2bb84a910422e0f0__Battlecruiser_What01.ogg,Selection response 02,SC2 • GAME-DATA VERIFIED BANK,MOVE / ACTIVATE VO
audio/units/battlecruiser/canonical/3802e1a257a3d6ee__Battlecruiser_What02.ogg,Selection response 03,SC2 • GAME-DATA VERIFIED BANK,MOVE / ACTIVATE VO
audio/units/battlecruiser/canonical/3ff16f1b9bb099d0__Battlecruiser_Yes00.ogg,Move / order response 01,SC2 • GAME-DATA VERIFIED BANK,MOVE / ACTIVATE VO
audio/units/battlecruiser/canonical/427b45ddb809d570__Battlecruiser_What04.ogg,Selection response 05,SC2 • GAME-DATA VERIFIED BANK,MOVE / ACTIVATE VO
audio/units/battlecruiser/canonical/532e1bc45ccde9ae__Battlecruiser_What03.ogg,Selection response 04,SC2 • GAME-DATA VERIFIED BANK,MOVE / ACTIVATE VO
audio/units/battlecruiser/canonical/6d2a2442e4a01c2c__Battlecruiser_Yes02.ogg,Move / order response 03,SC2 • GAME-DATA VERIFIED BANK,MOVE / ACTIVATE VO
audio/units/battlecruiser/canonical/cfe93b7c975d3d18__Battlecruiser_What00.ogg,Selection response 01,SC2 • GAME-DATA VERIFIED BANK,MOVE / ACTIVATE VO
audio/units/battlecruiser/canonical/d911f0bb0e17ceb1__Battlecruiser_Yes01.ogg,Move / order response 02,SC2 • GAME-DATA VERIFIED BANK,MOVE / ACTIVATE VO
audio/units/battlecruiser/death/Battlecruiser_Death00.wav,Abandon ship!,SC2 • VERIFIED DIALOGUE,DEATH VO
audio/units/battlecruiser/deploy_move/Battlecruiser_Yes03.ogg,Whatever that means.,SC2 • VERIFIED DIALOGUE,MOVE / ACTIVATE VO
audio/units/battlecruiser/deploy_move/Battlecruiser_Yes04.ogg,"Yes, Commander.",SC2 • VERIFIED DIALOGUE,MOVE / ACTIVATE VO
audio/units/battlecruiser/deploy_move/Battlecruiser_Yes05.ogg,En route!,SC2 • VERIFIED DIALOGUE,MOVE / ACTIVATE VO
audio/units/battlecruiser/deploy_move/Battlecruiser_Yes06.ogg,"Yes, sir.",SC2 • VERIFIED DIALOGUE,MOVE / ACTIVATE VO
audio/units/battlecruiser/deploy_move/Battlecruiser_Yes07.ogg,Roger.,SC2 • VERIFIED DIALOGUE,MOVE / ACTIVATE VO
audio/units/battlecruiser/deploy_move/Battlecruiser_Yes08.ogg,Okay!,SC2 • VERIFIED DIALOGUE,MOVE / ACTIVATE VO
audio/units/battlecruiser/deploy_move/Battlecruiser_Yes09.ogg,Will do.,SC2 • VERIFIED DIALOGUE,MOVE / ACTIVATE VO
audio/units/battlecruiser/deploy_move/Battlecruiser_Yes10.ogg,I'm on it!,SC2 • VERIFIED DIALOGUE,MOVE / ACTIVATE VO
audio/units/battlecruiser/deploy_move/Battlecruiser_Yes11.ogg,Engage!,SC2 • VERIFIED DIALOGUE,MOVE / ACTIVATE VO
audio/units/battlecruiser/deploy_move/Battlecruiser_Yes12.ogg,Squadron en route.,SC2 • VERIFIED DIALOGUE,MOVE / ACTIVATE VO
audio/units/brood_lord/attack/BroodLord_Attack3.ogg,Brood Lord attack vocalization,SC2 • DESCRIPTIVE NONVERBAL,ATTACK VO
audio/units/brood_lord/attack/BroodLord_Attack4.ogg,Brood Lord attack vocalization,SC2 • DESCRIPTIVE NONVERBAL,ATTACK VO
audio/units/brood_lord/attack/BroodLord_Attack5.ogg,Brood Lord attack vocalization,SC2 • DESCRIPTIVE NONVERBAL,ATTACK VO
audio/units/brood_lord/attack/BroodLord_Attack6.ogg,Brood Lord attack vocalization,SC2 • DESCRIPTIVE NONVERBAL,ATTACK VO
audio/units/brood_lord/attack/BroodLord_Attack7.ogg,Brood Lord attack vocalization,SC2 • DESCRIPTIVE NONVERBAL,ATTACK VO
audio/units/brood_lord/attack/BroodLord_Attack8.ogg,Brood Lord attack vocalization,SC2 • DESCRIPTIVE NONVERBAL,ATTACK VO
audio/units/brood_lord/attack/BroodLord_Attack9.ogg,Brood Lord attack vocalization,SC2 • DESCRIPTIVE NONVERBAL,ATTACK VO
audio/units/brood_lord/canonical/04e4367ed0e4f948__BroodLord_What9.ogg,Brood Lord movement vocalization,SC2 • DESCRIPTIVE NONVERBAL,MOVE / ACTIVATE VO
audio/units/brood_lord/canonical/11b75880675a574f__BroodLord_What8.ogg,Brood Lord movement vocalization,SC2 • DESCRIPTIVE NONVERBAL,MOVE / ACTIVATE VO
audio/units/brood_lord/canonical/3dec5000247e2f7b__BroodLord_What1.ogg,Brood Lord movement vocalization,SC2 • DESCRIPTIVE NONVERBAL,MOVE / ACTIVATE VO
audio/units/brood_lord/canonical/4156527496216ded__BroodLord_Death0.wav,Brood Lord death sound,SC2 • DESCRIPTIVE NONVERBAL,DEATH VO
audio/units/brood_lord/canonical/41dbeec9558281cd__BroodLord_Ready0.ogg,Brood Lord movement vocalization,SC2 • DESCRIPTIVE NONVERBAL,MOVE / ACTIVATE VO
audio/units/brood_lord/canonical/50bcf90af03402dd__BroodLord_What6.ogg,Brood Lord movement vocalization,SC2 • DESCRIPTIVE NONVERBAL,MOVE / ACTIVATE VO
audio/units/brood_lord/canonical/53f3c739fa95d01c__BroodLord_Attack0.ogg,Brood Lord attack vocalization,SC2 • DESCRIPTIVE NONVERBAL,MULTI-ROLE VO
audio/units/brood_lord/canonical/60b90f31f1d21acb__BroodLord_What2.ogg,Brood Lord movement vocalization,SC2 • DESCRIPTIVE NONVERBAL,MOVE / ACTIVATE VO
audio/units/brood_lord/canonical/6e0060dca0cacd32__BroodLord_Ready2.ogg,Brood Lord movement vocalization,SC2 • DESCRIPTIVE NONVERBAL,MOVE / ACTIVATE VO
audio/units/brood_lord/canonical/8dae1296981923a9__BroodLord_What7.ogg,Brood Lord movement vocalization,SC2 • DESCRIPTIVE NONVERBAL,MOVE / ACTIVATE VO
audio/units/brood_lord/canonical/92b72b5c15ab4fd5__BroodLord_What0.ogg,Brood Lord movement vocalization,SC2 • DESCRIPTIVE NONVERBAL,MOVE / ACTIVATE VO
audio/units/brood_lord/canonical/96962bd66b341e7d__BroodLord_What3.ogg,Brood Lord movement vocalization,SC2 • DESCRIPTIVE NONVERBAL,MOVE / ACTIVATE VO
audio/units/brood_lord/canonical/b0e61907bd0b4b65__BroodLord_What5.ogg,Brood Lord movement vocalization,SC2 • DESCRIPTIVE NONVERBAL,MOVE / ACTIVATE VO
audio/units/brood_lord/canonical/bff2459f7e12dabe__BroodLord_What4.ogg,Brood Lord movement vocalization,SC2 • DESCRIPTIVE NONVERBAL,MOVE / ACTIVATE VO
audio/units/brood_lord/canonical/cbec2f97658acb93__BroodLord_Attack1.ogg,Brood Lord attack vocalization,SC2 • DESCRIPTIVE NONVERBAL,ATTACK VO
audio/units/brood_lord/canonical/e2760b876f2ed708__BroodLord_Ready1.ogg,Brood Lord movement vocalization,SC2 • DESCRIPTIVE NONVERBAL,MOVE / ACTIVATE VO
audio/units/brood_lord/canonical/f041ad116c6b4766__BroodLord_Attack2.ogg,Brood Lord attack vocalization,SC2 • DESCRIPTIVE NONVERBAL,ATTACK VO
audio/units/brood_lord/death/BroodLord_Death1.wav,Brood Lord death sound,SC2 • DESCRIPTIVE NONVERBAL,DEATH VO
audio/units/brood_lord/death/BroodLord_Death2.wav,Brood Lord death sound,SC2 • DESCRIPTIVE NONVERBAL,DEATH VO
audio/units/brood_lord/death/BroodLord_Death3.wav,Brood Lord death sound,SC2 • DESCRIPTIVE NONVERBAL,DEATH VO
audio/units/brood_lord/death/BroodLord_Death4.wav,Brood Lord death sound,SC2 • DESCRIPTIVE NONVERBAL,DEATH VO
audio/units/brood_lord/deploy_move/BroodLord_Yes0.ogg,Brood Lord movement vocalization,SC2 • DESCRIPTIVE NONVERBAL,MOVE / ACTIVATE VO
audio/units/brood_lord/deploy_move/BroodLord_Yes1.ogg,Brood Lord movement vocalization,SC2 • DESCRIPTIVE NONVERBAL,MOVE / ACTIVATE VO
audio/units/brood_lord/deploy_move/BroodLord_Yes2.ogg,Brood Lord movement vocalization,SC2 • DESCRIPTIVE NONVERBAL,MOVE / ACTIVATE VO
audio/units/brood_lord/deploy_move/BroodLord_Yes3.ogg,Brood Lord movement vocalization,SC2 • DESCRIPTIVE NONVERBAL,MOVE / ACTIVATE VO
audio/units/brood_lord/deploy_move/BroodLord_Yes4.ogg,Brood Lord movement vocalization,SC2 • DESCRIPTIVE NONVERBAL,MOVE / ACTIVATE VO
audio/units/brood_lord/deploy_move/BroodLord_Yes5.ogg,Brood Lord movement vocalization,SC2 • DESCRIPTIVE NONVERBAL,MOVE / ACTIVATE VO
audio/units/brood_lord/deploy_move/BroodLord_Yes6.ogg,Brood Lord movement vocalization,SC2 • DESCRIPTIVE NONVERBAL,MOVE / ACTIVATE VO
audio/units/brood_lord/deploy_move/BroodLord_Yes7.ogg,Brood Lord movement vocalization,SC2 • DESCRIPTIVE NONVERBAL,MOVE / ACTIVATE VO
audio/units/brood_lord/deploy_move/BroodLord_Yes8.ogg,Brood Lord movement vocalization,SC2 • DESCRIPTIVE NONVERBAL,MOVE / ACTIVATE VO
audio/units/brood_lord/deploy_move/BroodLord_Yes9.ogg,Brood Lord movement vocalization,SC2 • DESCRIPTIVE NONVERBAL,MOVE / ACTIVATE VO
audio/units/brutalisk/attack/Brutalisk_Attack_03.ogg,Brutalisk attack vocalization,SC2 • DESCRIPTIVE NONVERBAL,ATTACK VO
audio/units/brutalisk/attack/Brutalisk_Attack_04.ogg,Brutalisk attack vocalization,SC2 • DESCRIPTIVE NONVERBAL,ATTACK VO
audio/units/brutalisk/attack/Brutalisk_Attack_05.ogg,Brutalisk attack vocalization,SC2 • DESCRIPTIVE NONVERBAL,ATTACK VO
audio/units/brutalisk/attack/Brutalisk_Attack_06.ogg,Brutalisk attack vocalization,SC2 • DESCRIPTIVE NONVERBAL,ATTACK VO
audio/units/brutalisk/attack/Brutalisk_Attack_07.ogg,Brutalisk attack vocalization,SC2 • DESCRIPTIVE NONVERBAL,ATTACK VO
audio/units/brutalisk/attack/Brutalisk_Attack_08.ogg,Brutalisk attack vocalization,SC2 • DESCRIPTIVE NONVERBAL,ATTACK VO
audio/units/brutalisk/attack/Brutalisk_Attack_09.ogg,Brutalisk attack vocalization,SC2 • DESCRIPTIVE NONVERBAL,ATTACK VO
audio/units/brutalisk/deploy_move/Brutalisk_Yes_00.ogg,Brutalisk movement vocalization,SC2 • DESCRIPTIVE NONVERBAL,MOVE / ACTIVATE VO
audio/units/brutalisk/deploy_move/Brutalisk_Yes_01.ogg,Brutalisk movement vocalization,SC2 • DESCRIPTIVE NONVERBAL,MOVE / ACTIVATE VO
audio/units/brutalisk/deploy_move/Brutalisk_Yes_02.ogg,Brutalisk movement vocalization,SC2 • DESCRIPTIVE NONVERBAL,MOVE / ACTIVATE VO
audio/units/brutalisk/deploy_move/Brutalisk_Yes_03.ogg,Brutalisk movement vocalization,SC2 • DESCRIPTIVE NONVERBAL,MOVE / ACTIVATE VO
audio/units/brutalisk/deploy_move/Brutalisk_Yes_04.ogg,Brutalisk movement vocalization,SC2 • DESCRIPTIVE NONVERBAL,MOVE / ACTIVATE VO
audio/units/brutalisk/deploy_move/Brutalisk_Yes_05.ogg,Brutalisk movement vocalization,SC2 • DESCRIPTIVE NONVERBAL,MOVE / ACTIVATE VO
audio/units/brutalisk/deploy_move/Brutalisk_Yes_06.ogg,Brutalisk movement vocalization,SC2 • DESCRIPTIVE NONVERBAL,MOVE / ACTIVATE VO
audio/units/brutalisk/deploy_move/Brutalisk_Yes_07.ogg,Brutalisk movement vocalization,SC2 • DESCRIPTIVE NONVERBAL,MOVE / ACTIVATE VO
audio/units/brutalisk/deploy_move/Brutalisk_Yes_08.ogg,Brutalisk movement vocalization,SC2 • DESCRIPTIVE NONVERBAL,MOVE / ACTIVATE VO
audio/units/brutalisk/deploy_move/Brutalisk_Yes_09.ogg,Brutalisk movement vocalization,SC2 • DESCRIPTIVE NONVERBAL,MOVE / ACTIVATE VO
audio/units/carrier/attack/Carrier_Attack00.ogg,Engaging the enemy!,SC2 • VERIFIED DIALOGUE,ATTACK VO
audio/units/carrier/attack/Carrier_Attack01.ogg,Attack voice 02,SC2,ATTACK VO
audio/units/carrier/attack/Carrier_Attack02.ogg,Obliterate.,SC2 • VERIFIED DIALOGUE,ATTACK VO
audio/units/carrier/attack/Carrier_Attack03.ogg,Oblivion descends.,SC2 • VERIFIED DIALOGUE,ATTACK VO
audio/units/carrier/attack/Carrier_Attack04.ogg,I just finished this.,SC2 • VERIFIED DIALOGUE,ATTACK VO
audio/units/carrier/attack/Carrier_Attack05.ogg,The end has come.,SC2 • VERIFIED DIALOGUE,ATTACK VO
audio/units/carrier/canonical/6d88de936c87a7e1__Carrier_What00.ogg,Selection response 01,SC2 • GAME-DATA VERIFIED BANK,MOVE / ACTIVATE VO
audio/units/carrier/canonical/8821dab1b72bc904__Carrier_Ready00.ogg,Ready / selection 01,SC2 • GAME-DATA VERIFIED BANK,MOVE / ACTIVATE VO
audio/units/carrier/canonical/c2c5fcbbea4b952d__Carrier_What03.ogg,Selection response 04,SC2 • GAME-DATA VERIFIED BANK,MOVE / ACTIVATE VO
audio/units/carrier/canonical/dc660045ac970787__Carrier_What01.ogg,Selection response 02,SC2 • GAME-DATA VERIFIED BANK,MOVE / ACTIVATE VO
audio/units/carrier/canonical/dd0ab0471a60e6f8__Carrier_What02.ogg,Selection response 03,SC2 • GAME-DATA VERIFIED BANK,MOVE / ACTIVATE VO
audio/units/carrier/deploy_move/Carrier_What04.ogg,We are poised for victory.,SC2 • VERIFIED DIALOGUE,MOVE / ACTIVATE VO
audio/units/carrier/deploy_move/Carrier_What05.ogg,We are ready.,SC2 • VERIFIED DIALOGUE,MOVE / ACTIVATE VO
audio/units/carrier/deploy_move/Carrier_Yes00.ogg,Move / order response 01,SC2,MOVE / ACTIVATE VO
audio/units/carrier/deploy_move/Carrier_Yes01.ogg,The time is now.,SC2 • VERIFIED DIALOGUE,MOVE / ACTIVATE VO
audio/units/carrier/deploy_move/Carrier_Yes02.ogg,To victory!,SC2 • VERIFIED DIALOGUE,MOVE / ACTIVATE VO
audio/units/carrier/deploy_move/Carrier_Yes03.ogg,Move / order response 04,SC2,MOVE / ACTIVATE VO
audio/units/carrier/deploy_move/Carrier_Yes04.ogg,Agreed.,SC2 • VERIFIED DIALOGUE,MOVE / ACTIVATE VO
audio/units/carrier/deploy_move/Carrier_Yes05.ogg,Prepare to engage.,SC2 • VERIFIED DIALOGUE,MOVE / ACTIVATE VO
audio/units/carrier/deploy_move/Carrier_Yes06.ogg,The colour is served.,SC2 • VERIFIED DIALOGUE,MOVE / ACTIVATE VO
audio/units/carrier/deploy_move/Carrier_Yes07.ogg,The battle is won.,SC2 • VERIFIED DIALOGUE,MOVE / ACTIVATE VO
audio/units/colossus/death/Colossus_Death0.wav,Death voice 01,SC2 • DESCRIPTIVE NONVERBAL,DEATH VO
audio/units/colossus/death/Colossus_Death1.wav,Death voice 02,SC2 • DESCRIPTIVE NONVERBAL,DEATH VO
audio/units/colossus/deploy_move/Colossus_Ready0.ogg,Ready / selection 01,SC2,MOVE / ACTIVATE VO
audio/units/colossus/deploy_move/Colossus_What0.ogg,Selection response 01,SC2,MOVE / ACTIVATE VO
audio/units/colossus/deploy_move/Colossus_What1.ogg,Selection response 02,SC2,MOVE / ACTIVATE VO
audio/units/colossus/deploy_move/Colossus_What2.ogg,Selection response 03,SC2,MOVE / ACTIVATE VO
audio/units/colossus/deploy_move/Colossus_Yes0.ogg,Move / order response 01,SC2,MOVE / ACTIVATE VO
audio/units/colossus/deploy_move/Colossus_Yes1.ogg,Move / order response 02,SC2,MOVE / ACTIVATE VO
audio/units/colossus/deploy_move/Colossus_Yes2.ogg,Move / order response 03,SC2,MOVE / ACTIVATE VO
audio/units/corruptor/attack/Corruptor_Attack0.ogg,Corruptor attack vocalization,SC2 • DESCRIPTIVE NONVERBAL,ATTACK VO
audio/units/corruptor/attack/Corruptor_Attack1.ogg,Corruptor attack vocalization,SC2 • DESCRIPTIVE NONVERBAL,ATTACK VO
audio/units/corruptor/attack/Corruptor_Attack2.ogg,Corruptor attack vocalization,SC2 • DESCRIPTIVE NONVERBAL,ATTACK VO
audio/units/corruptor/attack/Corruptor_Attack3.ogg,Corruptor attack vocalization,SC2 • DESCRIPTIVE NONVERBAL,ATTACK VO
audio/units/corruptor/attack/Corruptor_Attack4.ogg,Corruptor attack vocalization,SC2 • DESCRIPTIVE NONVERBAL,ATTACK VO
audio/units/corruptor/attack/Corruptor_Attack5.ogg,Corruptor attack vocalization,SC2 • DESCRIPTIVE NONVERBAL,ATTACK VO
audio/units/corruptor/canonical/01dc606c8bf1711c__Corruptor_What7.ogg,Corruptor movement vocalization,SC2 • DESCRIPTIVE NONVERBAL,MOVE / ACTIVATE VO
audio/units/corruptor/canonical/1618a8d95e2618e9__Corruptor_What6.ogg,Corruptor movement vocalization,SC2 • DESCRIPTIVE NONVERBAL,MOVE / ACTIVATE VO
audio/units/corruptor/canonical/19c766a207b6c042__Corruptor_What0.ogg,Corruptor movement vocalization,SC2 • DESCRIPTIVE NONVERBAL,MOVE / ACTIVATE VO
audio/units/corruptor/canonical/223c90bb2fe6b7bb__Corruptor_What4.ogg,Corruptor movement vocalization,SC2 • DESCRIPTIVE NONVERBAL,MOVE / ACTIVATE VO
audio/units/corruptor/canonical/3b6e6483f96a8b2c__Corruptor_Ready1.ogg,Corruptor movement vocalization,SC2 • DESCRIPTIVE NONVERBAL,MOVE / ACTIVATE VO
audio/units/corruptor/canonical/491b56a1195286ab__Corruptor_What9.ogg,Corruptor movement vocalization,SC2 • DESCRIPTIVE NONVERBAL,MOVE / ACTIVATE VO
audio/units/corruptor/canonical/5f6722d83a97789f__Corruptor_Ready0.ogg,Corruptor movement vocalization,SC2 • DESCRIPTIVE NONVERBAL,MOVE / ACTIVATE VO
audio/units/corruptor/canonical/65649f5bd4260dec__Corruptor_What3.ogg,Corruptor movement vocalization,SC2 • DESCRIPTIVE NONVERBAL,MOVE / ACTIVATE VO
audio/units/corruptor/canonical/73c4f63526f3d918__Corruptor_Ready3.ogg,Corruptor movement vocalization,SC2 • DESCRIPTIVE NONVERBAL,MOVE / ACTIVATE VO
audio/units/corruptor/canonical/89742ce6e06a0e72__Corruptor_What2.ogg,Corruptor movement vocalization,SC2 • DESCRIPTIVE NONVERBAL,MOVE / ACTIVATE VO
audio/units/corruptor/canonical/94348ff4b87ce0ac__Corruptor_What8.ogg,Corruptor movement vocalization,SC2 • DESCRIPTIVE NONVERBAL,MOVE / ACTIVATE VO
audio/units/corruptor/canonical/bb8505158f850cfd__Corruptor_Death1.wav,Corruptor death sound,SC2 • DESCRIPTIVE NONVERBAL,DEATH VO
audio/units/corruptor/canonical/c93ccf8b1261cca6__Corruptor_What1.ogg,Corruptor movement vocalization,SC2 • DESCRIPTIVE NONVERBAL,MOVE / ACTIVATE VO
audio/units/corruptor/canonical/cacc0cbadaeaaf6a__Corruptor_Death0.wav,Corruptor death sound,SC2 • DESCRIPTIVE NONVERBAL,DEATH VO
audio/units/corruptor/canonical/de6d7a0bdc918866__Corruptor_What5.ogg,Corruptor movement vocalization,SC2 • DESCRIPTIVE NONVERBAL,MOVE / ACTIVATE VO
audio/units/corruptor/canonical/eb4848cdb864921a__Corruptor_Ready2.ogg,Corruptor movement vocalization,SC2 • DESCRIPTIVE NONVERBAL,MOVE / ACTIVATE VO
audio/units/corruptor/death/Corruptor_Death2.wav,Corruptor death sound,SC2 • DESCRIPTIVE NONVERBAL,DEATH VO
audio/units/corruptor/death/Corruptor_Death3.wav,Corruptor death sound,SC2 • DESCRIPTIVE NONVERBAL,DEATH VO
audio/units/corruptor/death/Corruptor_Death4.wav,Corruptor death sound,SC2 • DESCRIPTIVE NONVERBAL,DEATH VO
audio/units/corruptor/death/Corruptor_Death5.wav,Corruptor death sound,SC2 • DESCRIPTIVE NONVERBAL,DEATH VO
audio/units/corruptor/deploy_move/Corruptor_Yes0.ogg,Corruptor movement vocalization,SC2 • DESCRIPTIVE NONVERBAL,MOVE / ACTIVATE VO
audio/units/corruptor/deploy_move/Corruptor_Yes1.ogg,Corruptor movement vocalization,SC2 • DESCRIPTIVE NONVERBAL,MOVE / ACTIVATE VO
audio/units/corruptor/deploy_move/Corruptor_Yes2.ogg,Corruptor movement vocalization,SC2 • DESCRIPTIVE NONVERBAL,MOVE / ACTIVATE VO
audio/units/corruptor/deploy_move/Corruptor_Yes3.ogg,Corruptor movement vocalization,SC2 • DESCRIPTIVE NONVERBAL,MOVE / ACTIVATE VO
audio/units/corruptor/deploy_move/Corruptor_Yes4.ogg,Corruptor movement vocalization,SC2 • DESCRIPTIVE NONVERBAL,MOVE / ACTIVATE VO
audio/units/corruptor/deploy_move/Corruptor_Yes5.ogg,Corruptor movement vocalization,SC2 • DESCRIPTIVE NONVERBAL,MOVE / ACTIVATE VO
audio/units/corruptor/deploy_move/Corruptor_Yes6.ogg,Corruptor movement vocalization,SC2 • DESCRIPTIVE NONVERBAL,MOVE / ACTIVATE VO
audio/units/corruptor/deploy_move/Corruptor_Yes7.ogg,Corruptor movement vocalization,SC2 • DESCRIPTIVE NONVERBAL,MOVE / ACTIVATE VO
audio/units/corruptor/deploy_move/Corruptor_Yes8.ogg,Corruptor movement vocalization,SC2 • DESCRIPTIVE NONVERBAL,MOVE / ACTIVATE VO
audio/units/corruptor/deploy_move/Corruptor_Yes9.ogg,Corruptor movement vocalization,SC2 • DESCRIPTIVE NONVERBAL,MOVE / ACTIVATE VO
audio/units/corsair/attack/Corsair_Attack00.ogg,"Oh, nothing back.",SC2 • VERIFIED DIALOGUE,ATTACK VO
audio/units/corsair/attack/Corsair_Attack01.ogg,Let me die honorably!,SC2 • VERIFIED DIALOGUE,ATTACK VO
audio/units/corsair/attack/Corsair_Attack02.ogg,I have but one life to give.,SC2 • VERIFIED DIALOGUE,ATTACK VO
audio/units/corsair/death/Corsair_Death00.wav,The horizon never ends.,SC2 • VERIFIED DIALOGUE,DEATH VO
audio/units/corsair/deploy_move/Corsair_What00.ogg,Ready for battle!,SC2 • VERIFIED DIALOGUE,MOVE / ACTIVATE VO
audio/units/corsair/deploy_move/Corsair_What01.ogg,I stand for ready.,SC2 • VERIFIED DIALOGUE,MOVE / ACTIVATE VO
audio/units/corsair/deploy_move/Corsair_What02.ogg,Let us attack!,SC2 • VERIFIED DIALOGUE,MOVE / ACTIVATE VO
audio/units/corsair/deploy_move/Corsair_What03.ogg,Excellent!,SC2 • VERIFIED DIALOGUE,MOVE / ACTIVATE VO
audio/units/corsair/deploy_move/Corsair_Yes00.ogg,Move / order response 01,SC2,MOVE / ACTIVATE VO
audio/units/corsair/deploy_move/Corsair_Yes01.ogg,"Ah, at last!",SC2 • VERIFIED DIALOGUE,MOVE / ACTIVATE VO
audio/units/corsair/deploy_move/Corsair_Yes02.ogg,I thought you'd see it my way.,SC2 • VERIFIED DIALOGUE,MOVE / ACTIVATE VO
audio/units/corsair/deploy_move/Corsair_Yes03.ogg,Eyes to the horizon.,SC2 • VERIFIED DIALOGUE,MOVE / ACTIVATE VO
audio/units/corsair/deploy_move/Corsair_Yes04.ogg,Move / order response 05,SC2,MOVE / ACTIVATE VO
audio/units/corsair/deploy_move/Corsair_Yes05.ogg,The sky is my battlefield.,SC2 • VERIFIED DIALOGUE,MOVE / ACTIVATE VO
audio/units/cyclone/attack/Cyclone_Attack01.ogg,And here we go.,SC2 • VERIFIED DIALOGUE,ATTACK VO
audio/units/cyclone/attack/Cyclone_Attack02.ogg,I'm going in.,SC2 • VERIFIED DIALOGUE,ATTACK VO
audio/units/cyclone/attack/Cyclone_Attack03.ogg,"Oh yeah, I see him.",SC2 • VERIFIED DIALOGUE,ATTACK VO
audio/units/cyclone/attack/Cyclone_Attack04.ogg,Let's stir up some trouble,SC2 • VERIFIED DIALOGUE,ATTACK VO
audio/units/cyclone/attack/Cyclone_Attack05.ogg,Typhoon missiles locked.,SC2 • VERIFIED DIALOGUE,ATTACK VO
audio/units/cyclone/attack/Cyclone_Attack06.ogg,Say goodnight.,SC2 • VERIFIED DIALOGUE,ATTACK VO
audio/units/cyclone/attack/Cyclone_Attack07.ogg,This one's going down.,SC2 • VERIFIED DIALOGUE,ATTACK VO
audio/units/cyclone/death/Cyclone_Death00.wav,Death voice 01,SC2,DEATH VO
audio/units/cyclone/deploy_move/Cyclone_What04.ogg,Got a target in mind?,SC2 • VERIFIED DIALOGUE,MOVE / ACTIVATE VO
audio/units/cyclone/deploy_move/Cyclone_What05.ogg,Cyclone receiving.,SC2 • VERIFIED DIALOGUE,MOVE / ACTIVATE VO
audio/units/cyclone/deploy_move/Cyclone_What06.ogg,"Channel's clear, boss.",SC2 • VERIFIED DIALOGUE,MOVE / ACTIVATE VO
audio/units/cyclone/deploy_move/Cyclone_Yes00.ogg,Moving into position.,SC2 • VERIFIED DIALOGUE,MOVE / ACTIVATE VO
audio/units/cyclone/deploy_move/Cyclone_Yes01.ogg,Nothing will stop me.,SC2 • VERIFIED DIALOGUE,MOVE / ACTIVATE VO
audio/units/cyclone/deploy_move/Cyclone_Yes02.ogg,I'll get ya.,SC2 • VERIFIED DIALOGUE,MOVE / ACTIVATE VO
audio/units/cyclone/deploy_move/Cyclone_Yes03.ogg,Cyclone on route.,SC2 • VERIFIED DIALOGUE,MOVE / ACTIVATE VO
audio/units/cyclone/deploy_move/Cyclone_Yes04.ogg,In Gear!,SC2 • VERIFIED DIALOGUE,MOVE / ACTIVATE VO
audio/units/cyclone/deploy_move/Cyclone_Yes05.ogg,"Oh, I'll get there.",SC2 • VERIFIED DIALOGUE,MOVE / ACTIVATE VO
audio/units/cyclone/deploy_move/Cyclone_Yes06.ogg,Adjusting for new coordinates.,SC2 • VERIFIED DIALOGUE,MOVE / ACTIVATE VO
audio/units/dark_templar/attack/DarkTemplar_Attack00.ogg,I strike from the shadows.,SC2 • VERIFIED DIALOGUE,ATTACK VO
audio/units/dark_templar/attack/DarkTemplar_Attack01.ogg,Attack voice 02,SC2,ATTACK VO
audio/units/dark_templar/attack/DarkTemplar_Attack02.ogg,Darkness descends.,SC2 • VERIFIED DIALOGUE,ATTACK VO
audio/units/dark_templar/attack/DarkTemplar_Attack03.ogg,They shall fall.,SC2 • VERIFIED DIALOGUE,ATTACK VO
audio/units/dark_templar/attack/DarkTemplar_Attack04.ogg,I am the darkness.,SC2 • VERIFIED DIALOGUE,ATTACK VO
audio/units/dark_templar/attack/DarkTemplar_Attack05.ogg,The void claims its own.,SC2 • VERIFIED DIALOGUE,ATTACK VO
audio/units/dark_templar/canonical/372f3153649ac77b__DarkTemplar_Death00.wav,Death voice 01,SC2 • GAME-DATA VERIFIED BANK,DEATH VO
audio/units/dark_templar/canonical/7c6853f1ce1769da__DarkTemplar_Ready00.ogg,Ready / selection 01,SC2 • GAME-DATA VERIFIED BANK,MOVE / ACTIVATE VO
audio/units/dark_templar/canonical/884aeebe7ae7ef3e__DarkTemplar_What03.ogg,Selection response 04,SC2 • GAME-DATA VERIFIED BANK,MOVE / ACTIVATE VO
audio/units/dark_templar/canonical/8ab32ca6d551d3a1__DarkTemplar_What02.ogg,Selection response 03,SC2 • GAME-DATA VERIFIED BANK,MOVE / ACTIVATE VO
audio/units/dark_templar/canonical/9b6e8f550e53f1c5__DarkTemplar_What00.ogg,Selection response 01,SC2 • GAME-DATA VERIFIED BANK,MOVE / ACTIVATE VO
audio/units/dark_templar/canonical/d9cdc20ae79505b5__DarkTemplar_What01.ogg,Selection response 02,SC2 • GAME-DATA VERIFIED BANK,MOVE / ACTIVATE VO
audio/units/dark_templar/death/DarkTemplar_Death01.wav,Death voice 02,SC2,DEATH VO
audio/units/dark_templar/death/DarkTemplar_Death02.wav,Death voice 03,SC2,DEATH VO
audio/units/dark_templar/death/DarkTemplar_Death03.wav,Death voice 04,SC2,DEATH VO
audio/units/dark_templar/death/DarkTemplar_Death04.wav,Death voice 05,SC2,DEATH VO
audio/units/dark_templar/deploy_move/DarkTemplar_What04.ogg,You seek our service.,SC2 • VERIFIED DIALOGUE,MOVE / ACTIVATE VO
audio/units/dark_templar/deploy_move/DarkTemplar_What05.ogg,Selection response 06,SC2,MOVE / ACTIVATE VO
audio/units/dark_templar/deploy_move/DarkTemplar_What06.ogg,What would you ask of us?,SC2 • VERIFIED DIALOGUE,MOVE / ACTIVATE VO
audio/units/dark_templar/deploy_move/DarkTemplar_Yes00.ogg,I will comply.,SC2 • VERIFIED DIALOGUE,MOVE / ACTIVATE VO
audio/units/dark_templar/deploy_move/DarkTemplar_Yes01.ogg,By the Void.,SC2 • VERIFIED DIALOGUE,MOVE / ACTIVATE VO
audio/units/dark_templar/deploy_move/DarkTemplar_Yes02.ogg,Clever.,SC2 • VERIFIED DIALOGUE,MOVE / ACTIVATE VO
audio/units/dark_templar/deploy_move/DarkTemplar_Yes03.ogg,KATOOM,SC2 • VERIFIED DIALOGUE,MOVE / ACTIVATE VO
audio/units/dark_templar/deploy_move/DarkTemplar_Yes04.ogg,I am the Blade of Shakuras.,SC2 • VERIFIED DIALOGUE,MOVE / ACTIVATE VO
audio/units/dark_templar/deploy_move/DarkTemplar_Yes05.ogg,I am intrigued.,SC2 • VERIFIED DIALOGUE,MOVE / ACTIVATE VO
audio/units/dark_templar/deploy_move/DarkTemplar_Yes06.ogg,I am but a phantom.,SC2 • VERIFIED DIALOGUE,MOVE / ACTIVATE VO
audio/units/dehaka/death/DehakaCommander_Death00.wav,Death voice 01,SC2,DEATH VO
audio/units/dehaka/death/DehakaCommander_Death01.wav,Must fall back.,SC2 • VERIFIED DIALOGUE,DEATH VO
audio/units/dehaka/deploy_move/DehakaCommander_Ready00.ogg,Strong again!,SC2 • VERIFIED DIALOGUE,MOVE / ACTIVATE VO
audio/units/dehaka/deploy_move/DehakaCommander_Ready01.ogg,I cannot be exterminated.,SC2 • VERIFIED DIALOGUE,MOVE / ACTIVATE VO
audio/units/devourer/death/Devourer_DeathVox03.wav,Devourer death sound,SC2 • DESCRIPTIVE NONVERBAL,DEATH VO
audio/units/devourer/death/Devourer_DeathVox04.wav,Devourer death sound,SC2 • DESCRIPTIVE NONVERBAL,DEATH VO
audio/units/devourer/death/Devourer_DeathVox05.wav,Devourer death sound,SC2 • DESCRIPTIVE NONVERBAL,DEATH VO
audio/units/devourer/death/Devourer_DeathVox06.wav,Devourer death sound,SC2 • DESCRIPTIVE NONVERBAL,DEATH VO
audio/units/devourer/deploy_move/Devourer_Ready00.ogg,Devourer movement vocalization,SC2 • DESCRIPTIVE NONVERBAL,MOVE / ACTIVATE VO
audio/units/devourer/deploy_move/Devourer_What00.ogg,Devourer movement vocalization,SC2 • DESCRIPTIVE NONVERBAL,MOVE / ACTIVATE VO
audio/units/devourer/deploy_move/Devourer_What01.ogg,Devourer movement vocalization,SC2 • DESCRIPTIVE NONVERBAL,MOVE / ACTIVATE VO
audio/units/devourer/deploy_move/Devourer_What02.ogg,Devourer movement vocalization,SC2 • DESCRIPTIVE NONVERBAL,MOVE / ACTIVATE VO
audio/units/devourer/deploy_move/Devourer_Yes00.ogg,Devourer movement vocalization,SC2 • DESCRIPTIVE NONVERBAL,MOVE / ACTIVATE VO
audio/units/devourer/deploy_move/Devourer_Yes01.ogg,Devourer movement vocalization,SC2 • DESCRIPTIVE NONVERBAL,MOVE / ACTIVATE VO
audio/units/devourer/deploy_move/Devourer_Yes02.ogg,Devourer movement vocalization,SC2 • DESCRIPTIVE NONVERBAL,MOVE / ACTIVATE VO
audio/units/devourer/deploy_move/Devourer_Yes03.ogg,Devourer movement vocalization,SC2 • DESCRIPTIVE NONVERBAL,MOVE / ACTIVATE VO
audio/units/devourer/deploy_move/Devourer_Yes04.ogg,Devourer movement vocalization,SC2 • DESCRIPTIVE NONVERBAL,MOVE / ACTIVATE VO
audio/units/diamondback/attack/Diamondback_Attack00.ogg,Unleash the hounds.,SC2 • VERIFIED DIALOGUE,ATTACK VO
audio/units/diamondback/attack/Diamondback_Attack01.ogg,I like the way you think.,SC2 • VERIFIED DIALOGUE,ATTACK VO
audio/units/diamondback/attack/Diamondback_Attack02.ogg,"Oh, Goodie.",SC2 • VERIFIED DIALOGUE,ATTACK VO
audio/units/diamondback/attack/Diamondback_Attack03.ogg,GLADLY,SC2 • VERIFIED DIALOGUE,ATTACK VO
audio/units/diamondback/attack/Diamondback_Attack04.ogg,Railguns at the ready.,SC2 • VERIFIED DIALOGUE,ATTACK VO
audio/units/diamondback/attack/Diamondback_Attack05.ogg,Bring a shovel for the burial.,SC2 • VERIFIED DIALOGUE,ATTACK VO
audio/units/diamondback/attack/Diamondback_Attack06.ogg,Crush them!,SC2 • VERIFIED DIALOGUE,ATTACK VO
audio/units/diamondback/death/Diamondback_Death00.wav,Damn the luck.,SC2 • VERIFIED DIALOGUE,DEATH VO
audio/units/diamondback/deploy_move/Diamondback_What04.ogg,What?,SC2 • VERIFIED DIALOGUE,MOVE / ACTIVATE VO
audio/units/diamondback/deploy_move/Diamondback_What05.ogg,At the ready.,SC2 • VERIFIED DIALOGUE,MOVE / ACTIVATE VO
audio/units/diamondback/deploy_move/Diamondback_What06.ogg,I'm waiting,SC2 • VERIFIED DIALOGUE,MOVE / ACTIVATE VO
audio/units/diamondback/deploy_move/Diamondback_Yes00.ogg,Of course.,SC2 • VERIFIED DIALOGUE,MOVE / ACTIVATE VO
audio/units/diamondback/deploy_move/Diamondback_Yes01.ogg,I like it.,SC2 • VERIFIED DIALOGUE,MOVE / ACTIVATE VO
audio/units/diamondback/deploy_move/Diamondback_Yes02.ogg,How devious.,SC2 • VERIFIED DIALOGUE,MOVE / ACTIVATE VO
audio/units/diamondback/deploy_move/Diamondback_Yes03.ogg,My pleasure.,SC2 • VERIFIED DIALOGUE,MOVE / ACTIVATE VO
audio/units/diamondback/deploy_move/Diamondback_Yes04.ogg,Excellent.,SC2 • VERIFIED DIALOGUE,MOVE / ACTIVATE VO
audio/units/diamondback/deploy_move/Diamondback_Yes05.ogg,on the move,SC2 • VERIFIED DIALOGUE,MOVE / ACTIVATE VO
audio/units/diamondback/deploy_move/Diamondback_Yes06.ogg,Victory is ours.,SC2 • VERIFIED DIALOGUE,MOVE / ACTIVATE VO
audio/units/disruptor/canonical/085ac8ebffd358e5__RobotPusher_Pusher_006.ogg,Disruptor movement vocalization,SC2 • DESCRIPTIVE NONVERBAL,MOVE / ACTIVATE VO
audio/units/disruptor/canonical/0c37a325bdc87446__RobotPusher_Pusher_034.ogg,Disruptor selection vocalization,SC2 • DESCRIPTIVE NONVERBAL,PORTRAIT / VOICE
audio/units/disruptor/canonical/0fd4033483036927__RobotPusher_Pusher_013.ogg,Disruptor movement vocalization,SC2 • DESCRIPTIVE NONVERBAL,MOVE / ACTIVATE VO
audio/units/disruptor/canonical/1dcfaf5bf79bb305__RobotPusher_Pusher_040.ogg,Disruptor movement vocalization,SC2 • DESCRIPTIVE NONVERBAL,MOVE / ACTIVATE VO
audio/units/disruptor/canonical/3aaba1cc1543b3fc__RobotPusher_Pusher_029.ogg,Disruptor selection vocalization,SC2 • DESCRIPTIVE NONVERBAL,PORTRAIT / VOICE
audio/units/disruptor/canonical/4e1eae34ff3ce5be__RobotPusher_Pusher_012.ogg,Disruptor movement vocalization,SC2 • DESCRIPTIVE NONVERBAL,MOVE / ACTIVATE VO
audio/units/disruptor/canonical/510cd04e8d1d802a__RobotPusher_Pusher_007.ogg,Disruptor movement vocalization,SC2 • DESCRIPTIVE NONVERBAL,MOVE / ACTIVATE VO
audio/units/disruptor/canonical/5a4d823590027dd1__RobotPusher_Pusher_028.ogg,Disruptor selection vocalization,SC2 • DESCRIPTIVE NONVERBAL,PORTRAIT / VOICE
audio/units/disruptor/canonical/6135530ab9a01aa4__RobotPusher_Pusher_019.ogg,Disruptor attack vocalization,SC2 • DESCRIPTIVE NONVERBAL,ATTACK VO
audio/units/disruptor/canonical/62efcef91eb93832__RobotPusher_Pusher_010.ogg,Disruptor movement vocalization,SC2 • DESCRIPTIVE NONVERBAL,MOVE / ACTIVATE VO
audio/units/disruptor/canonical/651bbde5ce0abc6e__RobotPusher_Pusher_015.ogg,Disruptor movement vocalization,SC2 • DESCRIPTIVE NONVERBAL,MOVE / ACTIVATE VO
audio/units/disruptor/canonical/6eff2ee5928bd645__RobotPusher_Pusher_008.ogg,Disruptor movement vocalization,SC2 • DESCRIPTIVE NONVERBAL,MOVE / ACTIVATE VO
audio/units/disruptor/canonical/74b6643af570bb56__RobotPusher_Pusher_042.ogg,Disruptor selection vocalization,SC2 • DESCRIPTIVE NONVERBAL,PORTRAIT / VOICE
audio/units/disruptor/canonical/7d8cb3d130b7917e__RobotPusher_Pusher_020.ogg,Disruptor attack vocalization,SC2 • DESCRIPTIVE NONVERBAL,ATTACK VO
audio/units/disruptor/canonical/853f64db3601a271__RobotPusher_Pusher_031.ogg,Disruptor selection vocalization,SC2 • DESCRIPTIVE NONVERBAL,PORTRAIT / VOICE
audio/units/disruptor/canonical/97ef4b1046fa7b57__RobotPusher_Pusher_017.ogg,Disruptor movement vocalization,SC2 • DESCRIPTIVE NONVERBAL,MOVE / ACTIVATE VO
audio/units/disruptor/canonical/9817a9ee657f0b7b__RobotPusher_Pusher_021.ogg,Disruptor attack vocalization,SC2 • DESCRIPTIVE NONVERBAL,ATTACK VO
audio/units/disruptor/canonical/9b6c8fcba7eed4e6__RobotPusher_Pusher_018.ogg,Disruptor movement vocalization,SC2 • DESCRIPTIVE NONVERBAL,MOVE / ACTIVATE VO
audio/units/disruptor/canonical/9e897e41faf5aec3__RobotPusher_Pusher_016.ogg,Disruptor movement vocalization,SC2 • DESCRIPTIVE NONVERBAL,MOVE / ACTIVATE VO
audio/units/disruptor/canonical/a249d769a1ccdd8b__RobotPusher_Pusher_014.ogg,Disruptor movement vocalization,SC2 • DESCRIPTIVE NONVERBAL,MOVE / ACTIVATE VO
audio/units/disruptor/canonical/a8a79056be19cdd6__RobotPusher_Pusher_033.ogg,Disruptor selection vocalization,SC2 • DESCRIPTIVE NONVERBAL,PORTRAIT / VOICE
audio/units/disruptor/canonical/af50b4d1bc1850bb__RobotPusher_Pusher_030.ogg,Disruptor selection vocalization,SC2 • DESCRIPTIVE NONVERBAL,PORTRAIT / VOICE
audio/units/disruptor/canonical/bbc7f0d3da86a1d7__RobotPusher_Pusher_043.ogg,Disruptor selection vocalization,SC2 • DESCRIPTIVE NONVERBAL,PORTRAIT / VOICE
audio/units/disruptor/canonical/c305409f8c2202c4__RobotPusher_Pusher_023.ogg,Disruptor attack vocalization,SC2 • DESCRIPTIVE NONVERBAL,ATTACK VO
audio/units/disruptor/canonical/c55ec227ea7014ef__RobotPusher_Pusher_022.ogg,Disruptor attack vocalization,SC2 • DESCRIPTIVE NONVERBAL,ATTACK VO
audio/units/disruptor/canonical/cc43e7b43ddbd95b__RobotPusher_Pusher_024.ogg,Disruptor movement vocalization,SC2 • DESCRIPTIVE NONVERBAL,MOVE / ACTIVATE VO
audio/units/disruptor/canonical/ce45c1e6cf671787__RobotPusher_Pusher_011.ogg,Disruptor movement vocalization,SC2 • DESCRIPTIVE NONVERBAL,MOVE / ACTIVATE VO
audio/units/disruptor/canonical/d2235edb3ccb845a__RobotPusher_Pusher_032.ogg,Disruptor selection vocalization,SC2 • DESCRIPTIVE NONVERBAL,PORTRAIT / VOICE
audio/units/disruptor/canonical/d5f8a8af396685c4__RobotPusher_Pusher_009.ogg,Disruptor movement vocalization,SC2 • DESCRIPTIVE NONVERBAL,MOVE / ACTIVATE VO
audio/units/disruptor/canonical/ffabf83f278de34f__RobotPusher_Pusher_044.ogg,Disruptor selection vocalization,SC2 • DESCRIPTIVE NONVERBAL,PORTRAIT / VOICE
audio/units/dragoon/attack/DragoonVoid_Attack00.ogg,Commencing.,SC2 • VERIFIED DIALOGUE,ATTACK VO
audio/units/dragoon/attack/DragoonVoid_Attack01.ogg,For vengeance.,SC2 • VERIFIED DIALOGUE,ATTACK VO
audio/units/dragoon/attack/DragoonVoid_Attack02.ogg,Disruptor primed.,SC2 • VERIFIED DIALOGUE,ATTACK VO
audio/units/dragoon/attack/DragoonVoid_Attack03.ogg,Attack voice 04,SC2,ATTACK VO
audio/units/dragoon/attack/DragoonVoid_Attack04.ogg,As ordered.,SC2 • VERIFIED DIALOGUE,ATTACK VO
audio/units/dragoon/attack/DragoonVoid_Attack05.ogg,Your will.,SC2 • VERIFIED DIALOGUE,ATTACK VO
audio/units/dragoon/attack/DragoonVoid_Attack06.ogg,Extermination,SC2 • VERIFIED DIALOGUE,ATTACK VO
audio/units/dragoon/death/Dragoon_Death02.wav,Death voice 03,SC2 • DESCRIPTIVE NONVERBAL,DEATH VO
audio/units/dragoon/death/Dragoon_Death03.wav,Death voice 04,SC2 • DESCRIPTIVE NONVERBAL,DEATH VO
audio/units/dragoon/death/Dragoon_Death04.wav,Death voice 05,SC2,DEATH VO
audio/units/dragoon/death/Dragoon_Death05.wav,Death voice 06,SC2 • DESCRIPTIVE NONVERBAL,DEATH VO
audio/units/dragoon/deploy_move/DragoonVoid_What04.ogg,Selection response 05,SC2,MOVE / ACTIVATE VO
audio/units/dragoon/deploy_move/DragoonVoid_What05.ogg,Selection response 06,SC2,MOVE / ACTIVATE VO
audio/units/dragoon/deploy_move/DragoonVoid_What06.ogg,Make use of me.,SC2 • VERIFIED DIALOGUE,MOVE / ACTIVATE VO
audio/units/dragoon/deploy_move/DragoonVoid_What07.ogg,I am needed.,SC2 • VERIFIED DIALOGUE,MOVE / ACTIVATE VO
audio/units/dragoon/deploy_move/DragoonVoid_Yes00.ogg,CONFIRMED!,SC2 • VERIFIED DIALOGUE,MOVE / ACTIVATE VO
audio/units/dragoon/deploy_move/DragoonVoid_Yes01.ogg,Initiating.,SC2 • VERIFIED DIALOGUE,MOVE / ACTIVATE VO
audio/units/dragoon/deploy_move/DragoonVoid_Yes02.ogg,Move / order response 03,SC2,MOVE / ACTIVATE VO
audio/units/dragoon/deploy_move/DragoonVoid_Yes03.ogg,Move / order response 04,SC2,MOVE / ACTIVATE VO
audio/units/dragoon/deploy_move/DragoonVoid_Yes04.ogg,Commencing.,SC2 • VERIFIED DIALOGUE,MOVE / ACTIVATE VO
audio/units/dragoon/deploy_move/DragoonVoid_Yes05.ogg,Move / order response 06,SC2,MOVE / ACTIVATE VO
audio/units/drone/attack/Drone_Attack3.ogg,Drone attack vocalization,SC2 • DESCRIPTIVE NONVERBAL,ATTACK VO
audio/units/drone/attack/Drone_Attack4.ogg,Drone attack vocalization,SC2 • DESCRIPTIVE NONVERBAL,ATTACK VO
audio/units/drone/attack/Drone_Attack5.ogg,Drone attack vocalization,SC2 • DESCRIPTIVE NONVERBAL,ATTACK VO
audio/units/drone/attack/Drone_Attack6.ogg,Drone attack vocalization,SC2 • DESCRIPTIVE NONVERBAL,ATTACK VO
audio/units/drone/attack/Drone_Attack7.ogg,Drone attack vocalization,SC2 • DESCRIPTIVE NONVERBAL,ATTACK VO
audio/units/drone/attack/Drone_Attack8.ogg,Drone attack vocalization,SC2 • DESCRIPTIVE NONVERBAL,ATTACK VO
audio/units/drone/attack/Drone_Attack9.ogg,Drone attack vocalization,SC2 • DESCRIPTIVE NONVERBAL,ATTACK VO
audio/units/drone/canonical/00d174145c2d4d9e__Drone_What2.ogg,Drone movement vocalization,SC2 • DESCRIPTIVE NONVERBAL,MOVE / ACTIVATE VO
audio/units/drone/canonical/1cb166f0bc114cdb__Drone_Attack2.ogg,Drone attack vocalization,SC2 • DESCRIPTIVE NONVERBAL,MULTI-ROLE VO
audio/units/drone/canonical/228adff3370e1d3e__Drone_Attack0.ogg,Drone attack vocalization,SC2 • DESCRIPTIVE NONVERBAL,MULTI-ROLE VO
audio/units/drone/canonical/2aac36e0f85dda8f__Drone_Ready0.ogg,Drone movement vocalization,SC2 • DESCRIPTIVE NONVERBAL,MOVE / ACTIVATE VO
audio/units/drone/canonical/2fbf4a064a3aa652__Drone_What3.ogg,Drone movement vocalization,SC2 • DESCRIPTIVE NONVERBAL,MOVE / ACTIVATE VO
audio/units/drone/canonical/3204c9c67232be01__Drone_What5.ogg,Drone movement vocalization,SC2 • DESCRIPTIVE NONVERBAL,MOVE / ACTIVATE VO
audio/units/drone/canonical/3a31d59a9eca8456__Drone_What7.ogg,Drone movement vocalization,SC2 • DESCRIPTIVE NONVERBAL,MOVE / ACTIVATE VO
audio/units/drone/canonical/48b19876c43515de__Drone_Death0.wav,Drone death sound,SC2 • DESCRIPTIVE NONVERBAL,DEATH VO
audio/units/drone/canonical/5f47b4b7e26cb93a__Drone_Attack1.ogg,Drone attack vocalization,SC2 • DESCRIPTIVE NONVERBAL,MULTI-ROLE VO
audio/units/drone/canonical/72de37ec32d13ea8__Drone_What0.ogg,Drone movement vocalization,SC2 • DESCRIPTIVE NONVERBAL,MOVE / ACTIVATE VO
audio/units/drone/canonical/74c796a981c00c29__Drone_Death3.wav,Drone death sound,SC2 • DESCRIPTIVE NONVERBAL,DEATH VO
audio/units/drone/canonical/80230203b9457e25__Drone_What6.ogg,Drone movement vocalization,SC2 • DESCRIPTIVE NONVERBAL,MOVE / ACTIVATE VO
audio/units/drone/canonical/8115e959137017fc__Drone_What4.ogg,Drone movement vocalization,SC2 • DESCRIPTIVE NONVERBAL,MOVE / ACTIVATE VO
audio/units/drone/canonical/940a65bfd80c4c37__Drone_What1.ogg,Drone movement vocalization,SC2 • DESCRIPTIVE NONVERBAL,MOVE / ACTIVATE VO
audio/units/drone/canonical/b111e775851551dc__Drone_Ready1.ogg,Drone movement vocalization,SC2 • DESCRIPTIVE NONVERBAL,MOVE / ACTIVATE VO
audio/units/drone/canonical/bc4d02bb82467242__Drone_Death2.wav,Drone death sound,SC2 • DESCRIPTIVE NONVERBAL,DEATH VO
audio/units/drone/canonical/c77dbcda3ec6d357__Drone_What9.ogg,Drone movement vocalization,SC2 • DESCRIPTIVE NONVERBAL,MOVE / ACTIVATE VO
audio/units/drone/canonical/d1d276ae18fe3567__Drone_Death1.wav,Drone death sound,SC2 • DESCRIPTIVE NONVERBAL,DEATH VO
audio/units/drone/canonical/efd869b6a6593d2a__Drone_What8.ogg,Drone movement vocalization,SC2 • DESCRIPTIVE NONVERBAL,MOVE / ACTIVATE VO
audio/units/drone/death/Drone_Death4.wav,Drone death sound,SC2 • DESCRIPTIVE NONVERBAL,DEATH VO
audio/units/drone/death/Drone_Death5.wav,Drone death sound,SC2 • DESCRIPTIVE NONVERBAL,DEATH VO
audio/units/drone/death/Drone_Death6.wav,Drone death sound,SC2 • DESCRIPTIVE NONVERBAL,DEATH VO
audio/units/drone/death/Drone_Death7.wav,Drone death sound,SC2 • DESCRIPTIVE NONVERBAL,DEATH VO
audio/units/drone/deploy_move/Drone_Yes0.ogg,Drone movement vocalization,SC2 • DESCRIPTIVE NONVERBAL,MOVE / ACTIVATE VO
audio/units/drone/deploy_move/Drone_Yes1.ogg,Drone movement vocalization,SC2 • DESCRIPTIVE NONVERBAL,MOVE / ACTIVATE VO
audio/units/drone/deploy_move/Drone_Yes2.ogg,Drone movement vocalization,SC2 • DESCRIPTIVE NONVERBAL,MOVE / ACTIVATE VO
audio/units/drone/deploy_move/Drone_Yes3.ogg,Drone movement vocalization,SC2 • DESCRIPTIVE NONVERBAL,MOVE / ACTIVATE VO
audio/units/drone/deploy_move/Drone_Yes4.ogg,Drone movement vocalization,SC2 • DESCRIPTIVE NONVERBAL,MOVE / ACTIVATE VO
audio/units/drone/deploy_move/Drone_Yes5.ogg,Drone movement vocalization,SC2 • DESCRIPTIVE NONVERBAL,MOVE / ACTIVATE VO
audio/units/drone/deploy_move/Drone_Yes6.ogg,Drone movement vocalization,SC2 • DESCRIPTIVE NONVERBAL,MOVE / ACTIVATE VO
audio/units/drone/deploy_move/Drone_Yes7.ogg,Drone movement vocalization,SC2 • DESCRIPTIVE NONVERBAL,MOVE / ACTIVATE VO
audio/units/drone/deploy_move/Drone_Yes8.ogg,Drone movement vocalization,SC2 • DESCRIPTIVE NONVERBAL,MOVE / ACTIVATE VO
audio/units/drone/deploy_move/Drone_Yes9.ogg,Drone movement vocalization,SC2 • DESCRIPTIVE NONVERBAL,MOVE / ACTIVATE VO
audio/units/fenix/attack/Fenix_Attack00.ogg,To battle!,SC2 • VERIFIED DIALOGUE,ATTACK VO
audio/units/fenix/attack/Fenix_Attack01.ogg,For the glory of the Delam.,SC2 • VERIFIED DIALOGUE,ATTACK VO
audio/units/fenix/attack/Fenix_Attack02.ogg,Let our foes be purified!,SC2 • VERIFIED DIALOGUE,ATTACK VO
audio/units/fenix/attack/Fenix_Attack03.ogg,Death to all opposition!,SC2 • VERIFIED DIALOGUE,ATTACK VO
audio/units/fenix/attack/Fenix_Attack04.ogg,Thus I serve.,SC2 • VERIFIED DIALOGUE,ATTACK VO
audio/units/fenix/attack/Fenix_Attack05.ogg,For a Dune!,SC2 • VERIFIED DIALOGUE,ATTACK VO
audio/units/fenix/attack/Fenix_Attack06.ogg,Let my blade strike true.,SC2 • VERIFIED DIALOGUE,ATTACK VO
audio/units/fenix/death/Fenix_Death00.wav,"Unto death, I serve.",SC2 • VERIFIED DIALOGUE,DEATH VO
audio/units/fenix/deploy_move/Fenix_What06.ogg,I am the Blade of Artanis.,SC2 • VERIFIED DIALOGUE,MOVE / ACTIVATE VO
audio/units/fenix/deploy_move/Fenix_What07.ogg,These are our two!,SC2 • VERIFIED DIALOGUE,MOVE / ACTIVATE VO
audio/units/fenix/deploy_move/Fenix_Yes00.ogg,Move / order response 01,SC2,MOVE / ACTIVATE VO
audio/units/fenix/deploy_move/Fenix_Yes01.ogg,immediately.,SC2 • VERIFIED DIALOGUE,MOVE / ACTIVATE VO
audio/units/fenix/deploy_move/Fenix_Yes02.ogg,Nada the Law!,SC2 • VERIFIED DIALOGUE,MOVE / ACTIVATE VO
audio/units/fenix/deploy_move/Fenix_Yes03.ogg,As you willow.,SC2 • VERIFIED DIALOGUE,MOVE / ACTIVATE VO
audio/units/fenix/deploy_move/Fenix_Yes04.ogg,Your will made manifest.,SC2 • VERIFIED DIALOGUE,MOVE / ACTIVATE VO
audio/units/fenix/deploy_move/Fenix_Yes05.ogg,None shall impede me.,SC2 • VERIFIED DIALOGUE,MOVE / ACTIVATE VO
audio/units/fenix/deploy_move/Fenix_Yes06.ogg,Honor guide me!,SC2 • VERIFIED DIALOGUE,MOVE / ACTIVATE VO
audio/units/fenix/deploy_move/Fenix_Yes07.ogg,Without hesitation.,SC2 • VERIFIED DIALOGUE,MOVE / ACTIVATE VO
audio/units/firebat/attack/Firebat_Attack00.ogg,Flame on!,SC2 • VERIFIED DIALOGUE,ATTACK VO
audio/units/firebat/attack/Firebat_Attack01.ogg,Let's burn.,SC2 • VERIFIED DIALOGUE,ATTACK VO
audio/units/firebat/attack/Firebat_Attack02.ogg,It's about damn time.,SC2 • VERIFIED DIALOGUE,ATTACK VO
audio/units/firebat/attack/Firebat_Attack03.ogg,Attack voice 04,SC2,ATTACK VO
audio/units/firebat/attack/Firebat_Attack04.ogg,Fire it up!,SC2 • VERIFIED DIALOGUE,ATTACK VO
audio/units/firebat/attack/Firebat_Attack05.ogg,Attack voice 06,SC2,ATTACK VO
audio/units/firebat/attack/Firebat_Attack06.ogg,They do not know who they are fucked with.,SC2 • VERIFIED DIALOGUE,ATTACK VO
audio/units/firebat/death/Firebat_Death02.wav,Death voice 03,SC2,DEATH VO
audio/units/firebat/death/Firebat_Death03.wav,Death voice 04,SC2,DEATH VO
audio/units/firebat/death/Firebat_Death04.wav,Death voice 05,SC2 • DESCRIPTIVE NONVERBAL,DEATH VO
audio/units/firebat/death/Firebat_Death05.wav,Death voice 06,SC2,DEATH VO
audio/units/firebat/deploy_move/Firebat_What03.ogg,You got my attention.,SC2 • VERIFIED DIALOGUE,MOVE / ACTIVATE VO
audio/units/firebat/deploy_move/Firebat_What04.ogg,Fueled up.,SC2 • VERIFIED DIALOGUE,MOVE / ACTIVATE VO
audio/units/firebat/deploy_move/Firebat_What05.ogg,Ready to fry.,SC2 • VERIFIED DIALOGUE,MOVE / ACTIVATE VO
audio/units/firebat/deploy_move/Firebat_Yes00.ogg,"Mmm, let's get cookin'!",SC2 • VERIFIED DIALOGUE,MOVE / ACTIVATE VO
audio/units/firebat/deploy_move/Firebat_Yes01.ogg,Well done.,SC2 • VERIFIED DIALOGUE,MOVE / ACTIVATE VO
audio/units/firebat/deploy_move/Firebat_Yes02.ogg,Move / order response 03,SC2,MOVE / ACTIVATE VO
audio/units/firebat/deploy_move/Firebat_Yes03.ogg,Let's do this.,SC2 • VERIFIED DIALOGUE,MOVE / ACTIVATE VO
audio/units/firebat/deploy_move/Firebat_Yes04.ogg,Barbecue time.,SC2 • VERIFIED DIALOGUE,MOVE / ACTIVATE VO
audio/units/firebat/deploy_move/Firebat_Yes05.ogg,Move / order response 06,SC2,MOVE / ACTIVATE VO
audio/units/firebat/deploy_move/Firebat_Yes06.ogg,Smells like victory.,SC2 • VERIFIED DIALOGUE,MOVE / ACTIVATE VO
audio/units/ghost/attack/Ghost_Attack00.ogg,Never know what hit him.,SC2 • VERIFIED DIALOGUE,ATTACK VO
audio/units/ghost/attack/Ghost_Attack01.ogg,You know what I like.,SC2 • VERIFIED DIALOGUE,ATTACK VO
audio/units/ghost/attack/Ghost_Attack02.ogg,Color me happy.,SC2 • VERIFIED DIALOGUE,ATTACK VO
audio/units/ghost/attack/Ghost_Attack03.ogg,Target in my sights.,SC2 • VERIFIED DIALOGUE,ATTACK VO
audio/units/ghost/attack/Ghost_Attack04.ogg,Take him down.,SC2 • VERIFIED DIALOGUE,ATTACK VO
audio/units/ghost/attack/Ghost_Attack05.ogg,All too easy.,SC2 • VERIFIED DIALOGUE,ATTACK VO
audio/units/ghost/attack/Ghost_Attack06.ogg,Now that's an ass whoopin',SC2 • VERIFIED DIALOGUE,ATTACK VO
audio/units/ghost/canonical/226edbfb31e41e1d__Ghost_Yes00.ogg,Move / order response 01,SC2 • GAME-DATA VERIFIED BANK,MOVE / ACTIVATE VO
audio/units/ghost/canonical/25e8dc624a5c740f__Ghost_What00.ogg,Selection response 01,SC2 • GAME-DATA VERIFIED BANK,MOVE / ACTIVATE VO
audio/units/ghost/canonical/4e8c5600baf1e5b0__Ghost_Death01.wav,Death voice 02,SC2 • GAME-DATA VERIFIED BANK,DEATH VO
audio/units/ghost/canonical/5845b7ef20b00502__Ghost_Death00.wav,Death voice 01,SC2 • GAME-DATA VERIFIED BANK,DEATH VO
audio/units/ghost/canonical/60668dd7863acdd1__Ghost_What03.ogg,Selection response 04,SC2 • GAME-DATA VERIFIED BANK,MOVE / ACTIVATE VO
audio/units/ghost/canonical/75be73f625f7bcdc__Ghost_What02.ogg,Selection response 03,SC2 • GAME-DATA VERIFIED BANK,MOVE / ACTIVATE VO
audio/units/ghost/canonical/83077a3a8c4f11ea__Ghost_What04.ogg,Selection response 05,SC2 • GAME-DATA VERIFIED BANK,MOVE / ACTIVATE VO
audio/units/ghost/canonical/8613e2f16d979e12__Ghost_What01.ogg,Selection response 02,SC2 • GAME-DATA VERIFIED BANK,MOVE / ACTIVATE VO
audio/units/ghost/canonical/d033cef54baf53f9__Ghost_What05.ogg,Selection response 06,SC2 • GAME-DATA VERIFIED BANK,MOVE / ACTIVATE VO
audio/units/ghost/canonical/fa82f6d7ab9713d0__Ghost_Ready00.ogg,Ready / selection 01,SC2 • GAME-DATA VERIFIED BANK,MOVE / ACTIVATE VO
audio/units/ghost/death/Ghost_Death02.wav,Death voice 03,SC2,DEATH VO
audio/units/ghost/death/Ghost_Death03.wav,Death voice 04,SC2 • DESCRIPTIVE NONVERBAL,DEATH VO
audio/units/ghost/death/Ghost_Death04.wav,Death voice 05,SC2 • DESCRIPTIVE NONVERBAL,DEATH VO
audio/units/ghost/death/Ghost_Death05.wav,Death voice 06,SC2 • DESCRIPTIVE NONVERBAL,DEATH VO
audio/units/ghost/deploy_move/Ghost_Yes01.ogg,Copy that.,SC2 • VERIFIED DIALOGUE,MOVE / ACTIVATE VO
audio/units/ghost/deploy_move/Ghost_Yes02.ogg,Sounds like a plan.,SC2 • VERIFIED DIALOGUE,MOVE / ACTIVATE VO
audio/units/ghost/deploy_move/Ghost_Yes03.ogg,You're on.,SC2 • VERIFIED DIALOGUE,MOVE / ACTIVATE VO
audio/units/ghost/deploy_move/Ghost_Yes04.ogg,CONFIRMED,SC2 • VERIFIED DIALOGUE,MOVE / ACTIVATE VO
audio/units/ghost/deploy_move/Ghost_Yes05.ogg,Move / order response 06,SC2,MOVE / ACTIVATE VO
audio/units/ghost/deploy_move/Ghost_Yes06.ogg,"Yes, sir.",SC2 • VERIFIED DIALOGUE,MOVE / ACTIVATE VO
audio/units/ghost/deploy_move/Ghost_Yes07.ogg,Roger.,SC2 • VERIFIED DIALOGUE,MOVE / ACTIVATE VO
audio/units/ghost/deploy_move/Ghost_Yes08.ogg,Okay.,SC2 • VERIFIED DIALOGUE,MOVE / ACTIVATE VO
audio/units/ghost/deploy_move/Ghost_Yes09.ogg,Will do.,SC2 • VERIFIED DIALOGUE,MOVE / ACTIVATE VO
audio/units/ghost/deploy_move/Ghost_Yes10.ogg,I'm on it.,SC2 • VERIFIED DIALOGUE,MOVE / ACTIVATE VO
audio/units/goliath/attack/Goliath_Attack00.ogg,Weapons hot!,SC2 • VERIFIED DIALOGUE,ATTACK VO
audio/units/goliath/attack/Goliath_Attack01.ogg,Locked on target.,SC2 • VERIFIED DIALOGUE,ATTACK VO
audio/units/goliath/attack/Goliath_Attack02.ogg,Engage.,SC2 • VERIFIED DIALOGUE,ATTACK VO
audio/units/goliath/deploy_move/Goliath_Ready00.ogg,Ready / selection 01,SC2,MOVE / ACTIVATE VO
audio/units/goliath/deploy_move/Goliath_What00.ogg,Selection response 01,SC2,MOVE / ACTIVATE VO
audio/units/goliath/deploy_move/Goliath_What01.ogg,Selection response 02,SC2,MOVE / ACTIVATE VO
audio/units/goliath/deploy_move/Goliath_What02.ogg,Ciao!,SC2 • VERIFIED DIALOGUE,MOVE / ACTIVATE VO
audio/units/goliath/deploy_move/Goliath_What03.ogg,System is functional.,SC2 • VERIFIED DIALOGUE,MOVE / ACTIVATE VO
audio/units/goliath/deploy_move/Goliath_Yes00.ogg,Move / order response 01,SC2,MOVE / ACTIVATE VO
audio/units/goliath/deploy_move/Goliath_Yes01.ogg,Move / order response 02,SC2,MOVE / ACTIVATE VO
audio/units/goliath/deploy_move/Goliath_Yes02.ogg,Confirmed.,SC2 • VERIFIED DIALOGUE,MOVE / ACTIVATE VO
audio/units/goliath/deploy_move/Goliath_Yes03.ogg,Time designated.,SC2 • VERIFIED DIALOGUE,MOVE / ACTIVATE VO
audio/units/goliath/deploy_move/Goliath_Yes04.ogg,Move / order response 05,SC2,MOVE / ACTIVATE VO
audio/units/goliath/deploy_move/Goliath_Yes05.ogg,Move / order response 06,SC2,MOVE / ACTIVATE VO
audio/units/guardian/deploy_move/Guardian_Ready00.ogg,Guardian movement vocalization,SC2 • DESCRIPTIVE NONVERBAL,MOVE / ACTIVATE VO
audio/units/guardian/deploy_move/Guardian_What00.ogg,Guardian movement vocalization,SC2 • DESCRIPTIVE NONVERBAL,MOVE / ACTIVATE VO
audio/units/guardian/deploy_move/Guardian_What01.ogg,Guardian movement vocalization,SC2 • DESCRIPTIVE NONVERBAL,MOVE / ACTIVATE VO
audio/units/guardian/deploy_move/Guardian_What02.ogg,Guardian movement vocalization,SC2 • DESCRIPTIVE NONVERBAL,MOVE / ACTIVATE VO
audio/units/guardian/deploy_move/Guardian_What03.ogg,Guardian movement vocalization,SC2 • DESCRIPTIVE NONVERBAL,MOVE / ACTIVATE VO
audio/units/guardian/deploy_move/Guardian_Yes00.ogg,Guardian movement vocalization,SC2 • DESCRIPTIVE NONVERBAL,MOVE / ACTIVATE VO
audio/units/guardian/deploy_move/Guardian_Yes01.ogg,Guardian movement vocalization,SC2 • DESCRIPTIVE NONVERBAL,MOVE / ACTIVATE VO
audio/units/guardian/deploy_move/Guardian_Yes02.ogg,Guardian movement vocalization,SC2 • DESCRIPTIVE NONVERBAL,MOVE / ACTIVATE VO
audio/units/guardian/deploy_move/Guardian_Yes03.ogg,Guardian movement vocalization,SC2 • DESCRIPTIVE NONVERBAL,MOVE / ACTIVATE VO
audio/units/hellbat/attack/Hellion_Attack00.ogg,Get some!,SC2 • VERIFIED DIALOGUE,ATTACK VO
audio/units/hellbat/attack/Hellion_Attack01.ogg,Death rides with me!,SC2 • VERIFIED DIALOGUE,ATTACK VO
audio/units/hellbat/attack/Hellion_Attack02.ogg,YEE-HAW!,SC2 • VERIFIED DIALOGUE,ATTACK VO
audio/units/hellbat/attack/Hellion_Attack03.ogg,turning out the heat!,SC2 • VERIFIED DIALOGUE,ATTACK VO
audio/units/hellbat/attack/Hellion_Attack04.ogg,Eat napalm!,SC2 • VERIFIED DIALOGUE,ATTACK VO
audio/units/hellbat/attack/Hellion_Attack05.ogg,Fire! Fire!,SC2 • VERIFIED DIALOGUE,ATTACK VO
audio/units/hellbat/attack/Hellion_Attack06.ogg,Not a problem!,SC2 • VERIFIED DIALOGUE,ATTACK VO
audio/units/hellbat/death/Hellion_Death02.wav,Death voice 03,SC2,DEATH VO
audio/units/hellbat/death/Hellion_Death03.wav,Death voice 04,SC2,DEATH VO
audio/units/hellbat/death/Hellion_Death04.wav,Death voice 05,SC2,DEATH VO
audio/units/hellbat/death/Hellion_Death05.wav,Death voice 06,SC2 • DESCRIPTIVE NONVERBAL,DEATH VO
audio/units/hellbat/deploy_move/Hellion_Yes02.ogg,HELL YEAH!,SC2 • VERIFIED DIALOGUE,MOVE / ACTIVATE VO
audio/units/hellbat/deploy_move/Hellion_Yes03.ogg,Smokin'!,SC2 • VERIFIED DIALOGUE,MOVE / ACTIVATE VO
audio/units/hellbat/deploy_move/Hellion_Yes04.ogg,let's do this,SC2 • VERIFIED DIALOGUE,MOVE / ACTIVATE VO
audio/units/hellbat/deploy_move/Hellion_Yes05.ogg,Burn rubber!,SC2 • VERIFIED DIALOGUE,MOVE / ACTIVATE VO
audio/units/hellbat/deploy_move/Hellion_Yes06.ogg,Pedal to the metal!,SC2 • VERIFIED DIALOGUE,MOVE / ACTIVATE VO
audio/units/hellbat/deploy_move/Hellion_Yes07.ogg,Is that it?,SC2 • VERIFIED DIALOGUE,MOVE / ACTIVATE VO
audio/units/hellbat/deploy_move/Hellion_Yes08.ogg,all day long,SC2 • VERIFIED DIALOGUE,MOVE / ACTIVATE VO
audio/units/hellbat/deploy_move/Hellion_Yes09.ogg,Absolutely!,SC2 • VERIFIED DIALOGUE,MOVE / ACTIVATE VO
audio/units/hellbat/deploy_move/Hellion_Yes10.ogg,Sounds sweet.,SC2 • VERIFIED DIALOGUE,MOVE / ACTIVATE VO
audio/units/hellbat/deploy_move/Hellion_Yes11.ogg,Word!,SC2 • VERIFIED DIALOGUE,MOVE / ACTIVATE VO
audio/units/hellion/attack/Hellion_Attack00.ogg,Get some!,SC2 • VERIFIED DIALOGUE,ATTACK VO
audio/units/hellion/attack/Hellion_Attack01.ogg,Death rides with me!,SC2 • VERIFIED DIALOGUE,ATTACK VO
audio/units/hellion/attack/Hellion_Attack02.ogg,YEE-HAW!,SC2 • VERIFIED DIALOGUE,ATTACK VO
audio/units/hellion/attack/Hellion_Attack03.ogg,turning out the heat!,SC2 • VERIFIED DIALOGUE,ATTACK VO
audio/units/hellion/attack/Hellion_Attack04.ogg,Eat napalm!,SC2 • VERIFIED DIALOGUE,ATTACK VO
audio/units/hellion/attack/Hellion_Attack05.ogg,Fire! Fire!,SC2 • VERIFIED DIALOGUE,ATTACK VO
audio/units/hellion/attack/Hellion_Attack06.ogg,Not a problem!,SC2 • VERIFIED DIALOGUE,ATTACK VO
audio/units/hellion/canonical/58ce839047a88e0d__Hellion_Ready00.ogg,Ready / selection 01,SC2 • GAME-DATA VERIFIED BANK,MOVE / ACTIVATE VO
audio/units/hellion/canonical/adb9a3373591a497__Hellion_What05.ogg,Selection response 06,SC2 • GAME-DATA VERIFIED BANK,MOVE / ACTIVATE VO
audio/units/hellion/canonical/b12b44ed42ef223c__Hellion_What04.ogg,Selection response 05,SC2 • GAME-DATA VERIFIED BANK,MOVE / ACTIVATE VO
audio/units/hellion/canonical/b14e4ffe3cf388c2__Hellion_Yes01.ogg,Move / order response 02,SC2 • GAME-DATA VERIFIED BANK,MOVE / ACTIVATE VO
audio/units/hellion/canonical/c44786edbcff8bb9__Hellion_What02.ogg,Selection response 03,SC2 • GAME-DATA VERIFIED BANK,MOVE / ACTIVATE VO
audio/units/hellion/canonical/ce650f51d45b7ccc__Hellion_Yes00.ogg,Move / order response 01,SC2 • GAME-DATA VERIFIED BANK,MOVE / ACTIVATE VO
audio/units/hellion/canonical/cf73216470d1a659__Hellion_Death01.wav,Death voice 02,SC2 • GAME-DATA VERIFIED BANK,DEATH VO
audio/units/hellion/canonical/d5499b7a140af42e__Hellion_What00.ogg,Selection response 01,SC2 • GAME-DATA VERIFIED BANK,MOVE / ACTIVATE VO
audio/units/hellion/canonical/e11264d952025db2__Hellion_What01.ogg,Selection response 02,SC2 • GAME-DATA VERIFIED BANK,MOVE / ACTIVATE VO
audio/units/hellion/canonical/f586bff0338cbbf5__Hellion_What03.ogg,Selection response 04,SC2 • GAME-DATA VERIFIED BANK,MOVE / ACTIVATE VO
audio/units/hellion/canonical/f707d930fa41da1e__Hellion_Death00.wav,Death voice 01,SC2 • GAME-DATA VERIFIED BANK,DEATH VO
audio/units/hellion/death/Hellion_Death02.wav,Death voice 03,SC2,DEATH VO
audio/units/hellion/death/Hellion_Death03.wav,Death voice 04,SC2,DEATH VO
audio/units/hellion/death/Hellion_Death04.wav,Death voice 05,SC2,DEATH VO
audio/units/hellion/death/Hellion_Death05.wav,Death voice 06,SC2 • DESCRIPTIVE NONVERBAL,DEATH VO
audio/units/hellion/deploy_move/Hellion_Yes02.ogg,HELL YEAH!,SC2 • VERIFIED DIALOGUE,MOVE / ACTIVATE VO
audio/units/hellion/deploy_move/Hellion_Yes03.ogg,Smokin'!,SC2 • VERIFIED DIALOGUE,MOVE / ACTIVATE VO
audio/units/hellion/deploy_move/Hellion_Yes04.ogg,let's do this,SC2 • VERIFIED DIALOGUE,MOVE / ACTIVATE VO
audio/units/hellion/deploy_move/Hellion_Yes05.ogg,Burn rubber!,SC2 • VERIFIED DIALOGUE,MOVE / ACTIVATE VO
audio/units/hellion/deploy_move/Hellion_Yes06.ogg,Pedal to the metal!,SC2 • VERIFIED DIALOGUE,MOVE / ACTIVATE VO
audio/units/hellion/deploy_move/Hellion_Yes07.ogg,Is that it?,SC2 • VERIFIED DIALOGUE,MOVE / ACTIVATE VO
audio/units/hellion/deploy_move/Hellion_Yes08.ogg,all day long,SC2 • VERIFIED DIALOGUE,MOVE / ACTIVATE VO
audio/units/hellion/deploy_move/Hellion_Yes09.ogg,Absolutely!,SC2 • VERIFIED DIALOGUE,MOVE / ACTIVATE VO
audio/units/hellion/deploy_move/Hellion_Yes10.ogg,Sounds sweet.,SC2 • VERIFIED DIALOGUE,MOVE / ACTIVATE VO
audio/units/hellion/deploy_move/Hellion_Yes11.ogg,Word!,SC2 • VERIFIED DIALOGUE,MOVE / ACTIVATE VO
audio/units/hercules/death/Hercules_Death00.wav,And you mean to die!,SC2 • VERIFIED DIALOGUE,DEATH VO
audio/units/hercules/deploy_move/Hercules_Ready00.ogg,Ready / selection 01,SC2,MOVE / ACTIVATE VO
audio/units/hercules/deploy_move/Hercules_What00.ogg,Move it! Move it! Come on!,SC2 • VERIFIED DIALOGUE,MOVE / ACTIVATE VO
audio/units/hercules/deploy_move/Hercules_What01.ogg,Yeah?,SC2 • VERIFIED DIALOGUE,MOVE / ACTIVATE VO
audio/units/hercules/deploy_move/Hercules_What02.ogg,Don't get your knickers in a bunch!,SC2 • VERIFIED DIALOGUE,MOVE / ACTIVATE VO
audio/units/hercules/deploy_move/Hercules_Yes00.ogg,Okay!,SC2 • VERIFIED DIALOGUE,MOVE / ACTIVATE VO
audio/units/hercules/deploy_move/Hercules_Yes01.ogg,Roger!,SC2 • VERIFIED DIALOGUE,MOVE / ACTIVATE VO
audio/units/hercules/deploy_move/Hercules_Yes02.ogg,Easy!,SC2 • VERIFIED DIALOGUE,MOVE / ACTIVATE VO
audio/units/high_templar/attack/HighTemplar_Attack00.ogg,We shall not falter.,SC2 • VERIFIED DIALOGUE,ATTACK VO
audio/units/high_templar/attack/HighTemplar_Attack01.ogg,The true enemy is D'Souma.,SC2 • VERIFIED DIALOGUE,ATTACK VO
audio/units/high_templar/attack/HighTemplar_Attack02.ogg,Duty is my shield.,SC2 • VERIFIED DIALOGUE,ATTACK VO
audio/units/high_templar/attack/HighTemplar_Attack03.ogg,Attack voice 04,SC2,ATTACK VO
audio/units/high_templar/attack/HighTemplar_Attack04.ogg,Attack voice 05,SC2,ATTACK VO
audio/units/high_templar/attack/HighTemplar_Attack05.ogg,We will overcome.,SC2 • VERIFIED DIALOGUE,ATTACK VO
audio/units/high_templar/attack/HighTemplar_Attack06.ogg,Together we vanish.,SC2 • VERIFIED DIALOGUE,ATTACK VO
audio/units/high_templar/canonical/1c54bf537aa1d178__HighTemplar_What01.ogg,Selection response 02,SC2 • GAME-DATA VERIFIED BANK,MOVE / ACTIVATE VO
audio/units/high_templar/canonical/2bc2400336ef7de9__HighTemplar_What02.ogg,Selection response 03,SC2 • GAME-DATA VERIFIED BANK,MOVE / ACTIVATE VO
audio/units/high_templar/canonical/3212a393d349e059__HighTemplar_What03.ogg,Selection response 04,SC2 • GAME-DATA VERIFIED BANK,MOVE / ACTIVATE VO
audio/units/high_templar/canonical/3bae23e3a4d60b40__HighTemplar_What00.ogg,Selection response 01,SC2 • GAME-DATA VERIFIED BANK,MOVE / ACTIVATE VO
audio/units/high_templar/canonical/be821dde52420483__HighTemplar_Death0.wav,Death voice 01,SC2 • DESCRIPTIVE NONVERBAL,DEATH VO
audio/units/high_templar/canonical/c8983f291fd9a546__HighTemplar_Ready00.ogg,Ready / selection 01,SC2 • GAME-DATA VERIFIED BANK,MOVE / ACTIVATE VO
audio/units/high_templar/death/HighTemplar_Death1.wav,Death voice 02,SC2 • DESCRIPTIVE NONVERBAL,DEATH VO
audio/units/high_templar/death/HighTemplar_Death2.wav,Death voice 03,SC2 • DESCRIPTIVE NONVERBAL,DEATH VO
audio/units/high_templar/death/HighTemplar_Death3.wav,Death voice 04,SC2 • DESCRIPTIVE NONVERBAL,DEATH VO
audio/units/high_templar/death/HighTemplar_Death4.wav,Death voice 05,SC2,DEATH VO
audio/units/high_templar/deploy_move/HighTemplar_What04.ogg,We shall stand against the darkness.,SC2 • VERIFIED DIALOGUE,MOVE / ACTIVATE VO
audio/units/high_templar/deploy_move/HighTemplar_What05.ogg,We seek enlightenment.,SC2 • VERIFIED DIALOGUE,MOVE / ACTIVATE VO
audio/units/high_templar/deploy_move/HighTemplar_What06.ogg,We are focused.,SC2 • VERIFIED DIALOGUE,MOVE / ACTIVATE VO
audio/units/high_templar/deploy_move/HighTemplar_Yes00.ogg,Move / order response 01,SC2,MOVE / ACTIVATE VO
audio/units/high_templar/deploy_move/HighTemplar_Yes01.ogg,I heed the call.,SC2 • VERIFIED DIALOGUE,MOVE / ACTIVATE VO
audio/units/high_templar/deploy_move/HighTemplar_Yes02.ogg,Thus I serve.,SC2 • VERIFIED DIALOGUE,MOVE / ACTIVATE VO
audio/units/high_templar/deploy_move/HighTemplar_Yes03.ogg,I will comply.,SC2 • VERIFIED DIALOGUE,MOVE / ACTIVATE VO
audio/units/high_templar/deploy_move/HighTemplar_Yes04.ogg,Move / order response 05,SC2,MOVE / ACTIVATE VO
audio/units/high_templar/deploy_move/HighTemplar_Yes05.ogg,We are unanimous.,SC2 • VERIFIED DIALOGUE,MOVE / ACTIVATE VO
audio/units/high_templar/deploy_move/HighTemplar_Yes06.ogg,In unity there is strength.,SC2 • VERIFIED DIALOGUE,MOVE / ACTIVATE VO
audio/units/hybrid_behemoth/attack/Hybrid_Attack00.ogg,Hybrid Behemoth attack vocalization,SC2 • DESCRIPTIVE NONVERBAL,ATTACK VO
audio/units/hybrid_behemoth/attack/Hybrid_Attack01.ogg,Hybrid Behemoth attack vocalization,SC2 • DESCRIPTIVE NONVERBAL,ATTACK VO
audio/units/hybrid_behemoth/attack/Hybrid_Attack02.ogg,Hybrid Behemoth attack vocalization,SC2 • DESCRIPTIVE NONVERBAL,ATTACK VO
audio/units/hybrid_behemoth/attack/Hybrid_Attack03.ogg,Hybrid Behemoth attack vocalization,SC2 • DESCRIPTIVE NONVERBAL,ATTACK VO
audio/units/hybrid_behemoth/death/Hybrid_Death00.wav,Hybrid Behemoth death sound,SC2 • DESCRIPTIVE NONVERBAL,DEATH VO
audio/units/hybrid_behemoth/death/Hybrid_Death01.wav,Hybrid Behemoth death sound,SC2 • DESCRIPTIVE NONVERBAL,DEATH VO
audio/units/hybrid_behemoth/deploy_move/Hybrid_Ready00.ogg,Hybrid Behemoth movement vocalization,SC2 • DESCRIPTIVE NONVERBAL,MOVE / ACTIVATE VO
audio/units/hybrid_behemoth/deploy_move/Hybrid_What00.ogg,Hybrid Behemoth movement vocalization,SC2 • DESCRIPTIVE NONVERBAL,MOVE / ACTIVATE VO
audio/units/hybrid_behemoth/deploy_move/Hybrid_What01.ogg,Hybrid Behemoth movement vocalization,SC2 • DESCRIPTIVE NONVERBAL,MOVE / ACTIVATE VO
audio/units/hybrid_behemoth/deploy_move/Hybrid_What02.ogg,Hybrid Behemoth movement vocalization,SC2 • DESCRIPTIVE NONVERBAL,MOVE / ACTIVATE VO
audio/units/hybrid_behemoth/deploy_move/Hybrid_What03.ogg,Hybrid Behemoth movement vocalization,SC2 • DESCRIPTIVE NONVERBAL,MOVE / ACTIVATE VO
audio/units/hybrid_behemoth/deploy_move/Hybrid_Yes00.ogg,Hybrid Behemoth movement vocalization,SC2 • DESCRIPTIVE NONVERBAL,MOVE / ACTIVATE VO
audio/units/hybrid_behemoth/deploy_move/Hybrid_Yes01.ogg,Hybrid Behemoth movement vocalization,SC2 • DESCRIPTIVE NONVERBAL,MOVE / ACTIVATE VO
audio/units/hybrid_behemoth/deploy_move/Hybrid_Yes02.ogg,Hybrid Behemoth movement vocalization,SC2 • DESCRIPTIVE NONVERBAL,MOVE / ACTIVATE VO
audio/units/hybrid_behemoth/deploy_move/Hybrid_Yes03.ogg,Hybrid Behemoth movement vocalization,SC2 • DESCRIPTIVE NONVERBAL,MOVE / ACTIVATE VO
audio/units/hybrid_destroyer/attack/Hybrid_Attack00.ogg,Hybrid Destroyer attack vocalization,SC2 • DESCRIPTIVE NONVERBAL,ATTACK VO
audio/units/hybrid_destroyer/attack/Hybrid_Attack01.ogg,Hybrid Destroyer attack vocalization,SC2 • DESCRIPTIVE NONVERBAL,ATTACK VO
audio/units/hybrid_destroyer/attack/Hybrid_Attack02.ogg,Hybrid Destroyer attack vocalization,SC2 • DESCRIPTIVE NONVERBAL,ATTACK VO
audio/units/hybrid_destroyer/attack/Hybrid_Attack03.ogg,Hybrid Destroyer attack vocalization,SC2 • DESCRIPTIVE NONVERBAL,ATTACK VO
audio/units/hybrid_destroyer/death/Hybrid_Death00.wav,Hybrid Destroyer death sound,SC2 • DESCRIPTIVE NONVERBAL,DEATH VO
audio/units/hybrid_destroyer/death/Hybrid_Death01.wav,Hybrid Destroyer death sound,SC2 • DESCRIPTIVE NONVERBAL,DEATH VO
audio/units/hybrid_destroyer/deploy_move/Hybrid_Ready00.ogg,Hybrid Destroyer movement vocalization,SC2 • DESCRIPTIVE NONVERBAL,MOVE / ACTIVATE VO
audio/units/hybrid_destroyer/deploy_move/Hybrid_What00.ogg,Hybrid Destroyer movement vocalization,SC2 • DESCRIPTIVE NONVERBAL,MOVE / ACTIVATE VO
audio/units/hybrid_destroyer/deploy_move/Hybrid_What01.ogg,Hybrid Destroyer movement vocalization,SC2 • DESCRIPTIVE NONVERBAL,MOVE / ACTIVATE VO
audio/units/hybrid_destroyer/deploy_move/Hybrid_What02.ogg,Hybrid Destroyer movement vocalization,SC2 • DESCRIPTIVE NONVERBAL,MOVE / ACTIVATE VO
audio/units/hybrid_destroyer/deploy_move/Hybrid_What03.ogg,Hybrid Destroyer movement vocalization,SC2 • DESCRIPTIVE NONVERBAL,MOVE / ACTIVATE VO
audio/units/hybrid_destroyer/deploy_move/Hybrid_Yes00.ogg,Hybrid Destroyer movement vocalization,SC2 • DESCRIPTIVE NONVERBAL,MOVE / ACTIVATE VO
audio/units/hybrid_destroyer/deploy_move/Hybrid_Yes01.ogg,Hybrid Destroyer movement vocalization,SC2 • DESCRIPTIVE NONVERBAL,MOVE / ACTIVATE VO
audio/units/hybrid_destroyer/deploy_move/Hybrid_Yes02.ogg,Hybrid Destroyer movement vocalization,SC2 • DESCRIPTIVE NONVERBAL,MOVE / ACTIVATE VO
audio/units/hybrid_destroyer/deploy_move/Hybrid_Yes03.ogg,Hybrid Destroyer movement vocalization,SC2 • DESCRIPTIVE NONVERBAL,MOVE / ACTIVATE VO
audio/units/hybrid_dominator/attack/Hybrid_Attack00.ogg,Hybrid Dominator attack vocalization,SC2 • DESCRIPTIVE NONVERBAL,ATTACK VO
audio/units/hybrid_dominator/attack/Hybrid_Attack01.ogg,Hybrid Dominator attack vocalization,SC2 • DESCRIPTIVE NONVERBAL,ATTACK VO
audio/units/hybrid_dominator/attack/Hybrid_Attack02.ogg,Hybrid Dominator attack vocalization,SC2 • DESCRIPTIVE NONVERBAL,ATTACK VO
audio/units/hybrid_dominator/attack/Hybrid_Attack03.ogg,Hybrid Dominator attack vocalization,SC2 • DESCRIPTIVE NONVERBAL,ATTACK VO
audio/units/hybrid_dominator/death/Hybrid_Death00.wav,Hybrid Dominator death sound,SC2 • DESCRIPTIVE NONVERBAL,DEATH VO
audio/units/hybrid_dominator/death/Hybrid_Death01.wav,Hybrid Dominator death sound,SC2 • DESCRIPTIVE NONVERBAL,DEATH VO
audio/units/hybrid_dominator/deploy_move/Hybrid_Ready00.ogg,Hybrid Dominator movement vocalization,SC2 • DESCRIPTIVE NONVERBAL,MOVE / ACTIVATE VO
audio/units/hybrid_dominator/deploy_move/Hybrid_What00.ogg,Hybrid Dominator movement vocalization,SC2 • DESCRIPTIVE NONVERBAL,MOVE / ACTIVATE VO
audio/units/hybrid_dominator/deploy_move/Hybrid_What01.ogg,Hybrid Dominator movement vocalization,SC2 • DESCRIPTIVE NONVERBAL,MOVE / ACTIVATE VO
audio/units/hybrid_dominator/deploy_move/Hybrid_What02.ogg,Hybrid Dominator movement vocalization,SC2 • DESCRIPTIVE NONVERBAL,MOVE / ACTIVATE VO
audio/units/hybrid_dominator/deploy_move/Hybrid_What03.ogg,Hybrid Dominator movement vocalization,SC2 • DESCRIPTIVE NONVERBAL,MOVE / ACTIVATE VO
audio/units/hybrid_dominator/deploy_move/Hybrid_Yes00.ogg,Hybrid Dominator movement vocalization,SC2 • DESCRIPTIVE NONVERBAL,MOVE / ACTIVATE VO
audio/units/hybrid_dominator/deploy_move/Hybrid_Yes01.ogg,Hybrid Dominator movement vocalization,SC2 • DESCRIPTIVE NONVERBAL,MOVE / ACTIVATE VO
audio/units/hybrid_dominator/deploy_move/Hybrid_Yes02.ogg,Hybrid Dominator movement vocalization,SC2 • DESCRIPTIVE NONVERBAL,MOVE / ACTIVATE VO
audio/units/hybrid_dominator/deploy_move/Hybrid_Yes03.ogg,Hybrid Dominator movement vocalization,SC2 • DESCRIPTIVE NONVERBAL,MOVE / ACTIVATE VO
audio/units/hybrid_maar/attack/Hybrid_Attack00.ogg,Hybrid Maar attack vocalization,SC2 • DESCRIPTIVE NONVERBAL,ATTACK VO
audio/units/hybrid_maar/attack/Hybrid_Attack01.ogg,Hybrid Maar attack vocalization,SC2 • DESCRIPTIVE NONVERBAL,ATTACK VO
audio/units/hybrid_maar/attack/Hybrid_Attack02.ogg,Hybrid Maar attack vocalization,SC2 • DESCRIPTIVE NONVERBAL,ATTACK VO
audio/units/hybrid_maar/attack/Hybrid_Attack03.ogg,Hybrid Maar attack vocalization,SC2 • DESCRIPTIVE NONVERBAL,ATTACK VO
audio/units/hybrid_maar/death/Hybrid_Death00.wav,Hybrid Maar death sound,SC2 • DESCRIPTIVE NONVERBAL,DEATH VO
audio/units/hybrid_maar/death/Hybrid_Death01.wav,Hybrid Maar death sound,SC2 • DESCRIPTIVE NONVERBAL,DEATH VO
audio/units/hybrid_maar/deploy_move/Hybrid_Ready00.ogg,Hybrid Maar movement vocalization,SC2 • DESCRIPTIVE NONVERBAL,MOVE / ACTIVATE VO
audio/units/hybrid_maar/deploy_move/Hybrid_What00.ogg,Hybrid Maar movement vocalization,SC2 • DESCRIPTIVE NONVERBAL,MOVE / ACTIVATE VO
audio/units/hybrid_maar/deploy_move/Hybrid_What01.ogg,Hybrid Maar movement vocalization,SC2 • DESCRIPTIVE NONVERBAL,MOVE / ACTIVATE VO
audio/units/hybrid_maar/deploy_move/Hybrid_What02.ogg,Hybrid Maar movement vocalization,SC2 • DESCRIPTIVE NONVERBAL,MOVE / ACTIVATE VO
audio/units/hybrid_maar/deploy_move/Hybrid_What03.ogg,Hybrid Maar movement vocalization,SC2 • DESCRIPTIVE NONVERBAL,MOVE / ACTIVATE VO
audio/units/hybrid_maar/deploy_move/Hybrid_Yes00.ogg,Hybrid Maar movement vocalization,SC2 • DESCRIPTIVE NONVERBAL,MOVE / ACTIVATE VO
audio/units/hybrid_maar/deploy_move/Hybrid_Yes01.ogg,Hybrid Maar movement vocalization,SC2 • DESCRIPTIVE NONVERBAL,MOVE / ACTIVATE VO
audio/units/hybrid_maar/deploy_move/Hybrid_Yes02.ogg,Hybrid Maar movement vocalization,SC2 • DESCRIPTIVE NONVERBAL,MOVE / ACTIVATE VO
audio/units/hybrid_maar/deploy_move/Hybrid_Yes03.ogg,Hybrid Maar movement vocalization,SC2 • DESCRIPTIVE NONVERBAL,MOVE / ACTIVATE VO
audio/units/hybrid_nemesis/attack/Hybrid_Attack00.ogg,Hybrid Nemesis attack vocalization,SC2 • DESCRIPTIVE NONVERBAL,ATTACK VO
audio/units/hybrid_nemesis/attack/Hybrid_Attack01.ogg,Hybrid Nemesis attack vocalization,SC2 • DESCRIPTIVE NONVERBAL,ATTACK VO
audio/units/hybrid_nemesis/attack/Hybrid_Attack02.ogg,Hybrid Nemesis attack vocalization,SC2 • DESCRIPTIVE NONVERBAL,ATTACK VO
audio/units/hybrid_nemesis/attack/Hybrid_Attack03.ogg,Hybrid Nemesis attack vocalization,SC2 • DESCRIPTIVE NONVERBAL,ATTACK VO
audio/units/hybrid_nemesis/death/Hybrid_Death00.wav,Hybrid Nemesis death sound,SC2 • DESCRIPTIVE NONVERBAL,DEATH VO
audio/units/hybrid_nemesis/death/Hybrid_Death01.wav,Hybrid Nemesis death sound,SC2 • DESCRIPTIVE NONVERBAL,DEATH VO
audio/units/hybrid_nemesis/deploy_move/Hybrid_Ready00.ogg,Hybrid Nemesis movement vocalization,SC2 • DESCRIPTIVE NONVERBAL,MOVE / ACTIVATE VO
audio/units/hybrid_nemesis/deploy_move/Hybrid_What00.ogg,Hybrid Nemesis movement vocalization,SC2 • DESCRIPTIVE NONVERBAL,MOVE / ACTIVATE VO
audio/units/hybrid_nemesis/deploy_move/Hybrid_What01.ogg,Hybrid Nemesis movement vocalization,SC2 • DESCRIPTIVE NONVERBAL,MOVE / ACTIVATE VO
audio/units/hybrid_nemesis/deploy_move/Hybrid_What02.ogg,Hybrid Nemesis movement vocalization,SC2 • DESCRIPTIVE NONVERBAL,MOVE / ACTIVATE VO
audio/units/hybrid_nemesis/deploy_move/Hybrid_What03.ogg,Hybrid Nemesis movement vocalization,SC2 • DESCRIPTIVE NONVERBAL,MOVE / ACTIVATE VO
audio/units/hybrid_nemesis/deploy_move/Hybrid_Yes00.ogg,Hybrid Nemesis movement vocalization,SC2 • DESCRIPTIVE NONVERBAL,MOVE / ACTIVATE VO
audio/units/hybrid_nemesis/deploy_move/Hybrid_Yes01.ogg,Hybrid Nemesis movement vocalization,SC2 • DESCRIPTIVE NONVERBAL,MOVE / ACTIVATE VO
audio/units/hybrid_nemesis/deploy_move/Hybrid_Yes02.ogg,Hybrid Nemesis movement vocalization,SC2 • DESCRIPTIVE NONVERBAL,MOVE / ACTIVATE VO
audio/units/hybrid_nemesis/deploy_move/Hybrid_Yes03.ogg,Hybrid Nemesis movement vocalization,SC2 • DESCRIPTIVE NONVERBAL,MOVE / ACTIVATE VO
audio/units/hybrid_reaver/attack/Hybrid_Attack00.ogg,Hybrid Reaver attack vocalization,SC2 • DESCRIPTIVE NONVERBAL,ATTACK VO
audio/units/hybrid_reaver/attack/Hybrid_Attack01.ogg,Hybrid Reaver attack vocalization,SC2 • DESCRIPTIVE NONVERBAL,ATTACK VO
audio/units/hybrid_reaver/attack/Hybrid_Attack02.ogg,Hybrid Reaver attack vocalization,SC2 • DESCRIPTIVE NONVERBAL,ATTACK VO
audio/units/hybrid_reaver/attack/Hybrid_Attack03.ogg,Hybrid Reaver attack vocalization,SC2 • DESCRIPTIVE NONVERBAL,ATTACK VO
audio/units/hybrid_reaver/death/Hybrid_Death00.wav,Hybrid Reaver death sound,SC2 • DESCRIPTIVE NONVERBAL,DEATH VO
audio/units/hybrid_reaver/death/Hybrid_Death01.wav,Hybrid Reaver death sound,SC2 • DESCRIPTIVE NONVERBAL,DEATH VO
audio/units/hybrid_reaver/deploy_move/Hybrid_Ready00.ogg,Hybrid Reaver movement vocalization,SC2 • DESCRIPTIVE NONVERBAL,MOVE / ACTIVATE VO
audio/units/hybrid_reaver/deploy_move/Hybrid_What00.ogg,Hybrid Reaver movement vocalization,SC2 • DESCRIPTIVE NONVERBAL,MOVE / ACTIVATE VO
audio/units/hybrid_reaver/deploy_move/Hybrid_What01.ogg,Hybrid Reaver movement vocalization,SC2 • DESCRIPTIVE NONVERBAL,MOVE / ACTIVATE VO
audio/units/hybrid_reaver/deploy_move/Hybrid_What02.ogg,Hybrid Reaver movement vocalization,SC2 • DESCRIPTIVE NONVERBAL,MOVE / ACTIVATE VO
audio/units/hybrid_reaver/deploy_move/Hybrid_What03.ogg,Hybrid Reaver movement vocalization,SC2 • DESCRIPTIVE NONVERBAL,MOVE / ACTIVATE VO
audio/units/hybrid_reaver/deploy_move/Hybrid_Yes00.ogg,Hybrid Reaver movement vocalization,SC2 • DESCRIPTIVE NONVERBAL,MOVE / ACTIVATE VO
audio/units/hybrid_reaver/deploy_move/Hybrid_Yes01.ogg,Hybrid Reaver movement vocalization,SC2 • DESCRIPTIVE NONVERBAL,MOVE / ACTIVATE VO
audio/units/hybrid_reaver/deploy_move/Hybrid_Yes02.ogg,Hybrid Reaver movement vocalization,SC2 • DESCRIPTIVE NONVERBAL,MOVE / ACTIVATE VO
audio/units/hybrid_reaver/deploy_move/Hybrid_Yes03.ogg,Hybrid Reaver movement vocalization,SC2 • DESCRIPTIVE NONVERBAL,MOVE / ACTIVATE VO
audio/units/hydralisk/attack/Hydralisk_Attack0.ogg,Hydralisk attack vocalization,SC2 • DESCRIPTIVE NONVERBAL,ATTACK VO
audio/units/hydralisk/attack/Hydralisk_Attack1.ogg,Hydralisk attack vocalization,SC2 • DESCRIPTIVE NONVERBAL,ATTACK VO
audio/units/hydralisk/attack/Hydralisk_Attack2.ogg,Hydralisk attack vocalization,SC2 • DESCRIPTIVE NONVERBAL,ATTACK VO
audio/units/hydralisk/attack/Hydralisk_Attack3.ogg,Hydralisk attack vocalization,SC2 • DESCRIPTIVE NONVERBAL,ATTACK VO
audio/units/hydralisk/attack/Hydralisk_Attack4.ogg,Hydralisk attack vocalization,SC2 • DESCRIPTIVE NONVERBAL,ATTACK VO
audio/units/hydralisk/attack/Hydralisk_Attack5.ogg,Hydralisk attack vocalization,SC2 • DESCRIPTIVE NONVERBAL,ATTACK VO
audio/units/hydralisk/chatter/Hydralisk_Ready0.ogg,Hydralisk movement vocalization,SC2 • DESCRIPTIVE NONVERBAL,MOVE / ACTIVATE VO
audio/units/hydralisk/chatter/Hydralisk_Ready1.ogg,Hydralisk movement vocalization,SC2 • DESCRIPTIVE NONVERBAL,MOVE / ACTIVATE VO
audio/units/hydralisk/death/Hydralisk_Death0.wav,Hydralisk death sound,SC2 • DESCRIPTIVE NONVERBAL,DEATH VO
audio/units/hydralisk/death/Hydralisk_Death1.wav,Hydralisk death sound,SC2 • DESCRIPTIVE NONVERBAL,DEATH VO
audio/units/hydralisk/death/Hydralisk_Death2.wav,Hydralisk death sound,SC2 • DESCRIPTIVE NONVERBAL,DEATH VO
audio/units/hydralisk/death/Hydralisk_Death3.wav,Hydralisk death sound,SC2 • DESCRIPTIVE NONVERBAL,DEATH VO
audio/units/hydralisk/death/Hydralisk_Death4.wav,Hydralisk death sound,SC2 • DESCRIPTIVE NONVERBAL,DEATH VO
audio/units/hydralisk/death/Hydralisk_Death5.wav,Hydralisk death sound,SC2 • DESCRIPTIVE NONVERBAL,DEATH VO
audio/units/hydralisk/deploy_move/Hydralisk_Ready2.ogg,Hydralisk movement vocalization,SC2 • DESCRIPTIVE NONVERBAL,MOVE / ACTIVATE VO
audio/units/hydralisk/deploy_move/Hydralisk_Ready3.ogg,Hydralisk movement vocalization,SC2 • DESCRIPTIVE NONVERBAL,MOVE / ACTIVATE VO
audio/units/hydralisk/deploy_move/Hydralisk_What0.ogg,Hydralisk movement vocalization,SC2 • DESCRIPTIVE NONVERBAL,MOVE / ACTIVATE VO
audio/units/hydralisk/deploy_move/Hydralisk_What1.ogg,Hydralisk movement vocalization,SC2 • DESCRIPTIVE NONVERBAL,MOVE / ACTIVATE VO
audio/units/hydralisk/deploy_move/Hydralisk_What2.ogg,Hydralisk movement vocalization,SC2 • DESCRIPTIVE NONVERBAL,MOVE / ACTIVATE VO
audio/units/hydralisk/deploy_move/Hydralisk_What3.ogg,Hydralisk movement vocalization,SC2 • DESCRIPTIVE NONVERBAL,MOVE / ACTIVATE VO
audio/units/hydralisk/deploy_move/Hydralisk_What4.ogg,Hydralisk movement vocalization,SC2 • DESCRIPTIVE NONVERBAL,MOVE / ACTIVATE VO
audio/units/hydralisk/deploy_move/Hydralisk_What5.ogg,Hydralisk movement vocalization,SC2 • DESCRIPTIVE NONVERBAL,MOVE / ACTIVATE VO
audio/units/hydralisk/deploy_move/Hydralisk_Yes0.ogg,Hydralisk movement vocalization,SC2 • DESCRIPTIVE NONVERBAL,MOVE / ACTIVATE VO
audio/units/hydralisk/deploy_move/Hydralisk_Yes1.ogg,Hydralisk movement vocalization,SC2 • DESCRIPTIVE NONVERBAL,MOVE / ACTIVATE VO
audio/units/hydralisk/deploy_move/Hydralisk_Yes2.ogg,Hydralisk movement vocalization,SC2 • DESCRIPTIVE NONVERBAL,MOVE / ACTIVATE VO
audio/units/hydralisk/deploy_move/Hydralisk_Yes3.ogg,Hydralisk movement vocalization,SC2 • DESCRIPTIVE NONVERBAL,MOVE / ACTIVATE VO
audio/units/hydralisk/deploy_move/Hydralisk_Yes4.ogg,Hydralisk movement vocalization,SC2 • DESCRIPTIVE NONVERBAL,MOVE / ACTIVATE VO
audio/units/hydralisk/deploy_move/Hydralisk_Yes5.ogg,Hydralisk movement vocalization,SC2 • DESCRIPTIVE NONVERBAL,MOVE / ACTIVATE VO
audio/units/hydralisk/deploy_move/Hydralisk_Yes6.ogg,Hydralisk movement vocalization,SC2 • DESCRIPTIVE NONVERBAL,MOVE / ACTIVATE VO
audio/units/hydralisk/deploy_move/Hydralisk_Yes7.ogg,Hydralisk movement vocalization,SC2 • DESCRIPTIVE NONVERBAL,MOVE / ACTIVATE VO
audio/units/immortal/attack/Immortal_Attack00.ogg,For the agents!,SC2 • VERIFIED DIALOGUE,ATTACK VO
audio/units/immortal/attack/Immortal_Attack01.ogg,Attack voice 02,SC2,ATTACK VO
audio/units/immortal/attack/Immortal_Attack02.ogg,Attack voice 03,SC2,ATTACK VO
audio/units/immortal/attack/Immortal_Attack03.ogg,Wound to our enemies!,SC2 • VERIFIED DIALOGUE,ATTACK VO
audio/units/immortal/attack/Immortal_Attack04.ogg,Fury Unyielding,SC2 • VERIFIED DIALOGUE,ATTACK VO
audio/units/immortal/attack/Immortal_Attack05.ogg,Nakuza!,SC2 • VERIFIED DIALOGUE,ATTACK VO
audio/units/immortal/attack/Immortal_Attack06.ogg,The battle is ours!,SC2 • VERIFIED DIALOGUE,ATTACK VO
audio/units/immortal/deploy_move/Immortal_Ready00.ogg,I return to sense.,SC2 • VERIFIED DIALOGUE,MOVE / ACTIVATE VO
audio/units/immortal/deploy_move/Immortal_What00.ogg,I keep the call.,SC2 • VERIFIED DIALOGUE,MOVE / ACTIVATE VO
audio/units/immortal/deploy_move/Immortal_What01.ogg,I feel your presence.,SC2 • VERIFIED DIALOGUE,MOVE / ACTIVATE VO
audio/units/immortal/deploy_move/Immortal_What02.ogg,Selection response 03,SC2,MOVE / ACTIVATE VO
audio/units/immortal/deploy_move/Immortal_What03.ogg,Glory is eternal.,SC2 • VERIFIED DIALOGUE,MOVE / ACTIVATE VO
audio/units/immortal/deploy_move/Immortal_What04.ogg,Our duty is unending.,SC2 • VERIFIED DIALOGUE,MOVE / ACTIVATE VO
audio/units/immortal/deploy_move/Immortal_What05.ogg,Selection response 06,SC2,MOVE / ACTIVATE VO
audio/units/immortal/deploy_move/Immortal_What06.ogg,We shall serve forever.,SC2 • VERIFIED DIALOGUE,MOVE / ACTIVATE VO
audio/units/immortal/deploy_move/Immortal_Yes00.ogg,It is destined.,SC2 • VERIFIED DIALOGUE,MOVE / ACTIVATE VO
audio/units/immortal/deploy_move/Immortal_Yes01.ogg,It's a deal!,SC2 • VERIFIED DIALOGUE,MOVE / ACTIVATE VO
audio/units/immortal/deploy_move/Immortal_Yes02.ogg,This shall be your red day.,SC2 • VERIFIED DIALOGUE,MOVE / ACTIVATE VO
audio/units/immortal/deploy_move/Immortal_Yes03.ogg,Move / order response 04,SC2,MOVE / ACTIVATE VO
audio/units/immortal/deploy_move/Immortal_Yes04.ogg,Our cannon shall see.,SC2 • VERIFIED DIALOGUE,MOVE / ACTIVATE VO
audio/units/immortal/deploy_move/Immortal_Yes05.ogg,We march to victory!,SC2 • VERIFIED DIALOGUE,MOVE / ACTIVATE VO
audio/units/infestor/canonical/0799ddbbe9cdf55f__Infestor_What3.ogg,Infestor movement vocalization,SC2 • DESCRIPTIVE NONVERBAL,MOVE / ACTIVATE VO
audio/units/infestor/canonical/07c19fcf386510f7__Infestor_What0.ogg,Infestor selection vocalization,SC2 • DESCRIPTIVE NONVERBAL,MULTI-ROLE VO
audio/units/infestor/canonical/0f9c36991a4c548f__Infestor_Ready0.ogg,Infestor movement vocalization,SC2 • DESCRIPTIVE NONVERBAL,MOVE / ACTIVATE VO
audio/units/infestor/canonical/5f73b35e09d9512c__Infestor_Death0.wav,Infestor death sound,SC2 • DESCRIPTIVE NONVERBAL,DEATH VO
audio/units/infestor/canonical/8bdd087be43c2e66__Infestor_What2.ogg,Infestor selection vocalization,SC2 • DESCRIPTIVE NONVERBAL,MULTI-ROLE VO
audio/units/infestor/canonical/aaf26f168550f5ec__Infestor_What1.ogg,Infestor selection vocalization,SC2 • DESCRIPTIVE NONVERBAL,MULTI-ROLE VO
audio/units/infestor/canonical/b0a208444c8ac812__Infestor_What6.ogg,Infestor movement vocalization,SC2 • DESCRIPTIVE NONVERBAL,MOVE / ACTIVATE VO
audio/units/infestor/canonical/e3be13ea8988da56__Infestor_What4.ogg,Infestor movement vocalization,SC2 • DESCRIPTIVE NONVERBAL,MOVE / ACTIVATE VO
audio/units/infestor/canonical/f18b4c1fcc93639e__Infestor_What5.ogg,Infestor movement vocalization,SC2 • DESCRIPTIVE NONVERBAL,MOVE / ACTIVATE VO
audio/units/infestor/canonical/f41e9651308fa2c6__Infestor_Ready1.ogg,Infestor movement vocalization,SC2 • DESCRIPTIVE NONVERBAL,MOVE / ACTIVATE VO
audio/units/infestor/death/Infestor_Death1.wav,Infestor death sound,SC2 • DESCRIPTIVE NONVERBAL,DEATH VO
audio/units/infestor/death/Infestor_Death2.wav,Infestor death sound,SC2 • DESCRIPTIVE NONVERBAL,DEATH VO
audio/units/infestor/death/Infestor_Death3.wav,Infestor death sound,SC2 • DESCRIPTIVE NONVERBAL,DEATH VO
audio/units/infestor/death/Infestor_Death4.wav,Infestor death sound,SC2 • DESCRIPTIVE NONVERBAL,DEATH VO
audio/units/infestor/deploy_move/Infestor_What7.ogg,Infestor movement vocalization,SC2 • DESCRIPTIVE NONVERBAL,MOVE / ACTIVATE VO
audio/units/infestor/deploy_move/Infestor_Yes0.ogg,Infestor movement vocalization,SC2 • DESCRIPTIVE NONVERBAL,MOVE / ACTIVATE VO
audio/units/infestor/deploy_move/Infestor_Yes1.ogg,Infestor movement vocalization,SC2 • DESCRIPTIVE NONVERBAL,MOVE / ACTIVATE VO
audio/units/infestor/deploy_move/Infestor_Yes2.ogg,Infestor movement vocalization,SC2 • DESCRIPTIVE NONVERBAL,MOVE / ACTIVATE VO
audio/units/infestor/deploy_move/Infestor_Yes3.ogg,Infestor movement vocalization,SC2 • DESCRIPTIVE NONVERBAL,MOVE / ACTIVATE VO
audio/units/infestor/deploy_move/Infestor_Yes4.ogg,Infestor movement vocalization,SC2 • DESCRIPTIVE NONVERBAL,MOVE / ACTIVATE VO
audio/units/infestor/deploy_move/Infestor_Yes5.ogg,Infestor movement vocalization,SC2 • DESCRIPTIVE NONVERBAL,MOVE / ACTIVATE VO
audio/units/infestor/deploy_move/Infestor_Yes6.ogg,Infestor movement vocalization,SC2 • DESCRIPTIVE NONVERBAL,MOVE / ACTIVATE VO
audio/units/infestor/deploy_move/Infestor_Yes7.ogg,Infestor movement vocalization,SC2 • DESCRIPTIVE NONVERBAL,MOVE / ACTIVATE VO
audio/units/infestor/deploy_move/Infestor_Yes8.ogg,Infestor movement vocalization,SC2 • DESCRIPTIVE NONVERBAL,MOVE / ACTIVATE VO
audio/units/jim_raynor/attack/Raynor_Attack00.ogg,Charge it.,SC2 • VERIFIED DIALOGUE,ATTACK VO
audio/units/jim_raynor/attack/Raynor_Attack01.ogg,Give them some pepper.,SC2 • VERIFIED DIALOGUE,ATTACK VO
audio/units/jim_raynor/attack/Raynor_Attack02.ogg,Kick ass.,SC2 • VERIFIED DIALOGUE,ATTACK VO
audio/units/jim_raynor/attack/Raynor_Attack03.ogg,Lethal.,SC2 • VERIFIED DIALOGUE,ATTACK VO
audio/units/jim_raynor/attack/Raynor_Attack04.ogg,Time to man up.,SC2 • GAME-DATA VERIFIED CATEGORY,MOVE / ACTIVATE VO
audio/units/jim_raynor/death/Raynor_Death01.wav,"Ah, hell.",SC2 • VERIFIED DIALOGUE,DEATH VO
audio/units/jim_raynor/death/Raynor_Death02.wav,Death voice 03,SC2,DEATH VO
audio/units/jim_raynor/death/Raynor_Death03.wav,Death voice 04,SC2 • DESCRIPTIVE NONVERBAL,DEATH VO
audio/units/jim_raynor/death/Raynor_Death04.wav,Death voice 05,SC2,DEATH VO
audio/units/jim_raynor/death/Raynor_Death05.wav,Death voice 06,SC2 • DESCRIPTIVE NONVERBAL,DEATH VO
audio/units/jim_raynor/death/Raynor_Death06.wav,Death voice 07,SC2,DEATH VO
audio/units/jim_raynor/deploy_move/Raynor_Ready00.ogg,Let's make it count.,SC2 • VERIFIED DIALOGUE,MOVE / ACTIVATE VO
audio/units/jim_raynor/deploy_move/Raynor_What00.ogg,What's up?,SC2 • VERIFIED DIALOGUE,MOVE / ACTIVATE VO
audio/units/jim_raynor/deploy_move/Raynor_What01.ogg,Talk to me.,SC2 • VERIFIED DIALOGUE,MOVE / ACTIVATE VO
audio/units/jim_raynor/deploy_move/Raynor_What02.ogg,What's the plan?,SC2 • VERIFIED DIALOGUE,MOVE / ACTIVATE VO
audio/units/jim_raynor/deploy_move/Raynor_What03.ogg,Break it down.,SC2 • VERIFIED DIALOGUE,MOVE / ACTIVATE VO
audio/units/jim_raynor/deploy_move/Raynor_What04.ogg,Sell me.,SC2 • VERIFIED DIALOGUE,MOVE / ACTIVATE VO
audio/units/jim_raynor/deploy_move/Raynor_Yes00.ogg,Whatever's clever.,SC2 • VERIFIED DIALOGUE,MOVE / ACTIVATE VO
audio/units/jim_raynor/deploy_move/Raynor_Yes01.ogg,It's all good.,SC2 • VERIFIED DIALOGUE,MOVE / ACTIVATE VO
audio/units/jim_raynor/deploy_move/Raynor_Yes02.ogg,It is what it is.,SC2 • VERIFIED DIALOGUE,MOVE / ACTIVATE VO
audio/units/jim_raynor/deploy_move/Raynor_Yes03.ogg,all day long.,SC2 • VERIFIED DIALOGUE,MOVE / ACTIVATE VO
audio/units/jim_raynor/deploy_move/Raynor_Yes04.ogg,Take it to the limit.,SC2 • VERIFIED DIALOGUE,MOVE / ACTIVATE VO
audio/units/jim_raynor/deploy_move/Raynor_Yes05.ogg,Sounds like a plan.,SC2 • VERIFIED DIALOGUE,MOVE / ACTIVATE VO
audio/units/jim_raynor/deploy_move/Raynor_Yes06.ogg,You can count on me.,SC2 • VERIFIED DIALOGUE,MOVE / ACTIVATE VO
audio/units/kaldalis/attack/Kaldalis_Attack00.ogg,Attack voice 01,SC2,ATTACK VO
audio/units/kaldalis/attack/Kaldalis_Attack01.ogg,Attack voice 02,SC2,ATTACK VO
audio/units/kaldalis/attack/Kaldalis_Attack02.ogg,Know the might of the Templar!,SC2 • VERIFIED DIALOGUE,ATTACK VO
audio/units/kaldalis/attack/Kaldalis_Attack03.ogg,We are the overwhelming guide.,SC2 • VERIFIED DIALOGUE,ATTACK VO
audio/units/kaldalis/attack/Kaldalis_Attack04.ogg,Your purification is at hand.,SC2 • VERIFIED DIALOGUE,ATTACK VO
audio/units/kaldalis/attack/Kaldalis_Attack05.ogg,Attack voice 06,SC2,ATTACK VO
audio/units/kaldalis/attack/Kaldalis_Attack06.ogg,Attack voice 07,SC2,ATTACK VO
audio/units/kaldalis/death/Kaldalis_Death00.wav,Releasing consciousness,SC2 • VERIFIED DIALOGUE,DEATH VO
audio/units/kaldalis/deploy_move/Kaldalis_What03.ogg,I stand ready.,SC2 • VERIFIED DIALOGUE,MOVE / ACTIVATE VO
audio/units/kaldalis/deploy_move/Kaldalis_What04.ogg,Speak your demands.,SC2 • VERIFIED DIALOGUE,MOVE / ACTIVATE VO
audio/units/kaldalis/deploy_move/Kaldalis_What05.ogg,Selection response 06,SC2,MOVE / ACTIVATE VO
audio/units/kaldalis/deploy_move/Kaldalis_What06.ogg,Identify our foe!,SC2 • VERIFIED DIALOGUE,MOVE / ACTIVATE VO
audio/units/kaldalis/deploy_move/Kaldalis_Yes00.ogg,Move / order response 01,SC2,MOVE / ACTIVATE VO
audio/units/kaldalis/deploy_move/Kaldalis_Yes01.ogg,Move / order response 02,SC2,MOVE / ACTIVATE VO
audio/units/kaldalis/deploy_move/Kaldalis_Yes02.ogg,Move / order response 03,SC2,MOVE / ACTIVATE VO
audio/units/kaldalis/deploy_move/Kaldalis_Yes03.ogg,My blade yearns to meet our foe.,SC2 • VERIFIED DIALOGUE,MOVE / ACTIVATE VO
audio/units/kaldalis/deploy_move/Kaldalis_Yes04.ogg,Move / order response 05,SC2,MOVE / ACTIVATE VO
audio/units/kaldalis/deploy_move/Kaldalis_Yes05.ogg,Move / order response 06,SC2,MOVE / ACTIVATE VO
audio/units/karass/attack/Karass_Attack00.ogg,We shall surpass them.,SC2 • VERIFIED DIALOGUE,ATTACK VO
audio/units/karass/attack/Karass_Attack01.ogg,Our cause is just.,SC2 • VERIFIED DIALOGUE,ATTACK VO
audio/units/karass/attack/Karass_Attack02.ogg,For our fallen brethren.,SC2 • VERIFIED DIALOGUE,ATTACK VO
audio/units/karass/attack/Karass_Attack03.ogg,Attack voice 04,SC2,ATTACK VO
audio/units/karass/death/Karass_Death00.wav,Forgive my failure.,SC2 • VERIFIED DIALOGUE,DEATH VO
audio/units/karass/deploy_move/Karass_Ready00.ogg,I am honored to serve.,SC2 • VERIFIED DIALOGUE,MOVE / ACTIVATE VO
audio/units/karass/deploy_move/Karass_What00.ogg,What is your will?,SC2 • VERIFIED DIALOGUE,MOVE / ACTIVATE VO
audio/units/karass/deploy_move/Karass_What01.ogg,awaiting your command,SC2 • VERIFIED DIALOGUE,MOVE / ACTIVATE VO
audio/units/karass/deploy_move/Karass_What02.ogg,Direct my efforts.,SC2 • VERIFIED DIALOGUE,MOVE / ACTIVATE VO
audio/units/karass/deploy_move/Karass_What03.ogg,Selection response 04,SC2,MOVE / ACTIVATE VO
audio/units/karass/deploy_move/Karass_What04.ogg,The color illuminates my path.,SC2 • VERIFIED DIALOGUE,MOVE / ACTIVATE VO
audio/units/karass/deploy_move/Karass_Yes00.ogg,It is a privilege.,SC2 • VERIFIED DIALOGUE,MOVE / ACTIVATE VO
audio/units/karass/deploy_move/Karass_Yes01.ogg,I share your aim.,SC2 • VERIFIED DIALOGUE,MOVE / ACTIVATE VO
audio/units/karass/deploy_move/Karass_Yes02.ogg,I will oblige.,SC2 • VERIFIED DIALOGUE,MOVE / ACTIVATE VO
audio/units/karass/deploy_move/Karass_Yes03.ogg,As you intend.,SC2 • VERIFIED DIALOGUE,MOVE / ACTIVATE VO
audio/units/karax/attack/Karax_Attack01.ogg,The opportune moment has come.,SC2 • VERIFIED DIALOGUE,ATTACK VO
audio/units/karax/attack/Karax_Attack02.ogg,Together we cannot be matched.,SC2 • VERIFIED DIALOGUE,ATTACK VO
audio/units/karax/attack/Karax_Attack03.ogg,We cannot fail now.,SC2 • VERIFIED DIALOGUE,ATTACK VO
audio/units/karax/attack/Karax_Attack04.ogg,Witness the power of a face myth.,SC2 • VERIFIED DIALOGUE,ATTACK VO
audio/units/karax/attack/Karax_Attack05.ogg,Attack voice 06,SC2,ATTACK VO
audio/units/karax/attack/Karax_Attack06.ogg,Attack voice 07,SC2,ATTACK VO
audio/units/karax/attack/Karax_Attack07.ogg,Foes beware.,SC2 • VERIFIED DIALOGUE,ATTACK VO
audio/units/karax/death/Karax_Death00.wav,I die a Templar.,SC2 • VERIFIED DIALOGUE,DEATH VO
audio/units/karax/deploy_move/Karax_What07.ogg,Selection response 08,SC2,MOVE / ACTIVATE VO
audio/units/karax/deploy_move/Karax_What08.ogg,A face smith is always prepared.,SC2 • VERIFIED DIALOGUE,MOVE / ACTIVATE VO
audio/units/karax/deploy_move/Karax_Yes00.ogg,It will be.,SC2 • VERIFIED DIALOGUE,MOVE / ACTIVATE VO
audio/units/karax/deploy_move/Karax_Yes01.ogg,I concur.,SC2 • VERIFIED DIALOGUE,MOVE / ACTIVATE VO
audio/units/karax/deploy_move/Karax_Yes02.ogg,We are united.,SC2 • VERIFIED DIALOGUE,MOVE / ACTIVATE VO
audio/units/karax/deploy_move/Karax_Yes03.ogg,The CyMatrix will fall.,SC2 • VERIFIED DIALOGUE,MOVE / ACTIVATE VO
audio/units/karax/deploy_move/Karax_Yes04.ogg,Progress is made by the bold.,SC2 • VERIFIED DIALOGUE,MOVE / ACTIVATE VO
audio/units/karax/deploy_move/Karax_Yes05.ogg,Move / order response 06,SC2,MOVE / ACTIVATE VO
audio/units/karax/deploy_move/Karax_Yes06.ogg,Purpose guides us.,SC2 • VERIFIED DIALOGUE,MOVE / ACTIVATE VO
audio/units/karax/deploy_move/Karax_Yes07.ogg,Iyer will be restored.,SC2 • VERIFIED DIALOGUE,MOVE / ACTIVATE VO
audio/units/kerrigan/attack/Kerrigan_Attack00.ogg,The swarm will consume all.,SC2 • VERIFIED DIALOGUE,ATTACK VO
audio/units/kerrigan/attack/Kerrigan_Attack01.ogg,The outcome is not in question.,SC2 • VERIFIED DIALOGUE,ATTACK VO
audio/units/kerrigan/attack/Kerrigan_Attack02.ogg,No one gets a free pass.,SC2 • VERIFIED DIALOGUE,ATTACK VO
audio/units/kerrigan/attack/Kerrigan_Attack03.ogg,Let's have some fun!,SC2 • VERIFIED DIALOGUE,ATTACK VO
audio/units/kerrigan/attack/Kerrigan_Attack04.ogg,I don't take a prisoners.,SC2 • VERIFIED DIALOGUE,ATTACK VO
audio/units/kerrigan/attack/Kerrigan_Attack05.ogg,How stimulating.,SC2 • VERIFIED DIALOGUE,ATTACK VO
audio/units/kerrigan/death/Kerrigan_Death00.wav,Don't write me off. Just yet.,SC2 • VERIFIED DIALOGUE,DEATH VO
audio/units/kerrigan/death/Kerrigan_Death01.wav,I'm... full of surprises.,SC2 • VERIFIED DIALOGUE,DEATH VO
audio/units/kerrigan/deploy_move/Kerrigan_Ready00.ogg,"Here I come, ready or not.",SC2 • VERIFIED DIALOGUE,MOVE / ACTIVATE VO
audio/units/kerrigan/deploy_move/Kerrigan_What00.ogg,Wanna play?,SC2 • VERIFIED DIALOGUE,MOVE / ACTIVATE VO
audio/units/kerrigan/deploy_move/Kerrigan_What01.ogg,Careful what you ask for.,SC2 • VERIFIED DIALOGUE,MOVE / ACTIVATE VO
audio/units/kerrigan/deploy_move/Kerrigan_What02.ogg,Cat got your tongue.,SC2 • VERIFIED DIALOGUE,MOVE / ACTIVATE VO
audio/units/kerrigan/deploy_move/Kerrigan_What03.ogg,Who asked you?,SC2 • VERIFIED DIALOGUE,MOVE / ACTIVATE VO
audio/units/kerrigan/deploy_move/Kerrigan_Yes00.ogg,Don't get in my way.,SC2 • VERIFIED DIALOGUE,MOVE / ACTIVATE VO
audio/units/kerrigan/deploy_move/Kerrigan_Yes01.ogg,This is my world.,SC2 • VERIFIED DIALOGUE,MOVE / ACTIVATE VO
audio/units/kerrigan/deploy_move/Kerrigan_Yes02.ogg,No more games.,SC2 • VERIFIED DIALOGUE,MOVE / ACTIVATE VO
audio/units/kerrigan/deploy_move/Kerrigan_Yes03.ogg,The evolution continues.,SC2 • VERIFIED DIALOGUE,MOVE / ACTIVATE VO
audio/units/kerrigan/deploy_move/Kerrigan_Yes04.ogg,So predictable.,SC2 • VERIFIED DIALOGUE,MOVE / ACTIVATE VO
audio/units/leviathan/attack/Leviathan_Attack_03.ogg,Leviathan attack vocalization,SC2 • DESCRIPTIVE NONVERBAL,ATTACK VO
audio/units/leviathan/attack/Leviathan_Attack_04.ogg,Leviathan attack vocalization,SC2 • DESCRIPTIVE NONVERBAL,ATTACK VO
audio/units/leviathan/attack/Leviathan_Attack_05.ogg,Leviathan attack vocalization,SC2 • DESCRIPTIVE NONVERBAL,ATTACK VO
audio/units/leviathan/attack/Leviathan_Attack_06.ogg,Leviathan attack vocalization,SC2 • DESCRIPTIVE NONVERBAL,ATTACK VO
audio/units/leviathan/attack/Leviathan_Attack_07.ogg,Leviathan attack vocalization,SC2 • DESCRIPTIVE NONVERBAL,ATTACK VO
audio/units/leviathan/attack/Leviathan_Attack_08.ogg,Leviathan attack vocalization,SC2 • DESCRIPTIVE NONVERBAL,ATTACK VO
audio/units/leviathan/attack/Leviathan_Attack_09.ogg,Leviathan attack vocalization,SC2 • DESCRIPTIVE NONVERBAL,ATTACK VO
audio/units/leviathan/deploy_move/Leviathan_Yes_00.ogg,Leviathan movement vocalization,SC2 • DESCRIPTIVE NONVERBAL,MOVE / ACTIVATE VO
audio/units/leviathan/deploy_move/Leviathan_Yes_01.ogg,Leviathan movement vocalization,SC2 • DESCRIPTIVE NONVERBAL,MOVE / ACTIVATE VO
audio/units/leviathan/deploy_move/Leviathan_Yes_02.ogg,Leviathan movement vocalization,SC2 • DESCRIPTIVE NONVERBAL,MOVE / ACTIVATE VO
audio/units/leviathan/deploy_move/Leviathan_Yes_03.ogg,Leviathan movement vocalization,SC2 • DESCRIPTIVE NONVERBAL,MOVE / ACTIVATE VO
audio/units/leviathan/deploy_move/Leviathan_Yes_04.ogg,Leviathan movement vocalization,SC2 • DESCRIPTIVE NONVERBAL,MOVE / ACTIVATE VO
audio/units/leviathan/deploy_move/Leviathan_Yes_05.ogg,Leviathan movement vocalization,SC2 • DESCRIPTIVE NONVERBAL,MOVE / ACTIVATE VO
audio/units/leviathan/deploy_move/Leviathan_Yes_06.ogg,Leviathan movement vocalization,SC2 • DESCRIPTIVE NONVERBAL,MOVE / ACTIVATE VO
audio/units/leviathan/deploy_move/Leviathan_Yes_07.ogg,Leviathan movement vocalization,SC2 • DESCRIPTIVE NONVERBAL,MOVE / ACTIVATE VO
audio/units/leviathan/deploy_move/Leviathan_Yes_08.ogg,Leviathan movement vocalization,SC2 • DESCRIPTIVE NONVERBAL,MOVE / ACTIVATE VO
audio/units/leviathan/deploy_move/Leviathan_Yes_09.ogg,Leviathan movement vocalization,SC2 • DESCRIPTIVE NONVERBAL,MOVE / ACTIVATE VO
audio/units/liberator/attack/TerranFlyer_Attack01.ogg,It's liberation time!,SC2 • VERIFIED DIALOGUE,ATTACK VO
audio/units/liberator/attack/TerranFlyer_Attack02.ogg,Battle stations!,SC2 • VERIFIED DIALOGUE,ATTACK VO
audio/units/liberator/attack/TerranFlyer_Attack03.ogg,Fire all missile clusters!,SC2 • VERIFIED DIALOGUE,ATTACK VO
audio/units/liberator/attack/TerranFlyer_Attack04.ogg,Target confirmed.,SC2 • VERIFIED DIALOGUE,ATTACK VO
audio/units/liberator/attack/TerranFlyer_Attack05.ogg,Weapons free.,SC2 • VERIFIED DIALOGUE,ATTACK VO
audio/units/liberator/attack/TerranFlyer_Attack06.ogg,"With pleasure, Commander.",SC2 • VERIFIED DIALOGUE,ATTACK VO
audio/units/liberator/attack/TerranFlyer_Attack07.ogg,That one first!,SC2 • VERIFIED DIALOGUE,ATTACK VO
audio/units/liberator/death/Liberator_Death_01.wav,Death voice 02,SC2 • DESCRIPTIVE NONVERBAL,DEATH VO
audio/units/liberator/death/Liberator_Death_02.wav,Death voice 03,SC2 • DESCRIPTIVE NONVERBAL,DEATH VO
audio/units/liberator/death/Liberator_Death_03.wav,Death voice 04,SC2 • DESCRIPTIVE NONVERBAL,DEATH VO
audio/units/liberator/death/Liberator_Death_04.wav,Death voice 05,SC2,DEATH VO
audio/units/liberator/deploy_move/TerranFlyer_What09.ogg,Got freedom?,SC2 • VERIFIED DIALOGUE,MOVE / ACTIVATE VO
audio/units/liberator/deploy_move/TerranFlyer_Yes00.ogg,Of course.,SC2 • VERIFIED DIALOGUE,MOVE / ACTIVATE VO
audio/units/liberator/deploy_move/TerranFlyer_Yes01.ogg,Perfect!,SC2 • VERIFIED DIALOGUE,MOVE / ACTIVATE VO
audio/units/liberator/deploy_move/TerranFlyer_Yes02.ogg,Easy.,SC2 • VERIFIED DIALOGUE,MOVE / ACTIVATE VO
audio/units/liberator/deploy_move/TerranFlyer_Yes03.ogg,Flight plan is locked.,SC2 • VERIFIED DIALOGUE,MOVE / ACTIVATE VO
audio/units/liberator/deploy_move/TerranFlyer_Yes04.ogg,As you say.,SC2 • VERIFIED DIALOGUE,MOVE / ACTIVATE VO
audio/units/liberator/deploy_move/TerranFlyer_Yes05.ogg,Initiating.,SC2 • VERIFIED DIALOGUE,MOVE / ACTIVATE VO
audio/units/liberator/deploy_move/TerranFlyer_Yes06.ogg,Course set.,SC2 • VERIFIED DIALOGUE,MOVE / ACTIVATE VO
audio/units/liberator/deploy_move/TerranFlyer_Yes07.ogg,Full speed.,SC2 • VERIFIED DIALOGUE,MOVE / ACTIVATE VO
audio/units/liberator/deploy_move/TerranFlyer_Yes08.ogg,Moving into position.,SC2 • VERIFIED DIALOGUE,MOVE / ACTIVATE VO
audio/units/lurker/attack/Lurker_Attack3.ogg,Lurker attack vocalization,SC2 • DESCRIPTIVE NONVERBAL,ATTACK VO
audio/units/lurker/attack/Lurker_Attack4.ogg,Lurker attack vocalization,SC2 • DESCRIPTIVE NONVERBAL,ATTACK VO
audio/units/lurker/attack/Lurker_Attack5.ogg,Lurker attack vocalization,SC2 • DESCRIPTIVE NONVERBAL,ATTACK VO
audio/units/lurker/attack/Lurker_Attack6.ogg,Lurker attack vocalization,SC2 • DESCRIPTIVE NONVERBAL,ATTACK VO
audio/units/lurker/attack/Lurker_Attack7.ogg,Lurker attack vocalization,SC2 • DESCRIPTIVE NONVERBAL,ATTACK VO
audio/units/lurker/attack/Lurker_Attack8.ogg,Lurker attack vocalization,SC2 • DESCRIPTIVE NONVERBAL,ATTACK VO
audio/units/lurker/attack/Lurker_Attack9.ogg,Lurker attack vocalization,SC2 • DESCRIPTIVE NONVERBAL,ATTACK VO
audio/units/lurker/canonical/037671ae8828b1b8__Lurker_What7.ogg,Lurker movement vocalization,SC2 • DESCRIPTIVE NONVERBAL,MOVE / ACTIVATE VO
audio/units/lurker/canonical/1119139be16fb396__Lurker_What4.ogg,Lurker movement vocalization,SC2 • DESCRIPTIVE NONVERBAL,MOVE / ACTIVATE VO
audio/units/lurker/canonical/15127352eb5e6d45__Lurker_What0.ogg,Lurker movement vocalization,SC2 • DESCRIPTIVE NONVERBAL,MOVE / ACTIVATE VO
audio/units/lurker/canonical/357bf496315f6fd6__Lurker_Death1.wav,Lurker death sound,SC2 • DESCRIPTIVE NONVERBAL,DEATH VO
audio/units/lurker/canonical/6b71e3dc65498ff4__Lurker_Attack1.ogg,Lurker attack vocalization,SC2 • DESCRIPTIVE NONVERBAL,ATTACK VO
audio/units/lurker/canonical/73d4e27465fd65f9__Lurker_What5.ogg,Lurker movement vocalization,SC2 • DESCRIPTIVE NONVERBAL,MOVE / ACTIVATE VO
audio/units/lurker/canonical/794f5ec1237dee12__Lurker_Attack0.ogg,Lurker attack vocalization,SC2 • DESCRIPTIVE NONVERBAL,ATTACK VO
audio/units/lurker/canonical/84ecfbbe907db543__Lurker_What6.ogg,Lurker movement vocalization,SC2 • DESCRIPTIVE NONVERBAL,MOVE / ACTIVATE VO
audio/units/lurker/canonical/b593818d6fddcd5d__Lurker_Death0.wav,Lurker death sound,SC2 • DESCRIPTIVE NONVERBAL,DEATH VO
audio/units/lurker/canonical/ca3c9e6908278b17__Lurker_What1.ogg,Lurker movement vocalization,SC2 • DESCRIPTIVE NONVERBAL,MOVE / ACTIVATE VO
audio/units/lurker/canonical/d97a82a5d2c707cc__Lurker_Ready0.ogg,Lurker movement vocalization,SC2 • DESCRIPTIVE NONVERBAL,MOVE / ACTIVATE VO
audio/units/lurker/canonical/f0fddb7c012d61f0__Lurker_What3.ogg,Lurker movement vocalization,SC2 • DESCRIPTIVE NONVERBAL,MOVE / ACTIVATE VO
audio/units/lurker/canonical/f349d8436704409c__Lurker_Ready1.ogg,Lurker movement vocalization,SC2 • DESCRIPTIVE NONVERBAL,MOVE / ACTIVATE VO
audio/units/lurker/canonical/f4073d6946fa8c68__Lurker_What2.ogg,Lurker movement vocalization,SC2 • DESCRIPTIVE NONVERBAL,MOVE / ACTIVATE VO
audio/units/lurker/canonical/f41f647e8ac5ae17__Lurker_Attack2.ogg,Lurker attack vocalization,SC2 • DESCRIPTIVE NONVERBAL,ATTACK VO
audio/units/lurker/chatter/Lurker_Pissed00.ogg,Lurker selection vocalization,SC2 • DESCRIPTIVE NONVERBAL,CHATTER
audio/units/lurker/chatter/Lurker_Pissed01.ogg,Lurker selection vocalization,SC2 • DESCRIPTIVE NONVERBAL,CHATTER
audio/units/lurker/chatter/Lurker_Pissed02.ogg,Lurker selection vocalization,SC2 • DESCRIPTIVE NONVERBAL,CHATTER
audio/units/lurker/death/Lurker_Death2.wav,Lurker death sound,SC2 • DESCRIPTIVE NONVERBAL,DEATH VO
audio/units/lurker/death/Lurker_Death3.wav,Lurker death sound,SC2 • DESCRIPTIVE NONVERBAL,DEATH VO
audio/units/lurker/death/Lurker_Death4.wav,Lurker death sound,SC2 • DESCRIPTIVE NONVERBAL,DEATH VO
audio/units/lurker/death/Lurker_Death5.wav,Lurker death sound,SC2 • DESCRIPTIVE NONVERBAL,DEATH VO
audio/units/lurker/deploy_move/Lurker_What8.ogg,Lurker movement vocalization,SC2 • DESCRIPTIVE NONVERBAL,MOVE / ACTIVATE VO
audio/units/lurker/deploy_move/Lurker_Yes0.ogg,Lurker movement vocalization,SC2 • DESCRIPTIVE NONVERBAL,MOVE / ACTIVATE VO
audio/units/lurker/deploy_move/Lurker_Yes1.ogg,Lurker movement vocalization,SC2 • DESCRIPTIVE NONVERBAL,MOVE / ACTIVATE VO
audio/units/lurker/deploy_move/Lurker_Yes2.ogg,Lurker movement vocalization,SC2 • DESCRIPTIVE NONVERBAL,MOVE / ACTIVATE VO
audio/units/lurker/deploy_move/Lurker_Yes3.ogg,Lurker movement vocalization,SC2 • DESCRIPTIVE NONVERBAL,MOVE / ACTIVATE VO
audio/units/lurker/deploy_move/Lurker_Yes4.ogg,Lurker movement vocalization,SC2 • DESCRIPTIVE NONVERBAL,MOVE / ACTIVATE VO
audio/units/lurker/deploy_move/Lurker_Yes5.ogg,Lurker movement vocalization,SC2 • DESCRIPTIVE NONVERBAL,MOVE / ACTIVATE VO
audio/units/lurker/deploy_move/Lurker_Yes6.ogg,Lurker movement vocalization,SC2 • DESCRIPTIVE NONVERBAL,MOVE / ACTIVATE VO
audio/units/lurker/deploy_move/Lurker_Yes7.ogg,Lurker movement vocalization,SC2 • DESCRIPTIVE NONVERBAL,MOVE / ACTIVATE VO
audio/units/lurker/deploy_move/Lurker_Yes8.ogg,Lurker movement vocalization,SC2 • DESCRIPTIVE NONVERBAL,MOVE / ACTIVATE VO
audio/units/marauder/attack/Marauder_Attack00.ogg,Fire them all to hell!,SC2 • VERIFIED DIALOGUE,ATTACK VO
audio/units/marauder/attack/Marauder_Attack01.ogg,Sucks to be you!,SC2 • VERIFIED DIALOGUE,ATTACK VO
audio/units/marauder/attack/Marauder_Attack02.ogg,Let's have a blast!,SC2 • VERIFIED DIALOGUE,ATTACK VO
audio/units/marauder/attack/Marauder_Attack03.ogg,Say goodnight!,SC2 • VERIFIED DIALOGUE,ATTACK VO
audio/units/marauder/attack/Marauder_Attack04.ogg,Blastin' Tom!,SC2 • VERIFIED DIALOGUE,ATTACK VO
audio/units/marauder/attack/Marauder_Attack05.ogg,Frag em!,SC2 • VERIFIED DIALOGUE,ATTACK VO
audio/units/marauder/canonical/85f6964ec7ee04f7__Marauder_Death00.wav,Death voice 01,SC2 • GAME-DATA VERIFIED BANK,DEATH VO
audio/units/marauder/chatter/Marauder_Pissed00.ogg,What the hell are smithereens anyway?,SC2 • TRANSCRIPT VERIFIED,PORTRAIT / VOICE
audio/units/marauder/chatter/Marauder_Pissed01.ogg,"Yeah, I got all five fingers. Three on this hand, two on the other one.",SC2 • TRANSCRIPT VERIFIED,PORTRAIT / VOICE
audio/units/marauder/chatter/Marauder_Pissed02.ogg,"Baby, you really like my fuse. Whoops! Damn premature detonation!",SC2 • TRANSCRIPT VERIFIED,PORTRAIT / VOICE
audio/units/marauder/chatter/Marauder_Pissed03.ogg,"Baby, if I could rearrange the alphabet, I'd put you and I together.",SC2 • TRANSCRIPT VERIFIED,PORTRAIT / VOICE
audio/units/marauder/chatter/Marauder_Pissed04.ogg,"What's your son, baby? Mine's explosive!",SC2 • TRANSCRIPT VERIFIED,PORTRAIT / VOICE
audio/units/marauder/chatter/Marauder_Pissed05.ogg,"I am so sexy, I sometimes romance myself.",SC2 • TRANSCRIPT VERIFIED,PORTRAIT / VOICE
audio/units/marauder/chatter/Marauder_Pissed06.ogg,"Actually, that is a grenade of my past.",SC2 • TRANSCRIPT VERIFIED,PORTRAIT / VOICE
audio/units/marauder/chatter/Marauder_Ready00.ogg,KABOOM! BABY!,SC2 • VERIFIED DIALOGUE,MOVE / ACTIVATE VO
audio/units/marauder/chatter/Marauder_What00.ogg,Just say when.,SC2 • VERIFIED DIALOGUE,MOVE / ACTIVATE VO
audio/units/marauder/chatter/Marauder_What01.ogg,Go on.,SC2 • VERIFIED DIALOGUE,MOVE / ACTIVATE VO
audio/units/marauder/chatter/Marauder_What02.ogg,"Say the word, baby.",SC2 • VERIFIED DIALOGUE,MOVE / ACTIVATE VO
audio/units/marauder/chatter/Marauder_What03.ogg,Times are wastin'!,SC2 • VERIFIED DIALOGUE,MOVE / ACTIVATE VO
audio/units/marauder/chatter/Marauder_What04.ogg,Don't leave me hanging!,SC2 • VERIFIED DIALOGUE,MOVE / ACTIVATE VO
audio/units/marauder/chatter/Marauder_What05.ogg,Got a whole lot of love.,SC2 • VERIFIED DIALOGUE,MOVE / ACTIVATE VO
audio/units/marauder/death/Marauder_Death01.wav,Death voice 02,SC2,DEATH VO
audio/units/marauder/death/Marauder_Death02.wav,Death voice 03,SC2,DEATH VO
audio/units/marauder/death/Marauder_Death03.wav,Death voice 04,SC2 • DESCRIPTIVE NONVERBAL,DEATH VO
audio/units/marauder/death/Marauder_Death04.wav,Death voice 05,SC2,DEATH VO
audio/units/marauder/death/Marauder_Death05.wav,Death voice 06,SC2 • DESCRIPTIVE NONVERBAL,DEATH VO
audio/units/marauder/death/Marauder_Death06.wav,Death voice 07,SC2,DEATH VO
audio/units/marauder/deploy_move/Marauder_What02.ogg,"Say the word, baby.",SC2 • VERIFIED DIALOGUE,MOVE / ACTIVATE VO
audio/units/marauder/deploy_move/Marauder_What03.ogg,Times are wastin'!,SC2 • VERIFIED DIALOGUE,MOVE / ACTIVATE VO
audio/units/marauder/deploy_move/Marauder_What04.ogg,Don't leave me hanging!,SC2 • VERIFIED DIALOGUE,MOVE / ACTIVATE VO
audio/units/marauder/deploy_move/Marauder_What05.ogg,Got a whole lot of love.,SC2 • VERIFIED DIALOGUE,MOVE / ACTIVATE VO
audio/units/marauder/deploy_move/Marauder_Yes00.ogg,"Oh, it's on!",SC2 • VERIFIED DIALOGUE,MOVE / ACTIVATE VO
audio/units/marauder/deploy_move/Marauder_Yes01.ogg,Believe it!,SC2 • VERIFIED DIALOGUE,MOVE / ACTIVATE VO
audio/units/marauder/deploy_move/Marauder_Yes02.ogg,I'm all about that!,SC2 • VERIFIED DIALOGUE,MOVE / ACTIVATE VO
audio/units/marauder/deploy_move/Marauder_Yes03.ogg,Let's do this!,SC2 • VERIFIED DIALOGUE,MOVE / ACTIVATE VO
audio/units/marauder/deploy_move/Marauder_Yes04.ogg,It's go time!,SC2 • VERIFIED DIALOGUE,MOVE / ACTIVATE VO
audio/units/marauder/deploy_move/Marauder_Yes05.ogg,It's about to get heavy!,SC2 • VERIFIED DIALOGUE,MOVE / ACTIVATE VO
audio/units/marauder/deploy_move/Marauder_Yes06.ogg,First round's on me!,SC2 • VERIFIED DIALOGUE,MOVE / ACTIVATE VO
audio/units/marauder/deploy_move/Marauder_Yes07.ogg,Got it!,SC2 • VERIFIED DIALOGUE,MOVE / ACTIVATE VO
audio/units/marauder/deploy_move/Marauder_Yes08.ogg,Sure!,SC2 • VERIFIED DIALOGUE,MOVE / ACTIVATE VO
audio/units/marauder/deploy_move/Marauder_Yes09.ogg,Sure thing.,SC2 • VERIFIED DIALOGUE,MOVE / ACTIVATE VO
audio/units/marauder/deploy_move/Marauder_Yes10.ogg,Why not?,SC2 • VERIFIED DIALOGUE,MOVE / ACTIVATE VO
audio/units/marauder/deploy_move/Marauder_Yes11.ogg,Of course.,SC2 • VERIFIED DIALOGUE,MOVE / ACTIVATE VO
audio/units/marine/attack/Marine_Attack00.ogg,Get some!,SC2 • VERIFIED DIALOGUE,ATTACK VO
audio/units/marine/attack/Marine_Attack01.ogg,Attack voice 02,SC2,ATTACK VO
audio/units/marine/attack/Marine_Attack02.ogg,How's that for whoop ass?,SC2 • VERIFIED DIALOGUE,ATTACK VO
audio/units/marine/attack/Marine_Attack03.ogg,Let's rock!,SC2 • VERIFIED DIALOGUE,ATTACK VO
audio/units/marine/attack/Marine_Attack04.ogg,Attack voice 05,SC2,ATTACK VO
audio/units/marine/attack/Marine_Attack05.ogg,Hit it!,SC2 • VERIFIED DIALOGUE,ATTACK VO
audio/units/marine/attack/Marine_Attack06.ogg,Gonna get me some.,SC2 • VERIFIED DIALOGUE,ATTACK VO
audio/units/marine/attack/Marine_Attack07.ogg,Let's do this.,SC2 • VERIFIED DIALOGUE,ATTACK VO
audio/units/marine/attack/Marine_Attack08.ogg,"Die, die, die!",SC2 • VERIFIED DIALOGUE,ATTACK VO
audio/units/marine/canonical/1c7875612da270d8__Marine_Yes02.ogg,Move / order response 03,SC2 • GAME-DATA VERIFIED BANK,MOVE / ACTIVATE VO
audio/units/marine/canonical/7833881bdea05285__Marine_Yes05.ogg,Move / order response 05,SC2 • GAME-DATA VERIFIED BANK,MOVE / ACTIVATE VO
audio/units/marine/canonical/9434340bd005e86d__Marine_Yes03.ogg,Move / order response 04,SC2 • GAME-DATA VERIFIED BANK,MOVE / ACTIVATE VO
audio/units/marine/canonical/99829831a1a6e796__Marine_Yes00.ogg,Move / order response 01,SC2 • GAME-DATA VERIFIED BANK,MOVE / ACTIVATE VO
audio/units/marine/canonical/99bfea009fd3b76b__Marine_Death01.wav,Death voice 02,SC2 • GAME-DATA VERIFIED BANK,DEATH VO
audio/units/marine/canonical/a1ec93d95dca1b0e__Marine_Death00.wav,Death voice 01,SC2 • GAME-DATA VERIFIED BANK,DEATH VO
audio/units/marine/canonical/abf3beea2818bc1c__Marine_Yes01.ogg,Move / order response 02,SC2 • GAME-DATA VERIFIED BANK,MOVE / ACTIVATE VO
audio/units/marine/canonical/c4ec5eb61a756935__Marine_Yes04.ogg,Ready / selection 01,SC2 • GAME-DATA VERIFIED BANK,MOVE / ACTIVATE VO
audio/units/marine/chatter/Marine_Pissed00.ogg,“Man... STILL stuck in this chickensh*t outfit...”,SC2 • TRANSCRIPT VERIFIED,PORTRAIT / VOICE
audio/units/marine/chatter/Marine_Pissed01.ogg,“Kiss my ass!”,SC2 • TRANSCRIPT VERIFIED,PORTRAIT / VOICE
audio/units/marine/chatter/Marine_Pissed02.ogg,"“Whatever I do, they keep bringin' me back in!”",SC2 • TRANSCRIPT VERIFIED,PORTRAIT / VOICE
audio/units/marine/chatter/Marine_Pissed03.ogg,"“This is my C-14 Impaler gauss rifle! There are many like it, but this one is mine!”",SC2 • TRANSCRIPT VERIFIED,PORTRAIT / VOICE
audio/units/marine/chatter/Marine_Pissed04.ogg,“I came here to kick ass and chew bubble gum...”,SC2 • TRANSCRIPT VERIFIED,PORTRAIT / VOICE
audio/units/marine/chatter/Marine_Pissed05.ogg,"“And I'm all outta... ugh, forget it.”",SC2 • TRANSCRIPT VERIFIED,PORTRAIT / VOICE
audio/units/marine/chatter/Marine_Pissed06.ogg,“The only thing you should feel when you shoot someone...is the recoil.”,SC2 • TRANSCRIPT VERIFIED,PORTRAIT / VOICE
audio/units/marine/chatter/Marine_Pissed07.ogg,“You ever notice that nobody ever comes back to the barracks?”,SC2 • TRANSCRIPT VERIFIED,PORTRAIT / VOICE
audio/units/marine/chatter/Marine_Pissed09.ogg,"“This one time, at boot camp...”",SC2 • TRANSCRIPT VERIFIED,PORTRAIT / VOICE
audio/units/marine/chatter/Marine_Pissed11.ogg,"“Excuse me, I-I gotta burp... (gunfire)”",SC2 • TRANSCRIPT VERIFIED,PORTRAIT / VOICE
audio/units/marine/chatter/Marine_Pissed12.ogg,"“Thank you, sir! May I have another!”",SC2 • TRANSCRIPT VERIFIED,PORTRAIT / VOICE
audio/units/marine/chatter/Marine_Ready00.ogg,"You want a piece of me, boy?",SC2 • VERIFIED DIALOGUE,MOVE / ACTIVATE VO
audio/units/marine/chatter/Marine_What00.ogg,This better be good.,SC2 • VERIFIED DIALOGUE,MOVE / ACTIVATE VO
audio/units/marine/chatter/Marine_What01.ogg,Been waiting on you.,SC2 • VERIFIED DIALOGUE,MOVE / ACTIVATE VO
audio/units/marine/chatter/Marine_What02.ogg,You gonna give me orders?,SC2 • VERIFIED DIALOGUE,MOVE / ACTIVATE VO
audio/units/marine/chatter/Marine_What03.ogg,Who wants some?,SC2 • VERIFIED DIALOGUE,MOVE / ACTIVATE VO
audio/units/marine/chatter/Marine_What04.ogg,Armed and ready.,SC2 • VERIFIED DIALOGUE,MOVE / ACTIVATE VO
audio/units/marine/chatter/Marine_What05.ogg,"By the numbers, boys.",SC2 • VERIFIED DIALOGUE,MOVE / ACTIVATE VO
audio/units/marine/death/Marine_Death02.wav,Death voice 03,SC2 • DESCRIPTIVE NONVERBAL,DEATH VO
audio/units/marine/death/Marine_Death03.wav,Death voice 04,SC2 • DESCRIPTIVE NONVERBAL,DEATH VO
audio/units/marine/death/Marine_Death04.wav,STOP!,SC2 • VERIFIED DIALOGUE,DEATH VO
audio/units/marine/death/Marine_Death05.wav,Death voice 06,SC2 • DESCRIPTIVE NONVERBAL,DEATH VO
audio/units/marine/death/Marine_Death06.wav,Death voice 07,SC2 • DESCRIPTIVE NONVERBAL,DEATH VO
audio/units/marine/death/Marine_Death07.wav,Death voice 08,SC2,DEATH VO
audio/units/marine/deploy_move/Marine_Yes07.ogg,Got it.,SC2 • VERIFIED DIALOGUE,MOVE / ACTIVATE VO
audio/units/marine/deploy_move/Marine_Yes08.ogg,Sure.,SC2 • VERIFIED DIALOGUE,MOVE / ACTIVATE VO
audio/units/marine/deploy_move/Marine_Yes09.ogg,Sure thing.,SC2 • VERIFIED DIALOGUE,MOVE / ACTIVATE VO
audio/units/marine/deploy_move/Marine_Yes10.ogg,Why not?,SC2 • VERIFIED DIALOGUE,MOVE / ACTIVATE VO
audio/units/marine/deploy_move/Marine_Yes11.ogg,Of course.,SC2 • VERIFIED DIALOGUE,MOVE / ACTIVATE VO
audio/units/marine/deploy_move/Marine_Yes12.ogg,"Gangway, coming through.",SC2 • VERIFIED DIALOGUE,MOVE / ACTIVATE VO
audio/units/marine/deploy_move/Marine_Yes13.ogg,Aye aye sir.,SC2 • VERIFIED DIALOGUE,MOVE / ACTIVATE VO
audio/units/marine/deploy_move/Marine_Yes14.ogg,Can't wait,SC2 • VERIFIED DIALOGUE,MOVE / ACTIVATE VO
audio/units/marine/deploy_move/Marine_Yes15.ogg,Looking forward to it.,SC2 • VERIFIED DIALOGUE,MOVE / ACTIVATE VO
audio/units/marine/deploy_move/Marine_Yes16.ogg,Orders received.,SC2 • VERIFIED DIALOGUE,MOVE / ACTIVATE VO
audio/units/marine/deploy_move/Marine_Yes17.ogg,Will do.,SC2 • VERIFIED DIALOGUE,MOVE / ACTIVATE VO
audio/units/marine/deploy_move/Marine_Yes18.ogg,You got it.,SC2 • VERIFIED DIALOGUE,MOVE / ACTIVATE VO
audio/units/marine/deploy_move/Marine_Yes19.ogg,"Yes, sir.",SC2 • VERIFIED DIALOGUE,MOVE / ACTIVATE VO
audio/units/marine/deploy_move/Marine_Yes20.ogg,Move / order response 21,SC2,MOVE / ACTIVATE VO
audio/units/marine/deploy_move/Marine_Yes21.ogg,Roger that.,SC2 • VERIFIED DIALOGUE,MOVE / ACTIVATE VO
audio/units/marine/deploy_move/Marine_Yes22.ogg,Affirmative.,SC2 • VERIFIED DIALOGUE,MOVE / ACTIVATE VO
audio/units/medic/attack/Medic_Attack00.ogg,I'll fix you!,SC2 • VERIFIED DIALOGUE,ATTACK VO
audio/units/medic/attack/Medic_Attack01.ogg,I'll do my best.,SC2 • VERIFIED DIALOGUE,ATTACK VO
audio/units/medic/attack/Medic_Attack02.ogg,This is gonna hurt.,SC2 • VERIFIED DIALOGUE,ATTACK VO
audio/units/medic/attack/Medic_Attack03.ogg,Time to operate.,SC2 • VERIFIED DIALOGUE,ATTACK VO
audio/units/medic/attack/Medic_Attack04.ogg,Call the blood bank.,SC2 • VERIFIED DIALOGUE,ATTACK VO
audio/units/medic/attack/Medic_Attack05.ogg,Sterilizing now.,SC2 • VERIFIED DIALOGUE,ATTACK VO
audio/units/medic/attack/Medic_Attack06.ogg,Patient's prognosis is dead.,SC2 • VERIFIED DIALOGUE,ATTACK VO
audio/units/medic/chatter/Medic_Pissed00.ogg,"Call me when the swelling goes down. On second thought, just call me.",SC2 • TRANSCRIPT VERIFIED,PORTRAIT / VOICE
audio/units/medic/chatter/Medic_Pissed01.ogg,"Here's some lotion, a comb, and a blowtorch. Good luck!",SC2 • TRANSCRIPT VERIFIED,PORTRAIT / VOICE
audio/units/medic/chatter/Medic_Pissed02.ogg,"Ooh, looks like that hurt. Next!",SC2 • TRANSCRIPT VERIFIED,PORTRAIT / VOICE
audio/units/medic/chatter/Medic_Pissed03.ogg,"For the last time, this is not a stryphogram!",SC2 • TRANSCRIPT VERIFIED,PORTRAIT / VOICE
audio/units/medic/chatter/Medic_Pissed04.ogg,"Can I see your insurance card? Oh, I'm sorry. This was a pre-existing condition.",SC2 • TRANSCRIPT VERIFIED,PORTRAIT / VOICE
audio/units/medic/chatter/Medic_Pissed05.ogg,"That's the worst infestation I've ever seen. Next time, stay away from the cantina.",SC2 • TRANSCRIPT VERIFIED,PORTRAIT / VOICE
audio/units/medic/chatter/Medic_Pissed06.ogg,"There's a protoss here who needs mouth to m... Oh! Well, mouth to something.",SC2 • TRANSCRIPT VERIFIED,PORTRAIT / VOICE
audio/units/medic/chatter/Medic_Pissed07.ogg,"If I do this wrong, it'll hurt a little. If I do it right, it'll hurt a lot.",SC2 • TRANSCRIPT VERIFIED,PORTRAIT / VOICE
audio/units/medic/chatter/Medic_Pissed08.ogg,"Ooh, let's just skip the medical history and go right to the next of kin.",SC2 • TRANSCRIPT VERIFIED,PORTRAIT / VOICE
audio/units/medic/chatter/Medic_Pissed09.ogg,Operation complete! Now where did I leave my watch?,SC2 • TRANSCRIPT VERIFIED,PORTRAIT / VOICE
audio/units/medic/chatter/Medic_Pissed10.ogg,"Damn it, I'm a medic, not a doctor! Oh.",SC2 • TRANSCRIPT VERIFIED,PORTRAIT / VOICE
audio/units/medic/chatter/Medic_Pissed11.ogg,"Ugh, I've got leftovers. I don't even know where these go.",SC2 • TRANSCRIPT VERIFIED,PORTRAIT / VOICE
audio/units/medic/chatter/Medic_Pissed12.ogg,Congratulations! You're my first patient. Ever.,SC2 • TRANSCRIPT VERIFIED,PORTRAIT / VOICE
audio/units/medic/death/Medic_Death00.wav,Ahh! Medic!,SC2 • VERIFIED DIALOGUE,DEATH VO
audio/units/medic/death/Medic_Death01.wav,Death voice 02,SC2 • DESCRIPTIVE NONVERBAL,DEATH VO
audio/units/medic/death/Medic_Death02.wav,Death voice 03,SC2 • DESCRIPTIVE NONVERBAL,DEATH VO
audio/units/medic/death/Medic_Death03.wav,Death voice 04,SC2,DEATH VO
audio/units/medic/death/Medic_Death04.wav,Death voice 05,SC2 • DESCRIPTIVE NONVERBAL,DEATH VO
audio/units/medic/death/Medic_Death05.wav,Death voice 06,SC2,DEATH VO
audio/units/medic/deploy_move/Medic_Ready00.ogg,The doctor is in.,SC2 • VERIFIED DIALOGUE,MOVE / ACTIVATE VO
audio/units/medic/deploy_move/Medic_What00.ogg,Where does it hurt?,SC2 • VERIFIED DIALOGUE,MOVE / ACTIVATE VO
audio/units/medic/deploy_move/Medic_What01.ogg,Is it critical?,SC2 • VERIFIED DIALOGUE,MOVE / ACTIVATE VO
audio/units/medic/deploy_move/Medic_What02.ogg,You rang?,SC2 • VERIFIED DIALOGUE,MOVE / ACTIVATE VO
audio/units/medic/deploy_move/Medic_What03.ogg,Please state the nature of your medical emergency.,SC2 • VERIFIED DIALOGUE,MOVE / ACTIVATE VO
audio/units/medic/deploy_move/Medic_What04.ogg,Standing by.,SC2 • VERIFIED DIALOGUE,MOVE / ACTIVATE VO
audio/units/medic/deploy_move/Medic_What05.ogg,Need some triage?,SC2 • VERIFIED DIALOGUE,MOVE / ACTIVATE VO
audio/units/medic/deploy_move/Medic_Yes00.ogg,Just relax.,SC2 • VERIFIED DIALOGUE,MOVE / ACTIVATE VO
audio/units/medic/deploy_move/Medic_Yes01.ogg,I'll take care of it.,SC2 • VERIFIED DIALOGUE,MOVE / ACTIVATE VO
audio/units/medic/deploy_move/Medic_Yes02.ogg,Not a problem.,SC2 • VERIFIED DIALOGUE,MOVE / ACTIVATE VO
audio/units/medic/deploy_move/Medic_Yes03.ogg,"Ooh, sounds serious.",SC2 • VERIFIED DIALOGUE,MOVE / ACTIVATE VO
audio/units/medic/deploy_move/Medic_Yes04.ogg,That's a serious outbreak.,SC2 • VERIFIED DIALOGUE,MOVE / ACTIVATE VO
audio/units/medic/deploy_move/Medic_Yes05.ogg,Must be an emergency.,SC2 • VERIFIED DIALOGUE,MOVE / ACTIVATE VO
audio/units/medivac/attack/Medivac_Attack00.ogg,Who's gonna rescue me?,SC2 • VERIFIED DIALOGUE,ATTACK VO
audio/units/medivac/attack/Medivac_Attack01.ogg,"Me, you sure?",SC2 • VERIFIED DIALOGUE,ATTACK VO
audio/units/medivac/attack/Medivac_Attack02.ogg,if you say so.,SC2 • VERIFIED DIALOGUE,ATTACK VO
audio/units/medivac/attack/Medivac_Attack03.ogg,This should be quick.,SC2 • VERIFIED DIALOGUE,ATTACK VO
audio/units/medivac/attack/Medivac_Attack04.ogg,How hell!,SC2 • VERIFIED DIALOGUE,ATTACK VO
audio/units/medivac/attack/Medivac_Attack05.ogg,going in,SC2 • VERIFIED DIALOGUE,ATTACK VO
audio/units/medivac/canonical/0b2c2c28152164cc__Medivac_Yes00.ogg,Move / order response 01,SC2 • GAME-DATA VERIFIED BANK,MOVE / ACTIVATE VO
audio/units/medivac/canonical/0dbbc1a60163b678__Medivac_Yes02.ogg,Move / order response 03,SC2 • GAME-DATA VERIFIED BANK,MOVE / ACTIVATE VO
audio/units/medivac/canonical/2dcd4885ab4c2363__Medivac_What00.ogg,Selection response 01,SC2 • GAME-DATA VERIFIED BANK,MOVE / ACTIVATE VO
audio/units/medivac/canonical/4b84bf7215335a6e__Medivac_Ready00.ogg,Ready / selection 01,SC2 • GAME-DATA VERIFIED BANK,MOVE / ACTIVATE VO
audio/units/medivac/canonical/4e7fba1faba28329__Medivac_What04.ogg,Selection response 05,SC2 • GAME-DATA VERIFIED BANK,MOVE / ACTIVATE VO
audio/units/medivac/canonical/821e64e622518ebf__Medivac_What05.ogg,Selection response 06,SC2 • GAME-DATA VERIFIED BANK,MOVE / ACTIVATE VO
audio/units/medivac/canonical/94b52b87e3db595c__Medivac_What03.ogg,Selection response 04,SC2 • GAME-DATA VERIFIED BANK,MOVE / ACTIVATE VO
audio/units/medivac/canonical/a315d03a37fd3eef__Medivac_Yes01.ogg,Move / order response 02,SC2 • GAME-DATA VERIFIED BANK,MOVE / ACTIVATE VO
audio/units/medivac/canonical/da1d8eace8e9af48__Medivac_What02.ogg,Selection response 03,SC2 • GAME-DATA VERIFIED BANK,MOVE / ACTIVATE VO
audio/units/medivac/canonical/e93c18ea39f2c3f9__Medivac_What01.ogg,Selection response 02,SC2 • GAME-DATA VERIFIED BANK,MOVE / ACTIVATE VO
audio/units/medivac/canonical/f045d232d9267cfe__Medivac_What06.ogg,Selection response 07,SC2 • GAME-DATA VERIFIED BANK,MOVE / ACTIVATE VO
audio/units/medivac/death/Medivac_Death00.wav,Death voice 01,SC2,DEATH VO
audio/units/medivac/deploy_move/Medivac_Yes03.ogg,"Will do, command.",SC2 • VERIFIED DIALOGUE,MOVE / ACTIVATE VO
audio/units/medivac/deploy_move/Medivac_Yes04.ogg,"BDA, one minute.",SC2 • VERIFIED DIALOGUE,MOVE / ACTIVATE VO
audio/units/medivac/deploy_move/Medivac_Yes05.ogg,Inbound,SC2 • VERIFIED DIALOGUE,MOVE / ACTIVATE VO
audio/units/medivac/deploy_move/Medivac_Yes06.ogg,Well hallelujah!,SC2 • VERIFIED DIALOGUE,MOVE / ACTIVATE VO
audio/units/medivac/deploy_move/Medivac_Yes07.ogg,Acknowledged.,SC2 • VERIFIED DIALOGUE,MOVE / ACTIVATE VO
audio/units/medivac/deploy_move/Medivac_Yes08.ogg,Understood.,SC2 • VERIFIED DIALOGUE,MOVE / ACTIVATE VO
audio/units/medivac/deploy_move/Medivac_Yes09.ogg,CONFIRMED,SC2 • VERIFIED DIALOGUE,MOVE / ACTIVATE VO
audio/units/medivac/deploy_move/Medivac_Yes10.ogg,On my way.,SC2 • VERIFIED DIALOGUE,MOVE / ACTIVATE VO
audio/units/medivac/deploy_move/Medivac_Yes11.ogg,Let's go,SC2 • VERIFIED DIALOGUE,MOVE / ACTIVATE VO
audio/units/medivac/deploy_move/Medivac_Yes12.ogg,Heading out.,SC2 • VERIFIED DIALOGUE,MOVE / ACTIVATE VO
audio/units/mothership/attack/Mothership_Attack00.ogg,Weapon systems engaged.,SC2 • VERIFIED DIALOGUE,ATTACK VO
audio/units/mothership/attack/Mothership_Attack01.ogg,Attack voice 02,SC2,ATTACK VO
audio/units/mothership/attack/Mothership_Attack02.ogg,Target confirmed.,SC2 • VERIFIED DIALOGUE,ATTACK VO
audio/units/mothership/attack/Mothership_Attack03.ogg,As the color wills.,SC2 • VERIFIED DIALOGUE,ATTACK VO
audio/units/mothership/attack/Mothership_Attack04.ogg,We destroy.,SC2 • VERIFIED DIALOGUE,ATTACK VO
audio/units/mothership/attack/Mothership_Attack05.ogg,Navazil!,SC2 • VERIFIED DIALOGUE,ATTACK VO
audio/units/mothership/canonical/2cc2242ebe85d878__Mothership_What00.ogg,Selection response 01,SC2 • GAME-DATA VERIFIED BANK,MOVE / ACTIVATE VO
audio/units/mothership/canonical/7817e4af6be15197__Mothership_Ready00.ogg,Ready / selection 01,SC2 • GAME-DATA VERIFIED BANK,MOVE / ACTIVATE VO
audio/units/mothership/canonical/ac2c128bbc4c8b18__Mothership_What01.ogg,Selection response 02,SC2 • GAME-DATA VERIFIED BANK,MOVE / ACTIVATE VO
audio/units/mothership/canonical/aef2d737c23fad2d__Mothership_What02.ogg,Selection response 03,SC2 • GAME-DATA VERIFIED BANK,MOVE / ACTIVATE VO
audio/units/mothership/canonical/be781eb10de16afd__Mothership_What04.ogg,Selection response 05,SC2 • GAME-DATA VERIFIED BANK,MOVE / ACTIVATE VO
audio/units/mothership/canonical/e0711a9a0967c49d__Mothership_What03.ogg,Selection response 04,SC2 • GAME-DATA VERIFIED BANK,MOVE / ACTIVATE VO
audio/units/mothership/death/Mothership_Death00.wav,Reach in progress. We are undone.,SC2 • VERIFIED DIALOGUE,DEATH VO
audio/units/mothership/deploy_move/Mothership_What05.ogg,Guide us.,SC2 • VERIFIED DIALOGUE,MOVE / ACTIVATE VO
audio/units/mothership/deploy_move/Mothership_What06.ogg,Selection response 07,SC2,MOVE / ACTIVATE VO
audio/units/mothership/deploy_move/Mothership_Yes00.ogg,Directive confirmed.,SC2 • VERIFIED DIALOGUE,MOVE / ACTIVATE VO
audio/units/mothership/deploy_move/Mothership_Yes01.ogg,Move / order response 02,SC2,MOVE / ACTIVATE VO
audio/units/mothership/deploy_move/Mothership_Yes02.ogg,By the Heart of Iyer,SC2 • VERIFIED DIALOGUE,MOVE / ACTIVATE VO
audio/units/mothership/deploy_move/Mothership_Yes03.ogg,We proceed.,SC2 • VERIFIED DIALOGUE,MOVE / ACTIVATE VO
audio/units/mothership/deploy_move/Mothership_Yes04.ogg,Downloading orders.,SC2 • VERIFIED DIALOGUE,MOVE / ACTIVATE VO
audio/units/mothership/deploy_move/Mothership_Yes05.ogg,Endi Berakai,SC2 • VERIFIED DIALOGUE,MOVE / ACTIVATE VO
audio/units/mothership/deploy_move/Mothership_Yes06.ogg,With Purpose,SC2 • VERIFIED DIALOGUE,MOVE / ACTIVATE VO
audio/units/mothership/deploy_move/Mothership_Yes07.ogg,We agree.,SC2 • VERIFIED DIALOGUE,MOVE / ACTIVATE VO
audio/units/mutalisk/attack/Mutalisk_Attack04.ogg,Mutalisk attack vocalization,SC2 • DESCRIPTIVE NONVERBAL,ATTACK VO
audio/units/mutalisk/attack/Mutalisk_Attack05.ogg,Mutalisk attack vocalization,SC2 • DESCRIPTIVE NONVERBAL,ATTACK VO
audio/units/mutalisk/attack/Mutalisk_Attack06.ogg,Mutalisk attack vocalization,SC2 • DESCRIPTIVE NONVERBAL,ATTACK VO
audio/units/mutalisk/attack/Mutalisk_Attack07.ogg,Mutalisk attack vocalization,SC2 • DESCRIPTIVE NONVERBAL,ATTACK VO
audio/units/mutalisk/attack/Mutalisk_Attack08.ogg,Mutalisk attack vocalization,SC2 • DESCRIPTIVE NONVERBAL,ATTACK VO
audio/units/mutalisk/attack/Mutalisk_Attack09.ogg,Mutalisk attack vocalization,SC2 • DESCRIPTIVE NONVERBAL,ATTACK VO
audio/units/mutalisk/attack/Mutalisk_Attack10.ogg,Mutalisk attack vocalization,SC2 • DESCRIPTIVE NONVERBAL,ATTACK VO
audio/units/mutalisk/canonical/14b82a7fa8fa5fbb__Mutalisk_What0.ogg,Mutalisk selection vocalization,SC2 • DESCRIPTIVE NONVERBAL,MULTI-ROLE VO
audio/units/mutalisk/canonical/26cc738565c47280__Mutalisk_What7.ogg,Mutalisk selection vocalization,SC2 • DESCRIPTIVE NONVERBAL,MULTI-ROLE VO
audio/units/mutalisk/canonical/29e711e4157b4ff3__Mutalisk_Ready2.ogg,Mutalisk movement vocalization,SC2 • DESCRIPTIVE NONVERBAL,MOVE / ACTIVATE VO
audio/units/mutalisk/canonical/30b8397b6c7cc20d__Mutalisk_What4.ogg,Mutalisk selection vocalization,SC2 • DESCRIPTIVE NONVERBAL,MULTI-ROLE VO
audio/units/mutalisk/canonical/316ed1df29238231__Mutalisk_What9.ogg,Mutalisk selection vocalization,SC2 • DESCRIPTIVE NONVERBAL,MULTI-ROLE VO
audio/units/mutalisk/canonical/3770e88d1bf25b05__Mutalisk_Attack01.ogg,Mutalisk attack vocalization,SC2 • DESCRIPTIVE NONVERBAL,ATTACK VO
audio/units/mutalisk/canonical/3dd8f35cb8bcf2e8__Mutalisk_What8.ogg,Mutalisk selection vocalization,SC2 • DESCRIPTIVE NONVERBAL,MULTI-ROLE VO
audio/units/mutalisk/canonical/3fbacc0899a412e0__Mutalisk_What3.ogg,Mutalisk selection vocalization,SC2 • DESCRIPTIVE NONVERBAL,MULTI-ROLE VO
audio/units/mutalisk/canonical/411f016b931d821d__Mutalisk_What5.ogg,Mutalisk selection vocalization,SC2 • DESCRIPTIVE NONVERBAL,MULTI-ROLE VO
audio/units/mutalisk/canonical/5e03d19f43c749a1__Mutalisk_Ready0.ogg,Mutalisk movement vocalization,SC2 • DESCRIPTIVE NONVERBAL,MOVE / ACTIVATE VO
audio/units/mutalisk/canonical/7901f3438f2fc76f__Mutalisk_What2.ogg,Mutalisk selection vocalization,SC2 • DESCRIPTIVE NONVERBAL,MULTI-ROLE VO
audio/units/mutalisk/canonical/7d45a1c5fa8968f6__Mutalisk_Ready1.ogg,Mutalisk movement vocalization,SC2 • DESCRIPTIVE NONVERBAL,MOVE / ACTIVATE VO
audio/units/mutalisk/canonical/b4b309a2bf9afb3e__Mutalisk_Attack00.ogg,Mutalisk attack vocalization,SC2 • DESCRIPTIVE NONVERBAL,ATTACK VO
audio/units/mutalisk/canonical/b797eeebc5f23cfb__Mutalisk_Attack02.ogg,Mutalisk attack vocalization,SC2 • DESCRIPTIVE NONVERBAL,ATTACK VO
audio/units/mutalisk/canonical/c891fd0f08c02346__Mutalisk_Attack03.ogg,Mutalisk attack vocalization,SC2 • DESCRIPTIVE NONVERBAL,ATTACK VO
audio/units/mutalisk/canonical/d0f17521d23cbaa1__Mutalisk_Ready3.ogg,Mutalisk movement vocalization,SC2 • DESCRIPTIVE NONVERBAL,MOVE / ACTIVATE VO
audio/units/mutalisk/canonical/e83864685b3dab0e__Mutalisk_What1.ogg,Mutalisk selection vocalization,SC2 • DESCRIPTIVE NONVERBAL,MULTI-ROLE VO
audio/units/mutalisk/canonical/f6277fd97c022aed__Mutalisk_What6.ogg,Mutalisk selection vocalization,SC2 • DESCRIPTIVE NONVERBAL,MULTI-ROLE VO
audio/units/mutalisk/canonical/f6bbb89f563dab48__Mutalisk_Yes00.ogg,Mutalisk movement vocalization,SC2 • DESCRIPTIVE NONVERBAL,MOVE / ACTIVATE VO
audio/units/mutalisk/death/Mutalisk_Death0.wav,Mutalisk death sound,SC2 • DESCRIPTIVE NONVERBAL,DEATH VO
audio/units/mutalisk/death/Mutalisk_Death1.wav,Mutalisk death sound,SC2 • DESCRIPTIVE NONVERBAL,DEATH VO
audio/units/mutalisk/deploy_move/Mutalisk_Yes01.ogg,Mutalisk movement vocalization,SC2 • DESCRIPTIVE NONVERBAL,MOVE / ACTIVATE VO
audio/units/mutalisk/deploy_move/Mutalisk_Yes02.ogg,Mutalisk movement vocalization,SC2 • DESCRIPTIVE NONVERBAL,MOVE / ACTIVATE VO
audio/units/mutalisk/deploy_move/Mutalisk_Yes03.ogg,Mutalisk movement vocalization,SC2 • DESCRIPTIVE NONVERBAL,MOVE / ACTIVATE VO
audio/units/mutalisk/deploy_move/Mutalisk_Yes04.ogg,Mutalisk movement vocalization,SC2 • DESCRIPTIVE NONVERBAL,MOVE / ACTIVATE VO
audio/units/mutalisk/deploy_move/Mutalisk_Yes05.ogg,Mutalisk movement vocalization,SC2 • DESCRIPTIVE NONVERBAL,MOVE / ACTIVATE VO
audio/units/mutalisk/deploy_move/Mutalisk_Yes06.ogg,Mutalisk movement vocalization,SC2 • DESCRIPTIVE NONVERBAL,MOVE / ACTIVATE VO
audio/units/mutalisk/deploy_move/Mutalisk_Yes07.ogg,Mutalisk movement vocalization,SC2 • DESCRIPTIVE NONVERBAL,MOVE / ACTIVATE VO
audio/units/mutalisk/deploy_move/Mutalisk_Yes08.ogg,Mutalisk movement vocalization,SC2 • DESCRIPTIVE NONVERBAL,MOVE / ACTIVATE VO
audio/units/mutalisk/deploy_move/Mutalisk_Yes09.ogg,Mutalisk movement vocalization,SC2 • DESCRIPTIVE NONVERBAL,MOVE / ACTIVATE VO
audio/units/mutalisk/deploy_move/Mutalisk_Yes10.ogg,Mutalisk movement vocalization,SC2 • DESCRIPTIVE NONVERBAL,MOVE / ACTIVATE VO
audio/units/nova/attack/Nova_Attack00.ogg,Preparing to terminate.,SC2 • VERIFIED DIALOGUE,ATTACK VO
audio/units/nova/attack/Nova_Attack01.ogg,Engaging the enemy.,SC2 • VERIFIED DIALOGUE,ATTACK VO
audio/units/nova/attack/Nova_Attack02.ogg,On the offensive.,SC2 • VERIFIED DIALOGUE,ATTACK VO
audio/units/nova/attack/Nova_Attack03.ogg,Advancing on target.,SC2 • VERIFIED DIALOGUE,ATTACK VO
audio/units/nova/attack/Nova_Attack04.ogg,They won't see me coming.,SC2 • VERIFIED DIALOGUE,ATTACK VO
audio/units/nova/attack/Nova_Attack05.ogg,Initiating assault.,SC2 • VERIFIED DIALOGUE,ATTACK VO
audio/units/nova/canonical/0706ba1abb1cb3ab__Nova_Death02.wav,Death voice 01,SC2 • DESCRIPTIVE NONVERBAL,DEATH VO
audio/units/nova/death/Nova_Death03.wav,Death voice 04,SC2 • DESCRIPTIVE NONVERBAL,DEATH VO
audio/units/nova/death/Nova_Death04.wav,Death voice 05,SC2 • DESCRIPTIVE NONVERBAL,DEATH VO
audio/units/nova/death/Nova_Death05.wav,Death voice 06,SC2,DEATH VO
audio/units/nova/death/Nova_Death06.wav,Death voice 07,SC2,DEATH VO
audio/units/nova/deploy_move/Nova_What04.ogg,Status report.,SC2 • VERIFIED DIALOGUE,MOVE / ACTIVATE VO
audio/units/nova/deploy_move/Nova_Yes00.ogg,Strictly business.,SC2 • VERIFIED DIALOGUE,MOVE / ACTIVATE VO
audio/units/nova/deploy_move/Nova_Yes01.ogg,Acknowledged.,SC2 • VERIFIED DIALOGUE,MOVE / ACTIVATE VO
audio/units/nova/deploy_move/Nova_Yes02.ogg,Move / order response 03,SC2,MOVE / ACTIVATE VO
audio/units/nova/deploy_move/Nova_Yes03.ogg,Got it.,SC2 • VERIFIED DIALOGUE,MOVE / ACTIVATE VO
audio/units/nova/deploy_move/Nova_Yes04.ogg,Loud and clear.,SC2 • VERIFIED DIALOGUE,MOVE / ACTIVATE VO
audio/units/nova/deploy_move/Nova_Yes05.ogg,On the move.,SC2 • VERIFIED DIALOGUE,MOVE / ACTIVATE VO
audio/units/nova/deploy_move/Nova_Yes06.ogg,I'll make it happen.,SC2 • VERIFIED DIALOGUE,MOVE / ACTIVATE VO
audio/units/nova/deploy_move/Nova_Yes07.ogg,Executing.,SC2 • VERIFIED DIALOGUE,MOVE / ACTIVATE VO
audio/units/nova/deploy_move/Nova_Yes08.ogg,Consider it done.,SC2 • VERIFIED DIALOGUE,MOVE / ACTIVATE VO
audio/units/observer/canonical/332fbec01d8402e1__Observer_Ready01.ogg,Observer movement vocalization,SC2 • DESCRIPTIVE NONVERBAL,MOVE / ACTIVATE VO
audio/units/observer/canonical/3bda8bc79b282135__Observer_What01.ogg,Observer movement vocalization,SC2 • DESCRIPTIVE NONVERBAL,MOVE / ACTIVATE VO
audio/units/observer/canonical/6fb811e602c1d87d__Observer_What00.ogg,Observer movement vocalization,SC2 • DESCRIPTIVE NONVERBAL,MOVE / ACTIVATE VO
audio/units/observer/canonical/c6ef5e2a3f88ad77__Observer_Ready00.ogg,Observer movement vocalization,SC2 • DESCRIPTIVE NONVERBAL,MOVE / ACTIVATE VO
audio/units/observer/chatter/Observer_Pissed00.ogg,Observer selection vocalization,SC2 • DESCRIPTIVE NONVERBAL,CHATTER
audio/units/observer/chatter/Observer_Pissed01.ogg,Observer selection vocalization,SC2 • DESCRIPTIVE NONVERBAL,CHATTER
audio/units/observer/chatter/Observer_Pissed02.ogg,Observer selection vocalization,SC2 • DESCRIPTIVE NONVERBAL,CHATTER
audio/units/observer/chatter/Observer_Pissed03.ogg,Observer selection vocalization,SC2 • DESCRIPTIVE NONVERBAL,CHATTER
audio/units/observer/chatter/Observer_Pissed04.ogg,Observer selection vocalization,SC2 • DESCRIPTIVE NONVERBAL,CHATTER
audio/units/observer/deploy_move/Observer_What02.ogg,Observer movement vocalization,SC2 • DESCRIPTIVE NONVERBAL,MOVE / ACTIVATE VO
audio/units/observer/deploy_move/Observer_What03.ogg,Observer movement vocalization,SC2 • DESCRIPTIVE NONVERBAL,MOVE / ACTIVATE VO
audio/units/observer/deploy_move/Observer_What04.ogg,Observer movement vocalization,SC2 • DESCRIPTIVE NONVERBAL,MOVE / ACTIVATE VO
audio/units/observer/deploy_move/Observer_Yes00.ogg,Observer movement vocalization,SC2 • DESCRIPTIVE NONVERBAL,MOVE / ACTIVATE VO
audio/units/observer/deploy_move/Observer_Yes01.ogg,Observer movement vocalization,SC2 • DESCRIPTIVE NONVERBAL,MOVE / ACTIVATE VO
audio/units/observer/deploy_move/Observer_Yes02.ogg,Observer movement vocalization,SC2 • DESCRIPTIVE NONVERBAL,MOVE / ACTIVATE VO
audio/units/observer/deploy_move/Observer_Yes03.ogg,Observer movement vocalization,SC2 • DESCRIPTIVE NONVERBAL,MOVE / ACTIVATE VO
audio/units/observer/deploy_move/Observer_Yes04.ogg,Observer movement vocalization,SC2 • DESCRIPTIVE NONVERBAL,MOVE / ACTIVATE VO
audio/units/observer/deploy_move/Observer_Yes05.ogg,Observer movement vocalization,SC2 • DESCRIPTIVE NONVERBAL,MOVE / ACTIVATE VO
audio/units/observer/deploy_move/Observer_Yes06.ogg,Observer movement vocalization,SC2 • DESCRIPTIVE NONVERBAL,MOVE / ACTIVATE VO
audio/units/oracle/canonical/054867e93a6622de__zVO_ProtossOracle_ProtossFlyingCaster_006.ogg,Ready / selection 02,SC2 • GAME-DATA VERIFIED BANK,MOVE / ACTIVATE VO
audio/units/oracle/canonical/0b1b69eb6c83fec8__zVO_ProtossOracle_ProtossFlyingCaster_019.ogg,Attack / order response 06,SC2 • GAME-DATA VERIFIED BANK,MULTI-ROLE VO
audio/units/oracle/canonical/0e8bee3a0966afe2__zVO_ProtossOracle_ProtossFlyingCaster_026.ogg,Annoyed / repeated selection 02,SC2 • GAME-DATA VERIFIED BANK,PORTRAIT / VOICE
audio/units/oracle/canonical/0fd96bd98a656547__zVO_ProtossOracle_ProtossFlyingCaster_008.ogg,Selection response 02,SC2 • GAME-DATA VERIFIED BANK,MOVE / ACTIVATE VO
audio/units/oracle/canonical/1f2a0c06a3f49e7f__zVO_ProtossOracle_ProtossFlyingCaster_027.ogg,Annoyed / repeated selection 03,SC2 • GAME-DATA VERIFIED BANK,PORTRAIT / VOICE
audio/units/oracle/canonical/292f340224445e62__zVO_ProtossOracle_ProtossFlyingCaster_024.ogg,Death voice 01,SC2 • DESCRIPTIVE NONVERBAL,DEATH VO
audio/units/oracle/canonical/2ecbcdb40ecdce28__zVO_ProtossOracle_ProtossFlyingCaster_032.ogg,Annoyed / repeated selection 08,SC2 • GAME-DATA VERIFIED BANK,PORTRAIT / VOICE
audio/units/oracle/canonical/3bca2a7dede457dc__zVO_ProtossOracle_ProtossFlyingCaster_012.ogg,Selection response 06,SC2 • GAME-DATA VERIFIED BANK,MOVE / ACTIVATE VO
audio/units/oracle/canonical/4ef2f8836aed216e__zVO_ProtossOracle_ProtossFlyingCaster_031.ogg,Annoyed / repeated selection 07,SC2 • GAME-DATA VERIFIED BANK,PORTRAIT / VOICE
audio/units/oracle/canonical/551ff5709aee69d0__zVO_ProtossOracle_ProtossFlyingCaster_018.ogg,Attack / order response 05,SC2 • GAME-DATA VERIFIED BANK,MULTI-ROLE VO
audio/units/oracle/canonical/598e17fef0b871b0__zVO_ProtossOracle_ProtossFlyingCaster_025.ogg,Annoyed / repeated selection 01,SC2 • GAME-DATA VERIFIED BANK,PORTRAIT / VOICE
audio/units/oracle/canonical/5d18b78ddf1d8c32__zVO_ProtossOracle_ProtossFlyingCaster_016.ogg,Attack / order response 03,SC2 • GAME-DATA VERIFIED BANK,MULTI-ROLE VO
audio/units/oracle/canonical/6af2eaf51afd9760__zVO_ProtossOracle_ProtossFlyingCaster_010.ogg,Selection response 04,SC2 • GAME-DATA VERIFIED BANK,MOVE / ACTIVATE VO
audio/units/oracle/canonical/73ed833459d51972__zVO_ProtossOracle_ProtossFlyingCaster_015.ogg,Attack / order response 02,SC2 • GAME-DATA VERIFIED BANK,MULTI-ROLE VO
audio/units/oracle/canonical/76c27aca297391a3__zVO_ProtossOracle_ProtossFlyingCaster_014.ogg,Attack / order response 01,SC2 • GAME-DATA VERIFIED BANK,MULTI-ROLE VO
audio/units/oracle/canonical/80533a2b03b64843__zVO_ProtossOracle_ProtossFlyingCaster_029.ogg,Annoyed / repeated selection 05,SC2 • GAME-DATA VERIFIED BANK,PORTRAIT / VOICE
audio/units/oracle/canonical/96b67d5965c3d4ff__zVO_ProtossOracle_ProtossFlyingCaster_013.ogg,Selection response 07,SC2 • GAME-DATA VERIFIED BANK,MOVE / ACTIVATE VO
audio/units/oracle/canonical/a7ae45b20f703938__zVO_ProtossOracle_ProtossFlyingCaster_020.ogg,Attack / order response 07,SC2 • GAME-DATA VERIFIED BANK,MULTI-ROLE VO
audio/units/oracle/canonical/b2208f000dc96279__zVO_ProtossOracle_ProtossFlyingCaster_034.ogg,Annoyed / repeated selection 09,SC2 • GAME-DATA VERIFIED BANK,PORTRAIT / VOICE
audio/units/oracle/canonical/b4d92a7bc5b68939__zVO_ProtossOracle_ProtossFlyingCaster_017.ogg,Attack / order response 04,SC2 • GAME-DATA VERIFIED BANK,MULTI-ROLE VO
audio/units/oracle/canonical/daa78e1729b60b35__zVO_ProtossOracle_ProtossFlyingCaster_028.ogg,Annoyed / repeated selection 04,SC2 • GAME-DATA VERIFIED BANK,PORTRAIT / VOICE
audio/units/oracle/canonical/dad58ebd58545e67__zVO_ProtossOracle_ProtossFlyingCaster_009.ogg,Selection response 03,SC2 • GAME-DATA VERIFIED BANK,MOVE / ACTIVATE VO
audio/units/oracle/canonical/dd7231b819003a9a__zVO_ProtossOracle_ProtossFlyingCaster_011.ogg,Selection response 05,SC2 • GAME-DATA VERIFIED BANK,MOVE / ACTIVATE VO
audio/units/oracle/canonical/e7a26f0768c1e3b6__zVO_ProtossOracle_ProtossFlyingCaster_030.ogg,Annoyed / repeated selection 06,SC2 • GAME-DATA VERIFIED BANK,PORTRAIT / VOICE
audio/units/oracle/canonical/ea2ffba2ee212792__zVO_ProtossOracle_ProtossFlyingCaster_007.ogg,Selection response 01,SC2 • GAME-DATA VERIFIED BANK,MOVE / ACTIVATE VO
audio/units/oracle/canonical/eeb1b26843f5b2f5__zVO_ProtossOracle_ProtossFlyingCaster_005.ogg,Ready / selection 01,SC2 • GAME-DATA VERIFIED BANK,MOVE / ACTIVATE VO
audio/units/oracle/canonical/f19e549e7d11ab88__zVO_ProtossOracle_ProtossFlyingCaster_021.ogg,Attack / order response 08,SC2 • GAME-DATA VERIFIED BANK,MULTI-ROLE VO
audio/units/overlord/canonical/089ed882fe3e3862__Overlord_What6.ogg,Overlord movement vocalization,SC2 • DESCRIPTIVE NONVERBAL,MOVE / ACTIVATE VO
audio/units/overlord/canonical/25525383c0c7c040__Overlord_What7.ogg,Overlord movement vocalization,SC2 • DESCRIPTIVE NONVERBAL,MOVE / ACTIVATE VO
audio/units/overlord/canonical/28870814a8a46efd__Overlord_What3.ogg,Overlord movement vocalization,SC2 • DESCRIPTIVE NONVERBAL,MOVE / ACTIVATE VO
audio/units/overlord/canonical/411a6f7d7a9084a1__Overlord_What4.ogg,Overlord movement vocalization,SC2 • DESCRIPTIVE NONVERBAL,MOVE / ACTIVATE VO
audio/units/overlord/canonical/4b245a6ca6a91ff6__Overlord_Death2.wav,Overlord death sound,SC2 • DESCRIPTIVE NONVERBAL,DEATH VO
audio/units/overlord/canonical/6a7edce1da4904c4__Overlord_Death1.wav,Overlord death sound,SC2 • DESCRIPTIVE NONVERBAL,DEATH VO
audio/units/overlord/canonical/6b747c53402854fa__Overlord_What2.ogg,Overlord movement vocalization,SC2 • DESCRIPTIVE NONVERBAL,MOVE / ACTIVATE VO
audio/units/overlord/canonical/6d5297797fa76865__Overlord_Ready0.ogg,Overlord movement vocalization,SC2 • DESCRIPTIVE NONVERBAL,MOVE / ACTIVATE VO
audio/units/overlord/canonical/73aae6c657e4ac1a__Overlord_Ready1.ogg,Overlord movement vocalization,SC2 • DESCRIPTIVE NONVERBAL,MOVE / ACTIVATE VO
audio/units/overlord/canonical/7d0ea308b8834dfc__Overlord_What8.ogg,Overlord movement vocalization,SC2 • DESCRIPTIVE NONVERBAL,MOVE / ACTIVATE VO
audio/units/overlord/canonical/be10564ea4821cc0__Overlord_What0.ogg,Overlord selection vocalization,SC2 • DESCRIPTIVE NONVERBAL,MULTI-ROLE VO
audio/units/overlord/canonical/da0096d78aa31d15__Overlord_What5.ogg,Overlord movement vocalization,SC2 • DESCRIPTIVE NONVERBAL,MOVE / ACTIVATE VO
audio/units/overlord/canonical/e9a771b48f1117dd__Overlord_What1.ogg,Overlord selection vocalization,SC2 • DESCRIPTIVE NONVERBAL,MULTI-ROLE VO
audio/units/overlord/canonical/ee3a14eb95cacedf__Overlord_Death0.wav,Overlord death sound,SC2 • DESCRIPTIVE NONVERBAL,DEATH VO
audio/units/overlord/death/Overlord_Death3.wav,Overlord death sound,SC2 • DESCRIPTIVE NONVERBAL,DEATH VO
audio/units/overlord/death/Overlord_Death4.wav,Overlord death sound,SC2 • DESCRIPTIVE NONVERBAL,DEATH VO
audio/units/overlord/death/Overlord_Death5.wav,Overlord death sound,SC2 • DESCRIPTIVE NONVERBAL,DEATH VO
audio/units/overlord/death/Overlord_Death6.wav,Overlord death sound,SC2 • DESCRIPTIVE NONVERBAL,DEATH VO
audio/units/overlord/deploy_move/Overlord_Yes0.ogg,Overlord movement vocalization,SC2 • DESCRIPTIVE NONVERBAL,MOVE / ACTIVATE VO
audio/units/overlord/deploy_move/Overlord_Yes1.ogg,Overlord movement vocalization,SC2 • DESCRIPTIVE NONVERBAL,MOVE / ACTIVATE VO
audio/units/overlord/deploy_move/Overlord_Yes2.ogg,Overlord movement vocalization,SC2 • DESCRIPTIVE NONVERBAL,MOVE / ACTIVATE VO
audio/units/overlord/deploy_move/Overlord_Yes3.ogg,Overlord movement vocalization,SC2 • DESCRIPTIVE NONVERBAL,MOVE / ACTIVATE VO
audio/units/overlord/deploy_move/Overlord_Yes4.ogg,Overlord movement vocalization,SC2 • DESCRIPTIVE NONVERBAL,MOVE / ACTIVATE VO
audio/units/overlord/deploy_move/Overlord_Yes5.ogg,Overlord movement vocalization,SC2 • DESCRIPTIVE NONVERBAL,MOVE / ACTIVATE VO
audio/units/overlord/deploy_move/Overlord_Yes6.ogg,Overlord movement vocalization,SC2 • DESCRIPTIVE NONVERBAL,MOVE / ACTIVATE VO
audio/units/overlord/deploy_move/Overlord_Yes7.ogg,Overlord movement vocalization,SC2 • DESCRIPTIVE NONVERBAL,MOVE / ACTIVATE VO
audio/units/overlord/deploy_move/Overlord_Yes8.ogg,Overlord movement vocalization,SC2 • DESCRIPTIVE NONVERBAL,MOVE / ACTIVATE VO
audio/units/overlord/deploy_move/Overlord_Yes9.ogg,Overlord movement vocalization,SC2 • DESCRIPTIVE NONVERBAL,MOVE / ACTIVATE VO
audio/units/overseer/canonical/16882ec924b0bda9__Overseer_What0.ogg,Overseer selection vocalization,SC2 • DESCRIPTIVE NONVERBAL,MULTI-ROLE VO
audio/units/overseer/canonical/2c461eede2543480__Overseer_Ready0.ogg,Overseer movement vocalization,SC2 • DESCRIPTIVE NONVERBAL,MOVE / ACTIVATE VO
audio/units/overseer/canonical/4ae6d37ae6d02aca__Overseer_What2.ogg,Overseer movement vocalization,SC2 • DESCRIPTIVE NONVERBAL,MOVE / ACTIVATE VO
audio/units/overseer/canonical/7adaec42755c356d__Overseer_Death0.wav,Overseer death sound,SC2 • DESCRIPTIVE NONVERBAL,DEATH VO
audio/units/overseer/canonical/84ee24c6f1bcb40e__Overseer_What5.ogg,Overseer movement vocalization,SC2 • DESCRIPTIVE NONVERBAL,MOVE / ACTIVATE VO
audio/units/overseer/canonical/a3581c59a3ea10ed__Overseer_What3.ogg,Overseer movement vocalization,SC2 • DESCRIPTIVE NONVERBAL,MOVE / ACTIVATE VO
audio/units/overseer/canonical/d000d9e1870f1a19__Overseer_What4.ogg,Overseer movement vocalization,SC2 • DESCRIPTIVE NONVERBAL,MOVE / ACTIVATE VO
audio/units/overseer/canonical/d9e4b60ebc1fa1fe__Overseer_What1.ogg,Overseer movement vocalization,SC2 • DESCRIPTIVE NONVERBAL,MOVE / ACTIVATE VO
audio/units/overseer/death/Overseer_Death1.wav,Overseer death sound,SC2 • DESCRIPTIVE NONVERBAL,DEATH VO
audio/units/overseer/death/Overseer_Death2.wav,Overseer death sound,SC2 • DESCRIPTIVE NONVERBAL,DEATH VO
audio/units/overseer/death/Overseer_Death3.wav,Overseer death sound,SC2 • DESCRIPTIVE NONVERBAL,DEATH VO
audio/units/overseer/death/Overseer_Death4.wav,Overseer death sound,SC2 • DESCRIPTIVE NONVERBAL,DEATH VO
audio/units/overseer/deploy_move/Overseer_What6.ogg,Overseer movement vocalization,SC2 • DESCRIPTIVE NONVERBAL,MOVE / ACTIVATE VO
audio/units/overseer/deploy_move/Overseer_Yes0.ogg,Overseer movement vocalization,SC2 • DESCRIPTIVE NONVERBAL,MOVE / ACTIVATE VO
audio/units/overseer/deploy_move/Overseer_Yes1.ogg,Overseer movement vocalization,SC2 • DESCRIPTIVE NONVERBAL,MOVE / ACTIVATE VO
audio/units/overseer/deploy_move/Overseer_Yes2.ogg,Overseer movement vocalization,SC2 • DESCRIPTIVE NONVERBAL,MOVE / ACTIVATE VO
audio/units/overseer/deploy_move/Overseer_Yes3.ogg,Overseer movement vocalization,SC2 • DESCRIPTIVE NONVERBAL,MOVE / ACTIVATE VO
audio/units/overseer/deploy_move/Overseer_Yes4.ogg,Overseer movement vocalization,SC2 • DESCRIPTIVE NONVERBAL,MOVE / ACTIVATE VO
audio/units/overseer/deploy_move/Overseer_Yes5.ogg,Overseer movement vocalization,SC2 • DESCRIPTIVE NONVERBAL,MOVE / ACTIVATE VO
audio/units/overseer/deploy_move/Overseer_Yes6.ogg,Overseer movement vocalization,SC2 • DESCRIPTIVE NONVERBAL,MOVE / ACTIVATE VO
audio/units/overseer/deploy_move/Overseer_Yes7.ogg,Overseer movement vocalization,SC2 • DESCRIPTIVE NONVERBAL,MOVE / ACTIVATE VO
audio/units/overseer/deploy_move/Overseer_Yes8.ogg,Overseer movement vocalization,SC2 • DESCRIPTIVE NONVERBAL,MOVE / ACTIVATE VO
audio/units/phoenix/attack/Phoenix_Attack00.ogg,I soar to victory!,SC2 • VERIFIED DIALOGUE,ATTACK VO
audio/units/phoenix/attack/Phoenix_Attack01.ogg,Attack voice 02,SC2,ATTACK VO
audio/units/phoenix/attack/Phoenix_Attack02.ogg,Rock the door.,SC2 • VERIFIED DIALOGUE,ATTACK VO
audio/units/phoenix/attack/Phoenix_Attack03.ogg,None shall escape.,SC2 • VERIFIED DIALOGUE,ATTACK VO
audio/units/phoenix/attack/Phoenix_Attack04.ogg,I will prevail.,SC2 • VERIFIED DIALOGUE,ATTACK VO
audio/units/phoenix/attack/Phoenix_Attack05.ogg,Strike!,SC2 • VERIFIED DIALOGUE,ATTACK VO
audio/units/phoenix/attack/Phoenix_Attack06.ogg,Our dominance is unquestioned.,SC2 • VERIFIED DIALOGUE,ATTACK VO
audio/units/phoenix/canonical/301ec0ec59de8eb6__Phoenix_Ready00.ogg,Ready / selection 01,SC2 • GAME-DATA VERIFIED BANK,MOVE / ACTIVATE VO
audio/units/phoenix/canonical/4554bdd1efd21f74__Phoenix_What02.ogg,Selection response 03,SC2 • GAME-DATA VERIFIED BANK,MOVE / ACTIVATE VO
audio/units/phoenix/canonical/4684cd17eb07b4e9__Phoenix_What00.ogg,Selection response 01,SC2 • GAME-DATA VERIFIED BANK,MOVE / ACTIVATE VO
audio/units/phoenix/canonical/6ed01f1bdbcb5583__Phoenix_What03.ogg,Selection response 04,SC2 • GAME-DATA VERIFIED BANK,MOVE / ACTIVATE VO
audio/units/phoenix/canonical/fe208960cbae34b6__Phoenix_What01.ogg,Selection response 02,SC2 • GAME-DATA VERIFIED BANK,MOVE / ACTIVATE VO
audio/units/phoenix/death/PhoenixDeath1.wav,Death voice 02,SC2,DEATH VO
audio/units/phoenix/deploy_move/Phoenix_What04.ogg,Wolffield Online,SC2 • VERIFIED DIALOGUE,MOVE / ACTIVATE VO
audio/units/phoenix/deploy_move/Phoenix_What05.ogg,I am eager to strike.,SC2 • VERIFIED DIALOGUE,MOVE / ACTIVATE VO
audio/units/phoenix/deploy_move/Phoenix_What06.ogg,ZERAVEC CRYOR,SC2 • VERIFIED DIALOGUE,MOVE / ACTIVATE VO
audio/units/phoenix/deploy_move/Phoenix_Yes00.ogg,Understood.,SC2 • VERIFIED DIALOGUE,MOVE / ACTIVATE VO
audio/units/phoenix/deploy_move/Phoenix_Yes01.ogg,on the wings of justice,SC2 • VERIFIED DIALOGUE,MOVE / ACTIVATE VO
audio/units/phoenix/deploy_move/Phoenix_Yes02.ogg,Move / order response 03,SC2,MOVE / ACTIVATE VO
audio/units/phoenix/deploy_move/Phoenix_Yes03.ogg,For honor.,SC2 • VERIFIED DIALOGUE,MOVE / ACTIVATE VO
audio/units/phoenix/deploy_move/Phoenix_Yes04.ogg,I stalk through the stars.,SC2 • VERIFIED DIALOGUE,MOVE / ACTIVATE VO
audio/units/phoenix/deploy_move/Phoenix_Yes05.ogg,I will comply.,SC2 • VERIFIED DIALOGUE,MOVE / ACTIVATE VO
audio/units/phoenix/deploy_move/Phoenix_Yes06.ogg,Move / order response 07,SC2,MOVE / ACTIVATE VO
audio/units/probe/death/Probe_Death0.wav,Death voice 01,SC2,DEATH VO
audio/units/probe/deploy_move/Probe_Ready0.ogg,Ready / selection 01,SC2,MOVE / ACTIVATE VO
audio/units/probe/deploy_move/Probe_Ready1.ogg,Ready / selection 02,SC2,MOVE / ACTIVATE VO
audio/units/probe/deploy_move/Probe_What0.ogg,Selection response 01,SC2,MOVE / ACTIVATE VO
audio/units/probe/deploy_move/Probe_What1.ogg,Selection response 02,SC2,MOVE / ACTIVATE VO
audio/units/probe/deploy_move/Probe_What2.ogg,Selection response 03,SC2,MOVE / ACTIVATE VO
audio/units/probe/deploy_move/Probe_Yes0.ogg,Move / order response 01,SC2,MOVE / ACTIVATE VO
audio/units/probe/deploy_move/Probe_Yes1.ogg,Move / order response 02,SC2,MOVE / ACTIVATE VO
audio/units/probe/deploy_move/Probe_Yes2.ogg,Move / order response 03,SC2,MOVE / ACTIVATE VO
audio/units/probe/deploy_move/Probe_Yes3.ogg,Move / order response 04,SC2,MOVE / ACTIVATE VO
audio/units/queen/attack/Queen_Attack0.ogg,Queen attack vocalization,SC2 • DESCRIPTIVE NONVERBAL,ATTACK VO
audio/units/queen/attack/Queen_Attack1.ogg,Queen attack vocalization,SC2 • DESCRIPTIVE NONVERBAL,ATTACK VO
audio/units/queen/attack/Queen_Attack2.ogg,Queen attack vocalization,SC2 • DESCRIPTIVE NONVERBAL,ATTACK VO
audio/units/queen/attack/Queen_Attack3.ogg,Queen attack vocalization,SC2 • DESCRIPTIVE NONVERBAL,ATTACK VO
audio/units/queen/attack/Queen_Attack4.ogg,Queen attack vocalization,SC2 • DESCRIPTIVE NONVERBAL,ATTACK VO
audio/units/queen/attack/Queen_Attack5.ogg,Queen attack vocalization,SC2 • DESCRIPTIVE NONVERBAL,ATTACK VO
audio/units/queen/attack/Queen_Attack6.ogg,Queen attack vocalization,SC2 • DESCRIPTIVE NONVERBAL,ATTACK VO
audio/units/queen/attack/Queen_Attack7.ogg,Queen attack vocalization,SC2 • DESCRIPTIVE NONVERBAL,ATTACK VO
audio/units/queen/attack/Queen_Attack8.ogg,Queen attack vocalization,SC2 • DESCRIPTIVE NONVERBAL,ATTACK VO
audio/units/queen/attack/Queen_Attack9.ogg,Queen attack vocalization,SC2 • DESCRIPTIVE NONVERBAL,ATTACK VO
audio/units/queen/chatter/Queen_Ready0.ogg,Queen movement vocalization,SC2 • DESCRIPTIVE NONVERBAL,MOVE / ACTIVATE VO
audio/units/queen/chatter/Queen_What0.ogg,Queen movement vocalization,SC2 • DESCRIPTIVE NONVERBAL,MOVE / ACTIVATE VO
audio/units/queen/death/Queen_Death0.wav,Queen death sound,SC2 • DESCRIPTIVE NONVERBAL,DEATH VO
audio/units/queen/death/Queen_Death1.wav,Queen death sound,SC2 • DESCRIPTIVE NONVERBAL,DEATH VO
audio/units/queen/death/Queen_Death2.wav,Queen death sound,SC2 • DESCRIPTIVE NONVERBAL,DEATH VO
audio/units/queen/deploy_move/Queen_What1.ogg,Queen movement vocalization,SC2 • DESCRIPTIVE NONVERBAL,MOVE / ACTIVATE VO
audio/units/queen/deploy_move/Queen_What2.ogg,Queen movement vocalization,SC2 • DESCRIPTIVE NONVERBAL,MOVE / ACTIVATE VO
audio/units/queen/deploy_move/Queen_What3.ogg,Queen movement vocalization,SC2 • DESCRIPTIVE NONVERBAL,MOVE / ACTIVATE VO
audio/units/queen/deploy_move/Queen_What4.ogg,Queen movement vocalization,SC2 • DESCRIPTIVE NONVERBAL,MOVE / ACTIVATE VO
audio/units/queen/deploy_move/Queen_What5.ogg,Queen movement vocalization,SC2 • DESCRIPTIVE NONVERBAL,MOVE / ACTIVATE VO
audio/units/queen/deploy_move/Queen_What6.ogg,Queen movement vocalization,SC2 • DESCRIPTIVE NONVERBAL,MOVE / ACTIVATE VO
audio/units/queen/deploy_move/Queen_What7.ogg,Queen movement vocalization,SC2 • DESCRIPTIVE NONVERBAL,MOVE / ACTIVATE VO
audio/units/queen/deploy_move/Queen_Yes0.ogg,Queen movement vocalization,SC2 • DESCRIPTIVE NONVERBAL,MOVE / ACTIVATE VO
audio/units/queen/deploy_move/Queen_Yes1.ogg,Queen movement vocalization,SC2 • DESCRIPTIVE NONVERBAL,MOVE / ACTIVATE VO
audio/units/queen/deploy_move/Queen_Yes2.ogg,Queen movement vocalization,SC2 • DESCRIPTIVE NONVERBAL,MOVE / ACTIVATE VO
audio/units/queen/deploy_move/Queen_Yes3.ogg,Queen movement vocalization,SC2 • DESCRIPTIVE NONVERBAL,MOVE / ACTIVATE VO
audio/units/queen/deploy_move/Queen_Yes4.ogg,Queen movement vocalization,SC2 • DESCRIPTIVE NONVERBAL,MOVE / ACTIVATE VO
audio/units/queen/deploy_move/Queen_Yes5.ogg,Queen movement vocalization,SC2 • DESCRIPTIVE NONVERBAL,MOVE / ACTIVATE VO
audio/units/queen/deploy_move/Queen_Yes6.ogg,Queen movement vocalization,SC2 • DESCRIPTIVE NONVERBAL,MOVE / ACTIVATE VO
audio/units/queen/deploy_move/Queen_Yes7.ogg,Queen movement vocalization,SC2 • DESCRIPTIVE NONVERBAL,MOVE / ACTIVATE VO
audio/units/queen/deploy_move/Queen_Yes8.ogg,Queen movement vocalization,SC2 • DESCRIPTIVE NONVERBAL,MOVE / ACTIVATE VO
audio/units/ravager/attack/Ravager_Vox_Attack01.ogg,Ravager attack vocalization,SC2 • DESCRIPTIVE NONVERBAL,ATTACK VO
audio/units/ravager/attack/Ravager_Vox_Attack02.ogg,Ravager attack vocalization,SC2 • DESCRIPTIVE NONVERBAL,ATTACK VO
audio/units/ravager/attack/Ravager_Vox_Attack03.ogg,Ravager attack vocalization,SC2 • DESCRIPTIVE NONVERBAL,ATTACK VO
audio/units/ravager/attack/Ravager_Vox_Attack04.ogg,Ravager attack vocalization,SC2 • DESCRIPTIVE NONVERBAL,ATTACK VO
audio/units/ravager/attack/Ravager_Vox_Attack05.ogg,Ravager attack vocalization,SC2 • DESCRIPTIVE NONVERBAL,ATTACK VO
audio/units/ravager/attack/Ravager_Vox_Attack06.ogg,Ravager attack vocalization,SC2 • DESCRIPTIVE NONVERBAL,ATTACK VO
audio/units/ravager/attack/Ravager_Vox_Attack07.ogg,Ravager attack vocalization,SC2 • DESCRIPTIVE NONVERBAL,ATTACK VO
audio/units/ravager/attack/Ravager_Vox_Attack08.ogg,Ravager attack vocalization,SC2 • DESCRIPTIVE NONVERBAL,ATTACK VO
audio/units/ravager/attack/Ravager_Vox_Attack09.ogg,Ravager attack vocalization,SC2 • DESCRIPTIVE NONVERBAL,ATTACK VO
audio/units/ravager/canonical/4b7ce0fad57060fd__Ravager_Vox_Death01.wav,Ravager death sound,SC2 • DESCRIPTIVE NONVERBAL,DEATH VO
audio/units/ravager/canonical/50ae460ca5a7ed4e__Ravager_Vox_Ok05.wav,Ravager movement vocalization,SC2 • DESCRIPTIVE NONVERBAL,MOVE / ACTIVATE VO
audio/units/ravager/canonical/942c6e3dd4051aca__Ravager_Vox_Ok02.wav,Ravager movement vocalization,SC2 • DESCRIPTIVE NONVERBAL,MOVE / ACTIVATE VO
audio/units/ravager/canonical/9c83c4c057f0e63b__Ravager_Vox_Ok01.wav,Ravager movement vocalization,SC2 • DESCRIPTIVE NONVERBAL,MOVE / ACTIVATE VO
audio/units/ravager/canonical/c5bfdec79daaa7c3__Ravager_Vox_Ok03.wav,Ravager movement vocalization,SC2 • DESCRIPTIVE NONVERBAL,MOVE / ACTIVATE VO
audio/units/ravager/canonical/dfd825a5098c7c6c__Ravager_Vox_Ok04.wav,Ravager movement vocalization,SC2 • DESCRIPTIVE NONVERBAL,MOVE / ACTIVATE VO
audio/units/ravager/chatter/Ravager_Vox_Pissed01.ogg,Ravager selection vocalization,SC2 • DESCRIPTIVE NONVERBAL,CHATTER
audio/units/ravager/chatter/Ravager_Vox_Pissed02.ogg,Ravager selection vocalization,SC2 • DESCRIPTIVE NONVERBAL,CHATTER
audio/units/ravager/chatter/Ravager_Vox_Pissed03.ogg,Ravager selection vocalization,SC2 • DESCRIPTIVE NONVERBAL,CHATTER
audio/units/ravager/chatter/Ravager_Vox_Pissed04.ogg,Ravager selection vocalization,SC2 • DESCRIPTIVE NONVERBAL,CHATTER
audio/units/ravager/death/Ravager_Vox_Death02.wav,Ravager death sound,SC2 • DESCRIPTIVE NONVERBAL,DEATH VO
audio/units/ravager/death/Ravager_Vox_Death03.wav,Ravager death sound,SC2 • DESCRIPTIVE NONVERBAL,DEATH VO
audio/units/ravager/death/Ravager_Vox_Death04.wav,Ravager death sound,SC2 • DESCRIPTIVE NONVERBAL,DEATH VO
audio/units/ravager/death/Ravager_Vox_Death05.wav,Ravager death sound,SC2 • DESCRIPTIVE NONVERBAL,DEATH VO
audio/units/ravager/death/Ravager_Vox_Death06.wav,Ravager death sound,SC2 • DESCRIPTIVE NONVERBAL,DEATH VO
audio/units/ravager/death/Ravager_Vox_Death07.wav,Ravager death sound,SC2 • DESCRIPTIVE NONVERBAL,DEATH VO
audio/units/ravager/deploy_move/Ravager_Vox_Ok06.wav,Ravager movement vocalization,SC2 • DESCRIPTIVE NONVERBAL,MOVE / ACTIVATE VO
audio/units/ravager/deploy_move/Ravager_Vox_Ok07.wav,Ravager movement vocalization,SC2 • DESCRIPTIVE NONVERBAL,MOVE / ACTIVATE VO
audio/units/ravager/deploy_move/Ravager_Vox_Ok08.wav,Ravager movement vocalization,SC2 • DESCRIPTIVE NONVERBAL,MOVE / ACTIVATE VO
audio/units/ravager/deploy_move/Ravager_Vox_Ready01.ogg,Ravager movement vocalization,SC2 • DESCRIPTIVE NONVERBAL,MOVE / ACTIVATE VO
audio/units/ravager/deploy_move/Ravager_Vox_Ready02.ogg,Ravager movement vocalization,SC2 • DESCRIPTIVE NONVERBAL,MOVE / ACTIVATE VO
audio/units/ravager/deploy_move/Ravager_Vox_Ready03.ogg,Ravager movement vocalization,SC2 • DESCRIPTIVE NONVERBAL,MOVE / ACTIVATE VO
audio/units/ravager/deploy_move/Ravager_Vox_Ready04.ogg,Ravager movement vocalization,SC2 • DESCRIPTIVE NONVERBAL,MOVE / ACTIVATE VO
audio/units/ravager/deploy_move/Ravager_Vox_Ready05.ogg,Ravager movement vocalization,SC2 • DESCRIPTIVE NONVERBAL,MOVE / ACTIVATE VO
audio/units/ravager/deploy_move/Ravager_Vox_Ready06.ogg,Ravager movement vocalization,SC2 • DESCRIPTIVE NONVERBAL,MOVE / ACTIVATE VO
audio/units/ravager/deploy_move/Ravager_Vox_What01.ogg,Ravager movement vocalization,SC2 • DESCRIPTIVE NONVERBAL,MOVE / ACTIVATE VO
audio/units/ravager/deploy_move/Ravager_Vox_What02.ogg,Ravager movement vocalization,SC2 • DESCRIPTIVE NONVERBAL,MOVE / ACTIVATE VO
audio/units/ravager/deploy_move/Ravager_Vox_What03.ogg,Ravager movement vocalization,SC2 • DESCRIPTIVE NONVERBAL,MOVE / ACTIVATE VO
audio/units/ravager/deploy_move/Ravager_Vox_What04.ogg,Ravager movement vocalization,SC2 • DESCRIPTIVE NONVERBAL,MOVE / ACTIVATE VO
audio/units/ravager/deploy_move/Ravager_Vox_What05.ogg,Ravager movement vocalization,SC2 • DESCRIPTIVE NONVERBAL,MOVE / ACTIVATE VO
audio/units/ravager/deploy_move/Ravager_Vox_What06.ogg,Ravager movement vocalization,SC2 • DESCRIPTIVE NONVERBAL,MOVE / ACTIVATE VO
audio/units/ravager/deploy_move/Ravager_Vox_What07.ogg,Ravager movement vocalization,SC2 • DESCRIPTIVE NONVERBAL,MOVE / ACTIVATE VO
audio/units/raven/attack/Raven_AutoTurretAttack0.wav,Auto-turret burst,SC2 • DESCRIPTIVE NONVERBAL,ATTACK VO
audio/units/raven/attack/Raven_AutoTurretAttack1.wav,Auto-turret burst,SC2 • DESCRIPTIVE NONVERBAL,ATTACK VO
audio/units/raven/attack/Raven_AutoTurretAttack2.wav,Auto-turret burst,SC2 • DESCRIPTIVE NONVERBAL,ATTACK VO
audio/units/raven/attack/Raven_AutoTurretAttack3.wav,Auto-turret burst,SC2 • DESCRIPTIVE NONVERBAL,ATTACK VO
audio/units/raven/canonical/7f9944e368b91d43__Raven_Yes00.ogg,Move / order response 01,SC2 • GAME-DATA VERIFIED BANK,MOVE / ACTIVATE VO
audio/units/raven/canonical/a720d48826f264ab__Raven_PointDefenseDroneWhat0.wav,Selection response 01,SC2 • GAME-DATA VERIFIED BANK,MOVE / ACTIVATE VO
audio/units/raven/chatter/Raven_Ready00.ogg,Raven Online,SC2 • VERIFIED DIALOGUE,MOVE / ACTIVATE VO
audio/units/raven/chatter/Raven_What00.ogg,Ready for service.,SC2 • VERIFIED DIALOGUE,MOVE / ACTIVATE VO
audio/units/raven/chatter/Raven_What01.ogg,Scanning battlefield conditions.,SC2 • VERIFIED DIALOGUE,MOVE / ACTIVATE VO
audio/units/raven/chatter/Raven_What02.ogg,Engineering at your disposal.,SC2 • VERIFIED DIALOGUE,MOVE / ACTIVATE VO
audio/units/raven/chatter/Raven_What03.ogg,Awaiting orders.,SC2 • VERIFIED DIALOGUE,MOVE / ACTIVATE VO
audio/units/raven/chatter/Raven_What04.ogg,Command.,SC2 • VERIFIED DIALOGUE,MOVE / ACTIVATE VO
audio/units/raven/chatter/Raven_What05.ogg,State your request.,SC2 • VERIFIED DIALOGUE,MOVE / ACTIVATE VO
audio/units/raven/deploy_move/Raven_Yes01.ogg,Order accepted.,SC2 • VERIFIED DIALOGUE,MOVE / ACTIVATE VO
audio/units/raven/deploy_move/Raven_Yes02.ogg,understood.,SC2 • VERIFIED DIALOGUE,MOVE / ACTIVATE VO
audio/units/raven/deploy_move/Raven_Yes03.ogg,This vessel will comply.,SC2 • VERIFIED DIALOGUE,MOVE / ACTIVATE VO
audio/units/raven/deploy_move/Raven_Yes04.ogg,Command authority registered.,SC2 • VERIFIED DIALOGUE,MOVE / ACTIVATE VO
audio/units/raven/deploy_move/Raven_Yes05.ogg,Systems primed.,SC2 • VERIFIED DIALOGUE,MOVE / ACTIVATE VO
audio/units/raven/deploy_move/Raven_Yes06.ogg,Move / order response 07,SC2,MOVE / ACTIVATE VO
audio/units/raven/deploy_move/Raven_Yes07.ogg,Immediatly.,SC2 • VERIFIED DIALOGUE,MOVE / ACTIVATE VO
audio/units/raven/deploy_move/Raven_Yes08.ogg,Commencing.,SC2 • VERIFIED DIALOGUE,MOVE / ACTIVATE VO
audio/units/raven/deploy_move/Raven_Yes09.ogg,Order acknowledged.,SC2 • VERIFIED DIALOGUE,MOVE / ACTIVATE VO
audio/units/raven/deploy_move/Raven_Yes10.ogg,Under way,SC2 • VERIFIED DIALOGUE,MOVE / ACTIVATE VO
audio/units/reaper/attack/Reaper_Attack00.ogg,Here comes the pain!,SC2 • VERIFIED DIALOGUE,ATTACK VO
audio/units/reaper/attack/Reaper_Attack01.ogg,Gonna have me some fun!,SC2 • VERIFIED DIALOGUE,ATTACK VO
audio/units/reaper/attack/Reaper_Attack02.ogg,Geronimo!,SC2 • VERIFIED DIALOGUE,ATTACK VO
audio/units/reaper/attack/Reaper_Attack04.ogg,It's on now!,SC2 • VERIFIED DIALOGUE,ATTACK VO
audio/units/reaper/attack/Reaper_Attack05.ogg,Whole lotta pain!,SC2 • VERIFIED DIALOGUE,ATTACK VO
audio/units/reaper/attack/Reaper_Attack06.ogg,Hit and run!,SC2 • VERIFIED DIALOGUE,ATTACK VO
audio/units/reaper/canonical/0fd46838e12daa52__Reaper_What03.ogg,Selection response 05,SC2 • GAME-DATA VERIFIED BANK,MOVE / ACTIVATE VO
audio/units/reaper/canonical/1ea2f1f0bdbd6699__ReaperWhat06.ogg,Selection response 02,SC2 • GAME-DATA VERIFIED BANK,MOVE / ACTIVATE VO
audio/units/reaper/canonical/307709577eafaea4__Reaper_Yes01.ogg,Move / order response 02,SC2 • GAME-DATA VERIFIED BANK,MOVE / ACTIVATE VO
audio/units/reaper/canonical/34bf3941dc285a60__Reaper_Yes00.ogg,Move / order response 01,SC2 • GAME-DATA VERIFIED BANK,MOVE / ACTIVATE VO
audio/units/reaper/canonical/44b1ab1107dc610b__Reaper_What01.ogg,Selection response 03,SC2 • GAME-DATA VERIFIED BANK,MOVE / ACTIVATE VO
audio/units/reaper/canonical/4dd90f7076e45ac9__Reaper_Ready00.ogg,Ready / selection 01,SC2 • GAME-DATA VERIFIED BANK,MOVE / ACTIVATE VO
audio/units/reaper/canonical/6b3460a813c80b1f__Reaper_What04.ogg,Selection response 06,SC2 • GAME-DATA VERIFIED BANK,MOVE / ACTIVATE VO
audio/units/reaper/canonical/75873cfcb2b9ef5e__Reaper_Death00.wav,Death voice 01,SC2 • GAME-DATA VERIFIED BANK,DEATH VO
audio/units/reaper/canonical/97b55045c6e6883f__ReaperWhat05.ogg,Selection response 01,SC2 • GAME-DATA VERIFIED BANK,MOVE / ACTIVATE VO
audio/units/reaper/canonical/a6be31be1e5608a2__Reaper_What02.ogg,Selection response 04,SC2 • GAME-DATA VERIFIED BANK,MOVE / ACTIVATE VO
audio/units/reaper/canonical/f6048e094415eec0__Reaper_Death01.wav,Death voice 02,SC2 • DESCRIPTIVE NONVERBAL,DEATH VO
audio/units/reaper/death/Reaper_Death02.wav,Death voice 03,SC2,DEATH VO
audio/units/reaper/death/Reaper_Death03.wav,Death voice 04,SC2 • DESCRIPTIVE NONVERBAL,DEATH VO
audio/units/reaper/death/Reaper_Death04.wav,Death voice 05,SC2 • DESCRIPTIVE NONVERBAL,DEATH VO
audio/units/reaper/death/Reaper_Death05.wav,Death voice 06,SC2 • DESCRIPTIVE NONVERBAL,DEATH VO
audio/units/reaper/deploy_move/Reaper_Yes02.ogg,Oh yeah baby!,SC2 • VERIFIED DIALOGUE,MOVE / ACTIVATE VO
audio/units/reaper/deploy_move/Reaper_Yes03.ogg,"Oh, that's all?",SC2 • VERIFIED DIALOGUE,MOVE / ACTIVATE VO
audio/units/reaper/deploy_move/Reaper_Yes04.ogg,Done.,SC2 • VERIFIED DIALOGUE,MOVE / ACTIVATE VO
audio/units/reaper/deploy_move/Reaper_Yes05.ogg,On the way!,SC2 • VERIFIED DIALOGUE,MOVE / ACTIVATE VO
audio/units/reaper/deploy_move/Reaper_Yes06.ogg,Nothing I can't handle.,SC2 • VERIFIED DIALOGUE,MOVE / ACTIVATE VO
audio/units/reaper/deploy_move/Reaper_Yes07.ogg,Agreed.,SC2 • VERIFIED DIALOGUE,MOVE / ACTIVATE VO
audio/units/reaper/deploy_move/Reaper_Yes08.ogg,Alright.,SC2 • VERIFIED DIALOGUE,MOVE / ACTIVATE VO
audio/units/reaper/deploy_move/Reaper_Yes09.ogg,Fair enough.,SC2 • VERIFIED DIALOGUE,MOVE / ACTIVATE VO
audio/units/reaper/deploy_move/Reaper_Yes10.ogg,Certainly.,SC2 • VERIFIED DIALOGUE,MOVE / ACTIVATE VO
audio/units/reaper/deploy_move/Reaper_Yes11.ogg,"Yes, indeed.",SC2 • VERIFIED DIALOGUE,MOVE / ACTIVATE VO
audio/units/reaver/attack/Reaver_Attack00.ogg,Reaver attack vocalization,SC2 • DESCRIPTIVE NONVERBAL,ATTACK VO
audio/units/reaver/attack/Reaver_Attack01.ogg,Reaver attack vocalization,SC2 • DESCRIPTIVE NONVERBAL,ATTACK VO
audio/units/reaver/attack/Reaver_Attack02.ogg,Reaver attack vocalization,SC2 • DESCRIPTIVE NONVERBAL,ATTACK VO
audio/units/reaver/attack/Reaver_Attack03.ogg,Awesome.,SC2 • VERIFIED DIALOGUE,ATTACK VO
audio/units/reaver/attack/Reaver_Attack04.ogg,Reaver attack vocalization,SC2 • DESCRIPTIVE NONVERBAL,ATTACK VO
audio/units/reaver/chatter/Reaver_Pissed00.ogg,Reaver selection vocalization,SC2 • DESCRIPTIVE NONVERBAL,CHATTER
audio/units/reaver/chatter/Reaver_Pissed01.ogg,Reaver selection vocalization,SC2 • DESCRIPTIVE NONVERBAL,CHATTER
audio/units/reaver/chatter/Reaver_Pissed02.ogg,Reaver selection vocalization,SC2 • DESCRIPTIVE NONVERBAL,CHATTER
audio/units/reaver/chatter/Reaver_Pissed03.ogg,Reaver selection vocalization,SC2 • DESCRIPTIVE NONVERBAL,CHATTER
audio/units/reaver/death/Reaver_Death00.wav,Reaver death sound,SC2 • DESCRIPTIVE NONVERBAL,DEATH VO
audio/units/reaver/death/Reaver_Death01.wav,Reaver death sound,SC2 • DESCRIPTIVE NONVERBAL,DEATH VO
audio/units/reaver/death/Reaver_Death02.wav,Reaver death sound,SC2 • DESCRIPTIVE NONVERBAL,DEATH VO
audio/units/reaver/death/Reaver_Death03.wav,Reaver death sound,SC2 • DESCRIPTIVE NONVERBAL,DEATH VO
audio/units/reaver/deploy_move/Reaver_Ready00.ogg,Reaver movement vocalization,SC2 • DESCRIPTIVE NONVERBAL,MOVE / ACTIVATE VO
audio/units/reaver/deploy_move/Reaver_What00.ogg,Reaver movement vocalization,SC2 • DESCRIPTIVE NONVERBAL,MOVE / ACTIVATE VO
audio/units/reaver/deploy_move/Reaver_What01.ogg,Reaver movement vocalization,SC2 • DESCRIPTIVE NONVERBAL,MOVE / ACTIVATE VO
audio/units/reaver/deploy_move/Reaver_What02.ogg,Reaver movement vocalization,SC2 • DESCRIPTIVE NONVERBAL,MOVE / ACTIVATE VO
audio/units/reaver/deploy_move/Reaver_What04.ogg,Reaver movement vocalization,SC2 • DESCRIPTIVE NONVERBAL,MOVE / ACTIVATE VO
audio/units/reaver/deploy_move/Reaver_Yes00.ogg,Reaver movement vocalization,SC2 • DESCRIPTIVE NONVERBAL,MOVE / ACTIVATE VO
audio/units/reaver/deploy_move/Reaver_Yes01.ogg,Reaver movement vocalization,SC2 • DESCRIPTIVE NONVERBAL,MOVE / ACTIVATE VO
audio/units/reaver/deploy_move/Reaver_Yes02.ogg,Reaver movement vocalization,SC2 • DESCRIPTIVE NONVERBAL,MOVE / ACTIVATE VO
audio/units/reaver/deploy_move/Reaver_Yes03.ogg,Reaver movement vocalization,SC2 • DESCRIPTIVE NONVERBAL,MOVE / ACTIVATE VO
audio/units/roach/attack/Roach_Attack0.ogg,Roach attack vocalization,SC2 • DESCRIPTIVE NONVERBAL,ATTACK VO
audio/units/roach/attack/Roach_Attack1.ogg,Roach attack vocalization,SC2 • DESCRIPTIVE NONVERBAL,ATTACK VO
audio/units/roach/attack/Roach_Attack2.ogg,Roach attack vocalization,SC2 • DESCRIPTIVE NONVERBAL,ATTACK VO
audio/units/roach/attack/Roach_Attack3.ogg,Roach attack vocalization,SC2 • DESCRIPTIVE NONVERBAL,ATTACK VO
audio/units/roach/chatter/Roach_Pissed0.ogg,Roach selection vocalization,SC2 • DESCRIPTIVE NONVERBAL,CHATTER
audio/units/roach/chatter/Roach_Pissed1.ogg,Roach selection vocalization,SC2 • DESCRIPTIVE NONVERBAL,CHATTER
audio/units/roach/chatter/Roach_Pissed2.ogg,Roach selection vocalization,SC2 • DESCRIPTIVE NONVERBAL,CHATTER
audio/units/roach/chatter/Roach_Pissed3.ogg,Roach selection vocalization,SC2 • DESCRIPTIVE NONVERBAL,CHATTER
audio/units/roach/chatter/Roach_Pissed4.ogg,Roach selection vocalization,SC2 • DESCRIPTIVE NONVERBAL,CHATTER
audio/units/roach/death/Roach_Death0.wav,Roach death sound,SC2 • DESCRIPTIVE NONVERBAL,DEATH VO
audio/units/roach/death/Roach_Death1.wav,Roach death sound,SC2 • DESCRIPTIVE NONVERBAL,DEATH VO
audio/units/roach/death/Roach_Death2.wav,Roach death sound,SC2 • DESCRIPTIVE NONVERBAL,DEATH VO
audio/units/roach/death/Roach_Death3.wav,Roach death sound,SC2 • DESCRIPTIVE NONVERBAL,DEATH VO
audio/units/roach/deploy_move/Roach_Ready0.ogg,Roach movement vocalization,SC2 • DESCRIPTIVE NONVERBAL,MOVE / ACTIVATE VO
audio/units/roach/deploy_move/Roach_Ready1.ogg,Roach movement vocalization,SC2 • DESCRIPTIVE NONVERBAL,MOVE / ACTIVATE VO
audio/units/roach/deploy_move/Roach_Ready2.ogg,Roach movement vocalization,SC2 • DESCRIPTIVE NONVERBAL,MOVE / ACTIVATE VO
audio/units/roach/deploy_move/Roach_What0.ogg,Roach movement vocalization,SC2 • DESCRIPTIVE NONVERBAL,MOVE / ACTIVATE VO
audio/units/roach/deploy_move/Roach_What1.ogg,Roach movement vocalization,SC2 • DESCRIPTIVE NONVERBAL,MOVE / ACTIVATE VO
audio/units/roach/deploy_move/Roach_What2.ogg,Roach movement vocalization,SC2 • DESCRIPTIVE NONVERBAL,MOVE / ACTIVATE VO
audio/units/roach/deploy_move/Roach_What3.ogg,Roach movement vocalization,SC2 • DESCRIPTIVE NONVERBAL,MOVE / ACTIVATE VO
audio/units/roach/deploy_move/Roach_What4.ogg,Roach movement vocalization,SC2 • DESCRIPTIVE NONVERBAL,MOVE / ACTIVATE VO
audio/units/roach/deploy_move/Roach_What5.ogg,Roach movement vocalization,SC2 • DESCRIPTIVE NONVERBAL,MOVE / ACTIVATE VO
audio/units/roach/deploy_move/Roach_Yes0.ogg,Roach movement vocalization,SC2 • DESCRIPTIVE NONVERBAL,MOVE / ACTIVATE VO
audio/units/roach/deploy_move/Roach_Yes1.ogg,Roach movement vocalization,SC2 • DESCRIPTIVE NONVERBAL,MOVE / ACTIVATE VO
audio/units/roach/deploy_move/Roach_Yes2.ogg,Roach movement vocalization,SC2 • DESCRIPTIVE NONVERBAL,MOVE / ACTIVATE VO
audio/units/roach/deploy_move/Roach_Yes3.ogg,Roach movement vocalization,SC2 • DESCRIPTIVE NONVERBAL,MOVE / ACTIVATE VO
audio/units/roach/deploy_move/Roach_Yes4.ogg,Roach movement vocalization,SC2 • DESCRIPTIVE NONVERBAL,MOVE / ACTIVATE VO
audio/units/science_vessel/attack/ScienceVessel_Attack00.ogg,I like the cut of your chip.,SC2 • VERIFIED DIALOGUE,ATTACK VO
audio/units/science_vessel/attack/ScienceVessel_Attack01.ogg,With pleasure.,SC2 • VERIFIED DIALOGUE,ATTACK VO
audio/units/science_vessel/attack/ScienceVessel_Attack02.ogg,Most definitely!,SC2 • VERIFIED DIALOGUE,ATTACK VO
audio/units/science_vessel/attack/ScienceVessel_Attack03.ogg,Science hurts.,SC2 • VERIFIED DIALOGUE,ATTACK VO
audio/units/science_vessel/death/ScienceVessel_Death00.wav,The ship out of danger.,SC2 • VERIFIED DIALOGUE,DEATH VO
audio/units/science_vessel/deploy_move/ScienceVessel_Ready00.ogg,Explorer Reporting,SC2 • VERIFIED DIALOGUE,MOVE / ACTIVATE VO
audio/units/science_vessel/deploy_move/ScienceVessel_What00.ogg,"Ah, greetings command!",SC2 • VERIFIED DIALOGUE,MOVE / ACTIVATE VO
audio/units/science_vessel/deploy_move/ScienceVessel_What01.ogg,Transmit orders.,SC2 • VERIFIED DIALOGUE,MOVE / ACTIVATE VO
audio/units/science_vessel/deploy_move/ScienceVessel_What02.ogg,Receiving headquarters.,SC2 • VERIFIED DIALOGUE,MOVE / ACTIVATE VO
audio/units/science_vessel/deploy_move/ScienceVessel_What03.ogg,We have you on Visual.,SC2 • VERIFIED DIALOGUE,MOVE / ACTIVATE VO
audio/units/science_vessel/deploy_move/ScienceVessel_Yes00.ogg,Excellent!,SC2 • VERIFIED DIALOGUE,MOVE / ACTIVATE VO
audio/units/science_vessel/deploy_move/ScienceVessel_Yes01.ogg,Commencing!,SC2 • VERIFIED DIALOGUE,MOVE / ACTIVATE VO
audio/units/science_vessel/deploy_move/ScienceVessel_Yes02.ogg,"Affirmative, sir.",SC2 • VERIFIED DIALOGUE,MOVE / ACTIVATE VO
audio/units/science_vessel/deploy_move/ScienceVessel_Yes03.ogg,Let's roll!,SC2 • VERIFIED DIALOGUE,MOVE / ACTIVATE VO
audio/units/scout/attack/Scout_Attack00.ogg,I seek a worthy opponent.,SC2 • VERIFIED DIALOGUE,ATTACK VO
audio/units/scout/attack/Scout_Attack01.ogg,Furious Vengeance!,SC2 • VERIFIED DIALOGUE,ATTACK VO
audio/units/scout/attack/Scout_Attack02.ogg,The time to strike is now!,SC2 • VERIFIED DIALOGUE,ATTACK VO
audio/units/scout/canonical/325d908c4ae31955__Scout_Ready00.ogg,Ready / selection 01,SC2 • GAME-DATA VERIFIED BANK,MOVE / ACTIVATE VO
audio/units/scout/canonical/53af8738cd535aac__Scout_Death00.wav,Death voice 01,SC2 • GAME-DATA VERIFIED BANK,DEATH VO
audio/units/scout/death/Scout_Death01.wav,Death voice 02,SC2,DEATH VO
audio/units/scout/death/Scout_Death02.wav,Death voice 03,SC2,DEATH VO
audio/units/scout/death/Scout_Death03.wav,Death voice 04,SC2,DEATH VO
audio/units/scout/death/Scout_Death04.wav,Death voice 05,SC2,DEATH VO
audio/units/scout/deploy_move/Scout_What00.ogg,A waiting command.,SC2 • VERIFIED DIALOGUE,MOVE / ACTIVATE VO
audio/units/scout/deploy_move/Scout_What01.ogg,Standing by.,SC2 • VERIFIED DIALOGUE,MOVE / ACTIVATE VO
audio/units/scout/deploy_move/Scout_What02.ogg,Contact.,SC2 • VERIFIED DIALOGUE,MOVE / ACTIVATE VO
audio/units/scout/deploy_move/Scout_What03.ogg,Selection response 04,SC2,MOVE / ACTIVATE VO
audio/units/scout/deploy_move/Scout_Yes00.ogg,Move / order response 01,SC2,MOVE / ACTIVATE VO
audio/units/scout/deploy_move/Scout_Yes01.ogg,Move / order response 02,SC2,MOVE / ACTIVATE VO
audio/units/scout/deploy_move/Scout_Yes02.ogg,Move / order response 03,SC2,MOVE / ACTIVATE VO
audio/units/scout/deploy_move/Scout_Yes03.ogg,This will be done.,SC2 • VERIFIED DIALOGUE,MOVE / ACTIVATE VO
audio/units/scout/deploy_move/Scout_Yes04.ogg,All for nothing.,SC2 • VERIFIED DIALOGUE,MOVE / ACTIVATE VO
audio/units/scout/deploy_move/Scout_Yes05.ogg,Move / order response 06,SC2,MOVE / ACTIVATE VO
audio/units/scv/attack/SCV_Attack00.ogg,This is crazy!,SC2 • VERIFIED DIALOGUE,ATTACK VO
audio/units/scv/attack/SCV_Attack01.ogg,This is your plan?,SC2 • VERIFIED DIALOGUE,ATTACK VO
audio/units/scv/attack/SCV_Attack02.ogg,What? You run out of Marines?,SC2 • VERIFIED DIALOGUE,ATTACK VO
audio/units/scv/attack/SCV_Attack03.ogg,"Oh, that's just great!",SC2 • VERIFIED DIALOGUE,ATTACK VO
audio/units/scv/death/SCV_Death06.wav,Death voice 07,SC2 • DESCRIPTIVE NONVERBAL,DEATH VO
audio/units/scv/death/SCV_Death07.wav,Death voice 08,SC2,DEATH VO
audio/units/scv/death/SCV_Death08.wav,Death voice 09,SC2 • DESCRIPTIVE NONVERBAL,DEATH VO
audio/units/scv/death/SCV_Death09.wav,Death voice 10,SC2 • DESCRIPTIVE NONVERBAL,DEATH VO
audio/units/scv/deploy_move/SCV_Yes09.ogg,Gotcha!,SC2 • VERIFIED DIALOGUE,MOVE / ACTIVATE VO
audio/units/scv/deploy_move/SCV_Yes10.ogg,Move / order response 11,SC2,MOVE / ACTIVATE VO
audio/units/scv/deploy_move/SCV_Yes11.ogg,Will do!,SC2 • VERIFIED DIALOGUE,MOVE / ACTIVATE VO
audio/units/scv/deploy_move/SCV_Yes12.ogg,We hear ya!,SC2 • VERIFIED DIALOGUE,MOVE / ACTIVATE VO
audio/units/scv/deploy_move/SCV_Yes13.ogg,"Yes, sir!",SC2 • VERIFIED DIALOGUE,MOVE / ACTIVATE VO
audio/units/scv/deploy_move/SCV_Yes14.ogg,Sure thing.,SC2 • VERIFIED DIALOGUE,MOVE / ACTIVATE VO
audio/units/scv/deploy_move/SCV_Yes15.ogg,Roger!,SC2 • VERIFIED DIALOGUE,MOVE / ACTIVATE VO
audio/units/scv/deploy_move/SCV_Yes16.ogg,I'm going!,SC2 • VERIFIED DIALOGUE,MOVE / ACTIVATE VO
audio/units/scv/deploy_move/SCV_Yes17.ogg,Move it!,SC2 • VERIFIED DIALOGUE,MOVE / ACTIVATE VO
audio/units/scv/deploy_move/SCV_Yes18.ogg,"Yeah, yeah",SC2 • VERIFIED DIALOGUE,MOVE / ACTIVATE VO
audio/units/selendis/attack/Selendis_Attack00.ogg,Destiny commands us.,SC2 • VERIFIED DIALOGUE,ATTACK VO
audio/units/selendis/attack/Selendis_Attack01.ogg,Prove your valor.,SC2 • VERIFIED DIALOGUE,ATTACK VO
audio/units/selendis/attack/Selendis_Attack02.ogg,Death to the enemies of ire.,SC2 • VERIFIED DIALOGUE,ATTACK VO
audio/units/selendis/attack/Selendis_Attack03.ogg,Do not hesitate.,SC2 • VERIFIED DIALOGUE,ATTACK VO
audio/units/selendis/attack/Selendis_Attack04.ogg,Attack voice 05,SC2,ATTACK VO
audio/units/selendis/death/Selendis_Death00.wav,Death voice 01,SC2,DEATH VO
audio/units/selendis/deploy_move/Selendis_Ready00.ogg,I will restore order.,SC2 • VERIFIED DIALOGUE,MOVE / ACTIVATE VO
audio/units/selendis/deploy_move/Selendis_What00.ogg,This is the Inception.,SC2 • VERIFIED DIALOGUE,MOVE / ACTIVATE VO
audio/units/selendis/deploy_move/Selendis_What01.ogg,Our glory will be renewed.,SC2 • VERIFIED DIALOGUE,MOVE / ACTIVATE VO
audio/units/selendis/deploy_move/Selendis_What02.ogg,Victory against all odds.,SC2 • VERIFIED DIALOGUE,MOVE / ACTIVATE VO
audio/units/selendis/deploy_move/Selendis_What03.ogg,Justice is due.,SC2 • VERIFIED DIALOGUE,MOVE / ACTIVATE VO
audio/units/selendis/deploy_move/Selendis_Yes00.ogg,Move / order response 01,SC2,MOVE / ACTIVATE VO
audio/units/selendis/deploy_move/Selendis_Yes01.ogg,Move / order response 02,SC2,MOVE / ACTIVATE VO
audio/units/selendis/deploy_move/Selendis_Yes02.ogg,Precisely.,SC2 • VERIFIED DIALOGUE,MOVE / ACTIVATE VO
audio/units/selendis/deploy_move/Selendis_Yes03.ogg,Without fail.,SC2 • VERIFIED DIALOGUE,MOVE / ACTIVATE VO
audio/units/selendis/deploy_move/Selendis_Yes04.ogg,It is time to act.,SC2 • VERIFIED DIALOGUE,MOVE / ACTIVATE VO
audio/units/sentry/attack/Sentry_Attack00.ogg,Sentry attack vocalization,SC2 • DESCRIPTIVE NONVERBAL,ATTACK VO
audio/units/sentry/attack/Sentry_Attack01.ogg,Sentry attack vocalization,SC2 • DESCRIPTIVE NONVERBAL,ATTACK VO
audio/units/sentry/attack/Sentry_Attack02.ogg,Sentry attack vocalization,SC2 • DESCRIPTIVE NONVERBAL,ATTACK VO
audio/units/sentry/attack/Sentry_Attack03.ogg,Sentry attack vocalization,SC2 • DESCRIPTIVE NONVERBAL,ATTACK VO
audio/units/sentry/attack/Sentry_Attack04.ogg,Sentry attack vocalization,SC2 • DESCRIPTIVE NONVERBAL,ATTACK VO
audio/units/sentry/attack/Sentry_Attack05.ogg,Sentry attack vocalization,SC2 • DESCRIPTIVE NONVERBAL,ATTACK VO
audio/units/sentry/attack/Sentry_Attack06.ogg,Sentry attack vocalization,SC2 • DESCRIPTIVE NONVERBAL,ATTACK VO
audio/units/sentry/chatter/Sentry_Pissed00.ogg,Sentry selection vocalization,SC2 • DESCRIPTIVE NONVERBAL,CHATTER
audio/units/sentry/chatter/Sentry_Pissed01.ogg,Sentry selection vocalization,SC2 • DESCRIPTIVE NONVERBAL,CHATTER
audio/units/sentry/chatter/Sentry_Pissed02.ogg,Sentry selection vocalization,SC2 • DESCRIPTIVE NONVERBAL,CHATTER
audio/units/sentry/chatter/Sentry_Pissed03.ogg,Sentry selection vocalization,SC2 • DESCRIPTIVE NONVERBAL,CHATTER
audio/units/sentry/death/Sentry_Death00.wav,Sentry death sound,SC2 • DESCRIPTIVE NONVERBAL,DEATH VO
audio/units/sentry/death/Sentry_Death01.wav,Sentry death sound,SC2 • DESCRIPTIVE NONVERBAL,DEATH VO
audio/units/sentry/death/Sentry_Death02.wav,Sentry death sound,SC2 • DESCRIPTIVE NONVERBAL,DEATH VO
audio/units/sentry/deploy_move/Sentry_Ready00.ogg,Sentry movement vocalization,SC2 • DESCRIPTIVE NONVERBAL,MOVE / ACTIVATE VO
audio/units/sentry/deploy_move/Sentry_Ready01.ogg,Sentry movement vocalization,SC2 • DESCRIPTIVE NONVERBAL,MOVE / ACTIVATE VO
audio/units/sentry/deploy_move/Sentry_What00.ogg,Sentry movement vocalization,SC2 • DESCRIPTIVE NONVERBAL,MOVE / ACTIVATE VO
audio/units/sentry/deploy_move/Sentry_What01.ogg,Sentry movement vocalization,SC2 • DESCRIPTIVE NONVERBAL,MOVE / ACTIVATE VO
audio/units/sentry/deploy_move/Sentry_What02.ogg,Sentry movement vocalization,SC2 • DESCRIPTIVE NONVERBAL,MOVE / ACTIVATE VO
audio/units/sentry/deploy_move/Sentry_What03.ogg,Sentry movement vocalization,SC2 • DESCRIPTIVE NONVERBAL,MOVE / ACTIVATE VO
audio/units/sentry/deploy_move/Sentry_What04.ogg,Sentry movement vocalization,SC2 • DESCRIPTIVE NONVERBAL,MOVE / ACTIVATE VO
audio/units/sentry/deploy_move/Sentry_What05.ogg,Sentry movement vocalization,SC2 • DESCRIPTIVE NONVERBAL,MOVE / ACTIVATE VO
audio/units/sentry/deploy_move/Sentry_Yes00.ogg,Sentry movement vocalization,SC2 • DESCRIPTIVE NONVERBAL,MOVE / ACTIVATE VO
audio/units/sentry/deploy_move/Sentry_Yes01.ogg,Sentry movement vocalization,SC2 • DESCRIPTIVE NONVERBAL,MOVE / ACTIVATE VO
audio/units/sentry/deploy_move/Sentry_Yes02.ogg,Sentry movement vocalization,SC2 • DESCRIPTIVE NONVERBAL,MOVE / ACTIVATE VO
audio/units/sentry/deploy_move/Sentry_Yes03.ogg,Sentry movement vocalization,SC2 • DESCRIPTIVE NONVERBAL,MOVE / ACTIVATE VO
audio/units/siege_tank/attack/SiegeTank_Attack00.ogg,This will be a blast!,SC2 • VERIFIED DIALOGUE,ATTACK VO
audio/units/siege_tank/attack/SiegeTank_Attack01.ogg,It's boom time!,SC2 • VERIFIED DIALOGUE,ATTACK VO
audio/units/siege_tank/attack/SiegeTank_Attack02.ogg,Ready to drop the hammer!,SC2 • VERIFIED DIALOGUE,ATTACK VO
audio/units/siege_tank/attack/SiegeTank_Attack03.ogg,Pound them flat!,SC2 • VERIFIED DIALOGUE,ATTACK VO
audio/units/siege_tank/attack/SiegeTank_Attack04.ogg,Good night now!,SC2 • VERIFIED DIALOGUE,ATTACK VO
audio/units/siege_tank/attack/SiegeTank_Attack05.ogg,Got him in my sense!,SC2 • VERIFIED DIALOGUE,ATTACK VO
audio/units/siege_tank/attack/SiegeTank_Attack06.ogg,Collateral is my favorite kind of damage.,SC2 • VERIFIED DIALOGUE,ATTACK VO
audio/units/siege_tank/attack/SiegeTank_Attack07.ogg,Music to my ears.,SC2 • VERIFIED DIALOGUE,ATTACK VO
audio/units/siege_tank/attack/SiegeTank_Attack08.ogg,Let's get him!,SC2 • VERIFIED DIALOGUE,ATTACK VO
audio/units/siege_tank/attack/SiegeTank_Attack09.ogg,RANGED IN!,SC2 • VERIFIED DIALOGUE,ATTACK VO
audio/units/siege_tank/canonical/5ba2110701726c02__SiegeTank_Yes00.ogg,Move / order response 01,SC2 • GAME-DATA VERIFIED BANK,MOVE / ACTIVATE VO
audio/units/siege_tank/canonical/780ebb517abf5569__SiegeTank_Death00.wav,Death voice 01,SC2 • GAME-DATA VERIFIED BANK,DEATH VO
audio/units/siege_tank/chatter/SiegeTank_Ready00.ogg,Ready to roll out!,SC2 • VERIFIED DIALOGUE,MOVE / ACTIVATE VO
audio/units/siege_tank/chatter/SiegeTank_Ready01.ogg,Nude up ready to go!,SC2 • VERIFIED DIALOGUE,MOVE / ACTIVATE VO
audio/units/siege_tank/chatter/SiegeTank_What00.ogg,What's that?,SC2 • VERIFIED DIALOGUE,MOVE / ACTIVATE VO
audio/units/siege_tank/chatter/SiegeTank_What01.ogg,Speak up!,SC2 • VERIFIED DIALOGUE,MOVE / ACTIVATE VO
audio/units/siege_tank/chatter/SiegeTank_What02.ogg,Go ahead!,SC2 • VERIFIED DIALOGUE,MOVE / ACTIVATE VO
audio/units/siege_tank/chatter/SiegeTank_What03.ogg,Need something blown up?,SC2 • VERIFIED DIALOGUE,MOVE / ACTIVATE VO
audio/units/siege_tank/chatter/SiegeTank_What04.ogg,What's our target?,SC2 • VERIFIED DIALOGUE,MOVE / ACTIVATE VO
audio/units/siege_tank/chatter/SiegeTank_What05.ogg,Got no patience for sitting around!,SC2 • VERIFIED DIALOGUE,MOVE / ACTIVATE VO
audio/units/siege_tank/chatter/SiegeTank_What06.ogg,Lay it on me!,SC2 • VERIFIED DIALOGUE,MOVE / ACTIVATE VO
audio/units/siege_tank/chatter/SiegeTank_What07.ogg,Give us your best shot!,SC2 • VERIFIED DIALOGUE,MOVE / ACTIVATE VO
audio/units/siege_tank/death/SiegeTank_Death01.wav,Death voice 02,SC2,DEATH VO
audio/units/siege_tank/death/SiegeTank_Death02.wav,Death voice 03,SC2,DEATH VO
audio/units/siege_tank/death/SiegeTank_Death03.wav,Death voice 04,SC2 • DESCRIPTIVE NONVERBAL,DEATH VO
audio/units/siege_tank/death/SiegeTank_Death04.wav,Death voice 05,SC2,DEATH VO
audio/units/siege_tank/death/SiegeTank_Death05.wav,Death voice 06,SC2,DEATH VO
audio/units/siege_tank/death/SiegeTank_Death06.wav,Death voice 07,SC2 • DESCRIPTIVE NONVERBAL,DEATH VO
audio/units/siege_tank/deploy_move/SiegeTank_Yes01.ogg,Can do!,SC2 • VERIFIED DIALOGUE,MOVE / ACTIVATE VO
audio/units/siege_tank/deploy_move/SiegeTank_Yes02.ogg,I'll give it my best shot!,SC2 • VERIFIED DIALOGUE,MOVE / ACTIVATE VO
audio/units/siege_tank/deploy_move/SiegeTank_Yes03.ogg,Rollin' out!,SC2 • VERIFIED DIALOGUE,MOVE / ACTIVATE VO
audio/units/siege_tank/deploy_move/SiegeTank_Yes04.ogg,Move / order response 05,SC2,MOVE / ACTIVATE VO
audio/units/siege_tank/deploy_move/SiegeTank_Yes05.ogg,On my way!,SC2 • VERIFIED DIALOGUE,MOVE / ACTIVATE VO
audio/units/siege_tank/deploy_move/SiegeTank_Yes06.ogg,I never tread lightly.,SC2 • VERIFIED DIALOGUE,MOVE / ACTIVATE VO
audio/units/siege_tank/deploy_move/SiegeTank_Yes07.ogg,"Oh, it's old!",SC2 • VERIFIED DIALOGUE,MOVE / ACTIVATE VO
audio/units/siege_tank/deploy_move/SiegeTank_Yes08.ogg,Absolutely!,SC2 • VERIFIED DIALOGUE,MOVE / ACTIVATE VO
audio/units/siege_tank/deploy_move/SiegeTank_Yes09.ogg,Definitely!,SC2 • VERIFIED DIALOGUE,MOVE / ACTIVATE VO
audio/units/siege_tank/deploy_move/SiegeTank_Yes10.ogg,Affirmative!,SC2 • VERIFIED DIALOGUE,MOVE / ACTIVATE VO
audio/units/siege_tank/deploy_move/SiegeTank_Yes11.ogg,Move / order response 12,SC2,MOVE / ACTIVATE VO
audio/units/siege_tank/deploy_move/SiegeTank_Yes12.ogg,It's all me!,SC2 • VERIFIED DIALOGUE,MOVE / ACTIVATE VO
audio/units/siege_tank/deploy_move/SiegeTank_Yes13.ogg,Roll it!,SC2 • VERIFIED DIALOGUE,MOVE / ACTIVATE VO
audio/units/siege_tank/deploy_move/SiegeTank_Yes14.ogg,"Yes, sir!",SC2 • VERIFIED DIALOGUE,MOVE / ACTIVATE VO
audio/units/siege_tank/deploy_move/SiegeTank_Yes15.ogg,Let's roll!,SC2 • VERIFIED DIALOGUE,MOVE / ACTIVATE VO
audio/units/siege_tank/deploy_move/SiegeTank_Yes16.ogg,Move / order response 17,SC2,MOVE / ACTIVATE VO
audio/units/spectre/attack/Spectre_Attack00.ogg,Execute.,SC2 • VERIFIED DIALOGUE,ATTACK VO
audio/units/spectre/attack/Spectre_Attack01.ogg,Hell is here.,SC2 • VERIFIED DIALOGUE,ATTACK VO
audio/units/spectre/attack/Spectre_Attack02.ogg,They can't win.,SC2 • VERIFIED DIALOGUE,ATTACK VO
audio/units/spectre/attack/Spectre_Attack03.ogg,Get him a body bag!,SC2 • VERIFIED DIALOGUE,ATTACK VO
audio/units/spectre/attack/Spectre_Attack04.ogg,I'll kill anything that moves.,SC2 • VERIFIED DIALOGUE,ATTACK VO
audio/units/spectre/attack/Spectre_Attack05.ogg,I'm dying anyway.,SC2 • VERIFIED DIALOGUE,ATTACK VO
audio/units/spectre/attack/Spectre_Attack06.ogg,They're living on borrowed time.,SC2 • VERIFIED DIALOGUE,ATTACK VO
audio/units/spectre/death/Spectre_Death02.wav,Death voice 03,SC2 • DESCRIPTIVE NONVERBAL,DEATH VO
audio/units/spectre/death/Spectre_Death03.wav,Death voice 04,SC2,DEATH VO
audio/units/spectre/death/Spectre_Death04.wav,Death voice 05,SC2,DEATH VO
audio/units/spectre/death/Spectre_Death05.wav,Death voice 06,SC2 • DESCRIPTIVE NONVERBAL,DEATH VO
audio/units/spectre/deploy_move/Spectre_What02.ogg,What's your call?,SC2 • VERIFIED DIALOGUE,MOVE / ACTIVATE VO
audio/units/spectre/deploy_move/Spectre_What03.ogg,Enlighten me.,SC2 • VERIFIED DIALOGUE,MOVE / ACTIVATE VO
audio/units/spectre/deploy_move/Spectre_What04.ogg,I'm tired of waiting.,SC2 • VERIFIED DIALOGUE,MOVE / ACTIVATE VO
audio/units/spectre/deploy_move/Spectre_What05.ogg,Come on already!,SC2 • VERIFIED DIALOGUE,MOVE / ACTIVATE VO
audio/units/spectre/deploy_move/Spectre_Yes00.ogg,One step ahead.,SC2 • VERIFIED DIALOGUE,MOVE / ACTIVATE VO
audio/units/spectre/deploy_move/Spectre_Yes01.ogg,Mercy is for the weak.,SC2 • VERIFIED DIALOGUE,MOVE / ACTIVATE VO
audio/units/spectre/deploy_move/Spectre_Yes02.ogg,The time has come.,SC2 • VERIFIED DIALOGUE,MOVE / ACTIVATE VO
audio/units/spectre/deploy_move/Spectre_Yes03.ogg,I'm already there.,SC2 • VERIFIED DIALOGUE,MOVE / ACTIVATE VO
audio/units/spectre/deploy_move/Spectre_Yes04.ogg,Just stay out of my way.,SC2 • VERIFIED DIALOGUE,MOVE / ACTIVATE VO
audio/units/spectre/deploy_move/Spectre_Yes05.ogg,I sense their fear.,SC2 • VERIFIED DIALOGUE,MOVE / ACTIVATE VO
audio/units/stalker/attack/Stalker_Attack00.ogg,Death comes to all.,SC2 • VERIFIED DIALOGUE,ATTACK VO
audio/units/stalker/attack/Stalker_Attack01.ogg,Attack voice 02,SC2,ATTACK VO
audio/units/stalker/attack/Stalker_Attack02.ogg,The Void Hungerz,SC2 • VERIFIED DIALOGUE,ATTACK VO
audio/units/stalker/attack/Stalker_Attack03.ogg,Cold Fury,SC2 • VERIFIED DIALOGUE,ATTACK VO
audio/units/stalker/attack/Stalker_Attack04.ogg,Attack voice 05,SC2,ATTACK VO
audio/units/stalker/attack/Stalker_Attack05.ogg,Forever sleep,SC2 • VERIFIED DIALOGUE,ATTACK VO
audio/units/stalker/attack/Stalker_Attack06.ogg,Complete the cycle.,SC2 • VERIFIED DIALOGUE,ATTACK VO
audio/units/stalker/attack/Stalker_Attack07.ogg,Attack voice 08,SC2,ATTACK VO
audio/units/stalker/death/Stalker_Death00.wav,Finally!,SC2 • VERIFIED DIALOGUE,DEATH VO
audio/units/stalker/deploy_move/Stalker_Ready00.ogg,I am here in the shadows.,SC2 • VERIFIED DIALOGUE,MOVE / ACTIVATE VO
audio/units/stalker/deploy_move/Stalker_What00.ogg,Selection response 01,SC2,MOVE / ACTIVATE VO
audio/units/stalker/deploy_move/Stalker_What01.ogg,I am the heart of darkness.,SC2 • VERIFIED DIALOGUE,MOVE / ACTIVATE VO
audio/units/stalker/deploy_move/Stalker_What02.ogg,You require my skills.,SC2 • VERIFIED DIALOGUE,MOVE / ACTIVATE VO
audio/units/stalker/deploy_move/Stalker_What03.ogg,I am the voice of the eclipse.,SC2 • VERIFIED DIALOGUE,MOVE / ACTIVATE VO
audio/units/stalker/deploy_move/Stalker_What04.ogg,Selection response 05,SC2,MOVE / ACTIVATE VO
audio/units/stalker/deploy_move/Stalker_What05.ogg,We are one with the shadows.,SC2 • VERIFIED DIALOGUE,MOVE / ACTIVATE VO
audio/units/stalker/deploy_move/Stalker_Yes00.ogg,Very well.,SC2 • VERIFIED DIALOGUE,MOVE / ACTIVATE VO
audio/units/stalker/deploy_move/Stalker_Yes01.ogg,It shall be as you say.,SC2 • VERIFIED DIALOGUE,MOVE / ACTIVATE VO
audio/units/stalker/deploy_move/Stalker_Yes02.ogg,Intriguing.,SC2 • VERIFIED DIALOGUE,MOVE / ACTIVATE VO
audio/units/stalker/deploy_move/Stalker_Yes03.ogg,Move / order response 04,SC2,MOVE / ACTIVATE VO
audio/units/stalker/deploy_move/Stalker_Yes04.ogg,I serve for now.,SC2 • VERIFIED DIALOGUE,MOVE / ACTIVATE VO
audio/units/stalker/deploy_move/Stalker_Yes05.ogg,We move unseen.,SC2 • VERIFIED DIALOGUE,MOVE / ACTIVATE VO
audio/units/stalker/deploy_move/Stalker_Yes06.ogg,For the Reckoning,SC2 • VERIFIED DIALOGUE,MOVE / ACTIVATE VO
audio/units/stalker/deploy_move/Stalker_Yes07.ogg,Very wise,SC2 • VERIFIED DIALOGUE,MOVE / ACTIVATE VO
audio/units/swann/attack/Swann_Attack00.ogg,"Hey, leave some for me!",SC2 • VERIFIED DIALOGUE,ATTACK VO
audio/units/swann/attack/Swann_Attack01.ogg,"Oh, it's payback time.",SC2 • VERIFIED DIALOGUE,ATTACK VO
audio/units/swann/attack/Swann_Attack02.ogg,I'll keep him at arm's length! Heh heh.,SC2 • VERIFIED DIALOGUE,ATTACK VO
audio/units/swann/attack/Swann_Attack03.ogg,How'd you like that?,SC2 • VERIFIED DIALOGUE,ATTACK VO
audio/units/swann/death/Swann_Death02.wav,Death voice 03,SC2,DEATH VO
audio/units/swann/death/Swann_Death03.wav,Death voice 04,SC2,DEATH VO
audio/units/swann/death/Swann_Death04.wav,Death voice 05,SC2,DEATH VO
audio/units/swann/death/Swann_Death05.wav,Death voice 06,SC2,DEATH VO
audio/units/swann/deploy_move/Swann_Ready01.ogg,What's up cowboy?,SC2 • VERIFIED DIALOGUE,MOVE / ACTIVATE VO
audio/units/swann/deploy_move/Swann_What00.ogg,Anytime you're ready.,SC2 • VERIFIED DIALOGUE,MOVE / ACTIVATE VO
audio/units/swann/deploy_move/Swann_What01.ogg,Is that it?,SC2 • VERIFIED DIALOGUE,MOVE / ACTIVATE VO
audio/units/swann/deploy_move/Swann_What02.ogg,Let's show them what we got!,SC2 • VERIFIED DIALOGUE,MOVE / ACTIVATE VO
audio/units/swann/deploy_move/Swann_What03.ogg,"No time for chat cowboy, what's up?",SC2 • VERIFIED DIALOGUE,MOVE / ACTIVATE VO
audio/units/swann/deploy_move/Swann_Yes00.ogg,Damn straight.,SC2 • VERIFIED DIALOGUE,MOVE / ACTIVATE VO
audio/units/swann/deploy_move/Swann_Yes01.ogg,"I got it, hotshot.",SC2 • VERIFIED DIALOGUE,MOVE / ACTIVATE VO
audio/units/swann/deploy_move/Swann_Yes02.ogg,"Yeah, yeah, I'm doin' it!",SC2 • VERIFIED DIALOGUE,MOVE / ACTIVATE VO
audio/units/swann/deploy_move/Swann_Yes03.ogg,"Oh, that's just great!",SC2 • VERIFIED DIALOGUE,MOVE / ACTIVATE VO
audio/units/swarm_host/attack/SwarmHost_Attack_02.ogg,Swarm Host attack vocalization,SC2 • DESCRIPTIVE NONVERBAL,ATTACK VO
audio/units/swarm_host/attack/SwarmHost_Attack_03.ogg,Swarm Host attack vocalization,SC2 • DESCRIPTIVE NONVERBAL,ATTACK VO
audio/units/swarm_host/attack/SwarmHost_Attack_04.ogg,Swarm Host attack vocalization,SC2 • DESCRIPTIVE NONVERBAL,ATTACK VO
audio/units/swarm_host/attack/SwarmHost_Attack_05.ogg,Swarm Host attack vocalization,SC2 • DESCRIPTIVE NONVERBAL,ATTACK VO
audio/units/swarm_host/attack/SwarmHost_Attack_06.ogg,Swarm Host attack vocalization,SC2 • DESCRIPTIVE NONVERBAL,ATTACK VO
audio/units/swarm_host/attack/SwarmHost_Attack_07.ogg,Swarm Host attack vocalization,SC2 • DESCRIPTIVE NONVERBAL,ATTACK VO
audio/units/swarm_host/attack/SwarmHost_Attack_08.ogg,Swarm Host attack vocalization,SC2 • DESCRIPTIVE NONVERBAL,ATTACK VO
audio/units/swarm_host/canonical/10f73fc02ac2f6df__SwarmHost_Death_00.wav,Swarm Host death sound,SC2 • DESCRIPTIVE NONVERBAL,DEATH VO
audio/units/swarm_host/canonical/23d90be4c60895af__SwarmHost_What_06.ogg,Swarm Host selection vocalization,SC2 • DESCRIPTIVE NONVERBAL,MULTI-ROLE VO
audio/units/swarm_host/canonical/43e32d46cb1d05b3__SwarmHost_What_04.ogg,Swarm Host selection vocalization,SC2 • DESCRIPTIVE NONVERBAL,MULTI-ROLE VO
audio/units/swarm_host/canonical/9684bbbf50b9bf57__SwarmHost_What_08.ogg,Swarm Host selection vocalization,SC2 • DESCRIPTIVE NONVERBAL,MULTI-ROLE VO
audio/units/swarm_host/canonical/a48d521326a6915f__SwarmHost_Ready_01.ogg,Swarm Host movement vocalization,SC2 • DESCRIPTIVE NONVERBAL,MOVE / ACTIVATE VO
audio/units/swarm_host/canonical/ab716642db1acaa4__SwarmHost_What_02.ogg,Swarm Host selection vocalization,SC2 • DESCRIPTIVE NONVERBAL,MULTI-ROLE VO
audio/units/swarm_host/canonical/b45a234f9c9d9ac5__SwarmHost_What_00.ogg,Swarm Host selection vocalization,SC2 • DESCRIPTIVE NONVERBAL,MULTI-ROLE VO
audio/units/swarm_host/canonical/c9d35b2a40704c99__SwarmHost_What_05.ogg,Swarm Host selection vocalization,SC2 • DESCRIPTIVE NONVERBAL,MULTI-ROLE VO
audio/units/swarm_host/canonical/cadaa88ffbabff4d__SwarmHost_Ready_02.ogg,Swarm Host movement vocalization,SC2 • DESCRIPTIVE NONVERBAL,MOVE / ACTIVATE VO
audio/units/swarm_host/canonical/d1251b17805f2cdc__SwarmHost_What_01.ogg,Swarm Host selection vocalization,SC2 • DESCRIPTIVE NONVERBAL,MULTI-ROLE VO
audio/units/swarm_host/canonical/da95fcd211959673__SwarmHost_What_07.ogg,Swarm Host selection vocalization,SC2 • DESCRIPTIVE NONVERBAL,MULTI-ROLE VO
audio/units/swarm_host/canonical/efa77212b2e416fd__SwarmHost_Ready_00.ogg,Swarm Host movement vocalization,SC2 • DESCRIPTIVE NONVERBAL,MOVE / ACTIVATE VO
audio/units/swarm_host/death/SwarmHost_Death_01.wav,Swarm Host death sound,SC2 • DESCRIPTIVE NONVERBAL,DEATH VO
audio/units/swarm_host/death/SwarmHost_Death_02.wav,Swarm Host death sound,SC2 • DESCRIPTIVE NONVERBAL,DEATH VO
audio/units/swarm_host/death/SwarmHost_Death_03.wav,Swarm Host death sound,SC2 • DESCRIPTIVE NONVERBAL,DEATH VO
audio/units/swarm_host/death/SwarmHost_Death_04.wav,Swarm Host death sound,SC2 • DESCRIPTIVE NONVERBAL,DEATH VO
audio/units/swarm_host/deploy_move/SwarmHost_What_09.ogg,Swarm Host movement vocalization,SC2 • DESCRIPTIVE NONVERBAL,MOVE / ACTIVATE VO
audio/units/swarm_host/deploy_move/SwarmHost_Yes_00.ogg,Swarm Host movement vocalization,SC2 • DESCRIPTIVE NONVERBAL,MOVE / ACTIVATE VO
audio/units/swarm_host/deploy_move/SwarmHost_Yes_01.ogg,Swarm Host movement vocalization,SC2 • DESCRIPTIVE NONVERBAL,MOVE / ACTIVATE VO
audio/units/swarm_host/deploy_move/SwarmHost_Yes_02.ogg,Swarm Host movement vocalization,SC2 • DESCRIPTIVE NONVERBAL,MOVE / ACTIVATE VO
audio/units/swarm_host/deploy_move/SwarmHost_Yes_03.ogg,Swarm Host movement vocalization,SC2 • DESCRIPTIVE NONVERBAL,MOVE / ACTIVATE VO
audio/units/swarm_host/deploy_move/SwarmHost_Yes_04.ogg,Swarm Host movement vocalization,SC2 • DESCRIPTIVE NONVERBAL,MOVE / ACTIVATE VO
audio/units/swarm_host/deploy_move/SwarmHost_Yes_05.ogg,Swarm Host movement vocalization,SC2 • DESCRIPTIVE NONVERBAL,MOVE / ACTIVATE VO
audio/units/swarm_host/deploy_move/SwarmHost_Yes_06.ogg,Swarm Host movement vocalization,SC2 • DESCRIPTIVE NONVERBAL,MOVE / ACTIVATE VO
audio/units/swarm_host/deploy_move/SwarmHost_Yes_07.ogg,Swarm Host movement vocalization,SC2 • DESCRIPTIVE NONVERBAL,MOVE / ACTIVATE VO
audio/units/swarm_host/deploy_move/SwarmHost_Yes_08.ogg,Swarm Host movement vocalization,SC2 • DESCRIPTIVE NONVERBAL,MOVE / ACTIVATE VO
audio/units/tempest/attack/TempestVoid_Attack00.ogg,You wish for devastation.,SC2 • VERIFIED DIALOGUE,ATTACK VO
audio/units/tempest/attack/TempestVoid_Attack01.ogg,This battle is ours!,SC2 • VERIFIED DIALOGUE,ATTACK VO
audio/units/tempest/attack/TempestVoid_Attack02.ogg,Annihilating.,SC2 • VERIFIED DIALOGUE,ATTACK VO
audio/units/tempest/attack/TempestVoid_Attack03.ogg,With full force.,SC2 • VERIFIED DIALOGUE,ATTACK VO
audio/units/tempest/attack/TempestVoid_Attack04.ogg,All shall be pure.,SC2 • VERIFIED DIALOGUE,ATTACK VO
audio/units/tempest/attack/TempestVoid_Attack05.ogg,Terminating.,SC2 • VERIFIED DIALOGUE,ATTACK VO
audio/units/tempest/attack/TempestVoid_Attack06.ogg,Attack voice 07,SC2,ATTACK VO
audio/units/tempest/canonical/1ddce9af94f49f66__zVO_ProtossTempest_CarrierShip_015.ogg,Move / order response 02,SC2 • GAME-DATA VERIFIED BANK,MOVE / ACTIVATE VO
audio/units/tempest/canonical/2022f315de1e4d5f__zVO_ProtossTempest_CarrierShip_017.ogg,Move / order response 04,SC2 • GAME-DATA VERIFIED BANK,MOVE / ACTIVATE VO
audio/units/tempest/canonical/270841f8d38fb546__zVO_ProtossTempest_CarrierShip_018.ogg,Move / order response 05,SC2 • GAME-DATA VERIFIED BANK,MOVE / ACTIVATE VO
audio/units/tempest/canonical/29c2dff36e854601__zVO_ProtossTempest_CarrierShip_032.ogg,Annoyed / repeated selection 03,SC2 • GAME-DATA VERIFIED BANK,PORTRAIT / VOICE
audio/units/tempest/canonical/35ff71c66c3d5c7e__zVO_ProtossTempest_CarrierShip_039.ogg,Annoyed / repeated selection 10,SC2 • GAME-DATA VERIFIED BANK,PORTRAIT / VOICE
audio/units/tempest/canonical/4076c8150c33b9b5__zVO_ProtossTempest_CarrierShip_026.ogg,Attack voice 06,SC2 • GAME-DATA VERIFIED BANK,ATTACK VO
audio/units/tempest/canonical/435b5e38bb84de0b__zVO_ProtossTempest_CarrierShip_035.ogg,Annoyed / repeated selection 06,SC2 • GAME-DATA VERIFIED BANK,PORTRAIT / VOICE
audio/units/tempest/canonical/4951215010e2adbd__zVO_ProtossTempest_CarrierShip_007.ogg,Selection response 01,SC2 • GAME-DATA VERIFIED BANK,MOVE / ACTIVATE VO
audio/units/tempest/canonical/5690ba77f7775927__zVO_ProtossTempest_CarrierShip_008.ogg,Selection response 02,SC2 • GAME-DATA VERIFIED BANK,MOVE / ACTIVATE VO
audio/units/tempest/canonical/5ecc058d34f59649__zVO_ProtossTempest_CarrierShip_016.ogg,Move / order response 03,SC2 • GAME-DATA VERIFIED BANK,MOVE / ACTIVATE VO
audio/units/tempest/canonical/661e45ce59a24987__zVO_ProtossTempest_CarrierShip_022.ogg,Attack voice 02,SC2 • GAME-DATA VERIFIED BANK,ATTACK VO
audio/units/tempest/canonical/6c1a045a80796580__zVO_ProtossTempest_CarrierShip_024.ogg,Attack voice 04,SC2 • GAME-DATA VERIFIED BANK,ATTACK VO
audio/units/tempest/canonical/6cfef2178d968312__zVO_ProtossTempest_CarrierShip_006.ogg,Ready / selection 02,SC2 • GAME-DATA VERIFIED BANK,MOVE / ACTIVATE VO
audio/units/tempest/canonical/74d3556adc660e84__zVO_ProtossTempest_CarrierShip_011.ogg,Selection response 05,SC2 • GAME-DATA VERIFIED BANK,MOVE / ACTIVATE VO
audio/units/tempest/canonical/7a1ed72ea366cf4b__zVO_ProtossTempest_CarrierShip_005.ogg,Ready / selection 01,SC2 • GAME-DATA VERIFIED BANK,MOVE / ACTIVATE VO
audio/units/tempest/canonical/7ad4ccfbfb24d43e__zVO_ProtossTempest_CarrierShip_034.ogg,Annoyed / repeated selection 05,SC2 • GAME-DATA VERIFIED BANK,PORTRAIT / VOICE
audio/units/tempest/canonical/89245973f268ac3d__zVO_ProtossTempest_CarrierShip_014.ogg,Move / order response 01,SC2 • GAME-DATA VERIFIED BANK,MOVE / ACTIVATE VO
audio/units/tempest/canonical/a323d9bfe356f91c__zVO_ProtossTempest_CarrierShip_027.ogg,Attack voice 07,SC2 • GAME-DATA VERIFIED BANK,ATTACK VO
audio/units/tempest/canonical/a66626519682d93c__zVO_ProtossTempest_CarrierShip_023.ogg,Attack voice 03,SC2 • GAME-DATA VERIFIED BANK,ATTACK VO
audio/units/tempest/canonical/a8658375b2b0bfe7__zVO_ProtossTempest_CarrierShip_036.ogg,Annoyed / repeated selection 07,SC2 • GAME-DATA VERIFIED BANK,PORTRAIT / VOICE
audio/units/tempest/canonical/a96d92172e41530b__zVO_ProtossTempest_CarrierShip_019.ogg,Move / order response 06,SC2 • GAME-DATA VERIFIED BANK,MOVE / ACTIVATE VO
audio/units/tempest/canonical/b5c27f0564e698c0__zVO_ProtossTempest_CarrierShip_012.ogg,Selection response 06,SC2 • GAME-DATA VERIFIED BANK,MOVE / ACTIVATE VO
audio/units/tempest/canonical/b73fa6810b169d6d__zVO_ProtossTempest_CarrierShip_038.ogg,Annoyed / repeated selection 09,SC2 • GAME-DATA VERIFIED BANK,PORTRAIT / VOICE
audio/units/tempest/canonical/b7e94b9661bb6012__zVO_ProtossTempest_CarrierShip_040.ogg,Death voice 01,SC2 • GAME-DATA VERIFIED BANK,DEATH VO
audio/units/tempest/canonical/c161307172a24832__zVO_ProtossTempest_CarrierShip_013.ogg,Selection response 07,SC2 • GAME-DATA VERIFIED BANK,MOVE / ACTIVATE VO
audio/units/tempest/canonical/cad890630aa1ceb6__zVO_ProtossTempest_CarrierShip_031.ogg,Annoyed / repeated selection 02,SC2 • GAME-DATA VERIFIED BANK,PORTRAIT / VOICE
audio/units/tempest/canonical/d0e22b9507722ac7__zVO_ProtossTempest_CarrierShip_033.ogg,Annoyed / repeated selection 04,SC2 • GAME-DATA VERIFIED BANK,PORTRAIT / VOICE
audio/units/tempest/canonical/d333804a78f95651__zVO_ProtossTempest_CarrierShip_021.ogg,Attack voice 01,SC2 • GAME-DATA VERIFIED BANK,ATTACK VO
audio/units/tempest/canonical/d42bb3029dbd3eda__zVO_ProtossTempest_CarrierShip_037.ogg,Annoyed / repeated selection 08,SC2 • GAME-DATA VERIFIED BANK,PORTRAIT / VOICE
audio/units/tempest/canonical/d4fb7775b8e0ec01__zVO_ProtossTempest_CarrierShip_025.ogg,Attack voice 05,SC2 • GAME-DATA VERIFIED BANK,ATTACK VO
audio/units/tempest/canonical/d64268c95762a680__zVO_ProtossTempest_CarrierShip_010.ogg,Selection response 04,SC2 • GAME-DATA VERIFIED BANK,MOVE / ACTIVATE VO
audio/units/tempest/canonical/d9507cd589582a66__zVO_ProtossTempest_CarrierShip_040.ogg,Death voice 02,SC2 • GAME-DATA VERIFIED BANK,DEATH VO
audio/units/tempest/canonical/e04f15940b8e3f1c__zVO_ProtossTempest_CarrierShip_009.ogg,Selection response 03,SC2 • GAME-DATA VERIFIED BANK,MOVE / ACTIVATE VO
audio/units/tempest/canonical/e9f2c416db279a87__zVO_ProtossTempest_CarrierShip_030.ogg,Annoyed / repeated selection 01,SC2 • GAME-DATA VERIFIED BANK,PORTRAIT / VOICE
audio/units/tempest/canonical/fa9369c7c668e2a2__zVO_ProtossTempest_CarrierShip_020.ogg,Move / order response 07,SC2 • GAME-DATA VERIFIED BANK,MOVE / ACTIVATE VO
audio/units/tempest/deploy_move/TempestVoid_What04.ogg,Selection response 05,SC2,MOVE / ACTIVATE VO
audio/units/tempest/deploy_move/TempestVoid_What05.ogg,There is no greater glory than battle.,SC2 • VERIFIED DIALOGUE,MOVE / ACTIVATE VO
audio/units/tempest/deploy_move/TempestVoid_What06.ogg,We seek honor through duty.,SC2 • VERIFIED DIALOGUE,MOVE / ACTIVATE VO
audio/units/tempest/deploy_move/TempestVoid_Yes00.ogg,We accept.,SC2 • VERIFIED DIALOGUE,MOVE / ACTIVATE VO
audio/units/tempest/deploy_move/TempestVoid_Yes01.ogg,As it was in the days of old.,SC2 • VERIFIED DIALOGUE,MOVE / ACTIVATE VO
audio/units/tempest/deploy_move/TempestVoid_Yes02.ogg,We stand with the Firstborn.,SC2 • VERIFIED DIALOGUE,MOVE / ACTIVATE VO
audio/units/tempest/deploy_move/TempestVoid_Yes03.ogg,Consider it done.,SC2 • VERIFIED DIALOGUE,MOVE / ACTIVATE VO
audio/units/tempest/deploy_move/TempestVoid_Yes04.ogg,We serve by our own will.,SC2 • VERIFIED DIALOGUE,MOVE / ACTIVATE VO
audio/units/tempest/deploy_move/TempestVoid_Yes05.ogg,Move / order response 06,SC2,MOVE / ACTIVATE VO
audio/units/tempest/deploy_move/TempestVoid_Yes06.ogg,For Honor!,SC2 • VERIFIED DIALOGUE,MOVE / ACTIVATE VO
audio/units/thor/attack/Thor_Attack00.ogg,Hammer of the Gods!,SC2 • VERIFIED DIALOGUE,ATTACK VO
audio/units/thor/attack/Thor_Attack01.ogg,EAT HOT LED,SC2 • VERIFIED DIALOGUE,ATTACK VO
audio/units/thor/attack/Thor_Attack02.ogg,"Oh, it's on!",SC2 • VERIFIED DIALOGUE,ATTACK VO
audio/units/thor/attack/Thor_Attack03.ogg,Dropping the hammer,SC2 • VERIFIED DIALOGUE,ATTACK VO
audio/units/thor/attack/Thor_Attack04.ogg,Ride the lightning!,SC2 • VERIFIED DIALOGUE,ATTACK VO
audio/units/thor/attack/Thor_Attack05.ogg,It's over you idiots!,SC2 • VERIFIED DIALOGUE,ATTACK VO
audio/units/thor/canonical/18bee6f07ba4beaa__Thor_What06.ogg,Selection response 07,SC2 • GAME-DATA VERIFIED BANK,MOVE / ACTIVATE VO
audio/units/thor/canonical/263a02b5bca4fd96__Thor_What04.ogg,Selection response 05,SC2 • GAME-DATA VERIFIED BANK,MOVE / ACTIVATE VO
audio/units/thor/canonical/805242a354fc2698__Thor_Ready00.ogg,Ready / selection 01,SC2 • GAME-DATA VERIFIED BANK,MOVE / ACTIVATE VO
audio/units/thor/canonical/a9e434512c742ec4__Thor_What02.ogg,Selection response 03,SC2 • GAME-DATA VERIFIED BANK,MOVE / ACTIVATE VO
audio/units/thor/canonical/cb3042b056db0ff4__Thor_What03.ogg,Selection response 04,SC2 • GAME-DATA VERIFIED BANK,MOVE / ACTIVATE VO
audio/units/thor/canonical/d1d9612834e6869c__Thor_What07.ogg,Selection response 08,SC2 • GAME-DATA VERIFIED BANK,MOVE / ACTIVATE VO
audio/units/thor/canonical/f0aa3baa4ab12df6__Thor_What05.ogg,Selection response 06,SC2 • GAME-DATA VERIFIED BANK,MOVE / ACTIVATE VO
audio/units/thor/canonical/f9fae3073185f50a__Thor_What00.ogg,Selection response 01,SC2 • GAME-DATA VERIFIED BANK,MOVE / ACTIVATE VO
audio/units/thor/canonical/fb103190f41719fb__Thor_What01.ogg,Selection response 02,SC2 • GAME-DATA VERIFIED BANK,MOVE / ACTIVATE VO
audio/units/thor/death/Thor_Death00.wav,Death voice 01,SC2,DEATH VO
audio/units/thor/deploy_move/Thor_What08.ogg,Selection response 09,SC2,MOVE / ACTIVATE VO
audio/units/thor/deploy_move/Thor_Yes00.ogg,"No, no, no!",SC2 • VERIFIED DIALOGUE,MOVE / ACTIVATE VO
audio/units/thor/deploy_move/Thor_Yes02.ogg,Stick around!,SC2 • VERIFIED DIALOGUE,MOVE / ACTIVATE VO
audio/units/thor/deploy_move/Thor_Yes03.ogg,"Okay, baby.",SC2 • VERIFIED DIALOGUE,MOVE / ACTIVATE VO
audio/units/thor/deploy_move/Thor_Yes04.ogg,Let's go,SC2 • VERIFIED DIALOGUE,MOVE / ACTIVATE VO
audio/units/thor/deploy_move/Thor_Yes05.ogg,Watch this!,SC2 • VERIFIED DIALOGUE,MOVE / ACTIVATE VO
audio/units/thor/deploy_move/Thor_Yes06.ogg,Move / order response 07,SC2,MOVE / ACTIVATE VO
audio/units/thor/deploy_move/Thor_Yes07.ogg,Can do,SC2 • VERIFIED DIALOGUE,MOVE / ACTIVATE VO
audio/units/thor/deploy_move/Thor_Yes08.ogg,No problem.,SC2 • VERIFIED DIALOGUE,MOVE / ACTIVATE VO
audio/units/thor/deploy_move/Thor_Yes09.ogg,Right?,SC2 • VERIFIED DIALOGUE,MOVE / ACTIVATE VO
audio/units/tychus/attack/Tychus_Attack00.ogg,Full auto.,SC2 • VERIFIED DIALOGUE,ATTACK VO
audio/units/tychus/attack/Tychus_Attack01.ogg,Why don't you join me?,SC2 • VERIFIED DIALOGUE,ATTACK VO
audio/units/tychus/attack/Tychus_Attack02.ogg,Tear him a new one.,SC2 • VERIFIED DIALOGUE,ATTACK VO
audio/units/tychus/attack/Tychus_Attack03.ogg,You're mine now.,SC2 • VERIFIED DIALOGUE,ATTACK VO
audio/units/tychus/attack/Tychus_Attack04.ogg,Shut up and die,SC2 • VERIFIED DIALOGUE,ATTACK VO
audio/units/tychus/attack/Tychus_Attack05.ogg,You know what daddy likes?,SC2 • VERIFIED DIALOGUE,ATTACK VO
audio/units/tychus/attack/Tychus_Attack06.ogg,Just like old times,SC2 • VERIFIED DIALOGUE,ATTACK VO
audio/units/tychus/death/Tychus_Death03.wav,Death voice 04,SC2,DEATH VO
audio/units/tychus/death/Tychus_Death04.wav,Death voice 05,SC2 • DESCRIPTIVE NONVERBAL,DEATH VO
audio/units/tychus/death/Tychus_Death05.wav,Death voice 06,SC2,DEATH VO
audio/units/tychus/death/Tychus_Death06.wav,Death voice 07,SC2,DEATH VO
audio/units/tychus/deploy_move/Tychus_What01.ogg,Don't provoke me.,SC2 • VERIFIED DIALOGUE,MOVE / ACTIVATE VO
audio/units/tychus/deploy_move/Tychus_What02.ogg,You gonna bark all day?,SC2 • VERIFIED DIALOGUE,MOVE / ACTIVATE VO
audio/units/tychus/deploy_move/Tychus_What03.ogg,Don't waste my time.,SC2 • VERIFIED DIALOGUE,MOVE / ACTIVATE VO
audio/units/tychus/deploy_move/Tychus_What04.ogg,What's in it for me?,SC2 • VERIFIED DIALOGUE,MOVE / ACTIVATE VO
audio/units/tychus/deploy_move/Tychus_Yes00.ogg,Walk the walk.,SC2 • VERIFIED DIALOGUE,MOVE / ACTIVATE VO
audio/units/tychus/deploy_move/Tychus_Yes01.ogg,A man's gotta do what a man's gotta do.,SC2 • VERIFIED DIALOGUE,MOVE / ACTIVATE VO
audio/units/tychus/deploy_move/Tychus_Yes02.ogg,Whatever it takes.,SC2 • VERIFIED DIALOGUE,MOVE / ACTIVATE VO
audio/units/tychus/deploy_move/Tychus_Yes03.ogg,You can't fix stupid.,SC2 • VERIFIED DIALOGUE,MOVE / ACTIVATE VO
audio/units/tychus/deploy_move/Tychus_Yes04.ogg,"Okay, armchair general.",SC2 • VERIFIED DIALOGUE,MOVE / ACTIVATE VO
audio/units/tychus/deploy_move/Tychus_Yes05.ogg,I didn't hear no magic word.,SC2 • VERIFIED DIALOGUE,MOVE / ACTIVATE VO
audio/units/ultralisk/attack/UltraLisk_Attack0.ogg,Ultralisk attack vocalization,SC2 • DESCRIPTIVE NONVERBAL,ATTACK VO
audio/units/ultralisk/attack/UltraLisk_Attack1.ogg,Ultralisk attack vocalization,SC2 • DESCRIPTIVE NONVERBAL,ATTACK VO
audio/units/ultralisk/attack/UltraLisk_Attack2.ogg,Ultralisk attack vocalization,SC2 • DESCRIPTIVE NONVERBAL,ATTACK VO
audio/units/ultralisk/attack/UltraLisk_Attack3.ogg,Ultralisk attack vocalization,SC2 • DESCRIPTIVE NONVERBAL,ATTACK VO
audio/units/ultralisk/attack/UltraLisk_Attack4.ogg,Ultralisk attack vocalization,SC2 • DESCRIPTIVE NONVERBAL,ATTACK VO
audio/units/ultralisk/canonical/2ae6b0ca265d1ebc__Ultralisk_Death0.wav,Ultralisk death sound,SC2 • DESCRIPTIVE NONVERBAL,DEATH VO
audio/units/ultralisk/canonical/34af522615990422__UltraLisk_Ready0.ogg,Ultralisk movement vocalization,SC2 • DESCRIPTIVE NONVERBAL,MOVE / ACTIVATE VO
audio/units/ultralisk/canonical/425c7619bf512c0b__Ultralisk_Death1.wav,Ultralisk death sound,SC2 • DESCRIPTIVE NONVERBAL,DEATH VO
audio/units/ultralisk/canonical/44fdace49821a470__Ultralisk_Death3.wav,Ultralisk death sound,SC2 • DESCRIPTIVE NONVERBAL,DEATH VO
audio/units/ultralisk/canonical/afe833451e0471e4__UltraLisk_Ready2.ogg,Ultralisk movement vocalization,SC2 • DESCRIPTIVE NONVERBAL,MOVE / ACTIVATE VO
audio/units/ultralisk/canonical/b480d13cd51d5807__Ultralisk_Death2.wav,Ultralisk death sound,SC2 • DESCRIPTIVE NONVERBAL,DEATH VO
audio/units/ultralisk/canonical/dcafe166983c9e83__UltraLisk_Ready1.ogg,Ultralisk movement vocalization,SC2 • DESCRIPTIVE NONVERBAL,MOVE / ACTIVATE VO
audio/units/ultralisk/canonical/ede0f008fa6142c0__UltraLisk_What0.ogg,Ultralisk movement vocalization,SC2 • DESCRIPTIVE NONVERBAL,MOVE / ACTIVATE VO
audio/units/ultralisk/death/Ultralisk_Death4.wav,Ultralisk death sound,SC2 • DESCRIPTIVE NONVERBAL,DEATH VO
audio/units/ultralisk/death/Ultralisk_Death5.wav,Ultralisk death sound,SC2 • DESCRIPTIVE NONVERBAL,DEATH VO
audio/units/ultralisk/death/Ultralisk_Death6.wav,Ultralisk death sound,SC2 • DESCRIPTIVE NONVERBAL,DEATH VO
audio/units/ultralisk/death/Ultralisk_Death7.wav,Ultralisk death sound,SC2 • DESCRIPTIVE NONVERBAL,DEATH VO
audio/units/ultralisk/deploy_move/UltraLisk_What1.ogg,Ultralisk movement vocalization,SC2 • DESCRIPTIVE NONVERBAL,MOVE / ACTIVATE VO
audio/units/ultralisk/deploy_move/UltraLisk_What2.ogg,Ultralisk movement vocalization,SC2 • DESCRIPTIVE NONVERBAL,MOVE / ACTIVATE VO
audio/units/ultralisk/deploy_move/UltraLisk_What3.ogg,Ultralisk movement vocalization,SC2 • DESCRIPTIVE NONVERBAL,MOVE / ACTIVATE VO
audio/units/ultralisk/deploy_move/UltraLisk_What4.ogg,Ultralisk movement vocalization,SC2 • DESCRIPTIVE NONVERBAL,MOVE / ACTIVATE VO
audio/units/ultralisk/deploy_move/UltraLisk_What5.ogg,Ultralisk movement vocalization,SC2 • DESCRIPTIVE NONVERBAL,MOVE / ACTIVATE VO
audio/units/ultralisk/deploy_move/UltraLisk_Yes0.ogg,Ultralisk movement vocalization,SC2 • DESCRIPTIVE NONVERBAL,MOVE / ACTIVATE VO
audio/units/ultralisk/deploy_move/UltraLisk_Yes1.ogg,Ultralisk movement vocalization,SC2 • DESCRIPTIVE NONVERBAL,MOVE / ACTIVATE VO
audio/units/ultralisk/deploy_move/UltraLisk_Yes2.ogg,Ultralisk movement vocalization,SC2 • DESCRIPTIVE NONVERBAL,MOVE / ACTIVATE VO
audio/units/ultralisk/deploy_move/UltraLisk_Yes3.ogg,Ultralisk movement vocalization,SC2 • DESCRIPTIVE NONVERBAL,MOVE / ACTIVATE VO
audio/units/ultralisk/deploy_move/UltraLisk_Yes4.ogg,Ultralisk movement vocalization,SC2 • DESCRIPTIVE NONVERBAL,MOVE / ACTIVATE VO
audio/units/viking/attack/Viking_Attack00.ogg,Burnin' pillage!,SC2 • VERIFIED DIALOGUE,ATTACK VO
audio/units/viking/attack/Viking_Attack01.ogg,Weapons primed.,SC2 • VERIFIED DIALOGUE,ATTACK VO
audio/units/viking/attack/Viking_Attack02.ogg,Strike hard and fast.,SC2 • VERIFIED DIALOGUE,ATTACK VO
audio/units/viking/attack/Viking_Attack03.ogg,Fortune favors the bold.,SC2 • VERIFIED DIALOGUE,ATTACK VO
audio/units/viking/attack/Viking_Attack04.ogg,I love a good read.,SC2 • VERIFIED DIALOGUE,ATTACK VO
audio/units/viking/attack/Viking_Attack05.ogg,There's the spirit!,SC2 • VERIFIED DIALOGUE,ATTACK VO
audio/units/viking/attack/Viking_Attack06.ogg,Aggressive. I like it.,SC2 • VERIFIED DIALOGUE,ATTACK VO
audio/units/viking/canonical/1ecb43efd8d4b339__Viking_Yes00.ogg,Move / order response 01,SC2 • GAME-DATA VERIFIED BANK,MOVE / ACTIVATE VO
audio/units/viking/canonical/318cc3152d9d4006__Viking_Ready00.ogg,Ready / selection 01,SC2 • GAME-DATA VERIFIED BANK,MOVE / ACTIVATE VO
audio/units/viking/canonical/4b79842102ff2fea__Viking_What01.ogg,Selection response 02,SC2 • GAME-DATA VERIFIED BANK,MOVE / ACTIVATE VO
audio/units/viking/canonical/63f55ad9be900176__Viking_What03.ogg,Selection response 04,SC2 • GAME-DATA VERIFIED BANK,MOVE / ACTIVATE VO
audio/units/viking/canonical/a3c7bf089590b77a__Viking_What02.ogg,Selection response 03,SC2 • GAME-DATA VERIFIED BANK,MOVE / ACTIVATE VO
audio/units/viking/canonical/dfd673f38f3436ab__Viking_What04.ogg,Selection response 05,SC2 • GAME-DATA VERIFIED BANK,MOVE / ACTIVATE VO
audio/units/viking/canonical/f41aef37a950c396__Viking_What00.ogg,Selection response 01,SC2 • GAME-DATA VERIFIED BANK,MOVE / ACTIVATE VO
audio/units/viking/death/Viking_Death00.wav,Death voice 01,SC2,DEATH VO
audio/units/viking/deploy_move/Viking_Yes01.ogg,Victory,SC2 • VERIFIED DIALOGUE,MOVE / ACTIVATE VO
audio/units/viking/deploy_move/Viking_Yes02.ogg,Move / order response 03,SC2,MOVE / ACTIVATE VO
audio/units/viking/deploy_move/Viking_Yes03.ogg,I like it.,SC2 • VERIFIED DIALOGUE,MOVE / ACTIVATE VO
audio/units/viking/deploy_move/Viking_Yes04.ogg,Very well.,SC2 • VERIFIED DIALOGUE,MOVE / ACTIVATE VO
audio/units/viking/deploy_move/Viking_Yes05.ogg,HAHA!,SC2 • VERIFIED DIALOGUE,MOVE / ACTIVATE VO
audio/units/viking/deploy_move/Viking_Yes06.ogg,Agreed.,SC2 • VERIFIED DIALOGUE,MOVE / ACTIVATE VO
audio/units/viking/deploy_move/Viking_Yes07.ogg,Alright.,SC2 • VERIFIED DIALOGUE,MOVE / ACTIVATE VO
audio/units/viking/deploy_move/Viking_Yes08.ogg,Inbound.,SC2 • VERIFIED DIALOGUE,MOVE / ACTIVATE VO
audio/units/viking/deploy_move/Viking_Yes09.ogg,Certainly.,SC2 • VERIFIED DIALOGUE,MOVE / ACTIVATE VO
audio/units/viking/deploy_move/Viking_Yes10.ogg,"Yes, indeed.",SC2 • VERIFIED DIALOGUE,MOVE / ACTIVATE VO
audio/units/viper/canonical/42a0aaf238a6e236__LairViper_What_03.ogg,Viper attack vocalization,SC2 • DESCRIPTIVE NONVERBAL,MULTI-ROLE VO
audio/units/viper/canonical/5354a102ea938063__LairViper_What_04.ogg,Viper attack vocalization,SC2 • DESCRIPTIVE NONVERBAL,MULTI-ROLE VO
audio/units/viper/canonical/8a8ff7bbc9b27f68__LairViper_What_00.ogg,Viper attack vocalization,SC2 • DESCRIPTIVE NONVERBAL,MULTI-ROLE VO
audio/units/viper/canonical/910d0e0bd8e7e92e__LairViper_What_02.ogg,Viper attack vocalization,SC2 • DESCRIPTIVE NONVERBAL,MULTI-ROLE VO
audio/units/viper/canonical/9cc4b9ae04d17a0c__LairViper_What_05.ogg,Viper attack vocalization,SC2 • DESCRIPTIVE NONVERBAL,MULTI-ROLE VO
audio/units/viper/canonical/9efcef90d6a6305f__LairViper_Ready_00.ogg,Viper movement vocalization,SC2 • DESCRIPTIVE NONVERBAL,MOVE / ACTIVATE VO
audio/units/viper/canonical/a9e4474b15193c06__LairViper_Ready_02.ogg,Viper movement vocalization,SC2 • DESCRIPTIVE NONVERBAL,MOVE / ACTIVATE VO
audio/units/viper/canonical/da24d653f218de2c__LairViper_Ready_01.ogg,Viper movement vocalization,SC2 • DESCRIPTIVE NONVERBAL,MOVE / ACTIVATE VO
audio/units/viper/canonical/ecffb64d6ac5938f__LairViper_What_06.ogg,Viper attack vocalization,SC2 • DESCRIPTIVE NONVERBAL,MULTI-ROLE VO
audio/units/viper/canonical/f2c205b381816f02__LairViper_What_01.ogg,Viper attack vocalization,SC2 • DESCRIPTIVE NONVERBAL,MULTI-ROLE VO
audio/units/viper/death/LairViper_Death_01.wav,Viper death sound,SC2 • DESCRIPTIVE NONVERBAL,DEATH VO
audio/units/viper/death/LairViper_Death_02.wav,Viper death sound,SC2 • DESCRIPTIVE NONVERBAL,DEATH VO
audio/units/viper/death/LairViper_Death_03.wav,Viper death sound,SC2 • DESCRIPTIVE NONVERBAL,DEATH VO
audio/units/viper/death/LairViper_Death_04.wav,Viper death sound,SC2 • DESCRIPTIVE NONVERBAL,DEATH VO
audio/units/viper/deploy_move/LairViper_What_07.ogg,Viper movement vocalization,SC2 • DESCRIPTIVE NONVERBAL,MOVE / ACTIVATE VO
audio/units/viper/deploy_move/LairViper_Yes_00.ogg,Viper movement vocalization,SC2 • DESCRIPTIVE NONVERBAL,MOVE / ACTIVATE VO
audio/units/viper/deploy_move/LairViper_Yes_01.ogg,Viper movement vocalization,SC2 • DESCRIPTIVE NONVERBAL,MOVE / ACTIVATE VO
audio/units/viper/deploy_move/LairViper_Yes_02.ogg,Viper movement vocalization,SC2 • DESCRIPTIVE NONVERBAL,MOVE / ACTIVATE VO
audio/units/viper/deploy_move/LairViper_Yes_03.ogg,Viper movement vocalization,SC2 • DESCRIPTIVE NONVERBAL,MOVE / ACTIVATE VO
audio/units/viper/deploy_move/LairViper_Yes_04.ogg,Viper movement vocalization,SC2 • DESCRIPTIVE NONVERBAL,MOVE / ACTIVATE VO
audio/units/viper/deploy_move/LairViper_Yes_05.ogg,Viper movement vocalization,SC2 • DESCRIPTIVE NONVERBAL,MOVE / ACTIVATE VO
audio/units/viper/deploy_move/LairViper_Yes_06.ogg,Viper movement vocalization,SC2 • DESCRIPTIVE NONVERBAL,MOVE / ACTIVATE VO
audio/units/viper/deploy_move/LairViper_Yes_07.ogg,Viper movement vocalization,SC2 • DESCRIPTIVE NONVERBAL,MOVE / ACTIVATE VO
audio/units/viper/deploy_move/LairViper_Yes_08.ogg,Viper movement vocalization,SC2 • DESCRIPTIVE NONVERBAL,MOVE / ACTIVATE VO
audio/units/void_ray/attack/VoidRay_Attack00.ogg,Lock beams and incinerate.,SC2 • VERIFIED DIALOGUE,ATTACK VO
audio/units/void_ray/attack/VoidRay_Attack01.ogg,Prismatic beams aligning.,SC2 • VERIFIED DIALOGUE,ATTACK VO
audio/units/void_ray/attack/VoidRay_Attack02.ogg,Attack voice 03,SC2,ATTACK VO
audio/units/void_ray/attack/VoidRay_Attack03.ogg,Attack voice 04,SC2,ATTACK VO
audio/units/void_ray/attack/VoidRay_Attack04.ogg,"Fire at will, Commander.",SC2 • VERIFIED DIALOGUE,ATTACK VO
audio/units/void_ray/attack/VoidRay_Attack05.ogg,Coordinating attack.,SC2 • VERIFIED DIALOGUE,ATTACK VO
audio/units/void_ray/attack/VoidRay_Attack06.ogg,Synchronizing,SC2 • VERIFIED DIALOGUE,ATTACK VO
audio/units/void_ray/canonical/3e284b04eac71b07__VoidRay_What00.ogg,Selection response 01,SC2 • GAME-DATA VERIFIED BANK,MOVE / ACTIVATE VO
audio/units/void_ray/canonical/40dcb1d96c5a7105__VoidRay_Ready00.ogg,Ready / selection 01,SC2 • GAME-DATA VERIFIED BANK,MOVE / ACTIVATE VO
audio/units/void_ray/canonical/46907b3432ceca2b__VoidRay_Ready01.ogg,Ready / selection 02,SC2 • GAME-DATA VERIFIED BANK,MOVE / ACTIVATE VO
audio/units/void_ray/canonical/46ffc0059efddd80__VoidRay_What01.ogg,Selection response 02,SC2 • GAME-DATA VERIFIED BANK,MOVE / ACTIVATE VO
audio/units/void_ray/canonical/84fdc5c70265aac9__VoidRay_What02.ogg,Selection response 03,SC2 • GAME-DATA VERIFIED BANK,MOVE / ACTIVATE VO
audio/units/void_ray/deploy_move/VoidRay_What03.ogg,We have full power.,SC2 • VERIFIED DIALOGUE,MOVE / ACTIVATE VO
audio/units/void_ray/deploy_move/VoidRay_What04.ogg,Selection response 05,SC2,MOVE / ACTIVATE VO
audio/units/void_ray/deploy_move/VoidRay_Yes00.ogg,Calibrating void lenses,SC2 • VERIFIED DIALOGUE,MOVE / ACTIVATE VO
audio/units/void_ray/deploy_move/VoidRay_Yes01.ogg,It shall be done.,SC2 • VERIFIED DIALOGUE,MOVE / ACTIVATE VO
audio/units/void_ray/deploy_move/VoidRay_Yes02.ogg,Ik kuda anai.,SC2 • VERIFIED DIALOGUE,MOVE / ACTIVATE VO
audio/units/void_ray/deploy_move/VoidRay_Yes03.ogg,Move / order response 04,SC2,MOVE / ACTIVATE VO
audio/units/void_ray/deploy_move/VoidRay_Yes04.ogg,Annihilation commencing.,SC2 • VERIFIED DIALOGUE,MOVE / ACTIVATE VO
audio/units/void_ray/deploy_move/VoidRay_Yes05.ogg,Move / order response 06,SC2,MOVE / ACTIVATE VO
audio/units/void_ray/deploy_move/VoidRay_Yes06.ogg,Systems at full.,SC2 • VERIFIED DIALOGUE,MOVE / ACTIVATE VO
audio/units/void_ray/deploy_move/VoidRay_Yes07.ogg,Processed,SC2 • VERIFIED DIALOGUE,MOVE / ACTIVATE VO
audio/units/vorazun/attack/Vorazun_Attack00.ogg,The path to victory awaits.,SC2 • VERIFIED DIALOGUE,ATTACK VO
audio/units/vorazun/attack/Vorazun_Attack01.ogg,For our homeland.,SC2 • VERIFIED DIALOGUE,ATTACK VO
audio/units/vorazun/attack/Vorazun_Attack02.ogg,Zakan Zakash!,SC2 • VERIFIED DIALOGUE,ATTACK VO
audio/units/vorazun/attack/Vorazun_Attack03.ogg,The shadows are my shield.,SC2 • VERIFIED DIALOGUE,ATTACK VO
audio/units/vorazun/attack/Vorazun_Attack04.ogg,Twilight enshrouds me.,SC2 • VERIFIED DIALOGUE,ATTACK VO
audio/units/vorazun/attack/Vorazun_Attack05.ogg,This shall be our day of triumph.,SC2 • VERIFIED DIALOGUE,ATTACK VO
audio/units/vorazun/attack/Vorazun_Attack06.ogg,Zakuul Gulidar!,SC2 • VERIFIED DIALOGUE,ATTACK VO
audio/units/vorazun/death/Vorazun_Death00.wav,Our legacy lives on.,SC2 • VERIFIED DIALOGUE,DEATH VO
audio/units/vorazun/deploy_move/Vorazun_What03.ogg,NOSPERU SADAR,SC2 • VERIFIED DIALOGUE,MOVE / ACTIVATE VO
audio/units/vorazun/deploy_move/Vorazun_What04.ogg,We must form a plan.,SC2 • VERIFIED DIALOGUE,MOVE / ACTIVATE VO
audio/units/vorazun/deploy_move/Vorazun_What05.ogg,You require counsel.,SC2 • VERIFIED DIALOGUE,MOVE / ACTIVATE VO
audio/units/vorazun/deploy_move/Vorazun_What06.ogg,There is little time.,SC2 • VERIFIED DIALOGUE,MOVE / ACTIVATE VO
audio/units/vorazun/deploy_move/Vorazun_Yes00.ogg,Move / order response 01,SC2,MOVE / ACTIVATE VO
audio/units/vorazun/deploy_move/Vorazun_Yes01.ogg,We stand with our allies.,SC2 • VERIFIED DIALOGUE,MOVE / ACTIVATE VO
audio/units/vorazun/deploy_move/Vorazun_Yes02.ogg,Our future is the Dhelam.,SC2 • VERIFIED DIALOGUE,MOVE / ACTIVATE VO
audio/units/vorazun/deploy_move/Vorazun_Yes03.ogg,Nerazgulio,SC2 • VERIFIED DIALOGUE,MOVE / ACTIVATE VO
audio/units/vorazun/deploy_move/Vorazun_Yes04.ogg,It is my honor.,SC2 • VERIFIED DIALOGUE,MOVE / ACTIVATE VO
audio/units/vorazun/deploy_move/Vorazun_Yes05.ogg,There is much to be done.,SC2 • VERIFIED DIALOGUE,MOVE / ACTIVATE VO
audio/units/vulture/attack/Vulture_Attack00.ogg,Let's rumble.,SC2 • VERIFIED DIALOGUE,ATTACK VO
audio/units/vulture/attack/Vulture_Attack01.ogg,live fast die young,SC2 • VERIFIED DIALOGUE,ATTACK VO
audio/units/vulture/attack/Vulture_Attack02.ogg,Like a bat outta hell!,SC2 • VERIFIED DIALOGUE,ATTACK VO
audio/units/vulture/death/Vulture_Death02.wav,Death voice 03,SC2,DEATH VO
audio/units/vulture/death/Vulture_Death03.wav,Death voice 04,SC2,DEATH VO
audio/units/vulture/death/Vulture_Death04.wav,Death voice 05,SC2 • DESCRIPTIVE NONVERBAL,DEATH VO
audio/units/vulture/death/Vulture_Death05.wav,Death voice 06,SC2,DEATH VO
audio/units/vulture/deploy_move/Vulture_What00.ogg,Yeah,SC2 • VERIFIED DIALOGUE,MOVE / ACTIVATE VO
audio/units/vulture/deploy_move/Vulture_What01.ogg,Selection response 02,SC2,MOVE / ACTIVATE VO
audio/units/vulture/deploy_move/Vulture_What02.ogg,Something on your mind.,SC2 • VERIFIED DIALOGUE,MOVE / ACTIVATE VO
audio/units/vulture/deploy_move/Vulture_What03.ogg,What do you want?,SC2 • VERIFIED DIALOGUE,MOVE / ACTIVATE VO
audio/units/vulture/deploy_move/Vulture_Yes01.ogg,"Yeah, I'm gone.",SC2 • VERIFIED DIALOGUE,MOVE / ACTIVATE VO
audio/units/vulture/deploy_move/Vulture_Yes02.ogg,Move / order response 03,SC2,MOVE / ACTIVATE VO
audio/units/vulture/deploy_move/Vulture_Yes03.ogg,"No problem, old.",SC2 • VERIFIED DIALOGUE,MOVE / ACTIVATE VO
audio/units/vulture/deploy_move/Vulture_Yes04.ogg,"Oh, is that it?",SC2 • VERIFIED DIALOGUE,MOVE / ACTIVATE VO
audio/units/vulture/deploy_move/Vulture_Yes05.ogg,Born to be wild.,SC2 • VERIFIED DIALOGUE,MOVE / ACTIVATE VO
audio/units/vulture/deploy_move/Vulture_Yes06.ogg,The road's calling.,SC2 • VERIFIED DIALOGUE,MOVE / ACTIVATE VO
audio/units/warbot/attack/Warbot_Attack1.ogg,Attack voice 02,SC2,ATTACK VO
audio/units/warbot/attack/Warbot_Attack2.ogg,Attack voice 03,SC2,ATTACK VO
audio/units/warbot/attack/Warbot_Attack3.ogg,Attack voice 04,SC2,ATTACK VO
audio/units/warbot/attack/Warbot_Attack4.ogg,Attack voice 05,SC2,ATTACK VO
audio/units/warbot/attack/Warbot_Attack5.ogg,Attack voice 06,SC2,ATTACK VO
audio/units/warbot/attack/Warbot_Attack6.ogg,Attack voice 07,SC2,ATTACK VO
audio/units/warbot/attack/Warbot_Attack7.ogg,Attack voice 08,SC2,ATTACK VO
audio/units/warbot/deploy_move/Warbot_What5.ogg,Selection response 06,SC2,MOVE / ACTIVATE VO
audio/units/warbot/deploy_move/Warbot_Yes0.ogg,Move / order response 01,SC2,MOVE / ACTIVATE VO
audio/units/warbot/deploy_move/Warbot_Yes1.ogg,Move / order response 02,SC2,MOVE / ACTIVATE VO
audio/units/warbot/deploy_move/Warbot_Yes2.ogg,Move / order response 03,SC2,MOVE / ACTIVATE VO
audio/units/warbot/deploy_move/Warbot_Yes3.ogg,Move / order response 04,SC2,MOVE / ACTIVATE VO
audio/units/warbot/deploy_move/Warbot_Yes4.ogg,Move / order response 05,SC2,MOVE / ACTIVATE VO
audio/units/warbot/deploy_move/Warbot_Yes5.ogg,Move / order response 06,SC2,MOVE / ACTIVATE VO
audio/units/warbot/deploy_move/Warbot_Yes6.ogg,Move / order response 07,SC2,MOVE / ACTIVATE VO
audio/units/warbot/deploy_move/Warbot_Yes7.ogg,Move / order response 08,SC2,MOVE / ACTIVATE VO
audio/units/warbot/deploy_move/Warbot_Yes8.ogg,Move / order response 09,SC2,MOVE / ACTIVATE VO
audio/units/warp_prism/canonical/12815ad31b81af6f__PhasePrism_What00.ogg,Selection response 01,SC2 • GAME-DATA VERIFIED BANK,MOVE / ACTIVATE VO
audio/units/warp_prism/canonical/3021ef8ff6d9010b__PhasePrism_What02.ogg,Selection response 03,SC2 • GAME-DATA VERIFIED BANK,MOVE / ACTIVATE VO
audio/units/warp_prism/canonical/6664228e95e8697b__PhasePrism_Ready00.ogg,Ready / selection 01,SC2 • GAME-DATA VERIFIED BANK,MOVE / ACTIVATE VO
audio/units/warp_prism/canonical/82289ce1e8c8403a__PhasePrism_Ready03.ogg,Ready / selection 04,SC2 • GAME-DATA VERIFIED BANK,MOVE / ACTIVATE VO
audio/units/warp_prism/canonical/befa306416ed3935__PhasePrism_What01.ogg,Selection response 02,SC2 • GAME-DATA VERIFIED BANK,MOVE / ACTIVATE VO
audio/units/warp_prism/canonical/c26a7e1d12cb6647__PhasePrism_Ready01.ogg,Ready / selection 02,SC2 • GAME-DATA VERIFIED BANK,MOVE / ACTIVATE VO
audio/units/warp_prism/canonical/cc75bf81fcf6ac6a__PhasePrism_Ready02.ogg,Ready / selection 03,SC2 • GAME-DATA VERIFIED BANK,MOVE / ACTIVATE VO
audio/units/warp_prism/canonical/ceaf8ad7688b4b59__PhasePrism_What03.ogg,Selection response 04,SC2 • GAME-DATA VERIFIED BANK,MOVE / ACTIVATE VO
audio/units/warp_prism/deploy_move/PhasePrism_What04.ogg,Selection response 05,SC2,MOVE / ACTIVATE VO
audio/units/warp_prism/deploy_move/PhasePrism_What05.ogg,Selection response 06,SC2,MOVE / ACTIVATE VO
audio/units/warp_prism/deploy_move/PhasePrism_Yes00.ogg,Move / order response 01,SC2,MOVE / ACTIVATE VO
audio/units/warp_prism/deploy_move/PhasePrism_Yes01.ogg,Move / order response 02,SC2,MOVE / ACTIVATE VO
audio/units/warp_prism/deploy_move/PhasePrism_Yes02.ogg,Move / order response 03,SC2,MOVE / ACTIVATE VO
audio/units/warp_prism/deploy_move/PhasePrism_Yes03.ogg,Move / order response 04,SC2,MOVE / ACTIVATE VO
audio/units/warp_prism/deploy_move/PhasePrism_Yes04.ogg,Move / order response 05,SC2,MOVE / ACTIVATE VO
audio/units/warp_prism/deploy_move/PhasePrism_Yes05.ogg,Move / order response 06,SC2,MOVE / ACTIVATE VO
audio/units/warp_prism/deploy_move/PhasePrism_Yes06.ogg,Move / order response 07,SC2,MOVE / ACTIVATE VO
audio/units/warp_prism/deploy_move/PhasePrism_Yes07.ogg,Move / order response 08,SC2,MOVE / ACTIVATE VO
audio/units/widow_mine/attack/WidowMine_Attack00.ogg,Widow Mine attack vocalization,SC2 • DESCRIPTIVE NONVERBAL,ATTACK VO
audio/units/widow_mine/attack/WidowMine_Attack01.ogg,Widow Mine attack vocalization,SC2 • DESCRIPTIVE NONVERBAL,ATTACK VO
audio/units/widow_mine/attack/WidowMine_Attack02.ogg,Widow Mine attack vocalization,SC2 • DESCRIPTIVE NONVERBAL,ATTACK VO
audio/units/widow_mine/chatter/WidowMine_Pissed00.ogg,Widow Mine selection vocalization,SC2 • DESCRIPTIVE NONVERBAL,CHATTER
audio/units/widow_mine/chatter/WidowMine_Pissed01.ogg,Widow Mine selection vocalization,SC2 • DESCRIPTIVE NONVERBAL,CHATTER
audio/units/widow_mine/chatter/WidowMine_Pissed02.ogg,Widow Mine selection vocalization,SC2 • DESCRIPTIVE NONVERBAL,CHATTER
audio/units/widow_mine/chatter/WidowMine_Pissed03.ogg,Widow Mine selection vocalization,SC2 • DESCRIPTIVE NONVERBAL,CHATTER
audio/units/widow_mine/death/WidowMine_Death00.wav,Widow Mine death sound,SC2 • DESCRIPTIVE NONVERBAL,DEATH VO
audio/units/widow_mine/death/WidowMine_Death01.wav,Widow Mine death sound,SC2 • DESCRIPTIVE NONVERBAL,DEATH VO
audio/units/widow_mine/death/WidowMine_Death02.wav,Widow Mine death sound,SC2 • DESCRIPTIVE NONVERBAL,DEATH VO
audio/units/widow_mine/death/WidowMine_Death03.wav,Widow Mine death sound,SC2 • DESCRIPTIVE NONVERBAL,DEATH VO
audio/units/widow_mine/deploy_move/WidowMine_Ready00.ogg,Widow Mine movement vocalization,SC2 • DESCRIPTIVE NONVERBAL,MOVE / ACTIVATE VO
audio/units/widow_mine/deploy_move/WidowMine_Ready01.ogg,Widow Mine movement vocalization,SC2 • DESCRIPTIVE NONVERBAL,MOVE / ACTIVATE VO
audio/units/widow_mine/deploy_move/WidowMine_Ready02.ogg,Widow Mine movement vocalization,SC2 • DESCRIPTIVE NONVERBAL,MOVE / ACTIVATE VO
audio/units/widow_mine/deploy_move/WidowMine_What00.ogg,Widow Mine movement vocalization,SC2 • DESCRIPTIVE NONVERBAL,MOVE / ACTIVATE VO
audio/units/widow_mine/deploy_move/WidowMine_Yes00.ogg,Widow Mine movement vocalization,SC2 • DESCRIPTIVE NONVERBAL,MOVE / ACTIVATE VO
audio/units/widow_mine/deploy_move/WidowMine_Yes01.ogg,Widow Mine movement vocalization,SC2 • DESCRIPTIVE NONVERBAL,MOVE / ACTIVATE VO
audio/units/widow_mine/deploy_move/WidowMine__What01.ogg,Widow Mine movement vocalization,SC2 • DESCRIPTIVE NONVERBAL,MOVE / ACTIVATE VO
audio/units/widow_mine/deploy_move/WidowMine__What02.ogg,Widow Mine movement vocalization,SC2 • DESCRIPTIVE NONVERBAL,MOVE / ACTIVATE VO
audio/units/wraith/attack/Wraith_Attack00.ogg,Targeting systems primed.,SC2 • VERIFIED DIALOGUE,ATTACK VO
audio/units/wraith/attack/Wraith_Attack01.ogg,Light them up.,SC2 • VERIFIED DIALOGUE,ATTACK VO
audio/units/wraith/attack/Wraith_Attack02.ogg,It's go time.,SC2 • VERIFIED DIALOGUE,ATTACK VO
audio/units/wraith/death/Wraith_Death00.wav,Eject!,SC2 • VERIFIED DIALOGUE,DEATH VO
audio/units/wraith/death/Wraith_Death01.wav,Total Systems Failure,SC2 • VERIFIED DIALOGUE,DEATH VO
audio/units/wraith/death/Wraith_Death02.wav,Oh no.,SC2 • VERIFIED DIALOGUE,DEATH VO
audio/units/wraith/death/Wraith_Death03.wav,Death voice 04,SC2,DEATH VO
audio/units/wraith/deploy_move/Wraith_What00.ogg,Go ahead command.,SC2 • VERIFIED DIALOGUE,MOVE / ACTIVATE VO
audio/units/wraith/deploy_move/Wraith_What01.ogg,Transmit coordinates.,SC2 • VERIFIED DIALOGUE,MOVE / ACTIVATE VO
audio/units/wraith/deploy_move/Wraith_What02.ogg,Stand it by.,SC2 • VERIFIED DIALOGUE,MOVE / ACTIVATE VO
audio/units/wraith/deploy_move/Wraith_What03.ogg,Reporting in.,SC2 • VERIFIED DIALOGUE,MOVE / ACTIVATE VO
audio/units/wraith/deploy_move/Wraith_Yes00.ogg,Coordinates received.,SC2 • VERIFIED DIALOGUE,MOVE / ACTIVATE VO
audio/units/wraith/deploy_move/Wraith_Yes01.ogg,The attack formation.,SC2 • VERIFIED DIALOGUE,MOVE / ACTIVATE VO
audio/units/wraith/deploy_move/Wraith_Yes02.ogg,Roger,SC2 • VERIFIED DIALOGUE,MOVE / ACTIVATE VO
audio/units/wraith/deploy_move/Wraith_Yes03.ogg,Vector locked in.,SC2 • VERIFIED DIALOGUE,MOVE / ACTIVATE VO
audio/units/wraith/deploy_move/Wraith_Yes04.ogg,We'll do command.,SC2 • VERIFIED DIALOGUE,MOVE / ACTIVATE VO
audio/units/wraith/deploy_move/Wraith_Yes05.ogg,Thrusters to maximum.,SC2 • VERIFIED DIALOGUE,MOVE / ACTIVATE VO
audio/units/zagara/attack/ZagaraHero_Attack00.ogg,You cannot escape the swarm!,SC2 • VERIFIED DIALOGUE,ATTACK VO
audio/units/zagara/attack/ZagaraHero_Attack01.ogg,Our prey nears!,SC2 • VERIFIED DIALOGUE,ATTACK VO
audio/units/zagara/attack/ZagaraHero_Attack02.ogg,Attack voice 03,SC2,ATTACK VO
audio/units/zagara/attack/ZagaraHero_Attack03.ogg,This swarm comes for you!,SC2 • VERIFIED DIALOGUE,ATTACK VO
audio/units/zagara/attack/ZagaraHero_Attack04.ogg,Feel the fury of the swarm!,SC2 • VERIFIED DIALOGUE,ATTACK VO
audio/units/zagara/attack/ZagaraHero_Attack05.ogg,I am your undoing.,SC2 • VERIFIED DIALOGUE,ATTACK VO
audio/units/zagara/attack/ZagaraHero_Attack06.ogg,Die!,SC2 • VERIFIED DIALOGUE,ATTACK VO
audio/units/zagara/death/ZagaraHero_Death00.wav,The swarm will never die!,SC2 • VERIFIED DIALOGUE,DEATH VO
audio/units/zagara/death/ZagaraHero_Death01.wav,You cannot kill me.,SC2 • VERIFIED DIALOGUE,DEATH VO
audio/units/zagara/deploy_move/ZagaraHero_What01.ogg,I listen.,SC2 • VERIFIED DIALOGUE,MOVE / ACTIVATE VO
audio/units/zagara/deploy_move/ZagaraHero_What02.ogg,We are ready to kill!,SC2 • VERIFIED DIALOGUE,MOVE / ACTIVATE VO
audio/units/zagara/deploy_move/ZagaraHero_What03.ogg,Selection response 04,SC2,MOVE / ACTIVATE VO
audio/units/zagara/deploy_move/ZagaraHero_Yes00.ogg,We move.,SC2 • VERIFIED DIALOGUE,MOVE / ACTIVATE VO
audio/units/zagara/deploy_move/ZagaraHero_Yes01.ogg,Agreed.,SC2 • VERIFIED DIALOGUE,MOVE / ACTIVATE VO
audio/units/zagara/deploy_move/ZagaraHero_Yes02.ogg,The fittest shall survive!,SC2 • VERIFIED DIALOGUE,MOVE / ACTIVATE VO
audio/units/zagara/deploy_move/ZagaraHero_Yes03.ogg,You're busy.,SC2 • VERIFIED DIALOGUE,MOVE / ACTIVATE VO
audio/units/zagara/deploy_move/ZagaraHero_Yes04.ogg,This world shall fall.,SC2 • VERIFIED DIALOGUE,MOVE / ACTIVATE VO
audio/units/zagara/deploy_move/ZagaraHero_Yes05.ogg,Our vengeance will be complete.,SC2 • VERIFIED DIALOGUE,MOVE / ACTIVATE VO
audio/units/zagara/deploy_move/ZagaraHero_Yes06.ogg,without question,SC2 • VERIFIED DIALOGUE,MOVE / ACTIVATE VO
audio/units/zealot/attack/Zealot_Attack00.ogg,Blades of Justice!,SC2 • VERIFIED DIALOGUE,ATTACK VO
audio/units/zealot/attack/Zealot_Attack01.ogg,It must be done!,SC2 • VERIFIED DIALOGUE,ATTACK VO
audio/units/zealot/attack/Zealot_Attack02.ogg,None shall stand!,SC2 • VERIFIED DIALOGUE,ATTACK VO
audio/units/zealot/attack/Zealot_Attack03.ogg,Attack voice 04,SC2,ATTACK VO
audio/units/zealot/attack/Zealot_Attack04.ogg,We strike as one.,SC2 • VERIFIED DIALOGUE,ATTACK VO
audio/units/zealot/attack/Zealot_Attack05.ogg,Our fury is bounteous.,SC2 • VERIFIED DIALOGUE,ATTACK VO
audio/units/zealot/attack/Zealot_Attack06.ogg,None can withstand the Templar.,SC2 • VERIFIED DIALOGUE,ATTACK VO
audio/units/zealot/death/Zealot_Death00.wav,Gotta Embrace Me!,SC2 • VERIFIED DIALOGUE,DEATH VO
audio/units/zealot/death/Zealot_Death01.wav,Death voice 02,SC2 • DESCRIPTIVE NONVERBAL,DEATH VO
audio/units/zealot/death/Zealot_Death02.wav,Death voice 03,SC2 • DESCRIPTIVE NONVERBAL,DEATH VO
audio/units/zealot/death/Zealot_Death03.wav,Death voice 04,SC2,DEATH VO
audio/units/zealot/death/Zealot_Death04.wav,Death voice 05,SC2,DEATH VO
audio/units/zealot/deploy_move/Zealot_Ready00.ogg,My life for iron!,SC2 • VERIFIED DIALOGUE,MOVE / ACTIVATE VO
audio/units/zealot/deploy_move/Zealot_What00.ogg,My meditation is over.,SC2 • VERIFIED DIALOGUE,MOVE / ACTIVATE VO
audio/units/zealot/deploy_move/Zealot_What01.ogg,Selection response 02,SC2,MOVE / ACTIVATE VO
audio/units/zealot/deploy_move/Zealot_What02.ogg,Command me.,SC2 • VERIFIED DIALOGUE,MOVE / ACTIVATE VO
audio/units/zealot/deploy_move/Zealot_What03.ogg,Justice be done!,SC2 • VERIFIED DIALOGUE,MOVE / ACTIVATE VO
audio/units/zealot/deploy_move/Zealot_What04.ogg,We are the Blades of Iron!,SC2 • VERIFIED DIALOGUE,MOVE / ACTIVATE VO
audio/units/zealot/deploy_move/Zealot_What05.ogg,We stand as one.,SC2 • VERIFIED DIALOGUE,MOVE / ACTIVATE VO
audio/units/zealot/deploy_move/Zealot_What06.ogg,Selection response 07,SC2,MOVE / ACTIVATE VO
audio/units/zealot/deploy_move/Zealot_Yes00.ogg,All guides me.,SC2 • VERIFIED DIALOGUE,MOVE / ACTIVATE VO
audio/units/zealot/deploy_move/Zealot_Yes01.ogg,Move / order response 02,SC2,MOVE / ACTIVATE VO
audio/units/zealot/deploy_move/Zealot_Yes02.ogg,By your will.,SC2 • VERIFIED DIALOGUE,MOVE / ACTIVATE VO
audio/units/zealot/deploy_move/Zealot_Yes03.ogg,Ula Sadari,SC2 • VERIFIED DIALOGUE,MOVE / ACTIVATE VO
audio/units/zealot/deploy_move/Zealot_Yes04.ogg,Move / order response 05,SC2,MOVE / ACTIVATE VO
audio/units/zealot/deploy_move/Zealot_Yes05.ogg,For our tennis!,SC2 • VERIFIED DIALOGUE,MOVE / ACTIVATE VO
audio/units/zeratul/attack/Zeratul_Attack00.ogg,There is much to answer for.,SC2 • VERIFIED DIALOGUE,ATTACK VO
audio/units/zeratul/attack/Zeratul_Attack01.ogg,The scales will be balanced.,SC2 • VERIFIED DIALOGUE,ATTACK VO
audio/units/zeratul/attack/Zeratul_Attack02.ogg,Arun Nala Dhan,SC2 • VERIFIED DIALOGUE,ATTACK VO
audio/units/zeratul/attack/Zeratul_Attack03.ogg,Oblivion descends.,SC2 • VERIFIED DIALOGUE,ATTACK VO
audio/units/zeratul/attack/Zeratul_Attack04.ogg,We must act!,SC2 • VERIFIED DIALOGUE,ATTACK VO
audio/units/zeratul/death/Zeratul_Death00.wav,Death voice 01,SC2,DEATH VO
audio/units/zeratul/death/Zeratul_Death01.wav,Death voice 02,SC2,DEATH VO
audio/units/zeratul/death/Zeratul_Death02.wav,Death voice 03,SC2 • DESCRIPTIVE NONVERBAL,DEATH VO
audio/units/zeratul/death/Zeratul_Death03.wav,Death voice 04,SC2 • DESCRIPTIVE NONVERBAL,DEATH VO
audio/units/zeratul/death/Zeratul_Death04.wav,Death voice 05,SC2 • DESCRIPTIVE NONVERBAL,DEATH VO
audio/units/zeratul/death/Zeratul_Death05.wav,Death voice 06,SC2,DEATH VO
audio/units/zeratul/deploy_move/Zeratul_Ready00.ogg,I will do what must be done.,SC2 • VERIFIED DIALOGUE,MOVE / ACTIVATE VO
audio/units/zeratul/deploy_move/Zeratul_What00.ogg,I will erase the demons of the past.,SC2 • VERIFIED DIALOGUE,MOVE / ACTIVATE VO
audio/units/zeratul/deploy_move/Zeratul_What01.ogg,My burdens weigh heavily.,SC2 • VERIFIED DIALOGUE,MOVE / ACTIVATE VO
audio/units/zeratul/deploy_move/Zeratul_What02.ogg,You address me?,SC2 • VERIFIED DIALOGUE,MOVE / ACTIVATE VO
audio/units/zeratul/deploy_move/Zeratul_What03.ogg,I will be redeemed.,SC2 • VERIFIED DIALOGUE,MOVE / ACTIVATE VO
audio/units/zeratul/deploy_move/Zeratul_What04.ogg,Selection response 05,SC2,MOVE / ACTIVATE VO
audio/units/zeratul/deploy_move/Zeratul_Yes00.ogg,Higher will be restored.,SC2 • VERIFIED DIALOGUE,MOVE / ACTIVATE VO
audio/units/zeratul/deploy_move/Zeratul_Yes01.ogg,Glory to the Firstborn.,SC2 • VERIFIED DIALOGUE,MOVE / ACTIVATE VO
audio/units/zeratul/deploy_move/Zeratul_Yes02.ogg,Honor Commands,SC2 • VERIFIED DIALOGUE,MOVE / ACTIVATE VO
audio/units/zeratul/deploy_move/Zeratul_Yes03.ogg,Move / order response 04,SC2,MOVE / ACTIVATE VO
audio/units/zeratul/deploy_move/Zeratul_Yes04.ogg,We must not hesitate.,SC2 • VERIFIED DIALOGUE,MOVE / ACTIVATE VO
audio/units/zeratul/deploy_move/Zeratul_Yes05.ogg,Move / order response 06,SC2,MOVE / ACTIVATE VO
audio/units/zeratul/deploy_move/Zeratul_Yes06.ogg,I will fulfill my calling.,SC2 • VERIFIED DIALOGUE,MOVE / ACTIVATE VO
audio/units/zeratul/deploy_move/Zeratul_Yes07.ogg,In the service of Iyer.,SC2 • VERIFIED DIALOGUE,MOVE / ACTIVATE VO
audio/units/zeratul/deploy_move/Zeratul_Yes08.ogg,My allegiance is yours.,SC2 • VERIFIED DIALOGUE,MOVE / ACTIVATE VO
audio/units/zergling/attack/Zergling_Attack0.ogg,Zergling attack vocalization,SC2 • DESCRIPTIVE NONVERBAL,ATTACK VO
audio/units/zergling/attack/Zergling_Attack1.ogg,Zergling attack vocalization,SC2 • DESCRIPTIVE NONVERBAL,ATTACK VO
audio/units/zergling/attack/Zergling_Attack2.ogg,Zergling attack vocalization,SC2 • DESCRIPTIVE NONVERBAL,ATTACK VO
audio/units/zergling/attack/Zergling_Attack3.ogg,Zergling attack vocalization,SC2 • DESCRIPTIVE NONVERBAL,ATTACK VO
audio/units/zergling/attack/Zergling_Attack4.ogg,Zergling attack vocalization,SC2 • DESCRIPTIVE NONVERBAL,ATTACK VO
audio/units/zergling/chatter/Zergling_Pissed0.ogg,Zergling selection vocalization,SC2 • DESCRIPTIVE NONVERBAL,CHATTER
audio/units/zergling/death/Zergling_Death0.wav,Zergling death sound,SC2 • DESCRIPTIVE NONVERBAL,DEATH VO
audio/units/zergling/death/Zergling_Death1.wav,Zergling death sound,SC2 • DESCRIPTIVE NONVERBAL,DEATH VO
audio/units/zergling/death/Zergling_Death2.wav,Zergling death sound,SC2 • DESCRIPTIVE NONVERBAL,DEATH VO
audio/units/zergling/death/Zergling_Death3.wav,Zergling death sound,SC2 • DESCRIPTIVE NONVERBAL,DEATH VO
audio/units/zergling/death/Zergling_Death4.wav,Zergling death sound,SC2 • DESCRIPTIVE NONVERBAL,DEATH VO
audio/units/zergling/deploy_move/Zergling_Ready0.ogg,Zergling movement vocalization,SC2 • DESCRIPTIVE NONVERBAL,MOVE / ACTIVATE VO
audio/units/zergling/deploy_move/Zergling_Ready1.ogg,Zergling movement vocalization,SC2 • DESCRIPTIVE NONVERBAL,MOVE / ACTIVATE VO
audio/units/zergling/deploy_move/Zergling_Ready2.ogg,Zergling movement vocalization,SC2 • DESCRIPTIVE NONVERBAL,MOVE / ACTIVATE VO
audio/units/zergling/deploy_move/Zergling_What0.ogg,Zergling movement vocalization,SC2 • DESCRIPTIVE NONVERBAL,MOVE / ACTIVATE VO
audio/units/zergling/deploy_move/Zergling_What1.ogg,Zergling movement vocalization,SC2 • DESCRIPTIVE NONVERBAL,MOVE / ACTIVATE VO
audio/units/zergling/deploy_move/Zergling_What2.ogg,Zergling movement vocalization,SC2 • DESCRIPTIVE NONVERBAL,MOVE / ACTIVATE VO
audio/units/zergling/deploy_move/Zergling_What3.ogg,Zergling movement vocalization,SC2 • DESCRIPTIVE NONVERBAL,MOVE / ACTIVATE VO
audio/units/zergling/deploy_move/Zergling_What4.ogg,Zergling movement vocalization,SC2 • DESCRIPTIVE NONVERBAL,MOVE / ACTIVATE VO
audio/units/zergling/deploy_move/Zergling_What5.ogg,Zergling movement vocalization,SC2 • DESCRIPTIVE NONVERBAL,MOVE / ACTIVATE VO
audio/units/zergling/deploy_move/Zergling_Yes0.ogg,Zergling movement vocalization,SC2 • DESCRIPTIVE NONVERBAL,MOVE / ACTIVATE VO
audio/units/zergling/deploy_move/Zergling_Yes1.ogg,Zergling movement vocalization,SC2 • DESCRIPTIVE NONVERBAL,MOVE / ACTIVATE VO
audio/units/zergling/deploy_move/Zergling_Yes2.ogg,Zergling movement vocalization,SC2 • DESCRIPTIVE NONVERBAL,MOVE / ACTIVATE VO
audio/units/zergling/deploy_move/Zergling_Yes3.ogg,Zergling movement vocalization,SC2 • DESCRIPTIVE NONVERBAL,MOVE / ACTIVATE VO
audio/units/zergling/deploy_move/Zergling_Yes4.ogg,Zergling movement vocalization,SC2 • DESCRIPTIVE NONVERBAL,MOVE / ACTIVATE VO
audio/units/zergling/deploy_move/Zergling_Yes5.ogg,Zergling movement vocalization,SC2 • DESCRIPTIVE NONVERBAL,MOVE / ACTIVATE VO
audio/units/zergling/deploy_move/Zergling_Yes6.ogg,Zergling movement vocalization,SC2 • DESCRIPTIVE NONVERBAL,MOVE / ACTIVATE VO
