"relative_path","bytes","sha256"
"app/build.gradle.kts","2075","69dc0d3fe0af6a0c32f8ee587f8412de21e4d54236d8bffeb9ca26c249600956"
"app/src/main/AndroidManifest.xml","816","63665befe3f0e845dfaf022438dbd9958bc50c2d103c5701111216d726438a8a"
"app/src/main/assets/audio_coverage.csv","3030","60a4fdeb0a39b243fb81e1f5f924a0c36d07e0f7070bfd12b3f505f29bc54a37"
"app/src/main/assets/audio_manifest.csv","290854","8384bb438a9369975741ff92a0ebf9381c69476f94895eab6799d054dec1065e"
"app/src/main/assets/audio/abilities/adept/psionic_transfer/Adept_PsionicTransferLaunch_01.wav","33596","b4d3f6ba3065558e302cb326b7cbd584bdda086c035ee4f32687591ba47f85c6"
"app/src/main/assets/audio/abilities/adept/psionic_transfer/Adept_PsionicTransferLaunch_02.wav","37436","87bc007746ec0ed89c89030c1254241f3e7b7fb425a6983ee482f96e4d28b32e"
"app/src/main/assets/audio/abilities/adept/psionic_transfer/Adept_PsionicTransferLaunch_03.wav","37180","5144d537f6b694f9452f5a1e35a544e1c26780f4b2d4e7a5fb4770e2f0748d96"
"app/src/main/assets/audio/abilities/adept/psionic_transfer/Adept_PsionicTransferLaunch_04.wav","37436","f52f57238ba494aae64e0892c9ddc17add78225a6e9523990aef3740d9fa85b9"
"app/src/main/assets/audio/abilities/adept/psionic_transfer/Adept_PsionicTransferLaunch_05.wav","37436","c612f9320d17db386cc6a163fb09128cb11d0b61e4544d6a231ff85bb4450279"
"app/src/main/assets/audio/abilities/adept/psionic_transfer/Adept_PsionicTransferLaunch_06.wav","37180","d87b020cf09c19bddc3c0ceb742168f2dbf5b46059650a96727c6e8aa1d88142"
"app/src/main/assets/audio/abilities/adept/psionic_transfer/Adept_PsionicTransferTeleport_01.wav","35388","928a8464ab5d5ce7942283d6ad243315a26fbeb0a3c0b7a10168fb0bebccfb08"
"app/src/main/assets/audio/abilities/adept/psionic_transfer/Adept_PsionicTransferTeleport_02.wav","34876","2f800d9d9e748babf845a2b04a12f3a34e1f5a8c70c605d1ef14b2691436ebed"
"app/src/main/assets/audio/abilities/adept/psionic_transfer/Adept_PsionicTransferTeleport_03.wav","37692","9a080ba2cefe45668d76c29c6d41bc56566309cc03696ad656eeddf54ecfbe3b"
"app/src/main/assets/audio/abilities/adept/psionic_transfer/Adept_PsionicTransferTeleport_04.wav","32316","718d9cbce1fbaa2461301e95bfa8ab08d669b6caf005e38e7f8e636fa29bde3e"
"app/src/main/assets/audio/abilities/adept/psionic_transfer/Adept_PsionicTransferTeleport_05.wav","32316","86c07095ba94e63ddb3d548476640c584ce75ced52f895edbbd948fbbae2d618"
"app/src/main/assets/audio/abilities/adept/psionic_transfer/Adept_PsionicTransferTeleport_06.wav","32316","4a7d6103ec473965c0a184afd03d3e96cecbfca55491b9cb6b56773b5a5bcb12"
"app/src/main/assets/audio/abilities/battlecruiser/yamato/Battlecruiser_YamatoAttackCharge0.wav","101180","2c82bf66fbc48cf161b337ea33e5563807d439f185accb2171ee42dad670b86e"
"app/src/main/assets/audio/abilities/battlecruiser/yamato/Battlecruiser_YamatoAttackLaunch0.wav","93244","8a7013aa459bb859ac6e1652cca3c60b6614a8af0fb973e954592c34ca55201c"
"app/src/main/assets/audio/abilities/ghost/emp/Ghost_EMPAttackLaunch.wav","87612","6936de6c19876a6031006745f612e94a3f942bd9aa40b0a3b7bf2c3d89a24185"
"app/src/main/assets/audio/abilities/ghost/snipe/Ghost_SnipeAttackLaunch.wav","7228","4b8d016d5a212878becdbb1623ff4471520cf3ea541879524a72fa89f7b5b042"
"app/src/main/assets/audio/abilities/ghost/snipe/Ghost_SnipeImpact0.wav","10556","d5913d7d5a8c0d40d26d29ab6c6bee51645132c5cf13a8e0685fe9fac02b6c0e"
"app/src/main/assets/audio/abilities/ghost/snipe/Ghost_SnipeImpact1.wav","10300","bdd4aeca7c5db1206e9beb9108e9e9dcd14de1f5f59c0ca7b8c937a5ee687382"
"app/src/main/assets/audio/abilities/ghost/snipe/Ghost_SnipeImpact2.wav","11324","a00a5b7dbe212be57dd43d0fcaa1321d4c74bc6446239fffba44ce99ebe038ac"
"app/src/main/assets/audio/abilities/ghost/snipe/Ghost_SnipeImpact3.wav","19004","d27166a972a5b3e21e07519c248d6e019814accf77464cad33d6edc298f79bab"
"app/src/main/assets/audio/abilities/ghost/snipe/Ghost_SnipeImpact4.wav","13628","dbd4cc8b52bf6a915de0a36fcb710c191c78bc93e62de4ebb8ff990a7d02ff18"
"app/src/main/assets/audio/abilities/high_templar/psionic_storm/HighTemplar_PsionicStorm00.ogg","26356","dbf30320eeb21f4be710862fe2dbc74ac2dccbdb3c4b9315ed1b89304dce0361"
"app/src/main/assets/audio/abilities/high_templar/psionic_storm/HighTemplar_PsionicStormImpact0.wav","53308","a6a77c7819f14a5a4bc9836cee6d01ad9eb62c026439e22ce59268f225c88386"
"app/src/main/assets/audio/abilities/high_templar/psionic_storm/HighTemplar_PsionicStormImpact1.wav","54332","eaef8c7c64bcd0c22329532110e89bf7fa5bc0da52f2f414eb291987f9c6701a"
"app/src/main/assets/audio/abilities/high_templar/psionic_storm/HighTemplar_PsionicStormImpact2.wav","56124","2a586a276e3a4b3fc8b423d7fd1bd4face4ba11301cb2a1e73fbdb7d5db21ec7"
"app/src/main/assets/audio/abilities/high_templar/psionic_storm/HighTemplar_PsionicStormImpact3.wav","56636","3bdd5e6712d88efcbf61eb1d61863ae9670fd95c8eec8e3858b27208d6016185"
"app/src/main/assets/audio/abilities/high_templar/psionic_storm/HighTemplar_PsionicStormImpact4.wav","55612","82c317c503bc2706eaad36a0c655a1e08ad5501b6ccebf83aa125eadc6207740"
"app/src/main/assets/audio/abilities/high_templar/psionic_storm/HighTemplar_PsionicStormLaunch0.wav","106812","06b9f5d4e45bb82586a088620b042e3d14e228d2158bb3202c50a631dddbc834"
"app/src/main/assets/audio/abilities/marauder/stimpack/Marine_Stimpack0.wav","26172","ba78ddee09b1bdbc9518a9e08c67bb1b59d3822cac0e87b089658b09a1673a3d"
"app/src/main/assets/audio/abilities/marauder/stimpack/Marine_Stimpack1.wav","21308","6635d72f1c3a9fd7041cb365725c4903f265e30376ff465efef5e6021808ca87"
"app/src/main/assets/audio/abilities/marauder/stimpack/Marine_Stimpack2.wav","29244","af54a48c4560a91dae55cf62cca682e9f601269fa098fa9fb703cd0009bea947"
"app/src/main/assets/audio/abilities/marauder/stimpack/Marine_Stimpack3.wav","27708","7ddf2e63adf66dcbbfbb6cd8082bc20a252b723f03d6b1c823b5ffba0bb832a9"
"app/src/main/assets/audio/abilities/marauder/stimpack/Marine_Stimpack4.wav","25916","75449d4abe3f6fa18353163b5a1772951fd25c5e7dea76b76e8615db3204de54"
"app/src/main/assets/audio/abilities/marauder/stimpack/Marine_Stimpack5.wav","29244","511e82c8413435603e78f95264cdcbb86998a55b3990cb8705c0cafb5f92eff3"
"app/src/main/assets/audio/abilities/marauder/stimpack/Marine_Stimpack6.wav","25916","ba5bf6e8dbf0ff50bfc54528fa8fdceb8b3f53d05e813eca4c76a8c86c111f92"
"app/src/main/assets/audio/abilities/marauder/stimpack/Marine_Stimpack7.wav","26940","790c7f1c5145db61c71c468e9e411710d44fb18a79ccb362e8d0b8d49b62d30c"
"app/src/main/assets/audio/abilities/marine/stimpack/Marine_Stimpack0.wav","26172","ba78ddee09b1bdbc9518a9e08c67bb1b59d3822cac0e87b089658b09a1673a3d"
"app/src/main/assets/audio/abilities/marine/stimpack/Marine_Stimpack1.wav","21308","6635d72f1c3a9fd7041cb365725c4903f265e30376ff465efef5e6021808ca87"
"app/src/main/assets/audio/abilities/marine/stimpack/Marine_Stimpack2.wav","29244","af54a48c4560a91dae55cf62cca682e9f601269fa098fa9fb703cd0009bea947"
"app/src/main/assets/audio/abilities/marine/stimpack/Marine_Stimpack3.wav","27708","7ddf2e63adf66dcbbfbb6cd8082bc20a252b723f03d6b1c823b5ffba0bb832a9"
"app/src/main/assets/audio/abilities/marine/stimpack/Marine_Stimpack4.wav","25916","75449d4abe3f6fa18353163b5a1772951fd25c5e7dea76b76e8615db3204de54"
"app/src/main/assets/audio/abilities/marine/stimpack/Marine_Stimpack5.wav","29244","511e82c8413435603e78f95264cdcbb86998a55b3990cb8705c0cafb5f92eff3"
"app/src/main/assets/audio/abilities/marine/stimpack/Marine_Stimpack6.wav","25916","ba5bf6e8dbf0ff50bfc54528fa8fdceb8b3f53d05e813eca4c76a8c86c111f92"
"app/src/main/assets/audio/abilities/marine/stimpack/Marine_Stimpack7.wav","26940","790c7f1c5145db61c71c468e9e411710d44fb18a79ccb362e8d0b8d49b62d30c"
"app/src/main/assets/audio/abilities/orbital_command/scanner_sweep/OrbitalCommand_ScannerSweep.wav","67132","4b0186911143ac56d8d14e9b4b8c5fd00640bb2dc4386506f8425650b672c162"
"app/src/main/assets/audio/abilities/ravager/corrosive_bile/Ravager_CorrosiveBile_AttackLaunch01.wav","67900","ab3c70174c53af59ec2df8ab8635baef98d36a5fa91f4ffbfd3a48f1289a433b"
"app/src/main/assets/audio/abilities/ravager/corrosive_bile/Ravager_CorrosiveBile_AttackLaunch02.wav","67132","224f8ec4aba58758911300f3a04c701de22a0c68731ee6099f6f36b1d1f9efd3"
"app/src/main/assets/audio/abilities/ravager/corrosive_bile/Ravager_CorrosiveBile_AttackLaunch03.wav","73788","19f14abf6986242e68f5b5c02ca540dd2ec25c10c53326c66da765a2311a21c9"
"app/src/main/assets/audio/abilities/ravager/corrosive_bile/Ravager_CorrosiveBile_AttackLaunch04.wav","71484","903e06fbe75e373e3b01ea882f6d896eda954b7c110b3f94e2496871ec0a8f80"
"app/src/main/assets/audio/abilities/ravager/corrosive_bile/Ravager_CorrosiveBile_AttackLaunch05.wav","78140","ed665572b4ea308d383b5b2df6bfa12bc2e10f8e625aa4631bce2798289252b0"
"app/src/main/assets/audio/abilities/ravager/corrosive_bile/Ravager_CorrosiveBile_AttackLaunch06.wav","78396","ddaebc7a2985bed15d71f5393d5cf8f5024a788ea401e26797a3b7f9b0e148f0"
"app/src/main/assets/audio/abilities/ravager/corrosive_bile/Ravager_CorrosiveBile_AttackLaunch07.wav","74812","2bf48961fcd8596a7b3d2fe415679e2b9e95e29b0a2b511cf0b1a2a5337791f9"
"app/src/main/assets/audio/abilities/ravager/corrosive_bile/Ravager_CorrosiveBile_AttackLaunch08.wav","67644","4727ff9443a1d4cebdbda4f27f82768053629489fb9c929d874c082986610f03"
"app/src/main/assets/audio/abilities/ravager/corrosive_bile/Ravager_CorrosiveBile_AttackLaunch09.wav","67132","b47cdb748830fa48bc7b74fa6781d20157898fc6df16668e23cc2239192ccafa"
"app/src/main/assets/audio/abilities/ravager/corrosive_bile/Ravager_CorrosiveBile_AttackLaunch10.wav","70716","7b8cb011e916ea00e2fd6e43f4063248c4026af4dc4874655e0dcd7a5809a450"
"app/src/main/assets/audio/abilities/ravager/corrosive_bile/Ravager_CorrosiveBile_Explosion01.wav","51260","ec63525c119f12d0d085c7a6ea91b856c8afa26a05ba698e454de1e7efd0b536"
"app/src/main/assets/audio/abilities/ravager/corrosive_bile/Ravager_CorrosiveBile_Incoming01.wav","18236","a8d5a542c9e32c6f6e19cc08742b17b96d39317a5cbb13644e14ec0f8dd50d77"
"app/src/main/assets/audio/abilities/sentry/force_field/Sentry_ForceFieldDeath0.wav","36156","bc7d43b9ba2e68abc73c0fb18fcd1bc33145ecc1dcf699a1b7afcc4025c99d41"
"app/src/main/assets/audio/abilities/sentry/force_field/Sentry_ForceFieldLaunch.wav","51516","b709958bdb802f9474328db735480254a431a35463a4d8610014ac1c521c9a9c"
"app/src/main/assets/audio/abilities/sentry/guardian_shield/Sentry_GuardianShieldDeath0.wav","66876","0e2daf4cbfeae4a49adfe197bd7d8339292905ffbc2308c820d8a6479bae2266"
"app/src/main/assets/audio/abilities/sentry/guardian_shield/Sentry_GuardianShieldLaunch0.wav","214588","c54d2324a434f70b3f74ae2035564f19c01fb65bcaca17f51b2bea8ec6c65e53"
"app/src/main/assets/audio/abilities/sentry/guardian_shield/Sentry_GuardianShieldLoop0.wav","223804","8dfdbe60097c10b9bef68432f4840b88ab92c63410ca08fb0817a8539a74350b"
"app/src/main/assets/audio/abilities/stalker/blink/Stalker_Blink0.wav","34108","c59e32319e4fde4bee0a2b9db4ad454edb8be34cdf64e3280237026b9be37340"
"app/src/main/assets/audio/abilities/viper/abduct/Spell_Yoink_Impact_00.wav","24892","4080a840882aec9ab0b5cae31434dc2ff695620f81d3dd893410b754aa703d53"
"app/src/main/assets/audio/abilities/viper/abduct/Spell_Yoink_Impact_01.wav","28732","d115d5b499a3e9c1338d0b7ea5cfc2b43ae90f074cab1feecbba71b59b80ac62"
"app/src/main/assets/audio/abilities/viper/abduct/Spell_Yoink_Impact_02.wav","25404","15e976d2436ceaaf0a8421b62151671fe8088e3c0e77a9928cd6006d2414257f"
"app/src/main/assets/audio/abilities/viper/abduct/Spell_Yoink_Impact_03.wav","19004","e844c63aff6427ba03a3a8d370175858ea1cd16f2bd8bb38467308b58d642495"
"app/src/main/assets/audio/abilities/viper/abduct/Spell_Yoink_Impact_04.wav","20028","ec712fee0ffac4e7f76f110bcfac3035ef420793a63a69bdd436af50f1b51a87"
"app/src/main/assets/audio/abilities/viper/abduct/Spell_Yoink_Launch_00.wav","21820","200e969e318e67aa00d6bcbb2931a13df5110dcceafd3067d16567e784edb49f"
"app/src/main/assets/audio/abilities/viper/abduct/Spell_Yoink_Launch_01.wav","15420","6860dc88ea20a5594d6a89c1957cb44e2ea56bc90017b712c48fc8f354873f2b"
"app/src/main/assets/audio/abilities/viper/abduct/Spell_Yoink_Launch_02.wav","30780","e44de0c208702edf319aae45ff353b30aa91934be3b832562f21257bfcb7af1e"
"app/src/main/assets/audio/abilities/viper/abduct/Spell_Yoink_Launch_03.wav","26428","e633f2ba4af6d40db7835b144e75f6c69a7636b0bf6bbd4d0bed49acf823aa97"
"app/src/main/assets/audio/abilities/viper/abduct/Spell_Yoink_Launch_04.wav","26684","1bbd9ec6150cfd66d06ca46f4d2df149b6b9fe7f9180d515ad2059fd4a8eb0ec"
"app/src/main/assets/audio/abilities/zealot/charge/Zealot_Charge0.wav","41276","ea606f491c3ecd8307e4f269379e889b1653307f01366b53cf96a91197e979a8"
"app/src/main/assets/audio/announcer/terran/Assault.ogg","11130","3b91e7f2b9b1721e095b19a929605fa2575eeaaf2040e5189507ecdcaafe457f"
"app/src/main/assets/audio/announcer/terran/Combat.ogg","12700","e5590a49ab12d7d7d504a51cf45ec95e2a61b5d0e469ad9490abcc0c2712c652"
"app/src/main/assets/audio/announcer/terran/Movement.ogg","12236","491f8ab728f576ff606efde592651bc96349f43b74c1bd09820bf80c42e3cfef"
"app/src/main/assets/audio/announcer/terran/Protoss vic.ogg","14346","5c45b24ad87ceef83d8d2e53a67e9c3d070c578fe7e4706a6062ff2388d429f3"
"app/src/main/assets/audio/announcer/terran/Round 1.ogg","11677","6c1037a70ec952b1b20d08e8a22144e845f69953de3e3ae901849e12da14212b"
"app/src/main/assets/audio/announcer/terran/Round 10.ogg","10098","3140bab5cafd02076c68696aa0e89d267193f2bc69939ba9de02653bb7a2d7f9"
"app/src/main/assets/audio/announcer/terran/Round 2.ogg","10963","63290544816b45f7d11313652242b901a0132d110231e7d5037879b71aebb23d"
"app/src/main/assets/audio/announcer/terran/Round 3.ogg","11512","d1e4e5d9ac59f268c78f15597c8e4578a73fecb5725dbf8f7a298f31a66bbfdf"
"app/src/main/assets/audio/announcer/terran/Round 4.ogg","10970","ade4169ca982f945c736dda2283cfd998dd40520f68e95bb0e3424dcf78d554c"
"app/src/main/assets/audio/announcer/terran/Round 5.ogg","11381","61cd97eb8957c85060cf604b5bcf5dc806f07e4aba72de2eb5ead554ce0d1714"
"app/src/main/assets/audio/announcer/terran/Round 6.ogg","12095","ed8f55f02c8e69f30a37b2baa42b2d458f5c6518e87d1ba9ce866e52422b08af"
"app/src/main/assets/audio/announcer/terran/Round 7.ogg","10922","3df80d712d35ddbed0a843705319aac35b449ca7f7980e075f383a145242bf8e"
"app/src/main/assets/audio/announcer/terran/Round 8.ogg","10405","50b1ddf78969344390d21db1d110f538d574fa9f7707613ee4a1a7ac6747f74c"
"app/src/main/assets/audio/announcer/terran/Round 9.ogg","10227","c7bb501275cb4520c9bc4dc191679e7ad55f94f4ae11dcb7f1f9eb14adc72b48"
"app/src/main/assets/audio/announcer/terran/Scoring clean.ogg","16942","fad511bbe6a39a1ad9adb07a4b83d2c0432275e89b1460661621f153134b89a8"
"app/src/main/assets/audio/announcer/terran/Terran vic.ogg","12885","32d4129a74d96d5b853ab85a8a071d09b4f0da080a605ea8435f0e4bff786062"
"app/src/main/assets/audio/announcer/terran/Zerg Victory.ogg","14721","9a2af6b1f75c017c38ed6767517bcaf4d295718e3064bda551295fe8763d27b4"
"app/src/main/assets/audio/audio_display_labels.csv","395841","750834beab6003d8d0fb7c56b7a98109fcd8bd9b861fc57671e4873fe3e05f84"
"app/src/main/assets/audio/audio_normal_bank_exclusions.txt","4888","fab504aefc2ecccf4e06bc7bee27c59c60688625edbdc600bc8e740127ad79bf"
"app/src/main/assets/audio/audio_runtime_roles.csv","71130","25de9753d31c49135aa333495c84c88db9a0789ceff7a6c3444215e56b63303c"
"app/src/main/assets/audio/buildings/armory/Armory_What.ogg","90242","2ed4cfa2b5445e46ec9d7d8fdc18f43495007fc9b5a088e34f122241e5e5135d"
"app/src/main/assets/audio/buildings/assimilator/Assimilator_What.ogg","84330","cfb8202efa695c526525054d8e5299b30f73ac72e53ce414d4d61981a5c4b49f"
"app/src/main/assets/audio/buildings/baneling_nest/BanelingNest_What0.ogg","106762","13566053073bc1a79db202f63a64aba2d1072ff9197d17aafb169eb2d1bd562c"
"app/src/main/assets/audio/buildings/barracks/Barracks_What.ogg","90671","7457a4edca3fb64619734174e25bc53426a06b008fec96a715b5ca0ba51f5c7c"
"app/src/main/assets/audio/buildings/bunker/Bunker_What.ogg","63069","1562ac22cb720816a69fdb0d72d484d739c055a118dff1bf010b5c5b7230fd79"
"app/src/main/assets/audio/buildings/command_center/CommandCenter_What.ogg","76601","0ef1bd220959620352c1bf01e30708b407d5e0ccb1450541464211920e58f1d4"
"app/src/main/assets/audio/buildings/cybernetics_core/CyberneticsCore_What.ogg","58319","d10f5c5cfff116649a092954bfcdbb70d0778b594496ad44fffdc3d4568180ed"
"app/src/main/assets/audio/buildings/dark_shrine/DarkShrine_What.ogg","77566","95aafd2bb5360fafc3322183c73cc1456cdd796a63e82c7a5a0609bda77dbe2c"
"app/src/main/assets/audio/buildings/engineering_bay/EngineeringBay_What.ogg","92842","43e2b29bec84f6f94e38163e160e8c7a250ac31de7da93323ac855f5708161f2"
"app/src/main/assets/audio/buildings/evolution_chamber/EvolutionChamber_What0.ogg","94180","8599ee7df1a6bcd9e06677472807a3cc636b5bce21c79630c384d9e22f2afee7"
"app/src/main/assets/audio/buildings/extractor/Extractor_What0.ogg","108135","f8fdd15f996bf6005451abb3bf9afc4d195ae78c13556eacf228053cf76e3bd4"
"app/src/main/assets/audio/buildings/factory/Factory_What.ogg","78085","929da9bc8f15289194a63f60bf228ce06ca1ef1ba02fdcdb746d37cf1d5167dc"
"app/src/main/assets/audio/buildings/fleet_beacon/FleetBeacon_What.ogg","82074","e220c607cf36692f75ab77743fe2490185f6589f1e4bed7e0ad3926cc8b0ed3e"
"app/src/main/assets/audio/buildings/forge/Forge_What.ogg","50436","8a7fa0b7af33513503d6b1e28be3d20ee02aeda3c5dfc3c0c2d7c2d12db41413"
"app/src/main/assets/audio/buildings/fusion_core/FusionCore_What.ogg","83230","44bab9926661a2e0a7a3b938715f85423e3e23317f65b0a4b80fd68d031fa951"
"app/src/main/assets/audio/buildings/gateway/Gateway_What.ogg","58362","c3ed43736930733cf8dc47555604aa452def547a2e189b6c759b4b8af6a71f48"
"app/src/main/assets/audio/buildings/greater_spire/GreaterSpire_What0.ogg","97895","0fdbba6f190ce64ebf4ce79e021fd51a2e204ca0cddfe56e55a75d082fc8ce4e"
"app/src/main/assets/audio/buildings/hatchery/Hatchery_What0.ogg","98905","98e2ef416753e05486ecae134aa772a0080fe5f4b84cebec23c970d80f65b416"
"app/src/main/assets/audio/buildings/hive/Hive_What0.ogg","114838","0775627b2f00e6310923eb4844285b8acf1f30dfe25b178ad746e215a54df1ec"
"app/src/main/assets/audio/buildings/hydralisk_den/HydraliskDen_What0.ogg","92028","d479cde3e288bfb239cd1ff95939b042f1f043c62a15c50ae8f05d3d06973f3b"
"app/src/main/assets/audio/buildings/infestation_pit/InfestationPit_What0.ogg","115412","8f09bdd6edf96f4dcd34f231558a96398a10fa386202a67aa80d1e45ce806507"
"app/src/main/assets/audio/buildings/lair/Lair_What0.ogg","97632","7bcd3c2ca09b7bbd244b8915bafdd1c68bf1674df07ea70d5446755cb01ecbe6"
"app/src/main/assets/audio/buildings/lurker_den/LurkerDen_What0.ogg","94185","1802e90325dde88c46d5b296cdb150159b26d62d4f9f4cea8fed7970cde9d1eb"
"app/src/main/assets/audio/buildings/missile_turret/MissileTurret_What.ogg","82555","40e82e873b5fb3157c052c1350329e47884d1063faca5f3f093474c165f03f6c"
"app/src/main/assets/audio/buildings/nexus/Nexus_What0.wav","668672","ca8651bc20108b82271040555ff429297c14180cc33c852092c55adb93833039"
"app/src/main/assets/audio/buildings/nydus_network/NydusNetwork_What0.ogg","112163","2227e0c9b9b59a6878eb799c1e56a18cc28ed3b9f2d772582d038a46352a06c6"
"app/src/main/assets/audio/buildings/nydus_worm/NydusWorm_What4.ogg","89315","847600ca4693b5eacfb4704300fe884772fc24af1f69a814c749a318baf07b13"
"app/src/main/assets/audio/buildings/omega_worm/NydusWorm_What4.ogg","89315","847600ca4693b5eacfb4704300fe884772fc24af1f69a814c749a318baf07b13"
"app/src/main/assets/audio/buildings/orbital_command/OrbitalCommand_What.ogg","78732","24aaf1e1282fe1c4b55d0006409ac6b6c66472abbc7a3450ae5b34a2e0c0452f"
"app/src/main/assets/audio/buildings/photon_cannon/PhotonCannon_What.ogg","60633","136b4ad90db6ac04050050be6163084d8e8290704d6660670d526b8c0032746c"
"app/src/main/assets/audio/buildings/planetary_fortress/PlanetaryFortress_What.ogg","82073","eee9bce3bc8d540815ac74fada50e974398530179dbdfcefecb8e90d26e44240"
"app/src/main/assets/audio/buildings/pylon/Pylon_What.ogg","33915","9c512563f6e07b6ea9d00a57673ec266af41997ebbd38dbfd4d49bb4064cac79"
"app/src/main/assets/audio/buildings/reactor/Reactor_What.ogg","78334","4524dd8b50bfbfb6fdcddda5c97325805aad57c3e0085e2ccc4532736cbda6b9"
"app/src/main/assets/audio/buildings/refinery/Refinery_What.ogg","66375","a30bdf6df94bebcd3e6bf3e5d5a3560136a84593a3840a2472138640eaeb80b1"
"app/src/main/assets/audio/buildings/roach_warren/RoachWarren_What0.ogg","115194","0d70ac24c12f2efe544810f98ffb56d0dcce292d2e00c026d5de9ae1693f6de8"
"app/src/main/assets/audio/buildings/robotics_bay/RoboticsBay_What.ogg","69449","411a95d416967e8abd38573a0a7e2b33a996e43b6b9d5410b9759baadb829323"
"app/src/main/assets/audio/buildings/robotics_facility/RoboticsFacility_What.ogg","71114","22db4eb959ec7968a4586786d81738a147fed5add58968e7708a5f1e94f9e77f"
"app/src/main/assets/audio/buildings/sensor_tower/SensorTower_What.ogg","66802","0888df488a857ed5d4da6d304e1f23f0a63204c34013f62e771cda24ac92cadb"
"app/src/main/assets/audio/buildings/shield_battery/ShieldBattery_What.wav","156732","908c1e26432f0767cf40e230eb6bb1906c1cc565b152e6d013386a8c1dcaacda"
"app/src/main/assets/audio/buildings/spawning_pool/SpawningPool_What0.ogg","100951","b82abe3926a2f1ccc428b118227f064345eeab58a3f649af0b7e1ca1a274ec33"
"app/src/main/assets/audio/buildings/spine_crawler/SpineCrawler_What10.ogg","31390","6556b605b5405f19bd446c81e5dea6831b984faeb1abe604cab1b78365319688"
"app/src/main/assets/audio/buildings/spire/Spire_What0.ogg","97933","8948e5a4ba32f2ab0ce2f251099dd89108515c27619b26771ca4c30666bdfa2f"
"app/src/main/assets/audio/buildings/spore_crawler/SporeCrawler_What7.ogg","31921","db6b3c4548d381d3905c32b5bbdfd442edfd20ce97c600dd25a780c13ef8d307"
"app/src/main/assets/audio/buildings/stargate/Stargate_What.ogg","79438","ab1313fac6c3d5089cae79103255974b6788a36d45643ca52d829dd696ecec3f"
"app/src/main/assets/audio/buildings/starport/Starport_What.ogg","85143","1235b045d9e84da6148686fa7bd1eba225b547a44eea8ea55a893d50d9aadc2b"
"app/src/main/assets/audio/buildings/supply_depot/SupplyDepot_What.ogg","79862","3005c5fd8d36d0006c837bfc003486aae134fcd4e30ee8d076f946690b389711"
"app/src/main/assets/audio/buildings/tech_lab/TechLab_What.ogg","86670","9aacb10ddbafa2a8d430e71e0600450105606a21eef96749c587febaf098a6a8"
"app/src/main/assets/audio/buildings/templar_archives/TemplarArchives_What.ogg","77613","76add54a1f120d84db3059e8c3559a09d67532fed60960147980ffe015fa3994"
"app/src/main/assets/audio/buildings/twilight_council/TwilightCouncil_What.ogg","61380","7221478b9fa7b484c7f9c38497e9069fc268865920b3f3f11bed792481179442"
"app/src/main/assets/audio/buildings/ultralisk_cavern/UltraliskCavern_What0.ogg","67209","33ef7adfea180b71bbb5c3806ae5af98f63c7df0078b597f6b430a9aeb56aff5"
"app/src/main/assets/audio/buildings/warp_gate/WarpGate_What.ogg","71776","7ec4602c3d1506327f9478f6da5a8137e56af27935368cea8bc1c290347f05a6"
"app/src/main/assets/audio/classic/buildings/academy/tacWht00__25bfa85c2b.wav","192026","25bfa85c2be81862dd0554330bfe06b2dd9883af5765567a38b925d2414ab5bc"
"app/src/main/assets/audio/classic/README.txt","693","910a8e152ded97d9cf09064cde26c738fa6a708c3407ed5334e6bcc404cfda90"
"app/src/main/assets/audio/classic/units/arbiter/chatter/pabPss00__3a87a25641.wav","159876","3a87a256417d13ba5fa6a845940c069a59f8c69663c99223786bf8555ef76dcf"
"app/src/main/assets/audio/classic/units/arbiter/chatter/pabPss01__e608bab11a.wav","140420","e608bab11a354d8fe781dfdb527034576602043cd16781a5a5d492763ab8955a"
"app/src/main/assets/audio/classic/units/arbiter/chatter/pabPss02__ef3dbc7e79.wav","92036","ef3dbc7e795112d84f1abeaef0997e5e4b6bff46455a426d585317a99c2adc49"
"app/src/main/assets/audio/classic/units/arbiter/chatter/pabPss03__7b72d687fa.wav","211076","7b72d687faca7dee29086da83c7ee98afb812bc83adbfb9b5326fbfe43440371"
"app/src/main/assets/audio/classic/units/arbiter/chatter/pabPss04__2df8693246.wav","281988","2df8693246fe006f60ce0d005a5000f113276638566b64130bb25f6cfceb33b3"
"app/src/main/assets/audio/classic/units/arbiter/death/pabDth00__7843d04f47.wav","97924","7843d04f472fbf0e6cc49e4691c5a5e030e3103c00072fe50f96228f818a7b6a"
"app/src/main/assets/audio/classic/units/arbiter/move/pabRdy00__3b458a97a0.wav","110980","3b458a97a07f433f338be9f8571839d47f14c0fbdfc5e72ab668b7659b7596f2"
"app/src/main/assets/audio/classic/units/arbiter/move/pabWht00__846a0ca39a.wav","92292","846a0ca39af34377b647302c5b2900c448c5ca29b040b6f872ed799db6b71c6c"
"app/src/main/assets/audio/classic/units/arbiter/move/pabWht01__c518a18c8c.wav","51332","c518a18c8c3034f487571a77e51eacdf001819490bf0bb34406c28eabe650a71"
"app/src/main/assets/audio/classic/units/arbiter/move/pabWht02__a06121fb08.wav","49540","a06121fb08559e1925d411648f32c9fe0ad9974d128babb5ed5b72f00de8165b"
"app/src/main/assets/audio/classic/units/arbiter/move/pabWht03__a566c8b0d3.wav","74884","a566c8b0d3fce5a419d55ab6b4d39ee1649594b9e3a8b7ff2e8faca263e52e5b"
"app/src/main/assets/audio/classic/units/arbiter/move/pabYes00__01aeebc63b.wav","96132","01aeebc63bb05e2f466cc57c613704891574257f10f01bd7018d1f318fee8a5b"
"app/src/main/assets/audio/classic/units/arbiter/move/pabYes01__a874575c21.wav","77698","a874575c21a2539b104486ecd38d1f87f0365514047346af3928ed8d35df5e0c"
"app/src/main/assets/audio/classic/units/arbiter/move/pabYes02__c1e6e2e4c0.wav","84012","c1e6e2e4c0477c81b41cd30e9c2dd703565177a61e153cc189ac9592d970a46e"
"app/src/main/assets/audio/classic/units/archon/attack/alias_archon_parYes00__6a07e6d591.wav","100022","6a07e6d5919e8745595fe40d4cc76b0586ee9130c6b6091a8e75a6d25e42313e"
"app/src/main/assets/audio/classic/units/archon/attack/alias_archon_parYes01__e0f774c799.wav","107284","e0f774c799204bd96b071cc17b98e972241151c29b43292da9ccee11f7f72553"
"app/src/main/assets/audio/classic/units/archon/attack/alias_archon_parYes02__bdcdd3b085.wav","98942","bdcdd3b0858fa5786d0c849b2268e7e750cc5330b75f3629e8247a350a1e6244"
"app/src/main/assets/audio/classic/units/archon/chatter/parPss00__e54af3e059.wav","169138","e54af3e059dfd2ac6b9afc345152d61c206f29e7f30fa05d2fe6e7aeddf4345b"
"app/src/main/assets/audio/classic/units/archon/chatter/parPss01__d301a9da92.wav","129872","d301a9da9209669bf631a2fb680d1b685c511ccf28ec824a371ddd6704ca3067"
"app/src/main/assets/audio/classic/units/archon/chatter/parPss02__6d372bd9d9.wav","144526","6d372bd9d97745fd560fda669ae7488f3a615c010b27cb4a60d01d28577eac12"
"app/src/main/assets/audio/classic/units/archon/chatter/parPss03__1882f612b4.wav","123514","1882f612b4649259c2c269bf3e54159cf78bfe48cd394e42cde99841ff92a1de"
"app/src/main/assets/audio/classic/units/archon/death/parDth00__95ab99cfd2.wav","117034","95ab99cfd2ab6d63c3ed6b1de2b75403e94036ef7df4978d10868674dc0a1e0c"
"app/src/main/assets/audio/classic/units/archon/move/parRdy00__d4642a4d1e.wav","124088","d4642a4d1e1a8111d25b7a034c988e1eda323e92b4692bcab74c29bf42f8b0c0"
"app/src/main/assets/audio/classic/units/archon/move/parWht00__f79f1c105b.wav","87012","f79f1c105b18e0d1943a232ba3c6bea837abf7109885fd5da007abf04b53b6a3"
"app/src/main/assets/audio/classic/units/archon/move/parWht01__a4fbacb108.wav","110894","a4fbacb108c36e6d82b0e97c92b5b9adc302629608f50173fdd1353e97bd120d"
"app/src/main/assets/audio/classic/units/archon/move/parWht02__e8df06a915.wav","87280","e8df06a91582a038aa4ab869b9ad34663f3775573f7ca47b5a1d148bd3930263"
"app/src/main/assets/audio/classic/units/archon/move/parWht03__77e20e01cb.wav","119636","77e20e01cb7a8efb8adfa72251da081a972e36c4c18560b205e4ad9f4cbfef7f"
"app/src/main/assets/audio/classic/units/archon/move/parYes00__6a07e6d591.wav","100022","6a07e6d5919e8745595fe40d4cc76b0586ee9130c6b6091a8e75a6d25e42313e"
"app/src/main/assets/audio/classic/units/archon/move/parYes01__e0f774c799.wav","107284","e0f774c799204bd96b071cc17b98e972241151c29b43292da9ccee11f7f72553"
"app/src/main/assets/audio/classic/units/archon/move/parYes02__bdcdd3b085.wav","98942","bdcdd3b0858fa5786d0c849b2268e7e750cc5330b75f3629e8247a350a1e6244"
"app/src/main/assets/audio/classic/units/archon/move/parYes03__761c0f945c.wav","111176","761c0f945c30f5961d7dc6341c40c4009362f62e70702a84d7dbd2ecd29b875d"
"app/src/main/assets/audio/classic/units/battlecruiser/attack/alias_battlecruiser_tbayes00__db7111430a.wav","72364","db7111430abb89c785b430357bd03bcdf26e9681cbf3de2e9b8de73a2f61f9a1"
"app/src/main/assets/audio/classic/units/battlecruiser/attack/alias_battlecruiser_tbayes01__5db16f3048.wav","65324","5db16f3048a6ade59143c4bb35290ef7c993a0fd3157a57869fd4ef4a8de02b0"
"app/src/main/assets/audio/classic/units/battlecruiser/attack/alias_battlecruiser_tbayes03__c0090362cb.wav","66220","c0090362cba24a224c3ffb4fbbcb8ab30ffb6c99e9c2599caa48582101fedaf4"
"app/src/main/assets/audio/classic/units/battlecruiser/chatter/tbapss00__974de5d9dd.wav","84014","974de5d9dd63c16c51c17d58396030671bb3beb1a2b39adb520aef5d231e1dbe"
"app/src/main/assets/audio/classic/units/battlecruiser/chatter/tbapss01__873def5cbf.wav","112686","873def5cbf3156cc4a811f63ed99693752fc52ebe8b30563a12823c8c74b3d04"
"app/src/main/assets/audio/classic/units/battlecruiser/chatter/tbapss02__7127020697.wav","161838","71270206974ff99555a056fd85cb704ec30bf16b7f8f8ff4ce2a08b907849916"
"app/src/main/assets/audio/classic/units/battlecruiser/chatter/tbapss03__68a383f9f2.wav","124974","68a383f9f2203e72544171e09b114eaf55cfd5f0d245ef7c6824596702a54bb9"
"app/src/main/assets/audio/classic/units/battlecruiser/chatter/tbapss04__da793ec77c.wav","159788","da793ec77c96addfa45f8e9f781e8db94e694bc1ba783dfe3f24ed808f93aa77"
"app/src/main/assets/audio/classic/units/battlecruiser/death/TBaDth00__e821c44b12.wav","107908","e821c44b12f83a021c99b5539de0546abef69c7f3dd0984b4a0f9bd4dfd8a956"
"app/src/main/assets/audio/classic/units/battlecruiser/move/tbardy00__19e75fcf8a.wav","112684","19e75fcf8a19fa7c751f39368530f8f3d8b505453098bd5430704d4489993f6c"
"app/src/main/assets/audio/classic/units/battlecruiser/move/tbawht00__4f0bea6466.wav","82476","4f0bea646652ee5ac2066feb51b0414fdc27b26878914d662c208c3793a16400"
"app/src/main/assets/audio/classic/units/battlecruiser/move/tbawht01__055724e5d9.wav","101932","055724e5d9781986bc0b0b9bc8805544bfb8b3d3daf41768f1f6dacd13f39d79"
"app/src/main/assets/audio/classic/units/battlecruiser/move/tbawht02__fc4da6e9ef.wav","74796","fc4da6e9ef31281560b74503cf174c503971fa65fa39024b370f44b8d392fe89"
"app/src/main/assets/audio/classic/units/battlecruiser/move/tbawht03__04659d6154.wav","84012","04659d615409601bd220ff68365bb35bb922eeb6a56446c40f84866a37f181bd"
"app/src/main/assets/audio/classic/units/battlecruiser/move/tbayes00__db7111430a.wav","72364","db7111430abb89c785b430357bd03bcdf26e9681cbf3de2e9b8de73a2f61f9a1"
"app/src/main/assets/audio/classic/units/battlecruiser/move/tbayes01__5db16f3048.wav","65324","5db16f3048a6ade59143c4bb35290ef7c993a0fd3157a57869fd4ef4a8de02b0"
"app/src/main/assets/audio/classic/units/battlecruiser/move/tbayes02__e5bcb0a499.wav","74028","e5bcb0a499bb8b1d7e427bd9acd070e9d2f5e13f8ad564b47ea0431ff676df28"
"app/src/main/assets/audio/classic/units/battlecruiser/move/tbayes03__c0090362cb.wav","66220","c0090362cba24a224c3ffb4fbbcb8ab30ffb6c99e9c2599caa48582101fedaf4"
"app/src/main/assets/audio/classic/units/broodling/chatter/ZBrPss00__4fecf538a7.wav","45050","4fecf538a70dace3314f2f132f45f63f3f0a3534ccfd2de1ce74945a4577e177"
"app/src/main/assets/audio/classic/units/broodling/chatter/ZBrPss01__25c9eb30a2.wav","38954","25c9eb30a28f43a20d61076a28ddaad542231974a1c4d97478d95954caee16d1"
"app/src/main/assets/audio/classic/units/broodling/chatter/ZBrPss02__e6193c6c90.wav","42408","e6193c6c90b5bfeba91d296c9915ed12b4dd8c15543745d34562f9965c291c7e"
"app/src/main/assets/audio/classic/units/broodling/chatter/ZBrPss03__2de100fa5f.wav","52668","2de100fa5f18bcbe1237c7da32c2024f37bfb64cc32911db0674530c066be534"
"app/src/main/assets/audio/classic/units/broodling/death/ZBrDth00__49ae422304.wav","69582","49ae422304cbdf6e41d20b2c0ed6cd8b987cf190a6d5c9a6e424abcc5ab6ae13"
"app/src/main/assets/audio/classic/units/broodling/move/ZBrRdy00__fe3a98da2c.wav","96146","fe3a98da2c6a5aa73d12eb7e923791024b4b770f53de1f4d5a81a99d69e1c36a"
"app/src/main/assets/audio/classic/units/broodling/move/ZBrWht00__36d776f212.wav","21404","36d776f2128190d8f789f999d53b8c37f97569c009e19ad8996085fd0bb47263"
"app/src/main/assets/audio/classic/units/broodling/move/ZBrWht01__4ca4409651.wav","25080","4ca4409651248205507371a6c516b79b5daa96aedc8598c930ba7b303f2391ea"
"app/src/main/assets/audio/classic/units/broodling/move/ZBrWht02__380516d89e.wav","27628","380516d89e54fbfa430721bbb5a6f4cfef957c18326867aeba98ac509b1f7085"
"app/src/main/assets/audio/classic/units/broodling/move/ZBrWht03__63cc54ad16.wav","33312","63cc54ad16e8597cf39fee28d042661b6ae9230605829a544c17e959821ff099"
"app/src/main/assets/audio/classic/units/broodling/move/ZBrYes00__0fb3f1e6be.wav","23004","0fb3f1e6bea6d2841f4d91c085be1ff2a1b9d5d45abbf022536c8fd120c9fd6c"
"app/src/main/assets/audio/classic/units/broodling/move/ZBrYes01__919b535db3.wav","43018","919b535db3ff2fa7b9bb72126f571dfe74f32373a2c928a90fb6f347d19196c2"
"app/src/main/assets/audio/classic/units/broodling/move/ZBrYes02__84fded4a1c.wav","40376","84fded4a1cb732cec8724a051aa8b0fdb235d8e491e4c1654a2dfe0bffaef6a3"
"app/src/main/assets/audio/classic/units/broodling/move/ZBrYes03__47ee79e6a9.wav","30250","47ee79e6a976161fc1b132b18e30e4ce6efed6b8864cef335db1fbfa5570a93f"
"app/src/main/assets/audio/classic/units/carrier/attack/alias_carrier_PCaYes00__02d852703e.wav","51458","02d852703e1fef6894524cb2ca4e726d35f55d94a9abc1e8affeb08b9fe5f23a"
"app/src/main/assets/audio/classic/units/carrier/attack/alias_carrier_PCaYes03__f265c363a4.wav","60036","f265c363a49bf858ea5cd39d8e09ee12f1754ea41fb10f34fd2619588ef14ba2"
"app/src/main/assets/audio/classic/units/carrier/chatter/PCaPss00__03350c42e7.wav","88196","03350c42e72094dbf2fe11692b5a0e9dca725af417fdb4a791de1c76b819d2fc"
"app/src/main/assets/audio/classic/units/carrier/chatter/PCaPss01__6bb7096318.wav","113284","6bb7096318b981f9851b8efffa769fb7f9c518e6201cba67e0912d900a88b4fb"
"app/src/main/assets/audio/classic/units/carrier/chatter/PCaPss02__9d9319bccc.wav","137860","9d9319bcccfa2157f8f6d9c4ed0821ad72bba0d3aa06faf2bf0347295e69c18b"
"app/src/main/assets/audio/classic/units/carrier/chatter/PCaPss03__76db57eb7d.wav","109700","76db57eb7d098995c92ec9c4f0f65cf9d56821534846f316ad3d3474d62c47b2"
"app/src/main/assets/audio/classic/units/carrier/death/PCaDth00__5d94859008.wav","141432","5d94859008a80c8d8e56bf3091a1d043119db35e3fc6de91f3f64af3f431797e"
"app/src/main/assets/audio/classic/units/carrier/death/pcaDth01__d7ae355332.wav","139896","d7ae35533214e8fd598a96189a02c7007b8a8182ecf48c904622c0251e1a7cdc"
"app/src/main/assets/audio/classic/units/carrier/move/pcaRdy00__74d72d3475.wav","76420","74d72d347540cfc7a4549abc021dd1d628d4d72930081a5728fd9d6d50429cb1"
"app/src/main/assets/audio/classic/units/carrier/move/PCaWht00__ba072e0e18.wav","58244","ba072e0e18fb014ebd82b74c1a5aece9e1adc707e791271cebada02e8bd9c6ab"
"app/src/main/assets/audio/classic/units/carrier/move/PCaWht01__c04bd32a6c.wav","62084","c04bd32a6c8a5baee2661a2ea15864519f5fddbaf501be72505fe8a493b618de"
"app/src/main/assets/audio/classic/units/carrier/move/PCaWht02__aa623b6d57.wav","57092","aa623b6d57dbcc148b63fd39125337e82fad1339ad9d73085576712198970909"
"app/src/main/assets/audio/classic/units/carrier/move/PCaWht03__eaf99fc34b.wav","49924","eaf99fc34b9ed0fdc6f0ca1375e7cf59752f57e22f6ae00532c55bb5f141cc16"
"app/src/main/assets/audio/classic/units/carrier/move/PCaYes00__02d852703e.wav","51458","02d852703e1fef6894524cb2ca4e726d35f55d94a9abc1e8affeb08b9fe5f23a"
"app/src/main/assets/audio/classic/units/carrier/move/PCaYes01__a75980d3a4.wav","61316","a75980d3a4e0991a7d09cd6609be0c493ee10fb000807754ac4c732b0fbf98e1"
"app/src/main/assets/audio/classic/units/carrier/move/PCaYes02__308b5c3e82.wav","61188","308b5c3e8267f642cce4c16847b6185ba521e3411b80be095cad85a931b89d67"
"app/src/main/assets/audio/classic/units/carrier/move/PCaYes03__f265c363a4.wav","60036","f265c363a49bf858ea5cd39d8e09ee12f1754ea41fb10f34fd2619588ef14ba2"
"app/src/main/assets/audio/classic/units/civilian/chatter/TCvPss00__8668df6b14.wav","77936","8668df6b14a232bb04bc4ae7f0e2b3f18578695ff4fdb59509e34ab9cb312b6b"
"app/src/main/assets/audio/classic/units/civilian/chatter/TCvPss01__61482ff360.wav","82284","61482ff36019fda7c79e135cac16cc67f0447537afd275870d63f74c1dbc5727"
"app/src/main/assets/audio/classic/units/civilian/chatter/TCvPss02__e01445d10c.wav","63194","e01445d10cf132e0102b2f6f40669493a3a44b8ba03e41ab2f06a61c445ce455"
"app/src/main/assets/audio/classic/units/civilian/chatter/TCvPss03__aa920b95a8.wav","96300","aa920b95a8868fe7b6b68c854347747ab9d1ae6e0ab119ce4ea96c911f6cfa8e"
"app/src/main/assets/audio/classic/units/civilian/chatter/TCVPss04__f087dee755.wav","92916","f087dee755a4ac2dd67f15d5028c01d26815bca7feaf28e0899343d328c3a54e"
"app/src/main/assets/audio/classic/units/civilian/death/TCvDth00__0df76751da.wav","49296","0df76751da6dc4531c6d36d964ccd57ac044096f178735450281c759c9db3276"
"app/src/main/assets/audio/classic/units/civilian/move/TCVRdy00__52ecc2d26f.wav","50680","52ecc2d26f83554961c47c3d96722c91bea7c7250ba9062ea3621c72dd117d2d"
"app/src/main/assets/audio/classic/units/civilian/move/TCvWht00__90aedf3768.wav","20912","90aedf3768631415adff3a7d9a4c1d44cd9aa0fa5526ef459b9adf78aebc6671"
"app/src/main/assets/audio/classic/units/civilian/move/TCvWht01__4e10cb74b0.wav","40122","4e10cb74b0687409fcb54fd2673bb48aadd95144ce5192c2ed908c4e0d06fe49"
"app/src/main/assets/audio/classic/units/civilian/move/TCvWht02__d16795eae4.wav","20050","d16795eae49945f640606cdee2df8fd94059bf67631d8a962d943ab0be3d12a0"
"app/src/main/assets/audio/classic/units/civilian/move/TCvWht03__9a89a5efd2.wav","18254","9a89a5efd2c58c5b6a5900539991d1b8e0485f1d37e248ebf7ed5e5a28737b2f"
"app/src/main/assets/audio/classic/units/civilian/move/TCvYes00__4f35126a2d.wav","31904","4f35126a2d17730b71b2bfc0e6d45313354479817bc758bc9c07a22b87f069ad"
"app/src/main/assets/audio/classic/units/civilian/move/TCvYes01__5a742d375d.wav","27010","5a742d375de1c4e085552009e6fa613ac210b948712d718f0b12e0090a5f5e29"
"app/src/main/assets/audio/classic/units/civilian/move/TCvYes02__07bcddda6a.wav","20186","07bcddda6ab58b864d7d8c8236128d9e2c43e6d50f4536072e3bb42d5e553529"
"app/src/main/assets/audio/classic/units/civilian/move/TCvYes03__8644a6cd29.wav","24414","8644a6cd296dbaa74688954c23231c1170ee8ed3dab505b14e43d38c768977e1"
"app/src/main/assets/audio/classic/units/civilian/move/TCVYes04__70a283497e.wav","38852","70a283497e8f5f99a78ad6c17f9d0a8e0b6e497a9ef477863ed04e53c4f9b713"
"app/src/main/assets/audio/classic/units/dark_templar/attack/alias_dark_templar_PDTYes00__337588aac7.wav","57526","337588aac70b149787b6a7a1c387b9593ea1333b51b5d8c0325b2ec1ce812036"
"app/src/main/assets/audio/classic/units/dark_templar/attack/alias_dark_templar_PDTYes01__c77ed3b1d2.wav","46464","c77ed3b1d23e0821a5f9c5c24f71235d998e940e6d808d223457f273bfa37b48"
"app/src/main/assets/audio/classic/units/dark_templar/attack/alias_dark_templar_PDTYes02__49218af61c.wav","58844","49218af61cf1d4b558e76d9259abfb7d74bf9289646ef17a280af6d36e0bf433"
"app/src/main/assets/audio/classic/units/dark_templar/attack/alias_dark_templar_PDTYes03__61fb114366.wav","59726","61fb114366e7d6cae22cd08f28ebee6fe95f5fb6429c86b853d26659de83276e"
"app/src/main/assets/audio/classic/units/dark_templar/chatter/PDTPss00__1a7a802d15.wav","117994","1a7a802d157f40f6b9d7fbddd49973cad1ff7745c1d8b2966d5b8f8600a7ae77"
"app/src/main/assets/audio/classic/units/dark_templar/chatter/PDTPss01__65dcc6bcb8.wav","105700","65dcc6bcb8f12fe31d31190a3affc4d3ff7f658a84b38478266efe194492bcfa"
"app/src/main/assets/audio/classic/units/dark_templar/chatter/PDTPss02__c6dc438540.wav","104772","c6dc4385403300c506abf82ddf5ffd3d162d2bad36dea675e62619d83f95cb48"
"app/src/main/assets/audio/classic/units/dark_templar/chatter/PDTPss03__e410532953.wav","88376","e410532953d5f31d5a75fd55dc4e45cdb3c18c3068717fbfd8c5384d6966dde9"
"app/src/main/assets/audio/classic/units/dark_templar/death/PDTDth00__7a5545dba5.wav","123512","7a5545dba5dd96af6334b119886d6fa327ecf343340a66618ad148ca3cfef977"
"app/src/main/assets/audio/classic/units/dark_templar/move/PDTWht00__57308f1d91.wav","51698","57308f1d91750fc467bd63e8e39016dd62c24dc53eb5db046acb59fc9e904f2d"
"app/src/main/assets/audio/classic/units/dark_templar/move/PDTWht01__6c67ec8f59.wav","70378","6c67ec8f594b0b7fb829db5fafa0a31804ea3ee94064da4b9e202ebcec7708a7"
"app/src/main/assets/audio/classic/units/dark_templar/move/PDTWht02__746ada3a85.wav","57756","746ada3a85293723220d6b83d9b767a87a5a55c14381ecbe55e3e10bb4aa76b4"
"app/src/main/assets/audio/classic/units/dark_templar/move/PDTWht03__3672df3745.wav","61096","3672df37455138b74509ee269ff15b71d8274597b3a86ef581110a1f37c947bd"
"app/src/main/assets/audio/classic/units/dark_templar/move/PDTYes00__337588aac7.wav","57526","337588aac70b149787b6a7a1c387b9593ea1333b51b5d8c0325b2ec1ce812036"
"app/src/main/assets/audio/classic/units/dark_templar/move/PDTYes01__c77ed3b1d2.wav","46464","c77ed3b1d23e0821a5f9c5c24f71235d998e940e6d808d223457f273bfa37b48"
"app/src/main/assets/audio/classic/units/dark_templar/move/PDTYes02__49218af61c.wav","58844","49218af61cf1d4b558e76d9259abfb7d74bf9289646ef17a280af6d36e0bf433"
"app/src/main/assets/audio/classic/units/dark_templar/move/PDTYes03__61fb114366.wav","59726","61fb114366e7d6cae22cd08f28ebee6fe95f5fb6429c86b853d26659de83276e"
"app/src/main/assets/audio/classic/units/defiler/chatter/zdePss00__d064a7c1d0.wav","89108","d064a7c1d0372b1cf2eb8a6e46738cbe9efdcf1959691fb5e5b148b60e0db963"
"app/src/main/assets/audio/classic/units/defiler/chatter/zdePss01__fb1d1d6ca7.wav","24220","fb1d1d6ca76f7a5f33e7fbb1a2ff56d527a55ac1681284cce72cb7468e7d34a7"
"app/src/main/assets/audio/classic/units/defiler/chatter/zdePss02__031375a9ee.wav","91220","031375a9eee647a52366970bf9e3d08b0d99719eb2b641a562d3094754a32534"
"app/src/main/assets/audio/classic/units/defiler/chatter/ZDePss03__51e101b960.wav","81058","51e101b960658f1945df4f905677cb3ff5e50d0c3ef69c09bcccec6197578429"
"app/src/main/assets/audio/classic/units/defiler/death/ZDeDth00__15573a4880.wav","50436","15573a4880be11685be92611d8c1188b404f31953c120328353de8f59ad3250d"
"app/src/main/assets/audio/classic/units/defiler/move/zdeRdy00__57f77f1148.wav","39266","57f77f1148a54e37aeed6e7fd5ccc51eb5e5bdd0aa036f23e677de53250ca0fb"
"app/src/main/assets/audio/classic/units/defiler/move/zdeWht00__d477f1b62a.wav","52010","d477f1b62a73db5afc16d6009c519bd29653dde97186fe00275cd5e0d0422cb9"
"app/src/main/assets/audio/classic/units/defiler/move/zdeWht01__8bcd6a3fcf.wav","43434","8bcd6a3fcfcf77a1e5d237fb653b815cdd9ab3c86e5096250440cb33a0e23b2a"
"app/src/main/assets/audio/classic/units/defiler/move/zdeWht02__89b89e5087.wav","55850","89b89e508789c214ed76c18d7e91d006705e8c6cdeadfc7de62497c110783202"
"app/src/main/assets/audio/classic/units/defiler/move/ZDeWht03__af47a4e90e.wav","52422","af47a4e90ed9d045597245aa6cb92484dcfe9681d4273b2e1dc2c45a3f18c097"
"app/src/main/assets/audio/classic/units/defiler/move/zdeYes00__5429e44e3d.wav","31452","5429e44e3d0e09b025e94da1008fab129034a13f1618e495ed2b1699f4679382"
"app/src/main/assets/audio/classic/units/defiler/move/zdeYes01__b208bf0dc4.wav","51242","b208bf0dc4908cfb781324d339ec9a3382ca2f924db8329e1bf6a9684971c1b2"
"app/src/main/assets/audio/classic/units/defiler/move/zdeYes02__4cb9276310.wav","36950","4cb9276310a97790b53dd772a11c89e9e0215ee89c7df611f2f799b6940fd87f"
"app/src/main/assets/audio/classic/units/defiler/move/ZDeYes03__d6710f8a01.wav","35570","d6710f8a01a563f0a95907c8a45fea4d27658b8b21e211c005a57d77b02a474c"
"app/src/main/assets/audio/classic/units/dragoon/chatter/PDrPss00__1d47f3219f.wav","82282","1d47f3219fdf8a706f30d1e3ea3682b7eb2027fb9dba418cb0246cc833765464"
"app/src/main/assets/audio/classic/units/dragoon/chatter/PDrPss01__f6d00ba046.wav","59744","f6d00ba0467b9e790240795d1628e880023863764b7fd635fbd23556d64751dd"
"app/src/main/assets/audio/classic/units/dragoon/chatter/PDrPss02__b7ed3b90d6.wav","190156","b7ed3b90d65301e7f749be64ecd218b529299230634a26bbb8368b31041ba34a"
"app/src/main/assets/audio/classic/units/dragoon/chatter/PDrPss03__fa6a8d924a.wav","170026","fa6a8d924a8a9a3c00f974807d2b4bc59599019cabb567ea4fb787770d6e7097"
"app/src/main/assets/audio/classic/units/dragoon/death/pdrDth00__a3ae599e61.wav","55084","a3ae599e61ccb387691dcfc4c62593458e59e2729cc34f2cfcd8bedb7a29e0cd"
"app/src/main/assets/audio/classic/units/dragoon/move/pdrRdy00__354740bebf.wav","65682","354740bebf1b8eb35b404801fc79c4192beab7e793b38ee6b130f7816f1d4479"
"app/src/main/assets/audio/classic/units/dragoon/move/PDrWht00__b755ef97f9.wav","43628","b755ef97f9dcb5f1426df2905ce17258eb875fd1bdbbad742f4d097502005d37"
"app/src/main/assets/audio/classic/units/dragoon/move/PDrWht01__1f21129326.wav","68024","1f21129326afa39d7c64489095810c973a85f26fa99932f1d4ee31c23db65a70"
"app/src/main/assets/audio/classic/units/dragoon/move/PDrWht02__70b44c2406.wav","35376","70b44c2406cf819f2ded5a7a0049a06a136d14a014443b67cd3525976635e348"
"app/src/main/assets/audio/classic/units/dragoon/move/PDrWht03__59a766cf77.wav","45776","59a766cf77c591e9c87755956f0a0976ab1b59c66aa257d70af1465ddaa34536"
"app/src/main/assets/audio/classic/units/dragoon/move/PDrWht04__3c4611436f.wav","48270","3c4611436fb322af829377c028194a730a9535fde08593218d370ea1842839ae"
"app/src/main/assets/audio/classic/units/dragoon/move/PDrWht05__b4fe7d4e61.wav","61140","b4fe7d4e610a8d85fe66757876b909ae6cf1179609b7fca72e27078cac8e9271"
"app/src/main/assets/audio/classic/units/dragoon/move/PDrWht06__da3b0af41d.wav","63796","da3b0af41db99bbdd145b5ddad4356f6c2fcf9ae869bacbb53e99b51c07ae5e1"
"app/src/main/assets/audio/classic/units/dragoon/move/PDrWht07__ac02d9f61b.wav","43592","ac02d9f61b0c59a0a3494816035ff26c2b84f945b271e896515901838ec4dab1"
"app/src/main/assets/audio/classic/units/dragoon/move/PDrYes00__94b5f6ac91.wav","42786","94b5f6ac91b18f554eb4147d140636312b8d8f2a301518cf330afda387859396"
"app/src/main/assets/audio/classic/units/dragoon/move/PDrYes01__c8a0935d59.wav","48894","c8a0935d5996d9b1642965921c067f608cc4e5869c52d7ce38f0c971fc5f2ca3"
"app/src/main/assets/audio/classic/units/dragoon/move/PDrYes02__6af6ced60a.wav","46262","6af6ced60a63b786a5308ee92732115c0a663303e9816d9ca0ff6c1aff28dbbc"
"app/src/main/assets/audio/classic/units/dragoon/move/PDrYes03__b04819a6be.wav","39660","b04819a6bef914f01a494038578d4aef9e8ae9f0e472da24bcc228c014767a04"
"app/src/main/assets/audio/classic/units/dragoon/move/PDrYes04__fdad8f8db6.wav","34022","fdad8f8db62caf86e1536fd33977d7566d2e18b21d6684007f390d67bdf1d56c"
"app/src/main/assets/audio/classic/units/dragoon/move/PDrYes05__8870a56b53.wav","52256","8870a56b53ca93bd0d4eb05d409aceff534dfa0d472f7a0df8ec4b2d1784ec89"
"app/src/main/assets/audio/classic/units/dragoon/move/PDrYes06__7596758449.wav","60410","7596758449d921c12e5e985f1936deec11df4042d5fb5375edda65e8d22b01aa"
"app/src/main/assets/audio/classic/units/drone/chatter/zdrPss00__f0a299d4f6.wav","46122","f0a299d4f69dd154552500ce04903e5b4426a989aebff324819fa93e458f9148"
"app/src/main/assets/audio/classic/units/drone/chatter/zdrPss01__d4cde0bb13.wav","48810","d4cde0bb13a7d6145adea048e2f7faa7d70cb14da26c7351f4cd20aceb3d472d"
"app/src/main/assets/audio/classic/units/drone/chatter/zdrPss02__973c8336f6.wav","66842","973c8336f6c308653b451e1d2216faf716c303adfec2f346a0861f2442f2df6d"
"app/src/main/assets/audio/classic/units/drone/death/zdrDth00__d66d95ad02.wav","61978","d66d95ad0280b5362824c1bdd819ce36c132782c73c9ffaa56fa90b3d881d55a"
"app/src/main/assets/audio/classic/units/drone/move/zdrRdy00__641e9f0860.wav","106410","641e9f0860bf5bffdf52cd6a6c9caa6d4b9a60998a0a23c2c41513a672d7a55a"
"app/src/main/assets/audio/classic/units/drone/move/zdrWht00__a2a6d92227.wav","46134","a2a6d92227d728c38f054dcebd25b3d5be0280db4ea9e5b1f60bb04ee790e46d"
"app/src/main/assets/audio/classic/units/drone/move/zdrWht01__edee507d7e.wav","65322","edee507d7e903bdca322ae56492f3e7ec7aa3c83fdb2d10ce1e4e6b56bebc0ab"
"app/src/main/assets/audio/classic/units/drone/move/zdrWht02__63327cbd51.wav","36204","63327cbd51b307eb77953d3a62628ae021ffab177e94812d0a84380f39e16110"
"app/src/main/assets/audio/classic/units/drone/move/zdrWht03__f17a498564.wav","59692","f17a4985641649325a8d837e5f896ec2d78c8870fd11a7616bb859b96d0541c8"
"app/src/main/assets/audio/classic/units/drone/move/zdrWht04__a3cae20d28.wav","39722","a3cae20d288ebba02a9c1e3703d74f92fb5cc392a56e17a608f7a0d9ef0c1ae5"
"app/src/main/assets/audio/classic/units/drone/move/zdrYes00__ad8e4af4b1.wav","59820","ad8e4af4b11d0aba8386a9026e51084848c934c23a4c36a1088778d225233f6b"
"app/src/main/assets/audio/classic/units/drone/move/zdrYes01__02b34ee206.wav","62896","02b34ee206556aeccd7bf81049ad7beb73d0f5a21613480524bf515715f6f184"
"app/src/main/assets/audio/classic/units/drone/move/zdrYes02__83d0806bae.wav","62896","83d0806bae524e2c7bfaf3eff6349ebdcbcb02eab67d3b0adf365152d89cbd75"
"app/src/main/assets/audio/classic/units/drone/move/zdrYes03__e267155e7f.wav","62896","e267155e7fa6a0d656edbe05d56474ca4a1b53e03f0842a64b9638ff1d36b34e"
"app/src/main/assets/audio/classic/units/drone/move/zdrYes04__6f24c4f898.wav","65322","6f24c4f898a156b73f73026e72c7865a50ed2b1149ece6d66223e9a1556b5473"
"app/src/main/assets/audio/classic/units/dropship/chatter/TDrPss00__444f4d9bef.wav","123946","444f4d9beffe3dc1c61d6ec88baa49daf2854b91213fa2fda2ea4d0c1316f0e6"
"app/src/main/assets/audio/classic/units/dropship/chatter/TDrPss01__24df3403ef.wav","163886","24df3403ef99058ec1ba8254beaaae7e44a3f78dbe403a7532afb0f8e7bff2c6"
"app/src/main/assets/audio/classic/units/dropship/chatter/TDrPss02__74cbfbbc01.wav","129070","74cbfbbc0137c8d7125faaff5d4174d8c29643f2388e02d198fffbf827d51e10"
"app/src/main/assets/audio/classic/units/dropship/chatter/TDrPss03__b99cd7e939.wav","182316","b99cd7e939c7b25f1ff107a36abda01a72b7d53fac91519da68a3cbaa2c445cf"
"app/src/main/assets/audio/classic/units/dropship/death/TDrDth00__d0ae2ee092.wav","160004","d0ae2ee092c4671358da74b511a4845fc3c683ab448f20964aca30a5a6b3d89d"
"app/src/main/assets/audio/classic/units/dropship/move/TDrRdy00__27060c2201.wav","62650","27060c2201cf2b65fec0bca7d7c2cfeb13347998b1018a8b8251031be95cb3ab"
"app/src/main/assets/audio/classic/units/dropship/move/TDrWht00__76c75803d9.wav","44418","76c75803d92a8e4dbf36c954fea89daa097395e5324f24887b81298e9cf3c6d4"
"app/src/main/assets/audio/classic/units/dropship/move/TDrWht01__daa531436d.wav","38956","daa531436d17297e2c028076316484bc5df1e7dedf8653617dba08919e0fb4be"
"app/src/main/assets/audio/classic/units/dropship/move/TDrWht02__ce11e7eef0.wav","39098","ce11e7eef05db6af3091437d93d1a38a5809d596a35f7967221bad20afc10ea5"
"app/src/main/assets/audio/classic/units/dropship/move/TDrWht03__1005da471e.wav","60602","1005da471ef53d12d2392dd175f9a8f5ff63a2a30bf6dda0ea50a164996f89cf"
"app/src/main/assets/audio/classic/units/dropship/move/TDrYes00__676aa9b472.wav","111662","676aa9b47281a023f3ddb5e1ad45658386f9de6e766ec5073ba5044adc55813f"
"app/src/main/assets/audio/classic/units/dropship/move/TDrYes01__449e301cc3.wav","90158","449e301cc3599cf7c4f1ac097392cef3465bdf71eb20de39dbf2a5a88c0d3b10"
"app/src/main/assets/audio/classic/units/dropship/move/TDrYes02__9d1d5a3620.wav","68654","9d1d5a3620cbc269b12b005eaa1817f16880a8f5190e01fc99e0e49527ab2ba8"
"app/src/main/assets/audio/classic/units/dropship/move/TDrYes03__1ef72db927.wav","52270","1ef72db92754548d47b6952d3b09f1e2f470c94de4b18eaa773386fd888020c7"
"app/src/main/assets/audio/classic/units/dropship/move/TDrYes04__52f49f6473.wav","68654","52f49f64733b8b20a367da6c88260087077c1cd5a4fa594abfddbd7e2d533b58"
"app/src/main/assets/audio/classic/units/dropship/move/TDrYes05__8ce10906bf.wav","68654","8ce10906bfed9ab007039953759c3e64bf97725d519bcdc118a2a32d63c29039"
"app/src/main/assets/audio/classic/units/edmund_duke_battlecruiser/chatter/UDupss00__17ec217594.wav","153732","17ec217594ec544d898efc1ae07d90602c3a54d39e78bb5e58140d42c0cbbe1d"
"app/src/main/assets/audio/classic/units/edmund_duke_battlecruiser/chatter/UDupss01__5ef73a9ca3.wav","145540","5ef73a9ca3ba5e3f98a28a4178b33bbb90b97b846f4b7c0379cf9bfb9d72aa0b"
"app/src/main/assets/audio/classic/units/edmund_duke_battlecruiser/chatter/UDupss02__d63c8d925b.wav","146564","d63c8d925bbb4799eba72f127728edad881eeed45f7f0e6fb11cc1a6e1b5bfb3"
"app/src/main/assets/audio/classic/units/edmund_duke_battlecruiser/chatter/UDupss03__4447319329.wav","191620","44473193297f4238ae8b18cae16bf5926a701bcb082977513f403f9267547e54"
"app/src/main/assets/audio/classic/units/edmund_duke_battlecruiser/chatter/UDupss04__8810101ee0.wav","83076","8810101ee0a47d8bd8de79989c85f5a02b53bdd588f6667c679898d6ed2ae006"
"app/src/main/assets/audio/classic/units/edmund_duke_battlecruiser/death/UDuDth00__e821c44b12.wav","107908","e821c44b12f83a021c99b5539de0546abef69c7f3dd0984b4a0f9bd4dfd8a956"
"app/src/main/assets/audio/classic/units/edmund_duke_battlecruiser/move/UDuwht00__ad497f9e0f.wav","80004","ad497f9e0f331b11d02f418ff1f78fc987f9a6991bf7c3bd61c39a17fdbb3aff"
"app/src/main/assets/audio/classic/units/edmund_duke_battlecruiser/move/UDuwht01__cc6216cfcb.wav","86148","cc6216cfcb8280e5bbde396f6944830755a81edbc51c7b2aefd226c278e9627b"
"app/src/main/assets/audio/classic/units/edmund_duke_battlecruiser/move/UDuwht02__2ba9e31be2.wav","118916","2ba9e31be2afb732160dafa30e19439f657db34a5c47ef515e5c8a5f9b00a233"
"app/src/main/assets/audio/classic/units/edmund_duke_battlecruiser/move/UDuwht03__54b785174c.wav","105604","54b785174ca3b39aa4302eba0ea16bf2c49be5f6a6375346c390f9199726191c"
"app/src/main/assets/audio/classic/units/edmund_duke_battlecruiser/move/UDuyes00__1169cd31e6.wav","84372","1169cd31e69a8d2caf93ea1988e81aac4b3756edad39d29fa53e72d4c7d050b1"
"app/src/main/assets/audio/classic/units/edmund_duke_battlecruiser/move/UDuyes01__1353c8b227.wav","84372","1353c8b227aa177cf8eeb19dd485bd37575266b35be80a901eb21c43d5d60b00"
"app/src/main/assets/audio/classic/units/edmund_duke_battlecruiser/move/UDuyes02__51e02c8edc.wav","84372","51e02c8edc27e526612a3b2f120ed9c594c6cca95153c2da2339149d8820b31e"
"app/src/main/assets/audio/classic/units/edmund_duke_battlecruiser/move/UDuyes03__810c48b68c.wav","84372","810c48b68cac4878011c26134da975800f0afe4fd83eaa330e15ed41adbe621b"
"app/src/main/assets/audio/classic/units/edmund_duke_siege_tank/chatter/UDTpss00__0a9f2b90bd.wav","142468","0a9f2b90bd8d43120d8a4648401f3a7134277108c0a45d20ebe67c3d93921df1"
"app/src/main/assets/audio/classic/units/edmund_duke_siege_tank/chatter/UDTpss01__d5ba85cef9.wav","152926","d5ba85cef97ec2501a2bc234fbdf4d193a9df2d3c2c9f53611c7fdedc9a238f4"
"app/src/main/assets/audio/classic/units/edmund_duke_siege_tank/chatter/UDTpss02__dec90e230f.wav","145540","dec90e230f7948c490b013e14dba720ae33931618d255c2ce1bab5a8495d6607"
"app/src/main/assets/audio/classic/units/edmund_duke_siege_tank/chatter/UDTpss03__b9c7a777d6.wav","173700","b9c7a777d60f683ed20a573db42f3333ca9a3774402adce384ec377849876dc1"
"app/src/main/assets/audio/classic/units/edmund_duke_siege_tank/chatter/UDTPss04__1e75e1d542.wav","85892","1e75e1d5423984618c856c03c6dc284fac36bda02509d995b862d48983f17ee0"
"app/src/main/assets/audio/classic/units/edmund_duke_siege_tank/death/UDTDth00__da9707ce9d.wav","97026","da9707ce9d001389f57bb28b04c66f5d58b3712705d572cf17cf539d353dc301"
"app/src/main/assets/audio/classic/units/edmund_duke_siege_tank/move/UDTwht00__d14fbce61e.wav","70340","d14fbce61e3be7484c5c46758572174d6d60167d20ccce7752fc5fb17fa3fb9f"
"app/src/main/assets/audio/classic/units/edmund_duke_siege_tank/move/UDTwht01__62f682c37b.wav","47556","62f682c37bb1985d248049c7fba35b3eb0ceb98253f1dfe64f38ab3385b16883"
"app/src/main/assets/audio/classic/units/edmund_duke_siege_tank/move/UDTwht02__634ab9cae7.wav","111748","634ab9cae7d47be7886bcb6b8eefd093dfe735be35d1c4d30e2c6e415c408b12"
"app/src/main/assets/audio/classic/units/edmund_duke_siege_tank/move/UDTwht03__5a8ec2d705.wav","103172","5a8ec2d705aa5c36cc2c120f916dd437db3762cf098450e8c07b99af26a1dee3"
"app/src/main/assets/audio/classic/units/edmund_duke_siege_tank/move/UDTyes00__0a0cf6551c.wav","102996","0a0cf6551c3770b0c057e9c82445f74035984634365d251c80d80bbb2d1a545d"
"app/src/main/assets/audio/classic/units/edmund_duke_siege_tank/move/UDTyes01__ae8bb895f0.wav","108548","ae8bb895f01701e53196680a03e0484b1c2d3d60edb5c55051c453108cb25c47"
"app/src/main/assets/audio/classic/units/edmund_duke_siege_tank/move/UDTyes02__d1b1c6092b.wav","91506","d1b1c6092bebf5b3badfea17cf35218ac09b050a45625634c2b041d9c851c6b0"
"app/src/main/assets/audio/classic/units/edmund_duke_siege_tank/move/UDTyes03__652ea10f56.wav","112644","652ea10f562457c016c38ad44f88c62551cdea5c577a7bdc2c2f39c373948a62"
"app/src/main/assets/audio/classic/units/egg/chatter/ZEgPss00__e01054758c.wav","80686","e01054758cb51d176bf9cc2f4c81a44164959e96b8ec9ac35a6267e381dd9393"
"app/src/main/assets/audio/classic/units/egg/death/ZEgDth00__dd9bd3407c.wav","65170","dd9bd3407c7d38320ef9f02fee10bbdf25e1f711d6d675763d066c2c75b0e515"
"app/src/main/assets/audio/classic/units/egg/move/ZEgRdy00__f7a450b623.wav","48682","f7a450b62381ed2ed8e53615990022d8317c18a56d48bd4a99bc5ad9eb2114e3"
"app/src/main/assets/audio/classic/units/egg/move/ZEgWht00__dc1a7da400.wav","63914","dc1a7da4002e21961bb5ac0542479d4f90769340f3225b7be158c250ae3d1268"
"app/src/main/assets/audio/classic/units/egg/move/ZEgWht01__1ccbb26adc.wav","79658","1ccbb26adced3d18ceb16c200b06a6a94f0a70230b7a96c84b2a52b20460671d"
"app/src/main/assets/audio/classic/units/fenix_dragoon/chatter/UFDPss00__ee78704161.wav","73168","ee787041615a32212d57466efd601f438f2f2153a279bbc951429876df47f6f6"
"app/src/main/assets/audio/classic/units/fenix_dragoon/chatter/UFDPss01__43b8200ad0.wav","86104","43b8200ad0bb649a0a4bf71c852adb05c83c4eb9f9c4ae735ef9c889eede1e73"
"app/src/main/assets/audio/classic/units/fenix_dragoon/chatter/UFDPss02__d027136f15.wav","72746","d027136f15abab4c1c1723f18b0e9d829f345b63a6e45ac0ca3548ca2e06818c"
"app/src/main/assets/audio/classic/units/fenix_dragoon/chatter/UFDPss03__12253ad5cb.wav","85924","12253ad5cb270765445931e75bee1b36daeda3002e184560834fd184fad88262"
"app/src/main/assets/audio/classic/units/fenix_dragoon/move/UFDWht00__2aa1ec452e.wav","37186","2aa1ec452eed1b6283b9da0602cdd8fc3a2330733d374bda07410d42866dc8fa"
"app/src/main/assets/audio/classic/units/fenix_dragoon/move/UFDWht01__d3f5e42da4.wav","39058","d3f5e42da4e07828772877859ff684b27cedbc057572d5e7ffffd7ea261764f5"
"app/src/main/assets/audio/classic/units/fenix_dragoon/move/UFDWht02__c31eacfd88.wav","55748","c31eacfd88dd81ea2f71a3727e2508baf31fcd02e6250321388552cf3dfd14a0"
"app/src/main/assets/audio/classic/units/fenix_dragoon/move/UFDWht03__de7092d932.wav","71054","de7092d9329dc47a95013f721fcc7314be634b542000b19f5734b73d41ed9d7a"
"app/src/main/assets/audio/classic/units/fenix_dragoon/move/UFDYes00__0d0474ce36.wav","41614","0d0474ce363e77bc98728c15bd2b1e6527d5731a5a464f1d3609389858ce886c"
"app/src/main/assets/audio/classic/units/fenix_dragoon/move/UFDYes01__295a3fcc74.wav","53858","295a3fcc745ccf62184b7c2a459043ccb578eea29c773bf187886d4cd1027be9"
"app/src/main/assets/audio/classic/units/fenix_dragoon/move/UFDYes02__ff60da3cd3.wav","42556","ff60da3cd309872973bdff773514ee8ae690af1489bba445dff767d905a118f0"
"app/src/main/assets/audio/classic/units/fenix_dragoon/move/UFDYes03__c11ca8319b.wav","51336","c11ca8319b6660d433eb592f2512a3a3bb2db73442a63c514c65096d151958f7"
"app/src/main/assets/audio/classic/units/fenix_zealot/chatter/UFePss00__4b76aa866a.wav","72254","4b76aa866ac1dfa206f86375f49c9c0c746574cc30926a706aa85501ac38a311"
"app/src/main/assets/audio/classic/units/fenix_zealot/chatter/UFePss01__7df05b6ff2.wav","84400","7df05b6ff246a99d9b809f60b38f6cd2c2a5cb9cdd47fe949c0ec1255cc5e7a1"
"app/src/main/assets/audio/classic/units/fenix_zealot/chatter/UFePss02__d9696c1d83.wav","70342","d9696c1d8333d7214b4b00d21199cea8eab3e30d3307f2571e6551761a16261c"
"app/src/main/assets/audio/classic/units/fenix_zealot/chatter/UFePss03__437e7c4f8c.wav","83350","437e7c4f8c9d428d16aa022cf1e2f8127c85d6d6531b52c89deb9f3ba9a787f2"
"app/src/main/assets/audio/classic/units/fenix_zealot/death/UFeDth00__43fe7cab0a.wav","86392","43fe7cab0a00d507d2339832e1c8d688188fd1cbdfa762e26d3bf8a24454c03c"
"app/src/main/assets/audio/classic/units/fenix_zealot/move/UFeWht00__23ed69b81b.wav","38914","23ed69b81ba8fa127c05e525f7ff0b152658cd9c8e6236a6ca1062c07d033c31"
"app/src/main/assets/audio/classic/units/fenix_zealot/move/UFeWht01__b892cde19a.wav","34274","b892cde19a1340c7807899fb53a48265fcde4008d70aa92291bd28783f945d6e"
"app/src/main/assets/audio/classic/units/fenix_zealot/move/UFeWht02__fd53604b3b.wav","55446","fd53604b3b922552c07ff7591e5d4e7a5333c294d1bd4019bbbb5a623e6d4240"
"app/src/main/assets/audio/classic/units/fenix_zealot/move/UFeWht03__b2c2b539f1.wav","67454","b2c2b539f1142ac96162cfc46aa013d59c6e3249d1e36fe3a6dba3f4f8102ae6"
"app/src/main/assets/audio/classic/units/fenix_zealot/move/UFeYes00__3608c7143e.wav","42112","3608c7143e2a4c26046c55f8001e336430b36094096375abb5aff0a9c156a82a"
"app/src/main/assets/audio/classic/units/fenix_zealot/move/UFeYes01__c129a2d281.wav","52190","c129a2d2818e4f00ec473bc577796d18d76f2cb2838c79d28bbda88252f00ccf"
"app/src/main/assets/audio/classic/units/fenix_zealot/move/UFeYes02__4344e9c8f8.wav","41228","4344e9c8f8d1c41659474fab72964d9afaac8e8631b2f016b07114acab71a00a"
"app/src/main/assets/audio/classic/units/fenix_zealot/move/UFeYes03__4dcba2b6b1.wav","51998","4dcba2b6b122be748bc742b9e954c18488c183aec92ec883d89b276c91f29e6e"
"app/src/main/assets/audio/classic/units/firebat/chatter/tfbPss00__3257bf6eac.wav","76588","3257bf6eac44707efcf6fde486881faefd22b1e72e83176397e0c2503518c9c5"
"app/src/main/assets/audio/classic/units/firebat/chatter/tfbPss01__479da2a411.wav","88452","479da2a4112a2bddd9d585f314f45d1ac0f5efbcbd5ed928fa15fcccd429a053"
"app/src/main/assets/audio/classic/units/firebat/chatter/tfbPss02__7a290dcadb.wav","116868","7a290dcadb6b0128939b40e9ea0bc54507d98436a9e1cf381539580bc6301989"
"app/src/main/assets/audio/classic/units/firebat/chatter/tfbPss03__2c87e162c6.wav","129924","2c87e162c6407fe7c9bdffcbbb4e54c581dc73e78f6c0ffb17fa82feeca19ab3"
"app/src/main/assets/audio/classic/units/firebat/chatter/tfbPss04__d3d3be3845.wav","155782","d3d3be3845997f18b1c4b0e0642b66d0904ff0a2e15a33f5ebd9a0d50eb59636"
"app/src/main/assets/audio/classic/units/firebat/chatter/tfbPss05__c7b3566520.wav","113796","c7b3566520da4cdba6b1b28809b3a8466b4de41b21881b05559ad418e7337028"
"app/src/main/assets/audio/classic/units/firebat/chatter/tfbPss06__f034457124.wav","107140","f03445712476028d792273be5184681be969e92944eb441498cde73c8ee162c1"
"app/src/main/assets/audio/classic/units/firebat/death/TFbDth00__8e93a9d25d.wav","65068","8e93a9d25d164f24987fc7f2ab51a880aaf45113a7e01f1e22fa6c5f324f4221"
"app/src/main/assets/audio/classic/units/firebat/death/TFbDth01__63e87cff22.wav","88620","63e87cff22648dd6051127adc9f78e6648c4062fcb9be7b66238aaa089416cd6"
"app/src/main/assets/audio/classic/units/firebat/death/TFbDth02__85aaa47bd3.wav","89302","85aaa47bd3b00b656d179bec4c2f6861237a3af6451e0f75785fc077d8df4b27"
"app/src/main/assets/audio/classic/units/firebat/move/tfbRdy00__28e65a0c68.wav","72836","28e65a0c68b89d3fa17aba05ad8b9088a3009585cba462592193dd0b1842fa22"
"app/src/main/assets/audio/classic/units/firebat/move/tfbWht00__0709b2dcb3.wav","67460","0709b2dcb3f6730bf288bbcc6bd4e5ad4d473e5b9411fff57385caed2bfca5dd"
"app/src/main/assets/audio/classic/units/firebat/move/tfbWht01__aea77c607e.wav","45700","aea77c607e44fa5d6e79441335b259188d43d8c9c75dd214d23c61e286c48257"
"app/src/main/assets/audio/classic/units/firebat/move/tfbWht02__2068f6c552.wav","85124","2068f6c5527c8f2b8ec5a8e56ba11e88b50d600ef4cc0410e3d8208bdde7a634"
"app/src/main/assets/audio/classic/units/firebat/move/tfbWht03__312f05f6cc.wav","80772","312f05f6cc65c681475ad7c9953afb688009baaff01a2b471a244e88d023f316"
"app/src/main/assets/audio/classic/units/firebat/move/tfbYes00__3c541d2a78.wav","42756","3c541d2a78976f149d38d4bfbee4c468514c706774aca7cd0d9f03498ac7f365"
"app/src/main/assets/audio/classic/units/firebat/move/tfbYes01__403ebc0dfd.wav","50820","403ebc0dfdfbebed4f99c40caacd6a6be024cd6442fa541acf3703561c55d165"
"app/src/main/assets/audio/classic/units/firebat/move/tfbYes02__5fa30492ca.wav","59908","5fa30492ca40cf5f3b21e9f6f2fe8db44604ce623a0b444e424cb0a6933a8f23"
"app/src/main/assets/audio/classic/units/firebat/move/tfbYes03__71c39d92da.wav","75140","71c39d92dad5976b41ef8976ae13be663db03ce724b989a656493946838981fd"
"app/src/main/assets/audio/classic/units/gantrithor/chatter/UTCPss00__e223c53de7.wav","97540","e223c53de7c5002ea3837820c1bb5fa46be69417fa2768be5adbb06bfdb83ff8"
"app/src/main/assets/audio/classic/units/gantrithor/chatter/UTCPss01__77fac82b2e.wav","103940","77fac82b2e9f749359cf1f55810701fbe6d2576568582aa37d5f60438373f5bd"
"app/src/main/assets/audio/classic/units/gantrithor/chatter/UTCPss02__7526c09e86.wav","175236","7526c09e86b413a3cb463158c1814ae60a662ebfa756a5bbb7f0cd5bd6e7692c"
"app/src/main/assets/audio/classic/units/gantrithor/chatter/UTCPss03__3716735873.wav","131588","371673587370dc17cd5c2bceee16e039f31d157f3fd517d038b01123831f1066"
"app/src/main/assets/audio/classic/units/gantrithor/move/UTCWht00__a5ebd109bf.wav","75908","a5ebd109bfd0596caae196b7f06b0bae42718f19d796e01636efa3a495fcc780"
"app/src/main/assets/audio/classic/units/gantrithor/move/UTCWht01__ad70be10fb.wav","63876","ad70be10fb6103148e6cd7ebc7bbdaafa1899b8085a8013a9b480b514b04a51b"
"app/src/main/assets/audio/classic/units/gantrithor/move/UTCWht02__64425ce14d.wav","89348","64425ce14dc5c27bf1057cdec40240828f7e8fc3f2cef9d655a76bbfdf726d96"
"app/src/main/assets/audio/classic/units/gantrithor/move/UTCWht03__c31eccf157.wav","75652","c31eccf157fc8b4849f1e4f861db835f68b6123a792dedce94cae7e4640de515"
"app/src/main/assets/audio/classic/units/gantrithor/move/UTCYes00__51380cc07b.wav","75012","51380cc07bad29871f19263ed4d5213f1c9a207011ef86fb201e757e504f3ccc"
"app/src/main/assets/audio/classic/units/gantrithor/move/UTCYes01__80955f752d.wav","74372","80955f752d1d53be9befde26bf3de6c187271003a5e599b079a65a0bd91ec6c3"
"app/src/main/assets/audio/classic/units/gantrithor/move/UTCYes02__0553b43a23.wav","72580","0553b43a2311776a61e04e66938bed5758ef4974621838e0b980d8c911b9309c"
"app/src/main/assets/audio/classic/units/gantrithor/move/UTCYes03__938072a93b.wav","69380","938072a93b69d5ffed724df1c611edce9b87f67e6df88282a417b6a283ce2aa9"
"app/src/main/assets/audio/classic/units/ghost/attack/alias_ghost_tghyes02__e2377a446e.wav","88108","e2377a446e50f09efd545a16ef1b93b9cca4526335cf7169d6a7c0d282fd6991"
"app/src/main/assets/audio/classic/units/ghost/attack/alias_ghost_tghyes03__8809836f00.wav","86572","8809836f0011e7caac921edf78a0d9f3668cd5daaf2f08b810eab5266ea161ae"
"app/src/main/assets/audio/classic/units/ghost/chatter/tghpss00__8b9448c898.wav","80428","8b9448c8986b9730be4c36db2d2d87e27b7e4a7ae8e3a4a575673cf67a6967ef"
"app/src/main/assets/audio/classic/units/ghost/chatter/tghpss01__c5099e8dad.wav","78380","c5099e8dada71d07c5c46e710b2014d03a94da960a8875721e04c2cc5242874d"
"app/src/main/assets/audio/classic/units/ghost/chatter/tghpss02__cb710a9f26.wav","116780","cb710a9f26b210a5b35729a0b430ab6e85ad39659ef15d6605e781948a8ad85f"
"app/src/main/assets/audio/classic/units/ghost/chatter/tghpss03__14d1861afa.wav","147286","14d1861afa9dae5cb8d931f880b84717f34b28a1719d0a87c55b2dc3452a77dd"
"app/src/main/assets/audio/classic/units/ghost/death/TGhDth00__d73620157e.wav","85080","d73620157ecb50b9650e94ec65b7c2bb1080341e1d52454b26996362ee56e179"
"app/src/main/assets/audio/classic/units/ghost/death/TGhDth01__2060cc0fc5.wav","85108","2060cc0fc584a79a04af0145244a3b3d6239f9165f9deb66f83604b7c2335711"
"app/src/main/assets/audio/classic/units/ghost/move/tghrdy00__dea5c94762.wav","109100","dea5c94762ae19572b3ba470e018a0440f6cf74faeaa12970bcd445bdd536e70"
"app/src/main/assets/audio/classic/units/ghost/move/tghwht00__560b4567b6.wav","80428","560b4567b6f0b9ce14f5c8e8114bcf2cca7a952de8ea9e14f0a83ffebb083179"
"app/src/main/assets/audio/classic/units/ghost/move/tghwht01__e5f87139e7.wav","54828","e5f87139e70399b3a88d6b561fcae2c7d73382b62df374dcfc68e4d0f8c8cd29"
"app/src/main/assets/audio/classic/units/ghost/move/tghwht02__5df7803f8b.wav","88620","5df7803f8b82027c901b43431520d2e5bb7ccf7a39843b5c3b6d01d85a147cc3"
"app/src/main/assets/audio/classic/units/ghost/move/tghwht03__c6a89bc864.wav","65580","c6a89bc864b80e8050f2e987462ca80a42516246002868c41ebafb3df0d4b9c4"
"app/src/main/assets/audio/classic/units/ghost/move/tghyes00__9b797aac30.wav","82154","9b797aac30e15201756992bd8d56c85f509c710dcdd8e5d5fa1164ca88d9832e"
"app/src/main/assets/audio/classic/units/ghost/move/tghyes01__f477b86f53.wav","86060","f477b86f53a408bca993cb7d83f6c375e890133c8cdd4a9b9dec61eb30aa4e05"
"app/src/main/assets/audio/classic/units/ghost/move/tghyes02__e2377a446e.wav","88108","e2377a446e50f09efd545a16ef1b93b9cca4526335cf7169d6a7c0d282fd6991"
"app/src/main/assets/audio/classic/units/ghost/move/tghyes03__8809836f00.wav","86572","8809836f0011e7caac921edf78a0d9f3668cd5daaf2f08b810eab5266ea161ae"
"app/src/main/assets/audio/classic/units/goliath/chatter/TGoPss00__80db3c9917.wav","104234","80db3c9917d9921bd2b94b123d0de2462f10402b9b56ab5c42eeeec5dbcea02c"
"app/src/main/assets/audio/classic/units/goliath/chatter/TGoPss01__ea8216d194.wav","113708","ea8216d19411b1027644c2766c8cbae545fc440ba5849028a8ae83ff0c5197c5"
"app/src/main/assets/audio/classic/units/goliath/chatter/TGoPss02__a5dc2ef296.wav","89130","a5dc2ef296c4e88aafe6d94be26d476331afc08ad44fea9ba19137b25eb16cc0"
"app/src/main/assets/audio/classic/units/goliath/chatter/TGoPss03__476e1272b6.wav","97324","476e1272b60c24b229882bb1b64b485f360867d583c43f8cd19a361a70972fd9"
"app/src/main/assets/audio/classic/units/goliath/chatter/TGoPss04__2fedd1a6b9.wav","101932","2fedd1a6b9f2daa02d0d72c89ad4107202b00c87927e8c948bf1b78a2be490ce"
"app/src/main/assets/audio/classic/units/goliath/chatter/TGoPss05__303558e139.wav","140332","303558e139e18155f262c6b8eea4b138887062a3944865a929bd03361f114ba3"
"app/src/main/assets/audio/classic/units/goliath/death/TGoDth00__7b21a9c75f.wav","113028","7b21a9c75fd86827f2f22b7eaa7e6dd6ccd2ad1abeda5941aaca58281a8b9bac"
"app/src/main/assets/audio/classic/units/goliath/move/TGoRdy00__f4f8008c24.wav","67628","f4f8008c24ca30d5d0c290ee47227cb5f7ee702f69e334ee093db9e6b1a2b8eb"
"app/src/main/assets/audio/classic/units/goliath/move/TGoWht00__e86a525394.wav","69930","e86a5253940dff040857e02b63f8d5010f872984277ebcaba1ae84fb909cc23f"
"app/src/main/assets/audio/classic/units/goliath/move/TGoWht01__79abc573bf.wav","76844","79abc573bfa0dd358d4d85eb14612920e1508ea2a6fbcb947b8676457a03792c"
"app/src/main/assets/audio/classic/units/goliath/move/TGoWht02__b8450d69ef.wav","68332","b8450d69ef96d588d97a92c2324b768b16ed4a319974bd9f28ddfec35361e200"
"app/src/main/assets/audio/classic/units/goliath/move/TGoWht03__7fb95ecf4b.wav","96810","7fb95ecf4bb7eb4d596ad5f88a0bd5dcc22021aa0cadeb155ef5765ac9f9fa47"
"app/src/main/assets/audio/classic/units/goliath/move/TGoYes00__804d9b9a5a.wav","107818","804d9b9a5ad2f56322d1731f9ab092da7509e3338f7cb2cd90897ed422740c73"
"app/src/main/assets/audio/classic/units/goliath/move/TGoYes01__5b274f891f.wav","102954","5b274f891f2bed50cbec4df7babcd29075e83a65485bc849cfeba268717d0ae3"
"app/src/main/assets/audio/classic/units/goliath/move/TGoYes02__08ea5cd4e1.wav","98346","08ea5cd4e168591596dde9466c3efe7ace9539ed8f2bfe786dc8c687c96bb367"
"app/src/main/assets/audio/classic/units/goliath/move/TGoYes03__653bd7ccca.wav","103978","653bd7ccca26bfc54e6b09a0478ed7098fb686e3152b3044654f3e7a80c31fa7"
"app/src/main/assets/audio/classic/units/guardian/chatter/ZGuPss00__4ff8c6bd4c.wav","75456","4ff8c6bd4cd2423556f927b4215593d310bcfafe4d150432dd30bc4a5b559cf9"
"app/src/main/assets/audio/classic/units/guardian/chatter/ZGuPss01__7725164856.wav","80660","77251648568f73fe999244d49df052ac2af9dd49272d785895d26e81c581cbcd"
"app/src/main/assets/audio/classic/units/guardian/chatter/ZGuPss02__867f7212f9.wav","138102","867f7212f96efe0c4fb0aea11a3be8c53696b927d9e1b6ecd99af86fdcd625d4"
"app/src/main/assets/audio/classic/units/guardian/chatter/ZGuPss03__9954f2bd26.wav","134136","9954f2bd2607371f794ff5f3e22bac1ea9ff96959f4bf3b20d4a42cdf0843314"
"app/src/main/assets/audio/classic/units/guardian/death/ZGuDth00__f775bf9f46.wav","85548","f775bf9f46b52516e44f855f0f82dde872ad2d9f3eda2ff587d6f63fbc1c307c"
"app/src/main/assets/audio/classic/units/guardian/move/ZGuRdy00__52f83190e1.wav","114224","52f83190e1b0f30bb12e33adeb3ab2d548a3510a4383d89627d15933f659c36f"
"app/src/main/assets/audio/classic/units/guardian/move/ZGuWht00__910cee017e.wav","51172","910cee017e5dd334653ab470ee3734cfdd2594d8729503f83fd08a433b913854"
"app/src/main/assets/audio/classic/units/guardian/move/ZGuWht01__3c39e1f32e.wav","46594","3c39e1f32eb3cf962e1e91690347843d761ff90d79f156abdf3927d532deaa2b"
"app/src/main/assets/audio/classic/units/guardian/move/ZGuWht02__89798c96d4.wav","44938","89798c96d4bedec8a0a1c7fb84eecc0b2f3f4ce216cd7a05dc67c4aebfe20f67"
"app/src/main/assets/audio/classic/units/guardian/move/ZGuWht03__bb8d7a0df5.wav","46406","bb8d7a0df54e536532ac298015ce2a389a0f4afb0c8e535b3ec31ff614b01b73"
"app/src/main/assets/audio/classic/units/guardian/move/ZGuYes00__bd1dea280f.wav","42836","bd1dea280fd029515bffcc519296d2b9026858ad6110bce2086d13460a182ff8"
"app/src/main/assets/audio/classic/units/guardian/move/ZGuYes01__2f82787c2a.wav","51414","2f82787c2a9b4e81540d287508e188da553556c163971441a9a020a841440af5"
"app/src/main/assets/audio/classic/units/guardian/move/ZGuYes02__38eeb3f8e2.wav","56742","38eeb3f8e2edfb1f792a2b96e00a6296247c95d7f2efb3ce46b8eb214822bf62"
"app/src/main/assets/audio/classic/units/guardian/move/ZGuYes03__03effee7f2.wav","71168","03effee7f2441fd0e402946bafdf3a1b7921f1ca504a7da225e3c50e96b80a65"
"app/src/main/assets/audio/classic/units/hellion/attack/alias_vulture_TVuWht00__2a8d46b65c.wav","66326","2a8d46b65c061b055d470902530ae7d8799088778aa5d8d388a553fd93a26033"
"app/src/main/assets/audio/classic/units/hellion/attack/alias_vulture_tvuwht02__d86d65c703.wav","101328","d86d65c703756ccaea844e9d99d9ce5d7420ee1fe8f2af1536ea3d7831127d34"
"app/src/main/assets/audio/classic/units/hellion/attack/alias_vulture_tvuyes00__77980ed04f.wav","85926","77980ed04f16b6edda1afea9f9b305c9fb0912cad1a7a6955121fd2c25bf1979"
"app/src/main/assets/audio/classic/units/hellion/chatter/alias_vulture_tvupss00__5b047123eb.wav","57558","5b047123ebaa555a42c8ab894f25b7d1bef13a24439c023f0b78ea7e246ca9b7"
"app/src/main/assets/audio/classic/units/hellion/chatter/alias_vulture_tvupss01__0438ee2879.wav","101880","0438ee28795f439e7fb343cce833bb535b13955280823ecd2d59d4dbcb06990e"
"app/src/main/assets/audio/classic/units/hellion/chatter/alias_vulture_tvupss02__3e4e734a41.wav","79848","3e4e734a4180e7346b903fb100442428a68bbe28877490c5e24ae82df45f4b38"
"app/src/main/assets/audio/classic/units/hellion/chatter/alias_vulture_tvupss03__50dec351ff.wav","115048","50dec351ff1cdf8338b957bba5a820587b61afd01886c1002bb209aa93f5fe15"
"app/src/main/assets/audio/classic/units/hellion/move/alias_vulture_tvurdy00__1e8040dfb1.wav","121200","1e8040dfb1c0a944a4fbcb853b00da9deb7deba8c034d8c35ee92c30b79cb7bc"
"app/src/main/assets/audio/classic/units/hellion/move/alias_vulture_TVuWht00__2a8d46b65c.wav","66326","2a8d46b65c061b055d470902530ae7d8799088778aa5d8d388a553fd93a26033"
"app/src/main/assets/audio/classic/units/hellion/move/alias_vulture_tvuwht01__c533b7c835.wav","55344","c533b7c83557d3c335b43f03faf521a9f5391347591f060888dc2c840564ea93"
"app/src/main/assets/audio/classic/units/hellion/move/alias_vulture_tvuwht02__d86d65c703.wav","101328","d86d65c703756ccaea844e9d99d9ce5d7420ee1fe8f2af1536ea3d7831127d34"
"app/src/main/assets/audio/classic/units/hellion/move/alias_vulture_tvuwht03__4b61c942cc.wav","66038","4b61c942cc95fc3768bcd6afb8bbd7a67c2b4f59585ea914667b3451c9839b8b"
"app/src/main/assets/audio/classic/units/hellion/move/alias_vulture_tvuyes00__77980ed04f.wav","85926","77980ed04f16b6edda1afea9f9b305c9fb0912cad1a7a6955121fd2c25bf1979"
"app/src/main/assets/audio/classic/units/hellion/move/alias_vulture_tvuyes01__86c00db3d2.wav","88164","86c00db3d21b782fa27322f7547de0209ca7b818cdc79eb1741be585de139812"
"app/src/main/assets/audio/classic/units/hellion/move/alias_vulture_tvuyes02__df21b87536.wav","101372","df21b87536b2076282730890a981e9ff8272009a4f280dbdab3140735e9b161e"
"app/src/main/assets/audio/classic/units/hellion/move/alias_vulture_tvuyes03__e95157ff3b.wav","110110","e95157ff3bf7de54b472243eef6152a1ebc5c80aea9c1b205b323cb51ebbd317"
"app/src/main/assets/audio/classic/units/high_templar/attack/alias_high_templar_pteYes00__6af9e4f073.wav","97504","6af9e4f0730b74f91cc3c3c738652e1a72d687ff06ed0534f314aaca54355460"
"app/src/main/assets/audio/classic/units/high_templar/attack/alias_high_templar_pteYes01__226bb43179.wav","103250","226bb43179ca9aa1d0526362873467a4de5ac13e916828d1bbb05db92b2955b6"
"app/src/main/assets/audio/classic/units/high_templar/attack/alias_high_templar_pteYes02__1f334b2097.wav","104470","1f334b2097a2781f7ee3c7b3fe7216efebc2e9398b0bc4915bf1ddfa4e0a86a3"
"app/src/main/assets/audio/classic/units/high_templar/chatter/ptePss00__a5083f2a26.wav","95496","a5083f2a2695d6baad96c5feb404829d9997461061c2626f9126c6ad8d80c2db"
"app/src/main/assets/audio/classic/units/high_templar/chatter/ptePss01__19d33eddff.wav","165796","19d33eddff904c590c8cef14f3fc56341f68041979adccf43e4a7d7c293b91eb"
"app/src/main/assets/audio/classic/units/high_templar/chatter/ptePss02__6c652f0cfb.wav","137286","6c652f0cfb730bcf22543f846d046b1b45e8c7a06387e86f863d0b258ff7573a"
"app/src/main/assets/audio/classic/units/high_templar/chatter/ptePss03__ae143e395e.wav","151832","ae143e395e59df9d162cabd265ad506b6b7080ae2afc4b0816f4c91df19d7705"
"app/src/main/assets/audio/classic/units/high_templar/death/pteDth00__7a5545dba5.wav","123512","7a5545dba5dd96af6334b119886d6fa327ecf343340a66618ad148ca3cfef977"
"app/src/main/assets/audio/classic/units/high_templar/move/pteRdy00__c038b7d488.wav","133702","c038b7d48871db33575248f18c7e2972d8d3d7a8134bee06c5b72c7d55b944eb"
"app/src/main/assets/audio/classic/units/high_templar/move/pteWht00__acc33dfc38.wav","99534","acc33dfc38bfa510b345a1cb1c9f9955735d47e1a59011728c0b58ff14456859"
"app/src/main/assets/audio/classic/units/high_templar/move/pteWht01__00d673596f.wav","84022","00d673596fa142d2c8125bfab1a17aa1bf663701c636ec43b0a8249ec47390c5"
"app/src/main/assets/audio/classic/units/high_templar/move/pteWht02__c9d50de0ca.wav","103692","c9d50de0cacb7753eb6e46e7c9abbf30e9de592da0c0de01c1204336166d5889"
"app/src/main/assets/audio/classic/units/high_templar/move/pteWht03__64f4131b45.wav","90418","64f4131b455283b435aa389a78fb5a2e8836996c146cf0697bb1a5a5757997c6"
"app/src/main/assets/audio/classic/units/high_templar/move/pteYes00__6af9e4f073.wav","97504","6af9e4f0730b74f91cc3c3c738652e1a72d687ff06ed0534f314aaca54355460"
"app/src/main/assets/audio/classic/units/high_templar/move/pteYes01__226bb43179.wav","103250","226bb43179ca9aa1d0526362873467a4de5ac13e916828d1bbb05db92b2955b6"
"app/src/main/assets/audio/classic/units/high_templar/move/pteYes02__1f334b2097.wav","104470","1f334b2097a2781f7ee3c7b3fe7216efebc2e9398b0bc4915bf1ddfa4e0a86a3"
"app/src/main/assets/audio/classic/units/high_templar/move/pteYes03__f81a0ad739.wav","60578","f81a0ad739a4e5687853a5b3e5ea9501ec8417493ce8a29caac02b4408b35e3c"
"app/src/main/assets/audio/classic/units/hydralisk/chatter/zhyPss00__30627104e3.wav","153642","30627104e3e507b54eb6ded22df0db1f2e1c19173795838a3a02fa857878f562"
"app/src/main/assets/audio/classic/units/hydralisk/chatter/zhyPss01__b290d23aba.wav","201348","b290d23aba08ad427dba072d9ed6971184b185beada041ab11e8b6ce53963f0a"
"app/src/main/assets/audio/classic/units/hydralisk/death/zhyDth00__28088b9f97.wav","59384","28088b9f97bf17143f67340bf2b3407188631ca3d322824eabf957ef13eaec02"
"app/src/main/assets/audio/classic/units/hydralisk/move/zhyRdy00__562ce1e87d.wav","73336","562ce1e87deb6430c15c7fafef527ddc814276ac8ce520efeb365b2c6e097415"
"app/src/main/assets/audio/classic/units/hydralisk/move/zhyWht00__0389a4ae97.wav","52794","0389a4ae975ea601fff855b9470825a19ea69aa3d7cbc605430af9f1db223c0e"
"app/src/main/assets/audio/classic/units/hydralisk/move/zhyWht01__f54be3e700.wav","65412","f54be3e7002f3eb65b2582cc76906e35aadd69ad33c0a2955aa29cff85632487"
"app/src/main/assets/audio/classic/units/hydralisk/move/zhyWht02__6e3086c7bd.wav","54796","6e3086c7bd9626355c7a2490e70d9584a07fede867cf80f3c35538bffd2dec59"
"app/src/main/assets/audio/classic/units/hydralisk/move/zhyYes00__391eb377da.wav","51248","391eb377da4abfd3cc695b73d7efb9a86725a828a7f29a1b1d27bee09b170025"
"app/src/main/assets/audio/classic/units/hydralisk/move/zhyYes01__65c38bb490.wav","67898","65c38bb490d1fbb51ebbfdbda5d1392a8be74684b2d075d422866277cfcd4cef"
"app/src/main/assets/audio/classic/units/hydralisk/move/zhyYes02__0d9c978d1e.wav","58682","0d9c978d1ef278901c12ccb9cefcbc08364e2904bf33de44d622e1d4559836da"
"app/src/main/assets/audio/classic/units/hydralisk/move/zhyYes03__938e352fba.wav","57146","938e352fba798e5ee0020396f03df8476e24efe8994863188ec26ea154e3eadd"
"app/src/main/assets/audio/classic/units/immortal/attack/alias_dragoon_PDrYes01__c8a0935d59.wav","48894","c8a0935d5996d9b1642965921c067f608cc4e5869c52d7ce38f0c971fc5f2ca3"
"app/src/main/assets/audio/classic/units/immortal/attack/alias_dragoon_PDrYes04__fdad8f8db6.wav","34022","fdad8f8db62caf86e1536fd33977d7566d2e18b21d6684007f390d67bdf1d56c"
"app/src/main/assets/audio/classic/units/immortal/chatter/alias_dragoon_PDrPss00__1d47f3219f.wav","82282","1d47f3219fdf8a706f30d1e3ea3682b7eb2027fb9dba418cb0246cc833765464"
"app/src/main/assets/audio/classic/units/immortal/chatter/alias_dragoon_PDrPss01__f6d00ba046.wav","59744","f6d00ba0467b9e790240795d1628e880023863764b7fd635fbd23556d64751dd"
"app/src/main/assets/audio/classic/units/immortal/chatter/alias_dragoon_PDrPss02__b7ed3b90d6.wav","190156","b7ed3b90d65301e7f749be64ecd218b529299230634a26bbb8368b31041ba34a"
"app/src/main/assets/audio/classic/units/immortal/chatter/alias_dragoon_PDrPss03__fa6a8d924a.wav","170026","fa6a8d924a8a9a3c00f974807d2b4bc59599019cabb567ea4fb787770d6e7097"
"app/src/main/assets/audio/classic/units/immortal/move/alias_dragoon_pdrRdy00__354740bebf.wav","65682","354740bebf1b8eb35b404801fc79c4192beab7e793b38ee6b130f7816f1d4479"
"app/src/main/assets/audio/classic/units/immortal/move/alias_dragoon_PDrWht00__b755ef97f9.wav","43628","b755ef97f9dcb5f1426df2905ce17258eb875fd1bdbbad742f4d097502005d37"
"app/src/main/assets/audio/classic/units/immortal/move/alias_dragoon_PDrWht01__1f21129326.wav","68024","1f21129326afa39d7c64489095810c973a85f26fa99932f1d4ee31c23db65a70"
"app/src/main/assets/audio/classic/units/immortal/move/alias_dragoon_PDrWht02__70b44c2406.wav","35376","70b44c2406cf819f2ded5a7a0049a06a136d14a014443b67cd3525976635e348"
"app/src/main/assets/audio/classic/units/immortal/move/alias_dragoon_PDrWht03__59a766cf77.wav","45776","59a766cf77c591e9c87755956f0a0976ab1b59c66aa257d70af1465ddaa34536"
"app/src/main/assets/audio/classic/units/immortal/move/alias_dragoon_PDrWht04__3c4611436f.wav","48270","3c4611436fb322af829377c028194a730a9535fde08593218d370ea1842839ae"
"app/src/main/assets/audio/classic/units/immortal/move/alias_dragoon_PDrWht05__b4fe7d4e61.wav","61140","b4fe7d4e610a8d85fe66757876b909ae6cf1179609b7fca72e27078cac8e9271"
"app/src/main/assets/audio/classic/units/immortal/move/alias_dragoon_PDrWht06__da3b0af41d.wav","63796","da3b0af41db99bbdd145b5ddad4356f6c2fcf9ae869bacbb53e99b51c07ae5e1"
"app/src/main/assets/audio/classic/units/immortal/move/alias_dragoon_PDrYes00__94b5f6ac91.wav","42786","94b5f6ac91b18f554eb4147d140636312b8d8f2a301518cf330afda387859396"
"app/src/main/assets/audio/classic/units/immortal/move/alias_dragoon_PDrYes01__c8a0935d59.wav","48894","c8a0935d5996d9b1642965921c067f608cc4e5869c52d7ce38f0c971fc5f2ca3"
"app/src/main/assets/audio/classic/units/immortal/move/alias_dragoon_PDrYes02__6af6ced60a.wav","46262","6af6ced60a63b786a5308ee92732115c0a663303e9816d9ca0ff6c1aff28dbbc"
"app/src/main/assets/audio/classic/units/immortal/move/alias_dragoon_PDrYes03__b04819a6be.wav","39660","b04819a6bef914f01a494038578d4aef9e8ae9f0e472da24bcc228c014767a04"
"app/src/main/assets/audio/classic/units/immortal/move/alias_dragoon_PDrYes04__fdad8f8db6.wav","34022","fdad8f8db62caf86e1536fd33977d7566d2e18b21d6684007f390d67bdf1d56c"
"app/src/main/assets/audio/classic/units/immortal/move/alias_dragoon_PDrYes05__8870a56b53.wav","52256","8870a56b53ca93bd0d4eb05d409aceff534dfa0d472f7a0df8ec4b2d1784ec89"
"app/src/main/assets/audio/classic/units/infested_terran/chatter/ZBgPss00__52e82299c4.wav","74628","52e82299c4c9212042e0b459a58804db5a66a6f6e3cbde747912737297b33fc5"
"app/src/main/assets/audio/classic/units/infested_terran/chatter/ZBgPss01__8f190cec6e.wav","93192","8f190cec6eba0158891701c330ffa65d339f2932b9525dc3e569bbe15682f51b"
"app/src/main/assets/audio/classic/units/infested_terran/chatter/ZBgPss02__ecdc1f2372.wav","93198","ecdc1f23721a5697cef30f35a033c1a082b577c81200c2e019b803f55dd98047"
"app/src/main/assets/audio/classic/units/infested_terran/chatter/ZBgPss03__f225c93caf.wav","60636","f225c93cafb5978bf1c4844cb54231f2fe28695d9657b14940ae02af9d2a98d6"
"app/src/main/assets/audio/classic/units/infested_terran/move/ZBgRdy00__fe6a1e96f9.wav","101840","fe6a1e96f9e0687ed8ddebd2d27180d499a7c776814c96a26182538f1bffbd5d"
"app/src/main/assets/audio/classic/units/infested_terran/move/ZBgWht00__0f7cb4e4f6.wav","72580","0f7cb4e4f666b9ab313afd742730369c2417f0149a69e68093fd7df621c56f2e"
"app/src/main/assets/audio/classic/units/infested_terran/move/ZBgWht01__b69cf2e679.wav","94596","b69cf2e6795fdcf40d037ddbe10c80b78e7921884e0762e539136f4ad5a4067a"
"app/src/main/assets/audio/classic/units/infested_terran/move/ZBgWht02__b3bb190ce1.wav","81196","b3bb190ce103d7440a0cd4e52609121c60e33bd5658958cd10491470b10acfe0"
"app/src/main/assets/audio/classic/units/infested_terran/move/ZBgWht03__7bbe309c15.wav","98692","7bbe309c15619b0f59a2c1fb3692ea8621fd859a05712040a1abd5d90dfc2772"
"app/src/main/assets/audio/classic/units/infested_terran/move/ZBgYes00__f4bcc6bbf3.wav","69508","f4bcc6bbf3f58638fef7042eca6a880711c81fc147d228da04f980eae72163dc"
"app/src/main/assets/audio/classic/units/infested_terran/move/ZBgYes01__baa6c96348.wav","82948","baa6c963489bfd7395761bd968e782eb74957186eccdb04c2359f18692a98853"
"app/src/main/assets/audio/classic/units/infested_terran/move/ZBgYes02__835928e950.wav","70660","835928e950cd6d83a29012740e51fa3d696373ecf0be3e1b048243ff3ec66cd0"
"app/src/main/assets/audio/classic/units/infested_terran/move/ZBgYes03__6be171104c.wav","98876","6be171104c42a7851d72704a0077594850cdb85a2b503e50873ae3529af46db6"
"app/src/main/assets/audio/classic/units/jim_raynor_vulture/chatter/URVpss00__2401ce2157.wav","88838","2401ce2157bd388442e3a940875271b317e27b24fbecb85f19c7bdb5293f8cae"
"app/src/main/assets/audio/classic/units/jim_raynor_vulture/chatter/URVpss01__9049435293.wav","89606","904943529363667a2aada1214f293e548cbfe7e7f88fba828ffff4b3f34f0754"
"app/src/main/assets/audio/classic/units/jim_raynor_vulture/chatter/URVpss02__63b592d892.wav","127748","63b592d8922f228180c85ca0dd25169be76e2f2785b14311db05c56299f4e889"
"app/src/main/assets/audio/classic/units/jim_raynor_vulture/chatter/URVpss03__744b1e554b.wav","115844","744b1e554bc99bb049ce62122fbcb3228ded930d9a69ff922dda418bc9d9f670"
"app/src/main/assets/audio/classic/units/jim_raynor_vulture/death/URVDth00__ebbe9f601a.wav","86662","ebbe9f601a9ae2fd2a581494192ea07c4f438266ca3094757a8e296ffa7d0984"
"app/src/main/assets/audio/classic/units/jim_raynor_vulture/move/URVWht00__b29b08358a.wav","65604","b29b08358a29a829e7a34691b4a9c30248c1e55d5e7eae49ad25d8e303968283"
"app/src/main/assets/audio/classic/units/jim_raynor_vulture/move/URVwht01__1246e64724.wav","76100","1246e64724364180ab4e1b4bf1f13a5c527230a7571172444a30c69d448689fb"
"app/src/main/assets/audio/classic/units/jim_raynor_vulture/move/URVwht02__a60a9386ec.wav","103812","a60a9386ec5272f209774070f265e38c84a644943ebe73ee8d4267a25104e7ee"
"app/src/main/assets/audio/classic/units/jim_raynor_vulture/move/URVwht03__abf2dcb134.wav","75268","abf2dcb13491894211ba70f50a0c5ee4fb5e593bd2b3bbb6c6548caf3a848d2b"
"app/src/main/assets/audio/classic/units/jim_raynor_vulture/move/URVyes00__9e6570827e.wav","87300","9e6570827ee97823dcb3fdf3c614eac754fe0ff4bc13666a2c20cef32475796a"
"app/src/main/assets/audio/classic/units/jim_raynor_vulture/move/URVyes01__efc68a44ce.wav","98948","efc68a44ce436a9601284b2b2bf3bbb6f86b3f5d57fbf5839c64578f75fcce38"
"app/src/main/assets/audio/classic/units/jim_raynor_vulture/move/URVyes02__c437a45329.wav","98436","c437a45329a8db38a837ef86b88c3048ff9e85c6dfac6adb051bb9510f1da899"
"app/src/main/assets/audio/classic/units/jim_raynor_vulture/move/URVyes03__28b0755b27.wav","95236","28b0755b276e7731bbc76c6d7bb188357d192c615f2090f0f40bca22c643610f"
"app/src/main/assets/audio/classic/units/jim_raynor/chatter/URaPss00__e60de387a7.wav","46892","e60de387a73e34cfa44ef3464fc8eec161660f1843f5404346fabfa929a56cfe"
"app/src/main/assets/audio/classic/units/jim_raynor/chatter/URaPss01__35324f80e9.wav","64428","35324f80e95168d076535000f1c9c843e077083df301e96bea7f6561d2dc656a"
"app/src/main/assets/audio/classic/units/jim_raynor/chatter/URaPss02__b8ebf111d0.wav","82988","b8ebf111d0d74f0ef3afcdbeec0ab1671a0bdbc70c83472ad63608d8dc5f5d73"
"app/src/main/assets/audio/classic/units/jim_raynor/chatter/URaPss03__cd60f75c12.wav","95020","cd60f75c1290f375383f67f6f592d42a7a81461113abc65704f5ca43242619a8"
"app/src/main/assets/audio/classic/units/jim_raynor/death/URaDth00__2f6776cc1a.wav","67372","2f6776cc1a1cfad52a0a62d90825081fab3a0752e3ec15bc7f15ef3b7ea777e2"
"app/src/main/assets/audio/classic/units/jim_raynor/death/URaDth01__5c9d5b23c3.wav","68550","5c9d5b23c3be60d61405d39e1b208fd3993b7cf9b029a13474025d8da99145d2"
"app/src/main/assets/audio/classic/units/jim_raynor/move/URaWht00__4e3e8410eb.wav","34348","4e3e8410eb31d2a9adbae3ef311892ae043fc5b2029af16e622cb0e3cf39a20d"
"app/src/main/assets/audio/classic/units/jim_raynor/move/URaWht01__7fee5a143a.wav","39468","7fee5a143aaf426d56beac6f3127039510b451607aafb935ab7680f9119224f4"
"app/src/main/assets/audio/classic/units/jim_raynor/move/URaWht02__7b816c01b7.wav","63404","7b816c01b79d03b98c29d8d61c07c7ef3d865d6eb4a19fa98484ad6a6115117c"
"app/src/main/assets/audio/classic/units/jim_raynor/move/URaWht03__d67a5a5f6c.wav","68652","d67a5a5f6cd19350548ac9e0b120bd940c9e4b7ae2dd69d08f6511094a303966"
"app/src/main/assets/audio/classic/units/jim_raynor/move/URaYes00__717b555349.wav","53288","717b55534996d047c25ce1406fedc49714e8b7f739b7a86b190178409720d259"
"app/src/main/assets/audio/classic/units/jim_raynor/move/URaYes01__f5d0604943.wav","46252","f5d06049436f0b00cf53cca2615461885401ec1d21e9a63e8177784d2635377d"
"app/src/main/assets/audio/classic/units/jim_raynor/move/URaYes02__b0460d8715.wav","48620","b0460d87157014d08824d5839b38e5c833ef320d2d4792be8416db6bb1baf211"
"app/src/main/assets/audio/classic/units/jim_raynor/move/URaYes03__d1ac0fe396.wav","56748","d1ac0fe3965a9081aa51c1e93794c5c4712b30db1dc281d392ba2add5e387e64"
"app/src/main/assets/audio/classic/units/kerrigan/chatter/UKipss00__e26100dd3e.wav","136150","e26100dd3ec282a1bb5485712447e193e7b3939f30b9ead45e798e82eb5b0dfb"
"app/src/main/assets/audio/classic/units/kerrigan/chatter/UKipss01__db34376b1f.wav","116010","db34376b1f250ca049686d238a3ad5f5351b6bc2d7cd6211a25d953042bfbe8b"
"app/src/main/assets/audio/classic/units/kerrigan/chatter/UKipss02__3575720c6c.wav","89884","3575720c6cd1fae02fcd3b50efb2bea912a2e59e6d0c964ae204197a5a99143b"
"app/src/main/assets/audio/classic/units/kerrigan/chatter/UKiPss03__75c1f287b4.wav","100504","75c1f287b4cfd7c05c8a62c7ab868affd0c616b1cace13a968ab77a6c02e3b02"
"app/src/main/assets/audio/classic/units/kerrigan/death/UKiDth00__49483b0c94.wav","137244","49483b0c94d4b940fbed59fe5f3ec85f0056ccf43dd2735eeeba4e43d40c7676"
"app/src/main/assets/audio/classic/units/kerrigan/move/UKiwht00__888cdc52c6.wav","73722","888cdc52c6b0535b24e9ff3a6bcc6a019c1ed58fabc9c414d4e655193756ed45"
"app/src/main/assets/audio/classic/units/kerrigan/move/UKiwht01__01ddc71a7d.wav","63188","01ddc71a7d8fad382e707e6f63f493374fdda65e0e8023579c4835f06c6b5d74"
"app/src/main/assets/audio/classic/units/kerrigan/move/UKiwht02__4e01989053.wav","69654","4e0198905388504331464afdaaf55e6515ff78cccd77c3c2d10d9a432842278f"
"app/src/main/assets/audio/classic/units/kerrigan/move/UKiwht03__42c1de7dd4.wav","68804","42c1de7dd4d32f640ce88af993d81b6204fd63408e06a7c7a56970e62ba5f0a8"
"app/src/main/assets/audio/classic/units/kerrigan/move/UKiyes00__c4603d0a7b.wav","56676","c4603d0a7bc6e29af499d9aadc4aee312793741e10902ddda5a14982661d0214"
"app/src/main/assets/audio/classic/units/kerrigan/move/UKiyes01__014b0b6318.wav","84558","014b0b63189e5479a0d32e9766910c397ab9656c06e08683a998fb21e3d5a9e9"
"app/src/main/assets/audio/classic/units/kerrigan/move/UKiyes02__17db1da73c.wav","71232","17db1da73c43ae63fcf4f5a9730b872ce81341d49e211ead8970f3a570f1dff3"
"app/src/main/assets/audio/classic/units/kerrigan/move/UKiyes03__1ca9851f0f.wav","63912","1ca9851f0ffb2528e789151202bc90eca2c879eb6bf63b7777297d0b3a87ac4c"
"app/src/main/assets/audio/classic/units/larva/chatter/ZLaPss00__11e97d1e48.wav","52010","11e97d1e488b84a636dc1d8670475bd7111d805d1021fff824bb2ca71810171a"
"app/src/main/assets/audio/classic/units/larva/death/ZLaDth00__0e5c29067b.wav","43806","0e5c29067beb7a97f6d5de4fb2ace60b9965a54f824456fd577162deeac80098"
"app/src/main/assets/audio/classic/units/larva/move/ZLaWht00__64ce85e5c5.wav","52872","64ce85e5c57f1790b507eb2a5a3a7a2220d30c0d4bcf561349b61937d4411a65"
"app/src/main/assets/audio/classic/units/marine/attack/alias_marine_TMaYes00__252c5e57fb.wav","45228","252c5e57fb3503ec351a83d0b2dcd3cecab48f6d08a503ce2700bcec15ef523f"
"app/src/main/assets/audio/classic/units/marine/attack/alias_marine_TMaYes01__af140ca7c3.wav","52908","af140ca7c353f82301de23cedcb634aa8bc916c444c1b8e0d36d459e7b2dc7c8"
"app/src/main/assets/audio/classic/units/marine/attack/alias_marine_TMaYes03__7e1e2bf6fa.wav","69742","7e1e2bf6fa8e4088d627db84aae6ba16f9db4dee9349ba72535e94991c11405e"
"app/src/main/assets/audio/classic/units/marine/chatter/TMaPss00__63aab0b010.wav","61482","63aab0b010d1671084ea8433408f8286a4628aaecadcdce7ecd564e044cba9ec"
"app/src/main/assets/audio/classic/units/marine/chatter/TMaPss01__a5bd67334a.wav","78252","a5bd67334a727ab04f979bd876ec0e87ebb6c817f43edf8dd12b829b7150962f"
"app/src/main/assets/audio/classic/units/marine/chatter/TMaPss02__0d5a6026e2.wav","106026","0d5a6026e28276c76ab774b47e5a3414f02e61993b6917e3391193b7e8d88260"
"app/src/main/assets/audio/classic/units/marine/chatter/TMaPss03__df92216b52.wav","115244","df92216b525f8f3e7f09ed01a415a5ef1a4ac656a7a6bb9faf0b882b13972807"
"app/src/main/assets/audio/classic/units/marine/chatter/TMaPss04__0feb18ca10.wav","112170","0feb18ca109bae12240766f507b627ace0e2aefa4d3c1cbbd21123bbf937d859"
"app/src/main/assets/audio/classic/units/marine/chatter/TMaPss05__f310b1faa2.wav","75820","f310b1faa20c38746cc68f6bb42e3357aa844d1ce70a93c96d4d53c24b05688a"
"app/src/main/assets/audio/classic/units/marine/chatter/TMaPss06__76bc6e3734.wav","188526","76bc6e373484531fc1084bfdb89b656b19f78e7c0d6059cc185d877007460985"
"app/src/main/assets/audio/classic/units/marine/death/TMaDth00__2f6776cc1a.wav","67372","2f6776cc1a1cfad52a0a62d90825081fab3a0752e3ec15bc7f15ef3b7ea777e2"
"app/src/main/assets/audio/classic/units/marine/death/TMaDth01__5c9d5b23c3.wav","68550","5c9d5b23c3be60d61405d39e1b208fd3993b7cf9b029a13474025d8da99145d2"
"app/src/main/assets/audio/classic/units/marine/move/TMaRdy00__f310b1faa2.wav","75820","f310b1faa20c38746cc68f6bb42e3357aa844d1ce70a93c96d4d53c24b05688a"
"app/src/main/assets/audio/classic/units/marine/move/TMaWht00__5b46baf7f3.wav","31852","5b46baf7f3d4d3e8be8663b2c9f12749018aede58b0aeffae8ac807fce02a4e0"
"app/src/main/assets/audio/classic/units/marine/move/TMaWht01__3b24f14204.wav","46634","3b24f14204978cab1ccbfaee8062c88229fc77374956e33a397e21293eb67f6d"
"app/src/main/assets/audio/classic/units/marine/move/TMaWht02__a303feeca4.wav","68266","a303feeca468bc076fbb9ab1b9dbfb60400a754d83e1a6f39b66d6a2e0a056f0"
"app/src/main/assets/audio/classic/units/marine/move/TMaWht03__a9ef005780.wav","60714","a9ef005780f657caa75a4c47d0ca3231a668f23be93936b832e010a5ec196d9b"
"app/src/main/assets/audio/classic/units/marine/move/TMaYes00__252c5e57fb.wav","45228","252c5e57fb3503ec351a83d0b2dcd3cecab48f6d08a503ce2700bcec15ef523f"
"app/src/main/assets/audio/classic/units/marine/move/TMaYes01__af140ca7c3.wav","52908","af140ca7c353f82301de23cedcb634aa8bc916c444c1b8e0d36d459e7b2dc7c8"
"app/src/main/assets/audio/classic/units/marine/move/TMaYes02__e654728e68.wav","54572","e654728e68a680f2f16ce8ddcb242e4d5e4091ab2b996fe2eb061453a331447f"
"app/src/main/assets/audio/classic/units/marine/move/TMaYes03__7e1e2bf6fa.wav","69742","7e1e2bf6fa8e4088d627db84aae6ba16f9db4dee9349ba72535e94991c11405e"
"app/src/main/assets/audio/classic/units/medivac/chatter/alias_dropship_TDrPss00__444f4d9bef.wav","123946","444f4d9beffe3dc1c61d6ec88baa49daf2854b91213fa2fda2ea4d0c1316f0e6"
"app/src/main/assets/audio/classic/units/medivac/chatter/alias_dropship_TDrPss01__24df3403ef.wav","163886","24df3403ef99058ec1ba8254beaaae7e44a3f78dbe403a7532afb0f8e7bff2c6"
"app/src/main/assets/audio/classic/units/medivac/chatter/alias_dropship_TDrPss02__74cbfbbc01.wav","129070","74cbfbbc0137c8d7125faaff5d4174d8c29643f2388e02d198fffbf827d51e10"
"app/src/main/assets/audio/classic/units/medivac/chatter/alias_dropship_TDrPss03__b99cd7e939.wav","182316","b99cd7e939c7b25f1ff107a36abda01a72b7d53fac91519da68a3cbaa2c445cf"
"app/src/main/assets/audio/classic/units/medivac/move/alias_dropship_TDrRdy00__27060c2201.wav","62650","27060c2201cf2b65fec0bca7d7c2cfeb13347998b1018a8b8251031be95cb3ab"
"app/src/main/assets/audio/classic/units/medivac/move/alias_dropship_TDrWht00__76c75803d9.wav","44418","76c75803d92a8e4dbf36c954fea89daa097395e5324f24887b81298e9cf3c6d4"
"app/src/main/assets/audio/classic/units/medivac/move/alias_dropship_TDrWht01__daa531436d.wav","38956","daa531436d17297e2c028076316484bc5df1e7dedf8653617dba08919e0fb4be"
"app/src/main/assets/audio/classic/units/medivac/move/alias_dropship_TDrWht02__ce11e7eef0.wav","39098","ce11e7eef05db6af3091437d93d1a38a5809d596a35f7967221bad20afc10ea5"
"app/src/main/assets/audio/classic/units/medivac/move/alias_dropship_TDrWht03__1005da471e.wav","60602","1005da471ef53d12d2392dd175f9a8f5ff63a2a30bf6dda0ea50a164996f89cf"
"app/src/main/assets/audio/classic/units/medivac/move/alias_dropship_TDrYes00__676aa9b472.wav","111662","676aa9b47281a023f3ddb5e1ad45658386f9de6e766ec5073ba5044adc55813f"
"app/src/main/assets/audio/classic/units/medivac/move/alias_dropship_TDrYes01__449e301cc3.wav","90158","449e301cc3599cf7c4f1ac097392cef3465bdf71eb20de39dbf2a5a88c0d3b10"
"app/src/main/assets/audio/classic/units/medivac/move/alias_dropship_TDrYes02__9d1d5a3620.wav","68654","9d1d5a3620cbc269b12b005eaa1817f16880a8f5190e01fc99e0e49527ab2ba8"
"app/src/main/assets/audio/classic/units/medivac/move/alias_dropship_TDrYes03__1ef72db927.wav","52270","1ef72db92754548d47b6952d3b09f1e2f470c94de4b18eaa773386fd888020c7"
"app/src/main/assets/audio/classic/units/medivac/move/alias_dropship_TDrYes04__52f49f6473.wav","68654","52f49f64733b8b20a367da6c88260087077c1cd5a4fa594abfddbd7e2d533b58"
"app/src/main/assets/audio/classic/units/medivac/move/alias_dropship_TDrYes05__8ce10906bf.wav","68654","8ce10906bfed9ab007039953759c3e64bf97725d519bcdc118a2a32d63c29039"
"app/src/main/assets/audio/classic/units/mutalisk/chatter/zmuPss00__8380a07f0d.wav","51088","8380a07f0d31e0ca72de92776e88b1d7e66cda5eec5d69b31ba704d5f2df0e04"
"app/src/main/assets/audio/classic/units/mutalisk/chatter/zmuPss01__0195c3c945.wav","52986","0195c3c94504aea44865fac19f47939d63db6885b99825f8ab2a30e7df002f96"
"app/src/main/assets/audio/classic/units/mutalisk/chatter/zmuPss02__088773d08c.wav","40930","088773d08c4c979a03ca8c6a231213462193a7ba0feacef3c0db0bf765ca67e0"
"app/src/main/assets/audio/classic/units/mutalisk/chatter/zmuPss03__6dc0735e73.wav","95536","6dc0735e73f4328957ee6361500cdf833d5349b867ea70298a04c42be53733a1"
"app/src/main/assets/audio/classic/units/mutalisk/death/zmuDth00__e994a92eec.wav","61112","e994a92eecb734beed2604b8f754f87751054d18839732c9ba05cf3bc5344a71"
"app/src/main/assets/audio/classic/units/mutalisk/move/zmuRdy00__9e61a2399a.wav","59308","9e61a2399af8aecf0b1dbd46c140ad4a3e7d98f0d09071a357d6d3fc484c1b48"
"app/src/main/assets/audio/classic/units/mutalisk/move/zmuWht00__f9c4661260.wav","33702","f9c466126062804638ed278ed0de1c82495f49cf584a9e4ff729b42e2ea4f0ea"
"app/src/main/assets/audio/classic/units/mutalisk/move/zmuWht01__d3a065e571.wav","40178","d3a065e57145418bb763600dbb4b70afa075e9ccc2327a726b4f68cba7734cf4"
"app/src/main/assets/audio/classic/units/mutalisk/move/zmuWht02__59327913bb.wav","33178","59327913bb9372489251b00a06fdb55e319edc6e19a36abb2081d38187b700b3"
"app/src/main/assets/audio/classic/units/mutalisk/move/zmuWht03__3d40122b54.wav","36458","3d40122b549227b3973a49c969cd48a8edd24be0964b671a12c0b4f111c2f6ad"
"app/src/main/assets/audio/classic/units/mutalisk/move/zmuYes00__64ecd49574.wav","62292","64ecd49574a20c052fe8ffd47f856d245a9f962528600d1bc63e0b6a8de339e8"
"app/src/main/assets/audio/classic/units/mutalisk/move/zmuYes01__8bf08b96e9.wav","58792","8bf08b96e9c96ab8e89537c43661862d7e6a551935e1d2927c14b04d3accd513"
"app/src/main/assets/audio/classic/units/mutalisk/move/zmuYes02__9434952ae6.wav","40038","9434952ae620f58f929ba5b2a8d8e6a3db030c486c9ef44fef12c19a264b0d86"
"app/src/main/assets/audio/classic/units/mutalisk/move/zmuYes03__15076068a0.wav","38032","15076068a05efff3867e107542991a9b63633559063a8993ac3dab2c33c640a4"
"app/src/main/assets/audio/classic/units/overlord/chatter/zovPss00__639ae63fe9.wav","33094","639ae63fe9e762c071cd25b9d93964187910669f8b3a7d758d73ea4683e13997"
"app/src/main/assets/audio/classic/units/overlord/chatter/zovPss01__fb0f5bb326.wav","68856","fb0f5bb3266a52f62e311c6ef9057d0eaf5546e34354cbc685563e71e0e6b7c4"
"app/src/main/assets/audio/classic/units/overlord/chatter/zovPss02__d3b1326102.wav","59396","d3b132610249386dc7018daa2129082f4b52b2f9dcce46ea8509c9048d9a710d"
"app/src/main/assets/audio/classic/units/overlord/chatter/zovPss03__474817790b.wav","62084","474817790b5eeea8072a34a2593327af1a4db47c251d2a08e5ba7b9727e365cd"
"app/src/main/assets/audio/classic/units/overlord/death/zovDth00__7ef0e88711.wav","66350","7ef0e8871132161c999e83c4bb5561e5e4d2fb9cd675b9456402ae39a040d981"
"app/src/main/assets/audio/classic/units/overlord/move/zovRdy00__99d3ea565e.wav","76844","99d3ea565edce28939fcc370b9e4c5c908f98fad70f22e6e218b6232d0174497"
"app/src/main/assets/audio/classic/units/overlord/move/zovWht00__48a94cc2c4.wav","35888","48a94cc2c4315ec70a158dffa813e2a8d1bb1bbac5899fed7bd422d667781985"
"app/src/main/assets/audio/classic/units/overlord/move/zovWht01__4c77c0c23c.wav","44526","4c77c0c23c18c6cda446eea3a003505206bc2cbc9ed7d1d27e813b61a83ef0f2"
"app/src/main/assets/audio/classic/units/overlord/move/zovWht02__4b57bdfdd4.wav","42120","4b57bdfdd4e63c565763477c77fa5aad21e779aa14526fda4f178dd41e784840"
"app/src/main/assets/audio/classic/units/overlord/move/zovWht03__a3203098f8.wav","43652","a3203098f80812cd8a54d381a428d493ab4804feeb9876d395245c18c09abea3"
"app/src/main/assets/audio/classic/units/overlord/move/zovYes00__87aad16ab0.wav","34940","87aad16ab03ff906249aa6bc034e48280bcee9267f4c2381151aa790226a9c87"
"app/src/main/assets/audio/classic/units/overlord/move/zovYes01__216921bda4.wav","39734","216921bda439eccb61663d90137da7fd3a5547269d6c7e82fa384410e1bd7505"
"app/src/main/assets/audio/classic/units/overlord/move/zovYes02__c98261ca07.wav","40836","c98261ca0731a11ecd42df5a612d09ac3da3439310ed430296b9944aebf29643"
"app/src/main/assets/audio/classic/units/overlord/move/zovYes03__48363aa1d8.wav","43906","48363aa1d85658a60ff5bfb16911b95e70968ae0d9ad05a04c4abadb6240c761"
"app/src/main/assets/audio/classic/units/phoenix/attack/alias_scout_PScYes00__c2132addb2.wav","89646","c2132addb28ed136a552e57fc412d53fe8b223000512b9b0110108b4a9d2e112"
"app/src/main/assets/audio/classic/units/phoenix/attack/alias_scout_PScYes01__359cc72258.wav","89646","359cc72258183ac0a6f957b90e73c5624e5f25c71fd8f83c48c67c4c9e1a20ac"
"app/src/main/assets/audio/classic/units/phoenix/attack/alias_scout_PScYes02__2a51b4b3bd.wav","89646","2a51b4b3bd8365d8904a1f65f4ae8960a1c8a0fb23bf84781a44f2fc2b6ce5a7"
"app/src/main/assets/audio/classic/units/phoenix/attack/alias_scout_PScYes03__1405d54f12.wav","89646","1405d54f125dd04a6e61113039178d8630f716536a6528dd6d6133e310834801"
"app/src/main/assets/audio/classic/units/phoenix/chatter/alias_scout_PScPss00__caaa441843.wav","117038","caaa441843fc0c420e20c40abb5cc7334adef4ed2be671251fb5fac93f1c67f7"
"app/src/main/assets/audio/classic/units/phoenix/chatter/alias_scout_PScPss01__4978e9bf96.wav","148396","4978e9bf96eed4bed38f9178d97cf11fbd2220b13cdb7a295a0e05e80dbecd23"
"app/src/main/assets/audio/classic/units/phoenix/chatter/alias_scout_PScPss02__5127de8e3e.wav","121902","5127de8e3e8c21f53353b3ed74a1b0dca03f50c34e252ef98bd071b83e10730a"
"app/src/main/assets/audio/classic/units/phoenix/chatter/alias_scout_PScPss03__09616a6eae.wav","124742","09616a6eaeceef7cef639cbafffb1a8ffe511098b8fb1f632d988d032b3386ad"
"app/src/main/assets/audio/classic/units/phoenix/chatter/alias_scout_pscPss04__5284298b77.wav","144174","5284298b77e0df22a683307d2a82183fa16a88e310b187446af642f27f13fe02"
"app/src/main/assets/audio/classic/units/phoenix/move/alias_scout_PScRdy00__e1f2f9d022.wav","89646","e1f2f9d0221753b783cb75e5322aacf66f123c4dcd7a8dec0d338fe3c2a920ce"
"app/src/main/assets/audio/classic/units/phoenix/move/alias_scout_PScWht00__d7cd4251bf.wav","73388","d7cd4251bffc4d62ff056346a06a0d5ac6f621b874a7cad210206cfd09bdb0dd"
"app/src/main/assets/audio/classic/units/phoenix/move/alias_scout_PScWht01__7da26b67da.wav","61996","7da26b67da1bcb05addad7f195163d334d07bf87b573f591215b052fff58f3de"
"app/src/main/assets/audio/classic/units/phoenix/move/alias_scout_PScWht02__063380b61f.wav","43564","063380b61f5ff585b7003987cd979964624f53ebfb53a82492ee5c871a398fd8"
"app/src/main/assets/audio/classic/units/phoenix/move/alias_scout_PScWht03__560e7725cb.wav","52894","560e7725cb531bdbc2ae30569dd10903f878afa84525c92df67352b8a9e59f72"
"app/src/main/assets/audio/classic/units/phoenix/move/alias_scout_PScYes00__c2132addb2.wav","89646","c2132addb28ed136a552e57fc412d53fe8b223000512b9b0110108b4a9d2e112"
"app/src/main/assets/audio/classic/units/phoenix/move/alias_scout_PScYes01__359cc72258.wav","89646","359cc72258183ac0a6f957b90e73c5624e5f25c71fd8f83c48c67c4c9e1a20ac"
"app/src/main/assets/audio/classic/units/phoenix/move/alias_scout_PScYes02__2a51b4b3bd.wav","89646","2a51b4b3bd8365d8904a1f65f4ae8960a1c8a0fb23bf84781a44f2fc2b6ce5a7"
"app/src/main/assets/audio/classic/units/phoenix/move/alias_scout_PScYes03__1405d54f12.wav","89646","1405d54f125dd04a6e61113039178d8630f716536a6528dd6d6133e310834801"
"app/src/main/assets/audio/classic/units/probe/chatter/pprPss00__2a801f64d2.wav","73770","2a801f64d2bc48d8106dac3c6b9fdfbaad1e94b8c9b19a8db7f23d064f8cc93d"
"app/src/main/assets/audio/classic/units/probe/chatter/pprPss01__47b09766ff.wav","73770","47b09766ff21de0f38988961942f39c6197bdf97c94e090e90c1bbc1a7abe3d1"
"app/src/main/assets/audio/classic/units/probe/chatter/pprPss02__da0f9f6ad1.wav","73770","da0f9f6ad1a44aa9b415ef01ee56acdce9867ad5402c4cf7639eb5889c50738f"
"app/src/main/assets/audio/classic/units/probe/chatter/pprPss03__284d420a8f.wav","73770","284d420a8f06a9e62616493554ed053579b010e3b32809fef4f6c0993221e09d"
"app/src/main/assets/audio/classic/units/probe/death/pprDth00__64baa962e2.wav","96900","64baa962e2c6c9434f6e79870f493a609dee35f39baf728830c0fb6b69d738f5"
"app/src/main/assets/audio/classic/units/probe/move/pprRdy00__2faf8781fc.wav","89474","2faf8781fc207f54665f9d695e2ba1aaf208f47c05bb541c3a860c00803fc0bd"
"app/src/main/assets/audio/classic/units/probe/move/pprWht00__780d3ff091.wav","50474","780d3ff0918e7825e5c1f9b866573ec0c3619fb1323c5af548e1e3e3ae20f8a7"
"app/src/main/assets/audio/classic/units/probe/move/pprWht01__add6c4e971.wav","45994","add6c4e9710782259f92a84ac12a3a3a23981a8652993e3ea042b1f10116ccfd"
"app/src/main/assets/audio/classic/units/probe/move/pprWht03__8e2adf81ec.wav","49578","8e2adf81ecb98c9dc66748b12505669058f9e46e51a3ef22621e40550db160af"
"app/src/main/assets/audio/classic/units/probe/move/pprYes00__26d28ed0df.wav","74250","26d28ed0df06f3c09f6361eab44fb8f801811ed8cb6272cf9fb527f66f3c9386"
"app/src/main/assets/audio/classic/units/probe/move/pprYes01__9761f83dfa.wav","74250","9761f83dfaf47814dc1e36bc2d16cd1073b669f6decbfe4e5ec9e42170c14b2a"
"app/src/main/assets/audio/classic/units/probe/move/pprYes02__3e9f9ebd3a.wav","74250","3e9f9ebd3aa501c4de20e586dfb96fa2ba08876b61b50dbdab961fb334cfff62"
"app/src/main/assets/audio/classic/units/probe/move/pprYes03__b02c865354.wav","74250","b02c86535407d6a866923d89b601e6bca510847fc8456c974d5fe84c81af0157"
"app/src/main/assets/audio/classic/units/queen/chatter/zquPss00__cb7207c825.wav","57052","cb7207c825733fa06a3abce0d6813206205aba75eceac3904de26704d1f8be8a"
"app/src/main/assets/audio/classic/units/queen/chatter/zquPss01__ad5bf5db42.wav","80898","ad5bf5db425c59f53505033cc643e1aeab00549172c3b2aa5d46eb5d344901f1"
"app/src/main/assets/audio/classic/units/queen/chatter/zquPss02__d02a8ade16.wav","68766","d02a8ade16002aefbed291423de72de52ff44cbb56cda232f4761ec196becffa"
"app/src/main/assets/audio/classic/units/queen/chatter/ZQuPss03__695609d7b2.wav","56740","695609d7b2a7639212d40a9f184c9b1db77086def9045ff01b250070fea7a5ea"
"app/src/main/assets/audio/classic/units/queen/death/ZQuDth00__e91063b957.wav","59254","e91063b957760c13981166172fe1133f6827888a44fabb4390dcea2ef7051e3c"
"app/src/main/assets/audio/classic/units/queen/death/ZQuDth01__f98fb2612d.wav","81872","f98fb2612d4a45e234250a2a54a7ba9e45e9ab2f5438c471b518476f29dd086b"
"app/src/main/assets/audio/classic/units/queen/death/ZQuDth02__962729be67.wav","81872","962729be67fd273687ec7149746c80c8ab7f404369963722b3766f59996e205a"
"app/src/main/assets/audio/classic/units/queen/move/zquRdy00__63839b14c9.wav","74238","63839b14c9aad54f0b4738e9b0e04faf915a63fb7466ccb5f2fb87eed2818636"
"app/src/main/assets/audio/classic/units/queen/move/zquWht00__3e67703d7c.wav","48686","3e67703d7c4163a34a0e1741ec48649e13e197c9bd378d55f70498a9898a3165"
"app/src/main/assets/audio/classic/units/queen/move/zquWht01__42aed0fefc.wav","75766","42aed0fefcbf891a012f6b97bac8bb7d98405d6fde782a00c84019fdb337f472"
"app/src/main/assets/audio/classic/units/queen/move/zquWht02__7c34b6aa24.wav","66272","7c34b6aa248028609417c78637ebda9f9f0f59fdeb905e00704a0bb3706f4cdd"
"app/src/main/assets/audio/classic/units/queen/move/ZQuWht03__22400a9215.wav","56222","22400a921510a62dd368718d41162ec32541eb41583c66a241b1e81460992087"
"app/src/main/assets/audio/classic/units/queen/move/zquYes00__0c8c0061e3.wav","57962","0c8c0061e383bb5a7c617b4d0829a04d9d3def023d6c940eda8c514670d700f5"
"app/src/main/assets/audio/classic/units/queen/move/zquYes01__72e1925694.wav","79470","72e1925694e03256f3145ede76906e11c6a03f51f5904e76d93824c5b6853bc2"
"app/src/main/assets/audio/classic/units/queen/move/zquYes02__284a241354.wav","91254","284a2413549a6964bc057901c78c4018d62bcd1032441e571e7bea5285a0a3a2"
"app/src/main/assets/audio/classic/units/queen/move/ZQuYes03__5f2e1e7e40.wav","62530","5f2e1e7e4000825a78e3f19d13e0396b8d637cd202d90ace7e25185dcfe4b8de"
"app/src/main/assets/audio/classic/units/sarah_kerrigan_human/chatter/UKepss00__3b01e21222.wav","94212","3b01e212220dca5e534e8cb7775a9dc5ceb6d6031cc25bab62074c80ef75f3ad"
"app/src/main/assets/audio/classic/units/sarah_kerrigan_human/chatter/UKepss01__850890c0dc.wav","155268","850890c0dca1ce083c1e4afa94ee3e6a892bb25060e8ad3fe1f919bc7f34a92a"
"app/src/main/assets/audio/classic/units/sarah_kerrigan_human/chatter/UKepss02__3611c9f59e.wav","115076","3611c9f59e0ceb5e2ad9093424eb7d164a65ebb2b196e18d7b0b2bceb38a65f3"
"app/src/main/assets/audio/classic/units/sarah_kerrigan_human/chatter/UKepss03__21cc9412ce.wav","97924","21cc9412ce2eb3dbc95f8dfc55a695b5d8b561ecec6e8dd9942a4be4d1a8b569"
"app/src/main/assets/audio/classic/units/sarah_kerrigan_human/chatter/UKePss04__7afb7ec968.wav","86404","7afb7ec9686cd02cb1a07ff7b947c4d49f12543754525158a51abd6c030257a7"
"app/src/main/assets/audio/classic/units/sarah_kerrigan_human/death/UKeDth00__6b02b6f133.wav","53252","6b02b6f13338892a7eb0a7832a46a4432b162385487eaff25712decb75a42b02"
"app/src/main/assets/audio/classic/units/sarah_kerrigan_human/move/UKewht00__df249e6b84.wav","88836","df249e6b84f3264f752b0df183c852115a1ccdde038f05efb653ce22f1cd6bdb"
"app/src/main/assets/audio/classic/units/sarah_kerrigan_human/move/UKewht01__f54b19b8ea.wav","60420","f54b19b8ea7ad6c42966007960b22c8124599eaed3e124075a33a16206366b76"
"app/src/main/assets/audio/classic/units/sarah_kerrigan_human/move/UKewht02__72a7f211f3.wav","87300","72a7f211f3bc1953ac13e3b5db5c3a7eea2868b28a8b348c7c5374008e1e6402"
"app/src/main/assets/audio/classic/units/sarah_kerrigan_human/move/UKewht03__d4f3960c74.wav","50308","d4f3960c748bd005456850fdd5674be0c744f3eac9d4fe26f56603eac5cb8c54"
"app/src/main/assets/audio/classic/units/sarah_kerrigan_human/move/UKeyes00__d0ceccb35b.wav","53380","d0ceccb35b9df8c93f8254cc5214b9639b89e3c0953b57a075c61e36d4c9628a"
"app/src/main/assets/audio/classic/units/sarah_kerrigan_human/move/UKeyes01__943c4668cd.wav","87300","943c4668cd450e19b67d4ad3454ee444e43e84195ede16bd907eda1abe549f57"
"app/src/main/assets/audio/classic/units/sarah_kerrigan_human/move/UKeyes02__b3b4e4f30c.wav","85252","b3b4e4f30cc3de18ddb329b01491e9eabda68b3b58fac045075ea562ac25abaf"
"app/src/main/assets/audio/classic/units/sarah_kerrigan_human/move/UKeyes03__d3596e32a1.wav","119812","d3596e32a19015dede729b3585e7abf996437c3518fbe5134bcf3e3510ecdb80"
"app/src/main/assets/audio/classic/units/science_vessel/chatter/tvepss00__ccb7fa3a78.wav","74154","ccb7fa3a78096e8c2626792397a96affeca2470b59e416b02a15758c56c73d22"
"app/src/main/assets/audio/classic/units/science_vessel/chatter/tvepss01__18ea9417df.wav","156714","18ea9417dfa44e1e1b04feba640240a0ef8c1718affa1f77c19678e79fecb942"
"app/src/main/assets/audio/classic/units/science_vessel/chatter/tvepss02__e7c73df942.wav","138284","e7c73df9425f4d675828e1e596d1cbabcb1cb37c5f6fd8e387b52143d0bf39ac"
"app/src/main/assets/audio/classic/units/science_vessel/chatter/tvepss03__56ff75a8e3.wav","138284","56ff75a8e384ede40d0aa028dcce860ff44d0b1e40dad1102fc47824e572668c"
"app/src/main/assets/audio/classic/units/science_vessel/chatter/tvepss04__4356f49d2a.wav","119340","4356f49d2a019cbfd8e699f03fed94225792e72f1455f9333498d0a8219dc1ac"
"app/src/main/assets/audio/classic/units/science_vessel/chatter/tvepss05__70d1349f5a.wav","156970","70d1349f5a6d414cca4b779d584cbca00a9f543de4ad5844d2ab48b7e3d32152"
"app/src/main/assets/audio/classic/units/science_vessel/chatter/tvepss06__90f1982071.wav","181292","90f19820711547c9876d0d7348966aa5f3ff5b015900e14fdea1792675ae2d9c"
"app/src/main/assets/audio/classic/units/science_vessel/death/TVeDth00__46fd45e632.wav","61612","46fd45e632b3b84731bb00269c9f1790bc2c5911b7f7fbb6d465f67aed2f62fc"
"app/src/main/assets/audio/classic/units/science_vessel/move/TVeRdy00__f22d588a2d.wav","90668","f22d588a2dcc2d05179fcc52a690008c13201f810d63891124d1a278c1dabc59"
"app/src/main/assets/audio/classic/units/science_vessel/move/tvewht00__227131e371.wav","77228","227131e37165e97ad548b075e6e0ae8edcc5feaa5e0f7741c247364aaa71aa26"
"app/src/main/assets/audio/classic/units/science_vessel/move/tvewht01__54df585b39.wav","80554","54df585b397be7e328c0dda2a947a934d5c878b12df60ff51169ccff9301db30"
"app/src/main/assets/audio/classic/units/science_vessel/move/tvewht02__315f08c450.wav","94250","315f08c450ea3d7635ca22542250ca931d57532302d060f41634a288d8e2da53"
"app/src/main/assets/audio/classic/units/science_vessel/move/tvewht03__e2553a42ae.wav","77482","e2553a42aed3079be6828bfa951d408aa5ded8bb5fd5903f8dba9e089db77db9"
"app/src/main/assets/audio/classic/units/science_vessel/move/tveyes00__56ff309098.wav","71434","56ff309098f5ccddeac638c09dcf927471544c4174fd0d1a93fc8034b5bb18cd"
"app/src/main/assets/audio/classic/units/science_vessel/move/tveyes01__0e09348cbe.wav","73984","0e09348cbe7b42c4282c7d2fb29388b4653d4bae8f7c4217e2cf348348481d79"
"app/src/main/assets/audio/classic/units/science_vessel/move/tveyes02__5a47862b8e.wav","71434","5a47862b8e1d13202ef0972d0941afcb8faa80964a8173b2307df2bebffe060e"
"app/src/main/assets/audio/classic/units/science_vessel/move/tveyes03__97b27704a6.wav","73454","97b27704a652d27178ec2c0210075877cc7737bd5c4f195a906fde8d0041ce5a"
"app/src/main/assets/audio/classic/units/scourge/chatter/ZAvPss00__99d29dc46b.wav","40578","99d29dc46b69be8d4ebbfefb69b90159e971fe4d9ee26db50b47140a6ca10443"
"app/src/main/assets/audio/classic/units/scourge/chatter/ZAvPss01__b4420bcf14.wav","32428","b4420bcf14f1d75f502f836d13a6bb3e36149e8f94ea3cc72470a1400ef44414"
"app/src/main/assets/audio/classic/units/scourge/death/ZAvDth00__9d50d5b952.wav","53680","9d50d5b952ae988eec1b6e8f51a1d003b92e7f412676f22856cecaecb51eba65"
"app/src/main/assets/audio/classic/units/scourge/move/ZAvRdy00__c3ed500f66.wav","61730","c3ed500f66660077ee387bc4b85ef1d65b3e1fa0e7bdc6fcd5fb0f14e678c5e4"
"app/src/main/assets/audio/classic/units/scourge/move/ZAvWht00__7d016ca222.wav","50818","7d016ca222d37f5c36422936ce300055e1e644c922c8cbe6521a517067b9bb2a"
"app/src/main/assets/audio/classic/units/scourge/move/ZAvWht01__17a4138dca.wav","30852","17a4138dcac2f08267a36233a3eac6e3d2d152eee514307f730382ef3952ac3e"
"app/src/main/assets/audio/classic/units/scourge/move/ZAvYes00__c987f7527a.wav","57132","c987f7527a2cdae28dc8f4fc41762b39eac830facf46f22c7001ff2b2a4c16dd"
"app/src/main/assets/audio/classic/units/scourge/move/ZAvYes01__be62cef68c.wav","60646","be62cef68c5d800a5e2adc5473e9f9e234b1ba85282e045507e2f2acf02901ca"
"app/src/main/assets/audio/classic/units/scout/chatter/PScPss00__caaa441843.wav","117038","caaa441843fc0c420e20c40abb5cc7334adef4ed2be671251fb5fac93f1c67f7"
"app/src/main/assets/audio/classic/units/scout/chatter/PScPss01__4978e9bf96.wav","148396","4978e9bf96eed4bed38f9178d97cf11fbd2220b13cdb7a295a0e05e80dbecd23"
"app/src/main/assets/audio/classic/units/scout/chatter/PScPss02__5127de8e3e.wav","121902","5127de8e3e8c21f53353b3ed74a1b0dca03f50c34e252ef98bd071b83e10730a"
"app/src/main/assets/audio/classic/units/scout/chatter/PScPss03__09616a6eae.wav","124742","09616a6eaeceef7cef639cbafffb1a8ffe511098b8fb1f632d988d032b3386ad"
"app/src/main/assets/audio/classic/units/scout/chatter/pscPss04__5284298b77.wav","144174","5284298b77e0df22a683307d2a82183fa16a88e310b187446af642f27f13fe02"
"app/src/main/assets/audio/classic/units/scout/death/PScDth00__53544a6b85.wav","88954","53544a6b851c7708574d410f8290e5315eb2c6d55ab1487a09914475d6144e49"
"app/src/main/assets/audio/classic/units/scout/move/PScRdy00__e1f2f9d022.wav","89646","e1f2f9d0221753b783cb75e5322aacf66f123c4dcd7a8dec0d338fe3c2a920ce"
"app/src/main/assets/audio/classic/units/scout/move/PScWht00__d7cd4251bf.wav","73388","d7cd4251bffc4d62ff056346a06a0d5ac6f621b874a7cad210206cfd09bdb0dd"
"app/src/main/assets/audio/classic/units/scout/move/PScWht01__7da26b67da.wav","61996","7da26b67da1bcb05addad7f195163d334d07bf87b573f591215b052fff58f3de"
"app/src/main/assets/audio/classic/units/scout/move/PScWht02__063380b61f.wav","43564","063380b61f5ff585b7003987cd979964624f53ebfb53a82492ee5c871a398fd8"
"app/src/main/assets/audio/classic/units/scout/move/PScWht03__560e7725cb.wav","52894","560e7725cb531bdbc2ae30569dd10903f878afa84525c92df67352b8a9e59f72"
"app/src/main/assets/audio/classic/units/scout/move/PScYes00__c2132addb2.wav","89646","c2132addb28ed136a552e57fc412d53fe8b223000512b9b0110108b4a9d2e112"
"app/src/main/assets/audio/classic/units/scout/move/PScYes01__359cc72258.wav","89646","359cc72258183ac0a6f957b90e73c5624e5f25c71fd8f83c48c67c4c9e1a20ac"
"app/src/main/assets/audio/classic/units/scout/move/PScYes02__2a51b4b3bd.wav","89646","2a51b4b3bd8365d8904a1f65f4ae8960a1c8a0fb23bf84781a44f2fc2b6ce5a7"
"app/src/main/assets/audio/classic/units/scout/move/PScYes03__1405d54f12.wav","89646","1405d54f125dd04a6e61113039178d8630f716536a6528dd6d6133e310834801"
"app/src/main/assets/audio/classic/units/scv/attack/alias_scv_TSCYes00__5e0c8c9f23.wav","38956","5e0c8c9f230d47391e4b4d7cb6f60b7248cfd4d0a0f287f034bf37b1624b8756"
"app/src/main/assets/audio/classic/units/scv/attack/alias_scv_TSCYes01__81103ef8d4.wav","44266","81103ef8d4e5585c10a4ec7c74ddb220eb87cf592258567645f3937d5d7c3c05"
"app/src/main/assets/audio/classic/units/scv/attack/alias_scv_TSCYes03__c238923179.wav","66604","c2389231791e8d51d6d90ba82864f6d2a0729447d67b41878b7d8426ad4728ed"
"app/src/main/assets/audio/classic/units/scv/chatter/TSCPss00__74ddd209db.wav","53420","74ddd209db7955a417aea231c275bd9737b342c7ca42307d535da95d780b4b3e"
"app/src/main/assets/audio/classic/units/scv/chatter/TSCPss01__e98083c19d.wav","73260","e98083c19dfcf652209e43885b167f94027071a5caa0d2c530fd4ac5948210f9"
"app/src/main/assets/audio/classic/units/scv/chatter/TSCPss02__5b504b0683.wav","85036","5b504b06830b2374fd92ebca4333cf9c342f9572fcef4167ec0b7100e95dca5e"
"app/src/main/assets/audio/classic/units/scv/chatter/TSCPss03__218946aea9.wav","97580","218946aea9960a596ef418706def617438183040d93eb0ec6b50e53c1e8828b0"
"app/src/main/assets/audio/classic/units/scv/chatter/TSCPss04__27afef5c70.wav","105004","27afef5c7092ac4497a0ca243ecba7b52d8a4e3e3b20cd11db3953cf146002c0"
"app/src/main/assets/audio/classic/units/scv/chatter/TSCPss05__b220a9cfc8.wav","147500","b220a9cfc8060470fa606cee57aea29ab1a34e977df1438738f4fcab3cd1cbfa"
"app/src/main/assets/audio/classic/units/scv/chatter/TSCPss06__5082f53cdb.wav","171052","5082f53cdb0d18d70e9f0a098502ee3f7f8d5a39894ba9a064f30d0dbd6b3ab2"
"app/src/main/assets/audio/classic/units/scv/death/TSCDth00__143cadbc74.wav","99716","143cadbc74bbd413734b5379fd73b1e712f7e97fb56edb546e999cbae43af96d"
"app/src/main/assets/audio/classic/units/scv/move/TSCRdy00__6a6f2d560a.wav","76844","6a6f2d560a2153b6994c7f696d7f39027b2c58f0a05918a4273f30ad430fa720"
"app/src/main/assets/audio/classic/units/scv/move/TSCWht00__5f14acbbcd.wav","35434","5f14acbbcdf34483f21e2a371ae7e765c5db3a67c1b6b50b9f9cef26f56a1914"
"app/src/main/assets/audio/classic/units/scv/move/TSCWht01__78de77b56c.wav","49836","78de77b56c5f6fa95d2bec91af948e5c254954a9b5f5b622354762174fd5617a"
"app/src/main/assets/audio/classic/units/scv/move/TSCWht02__885673b57c.wav","49196","885673b57ce20fb1340c49d1c8d273eb496c27f36664af79710c9c914354bfa4"
"app/src/main/assets/audio/classic/units/scv/move/TSCWht03__778b04392e.wav","53292","778b04392eaeb83d31b2cea8fbbd1488e6dd2b575c82fd246be3ad5482b90865"
"app/src/main/assets/audio/classic/units/scv/move/TSCYes00__5e0c8c9f23.wav","38956","5e0c8c9f230d47391e4b4d7cb6f60b7248cfd4d0a0f287f034bf37b1624b8756"
"app/src/main/assets/audio/classic/units/scv/move/TSCYes01__81103ef8d4.wav","44266","81103ef8d4e5585c10a4ec7c74ddb220eb87cf592258567645f3937d5d7c3c05"
"app/src/main/assets/audio/classic/units/scv/move/TSCYes02__fa797f6d70.wav","48172","fa797f6d70570150b8ac6f4c71c42cb3869e37142e2e229af015f96b7896047e"
"app/src/main/assets/audio/classic/units/scv/move/TSCYes03__c238923179.wav","66604","c2389231791e8d51d6d90ba82864f6d2a0729447d67b41878b7d8426ad4728ed"
"app/src/main/assets/audio/classic/units/shuttle/chatter/PShPss00__3f3664f96b.wav","113784","3f3664f96bd1388112e87773c2edf74272bb9382cc428ab4b896ae1b0543c45f"
"app/src/main/assets/audio/classic/units/shuttle/chatter/PShPss01__80274b9809.wav","69752","80274b9809ccf939de37ce141115cfc015165c67e8d61a2e511dcc571e3e3a8e"
"app/src/main/assets/audio/classic/units/shuttle/chatter/PShPss02__5641e16fb8.wav","81272","5641e16fb819af2eb8f7adf6275295dc0853450e6266c6c469a30521fb8f7de6"
"app/src/main/assets/audio/classic/units/shuttle/chatter/PShPss03__1a9def00d6.wav","113784","1a9def00d60e2f66907bc183350bd2e26f442b3afd025dee797f75d93375afc1"
"app/src/main/assets/audio/classic/units/shuttle/chatter/PShPss04__0cb17c5e0f.wav","113784","0cb17c5e0f21861703da38541147603e6e6bb15645589f09474defe3bf17dbfe"
"app/src/main/assets/audio/classic/units/shuttle/death/pshDth00__ead697be89.wav","84346","ead697be897781205e8286c89d4dd808ca5f511969339936e9e41bf091b38d55"
"app/src/main/assets/audio/classic/units/shuttle/move/pshRdy00__e4a3479665.wav","113784","e4a3479665c5953ee4e2492848ec20bbd5db5bfec405f67d351c6e1aa682e9eb"
"app/src/main/assets/audio/classic/units/shuttle/move/PShWht00__3c46f789cb.wav","72502","3c46f789cb83a9e36eb4374d2a3d95e41fdca1fa7605bdbd0fa96a10e3de106a"
"app/src/main/assets/audio/classic/units/shuttle/move/PShWht01__4572e82720.wav","65718","4572e82720055deaac191415e6fbbe98ae4e0d0e52920f99768a672ed3a75a0f"
"app/src/main/assets/audio/classic/units/shuttle/move/PShYes00__6bc6aff94d.wav","63994","6bc6aff94d37af8b5cae51bfc0f8e0d0414c7db7d3272c525d3947b293023a10"
"app/src/main/assets/audio/classic/units/shuttle/move/PShYes02__61d7f9847e.wav","73782","61d7f9847eae37a52311f0d39134061ba3a4cc2dbe5034155c740fa3ebcb3561"
"app/src/main/assets/audio/classic/units/siege_tank/attack/alias_siege_tank_ttayes00__3025082403.wav","60808","30250824030136d49aa17f35fb0afa517266a2bd9e9997d0626ff38c69c30c0f"
"app/src/main/assets/audio/classic/units/siege_tank/attack/alias_siege_tank_ttayes03__fd6685284f.wav","99378","fd6685284f424432206e1775a498d171ce137bf8ccf5689205b40d3b62ff7adf"
"app/src/main/assets/audio/classic/units/siege_tank/chatter/ttapss00__64c7a49d02.wav","139206","64c7a49d0291f391332fda2190fcc901729337d6c37966833475d3eea32051b1"
"app/src/main/assets/audio/classic/units/siege_tank/chatter/ttapss01__7f47c35083.wav","73310","7f47c35083a18522f03ff0c0d80d7ebbd325091e1fc161bba11289577015cd8d"
"app/src/main/assets/audio/classic/units/siege_tank/chatter/ttapss02__d6acecbbb4.wav","117276","d6acecbbb454dd39b15d38fce2c1addd44c1a09e304b4dac5791d9b3676bcffc"
"app/src/main/assets/audio/classic/units/siege_tank/chatter/ttapss03__f45771f22d.wav","89258","f45771f22d209a1c045f8d0be00b80d65816557624a1389452a0bf47c9972e84"
"app/src/main/assets/audio/classic/units/siege_tank/death/TTaDth00__da9707ce9d.wav","97026","da9707ce9d001389f57bb28b04c66f5d58b3712705d572cf17cf539d353dc301"
"app/src/main/assets/audio/classic/units/siege_tank/move/ttardy00__7f06045198.wav","54358","7f06045198b5cbf9aa8459df94766850bfb29d65e0c7e5631bfa20bc9389308c"
"app/src/main/assets/audio/classic/units/siege_tank/move/ttawht00__eb0aaa107b.wav","35564","eb0aaa107b0ac0b1d5dd8ecb4ed72888775d4e6e3202e0a13ca6fa93b0947140"
"app/src/main/assets/audio/classic/units/siege_tank/move/ttawht01__c41493f630.wav","42918","c41493f6306e5bb11ecff299e0e6ddefb90ddc74383d5d8bbccf83d7527d8c09"
"app/src/main/assets/audio/classic/units/siege_tank/move/ttawht02__44d8b8deeb.wav","59602","44d8b8deeb9784f8a88afbfbee09da5c314e70e72249e13f1c25cee8c020b124"
"app/src/main/assets/audio/classic/units/siege_tank/move/ttawht03__cc4b6564bd.wav","40736","cc4b6564bdfd72c50bb7615e13011adbf3b336fbb577fc0845cfffe5cd9bc3b2"
"app/src/main/assets/audio/classic/units/siege_tank/move/ttayes00__3025082403.wav","60808","30250824030136d49aa17f35fb0afa517266a2bd9e9997d0626ff38c69c30c0f"
"app/src/main/assets/audio/classic/units/siege_tank/move/ttayes01__4c03bba9ec.wav","84114","4c03bba9ecf26579246bc982fbc5df234d5cab3b056d93e70d2560109ff28f11"
"app/src/main/assets/audio/classic/units/siege_tank/move/ttayes02__b84113b75d.wav","108034","b84113b75d94393edaa592e7f0c4030db22d4ddf7d981d11a10393d28b5602c6"
"app/src/main/assets/audio/classic/units/siege_tank/move/ttayes03__fd6685284f.wav","99378","fd6685284f424432206e1775a498d171ce137bf8ccf5689205b40d3b62ff7adf"
"app/src/main/assets/audio/classic/units/stalker/attack/alias_fenix_dragoon_UFDYes00__0d0474ce36.wav","41614","0d0474ce363e77bc98728c15bd2b1e6527d5731a5a464f1d3609389858ce886c"
"app/src/main/assets/audio/classic/units/stalker/attack/alias_fenix_dragoon_UFDYes01__295a3fcc74.wav","53858","295a3fcc745ccf62184b7c2a459043ccb578eea29c773bf187886d4cd1027be9"
"app/src/main/assets/audio/classic/units/stalker/attack/alias_fenix_dragoon_UFDYes03__c11ca8319b.wav","51336","c11ca8319b6660d433eb592f2512a3a3bb2db73442a63c514c65096d151958f7"
"app/src/main/assets/audio/classic/units/stalker/chatter/alias_fenix_dragoon_UFDPss00__ee78704161.wav","73168","ee787041615a32212d57466efd601f438f2f2153a279bbc951429876df47f6f6"
"app/src/main/assets/audio/classic/units/stalker/chatter/alias_fenix_dragoon_UFDPss01__43b8200ad0.wav","86104","43b8200ad0bb649a0a4bf71c852adb05c83c4eb9f9c4ae735ef9c889eede1e73"
"app/src/main/assets/audio/classic/units/stalker/chatter/alias_fenix_dragoon_UFDPss02__d027136f15.wav","72746","d027136f15abab4c1c1723f18b0e9d829f345b63a6e45ac0ca3548ca2e06818c"
"app/src/main/assets/audio/classic/units/stalker/chatter/alias_fenix_dragoon_UFDPss03__12253ad5cb.wav","85924","12253ad5cb270765445931e75bee1b36daeda3002e184560834fd184fad88262"
"app/src/main/assets/audio/classic/units/stalker/move/alias_fenix_dragoon_UFDWht00__2aa1ec452e.wav","37186","2aa1ec452eed1b6283b9da0602cdd8fc3a2330733d374bda07410d42866dc8fa"
"app/src/main/assets/audio/classic/units/stalker/move/alias_fenix_dragoon_UFDWht01__d3f5e42da4.wav","39058","d3f5e42da4e07828772877859ff684b27cedbc057572d5e7ffffd7ea261764f5"
"app/src/main/assets/audio/classic/units/stalker/move/alias_fenix_dragoon_UFDWht02__c31eacfd88.wav","55748","c31eacfd88dd81ea2f71a3727e2508baf31fcd02e6250321388552cf3dfd14a0"
"app/src/main/assets/audio/classic/units/stalker/move/alias_fenix_dragoon_UFDWht03__de7092d932.wav","71054","de7092d9329dc47a95013f721fcc7314be634b542000b19f5734b73d41ed9d7a"
"app/src/main/assets/audio/classic/units/stalker/move/alias_fenix_dragoon_UFDYes00__0d0474ce36.wav","41614","0d0474ce363e77bc98728c15bd2b1e6527d5731a5a464f1d3609389858ce886c"
"app/src/main/assets/audio/classic/units/stalker/move/alias_fenix_dragoon_UFDYes01__295a3fcc74.wav","53858","295a3fcc745ccf62184b7c2a459043ccb578eea29c773bf187886d4cd1027be9"
"app/src/main/assets/audio/classic/units/stalker/move/alias_fenix_dragoon_UFDYes02__ff60da3cd3.wav","42556","ff60da3cd309872973bdff773514ee8ae690af1489bba445dff767d905a118f0"
"app/src/main/assets/audio/classic/units/stalker/move/alias_fenix_dragoon_UFDYes03__c11ca8319b.wav","51336","c11ca8319b6660d433eb592f2512a3a3bb2db73442a63c514c65096d151958f7"
"app/src/main/assets/audio/classic/units/tassadar/chatter/UTaPss00__f118dccd81.wav","66006","f118dccd813463772720ca24d19338e25b2ae6deccf94e714dbd45e5dae851da"
"app/src/main/assets/audio/classic/units/tassadar/chatter/UTaPss01__245a0910ec.wav","79812","245a0910ecefd601298cbaa26be278e5359b2c3fee19dde0cef49c25d53e4247"
"app/src/main/assets/audio/classic/units/tassadar/chatter/UTaPss02__182b666337.wav","104780","182b66633728009882821d0cc95e020591ec2960438a5fadfc01b8a43928663c"
"app/src/main/assets/audio/classic/units/tassadar/chatter/UTaPss03__745c73fb93.wav","83928","745c73fb9384860b3ba3af0d1699004d7f6d367a64e8949047f550f9001a25d6"
"app/src/main/assets/audio/classic/units/tassadar/death/UTaDth00__7a5545dba5.wav","123512","7a5545dba5dd96af6334b119886d6fa327ecf343340a66618ad148ca3cfef977"
"app/src/main/assets/audio/classic/units/tassadar/move/UTaWht00__1cee923393.wav","59736","1cee923393cde9b4288b2727f67ff2c854c9ca841dc30b7f88b24b0977d046f6"
"app/src/main/assets/audio/classic/units/tassadar/move/UTaWht01__e88bd387df.wav","49266","e88bd387dfc7753305be90247a9425dc80afb1c6ab27f948f4c16ce273bd651f"
"app/src/main/assets/audio/classic/units/tassadar/move/UTaWht02__2210a75bf7.wav","57966","2210a75bf714ec0b3cfed9f74f4779f3a9aa2d72b9ed34563b7ba5a5910b9e18"
"app/src/main/assets/audio/classic/units/tassadar/move/UTaWht03__9154cb6e7d.wav","53900","9154cb6e7da847a661d728a3baefd3d46061e24ac2c5068460b1919ea5ec6e8f"
"app/src/main/assets/audio/classic/units/tassadar/move/UTaYes00__29cd602adb.wav","49598","29cd602adb87298644696f25765ee4b4810c91d0b4b9d46d025b5afd3ddf3143"
"app/src/main/assets/audio/classic/units/tassadar/move/UTaYes01__ebf662d7cf.wav","55422","ebf662d7cf75bf988c419fb5cfda4e09e4e0dbe15d8643a7248c09a2f606ee89"
"app/src/main/assets/audio/classic/units/tassadar/move/UTaYes02__8479849fa7.wav","57916","8479849fa7896b71a8a23b21002d35f875009472046e0199484632d4938331e3"
"app/src/main/assets/audio/classic/units/tassadar/move/UTaYes03__dd94b6dd08.wav","49592","dd94b6dd083ee1779e45692f64b9ed6d0af6bff9400b2bbc61b4457bbf304821"
"app/src/main/assets/audio/classic/units/terran_phoenix/chatter/TPhPss00__41ae8032bf.wav","84198","41ae8032bf0eb853f1a9de52110dd88b67f1937950fd5fe255aeaba0d3e837e1"
"app/src/main/assets/audio/classic/units/terran_phoenix/chatter/TPhPss01__922a4444d6.wav","97510","922a4444d6f3d9320d66541d82f211f42a3d372118a80d84afd0184b87b87730"
"app/src/main/assets/audio/classic/units/terran_phoenix/chatter/TPhPss02__3d0d055a82.wav","79918","3d0d055a82727e8ade73f6a2167537f9fa0058e6c5fe1863a88ae8be4ecfa9dc"
"app/src/main/assets/audio/classic/units/terran_phoenix/chatter/TPhPss03__2d51767e95.wav","97510","2d51767e9527677d2c73034a2b901686d04ac7d4881ca6b69a00065b867e44c3"
"app/src/main/assets/audio/classic/units/terran_phoenix/chatter/TPhPss04__cdaf19ba66.wav","36070","cdaf19ba66a9670c3e624749fc3c29a538c72354da3d748658e45613a50f4c15"
"app/src/main/assets/audio/classic/units/terran_phoenix/chatter/TPhPss05__825ab2f6c7.wav","95278","825ab2f6c7b9bf5afe414a36a75d8484f2cff481b77d9eb21f9a08c21d5c2eda"
"app/src/main/assets/audio/classic/units/terran_phoenix/chatter/TPhPss06__4fe01496f6.wav","108590","4fe01496f630d26d70255ca1a7e5c5798b0a9cc87bde7299e79b45bd12291f29"
"app/src/main/assets/audio/classic/units/terran_phoenix/death/TPhDth00__0377bf786b.wav","123792","0377bf786bfe82ba9333ff7e16df11189fa97ca7607ffc393062874ef0d38fe3"
"app/src/main/assets/audio/classic/units/terran_phoenix/move/TPhRdy00__cc2c9704b9.wav","90410","cc2c9704b98fd142ccb8f140d7ecc55259a3333b28025fdf3ddee4c8556ab209"
"app/src/main/assets/audio/classic/units/terran_phoenix/move/TPhWht00__652889173a.wav","61298","652889173a4de42ca88c13c380ce64b00891ea7941f9c9574c4cc0a276c8a581"
"app/src/main/assets/audio/classic/units/terran_phoenix/move/TPhWht01__30a9202ed4.wav","62510","30a9202ed4ca1a672fcaf905f1729edaeac89183dbba9c2d75103cde565cb8fa"
"app/src/main/assets/audio/classic/units/terran_phoenix/move/TPhWht02__a5f36e3700.wav","45108","a5f36e370084bea2b3777200802361eee69fcdb0611535cf1eb447615b295923"
"app/src/main/assets/audio/classic/units/terran_phoenix/move/TPhWht03__55485fa393.wav","50222","55485fa393cef70dd477cd9caca4dafc6d88758885e6720cb2d14d435b6dc7ab"
"app/src/main/assets/audio/classic/units/terran_phoenix/move/TPhYes00__1335d13cfb.wav","58414","1335d13cfbbdd424c7b31566411ed41103295864086776651c1ac0ae59b9f282"
"app/src/main/assets/audio/classic/units/terran_phoenix/move/TPhYes01__4f86b035f2.wav","47150","4f86b035f294760f466752736121d02f4ca62d0efde8c5fa569d08850b27d072"
"app/src/main/assets/audio/classic/units/terran_phoenix/move/TPhYes02__6aa36e5cc6.wav","45102","6aa36e5cc65b482f5daf37951485850f61321864753788fd80e914ee2ced55cf"
"app/src/main/assets/audio/classic/units/terran_phoenix/move/TPhYes03__6c9b796b77.wav","80430","6c9b796b770bdefe049b707d3edb8da71a8c828f2b87fe0f003a0a3a387e2b05"
"app/src/main/assets/audio/classic/units/thor/attack/alias_goliath_TGoYes00__804d9b9a5a.wav","107818","804d9b9a5ad2f56322d1731f9ab092da7509e3338f7cb2cd90897ed422740c73"
"app/src/main/assets/audio/classic/units/thor/attack/alias_goliath_TGoYes01__5b274f891f.wav","102954","5b274f891f2bed50cbec4df7babcd29075e83a65485bc849cfeba268717d0ae3"
"app/src/main/assets/audio/classic/units/thor/attack/alias_goliath_TGoYes03__653bd7ccca.wav","103978","653bd7ccca26bfc54e6b09a0478ed7098fb686e3152b3044654f3e7a80c31fa7"
"app/src/main/assets/audio/classic/units/thor/chatter/alias_goliath_TGoPss00__80db3c9917.wav","104234","80db3c9917d9921bd2b94b123d0de2462f10402b9b56ab5c42eeeec5dbcea02c"
"app/src/main/assets/audio/classic/units/thor/chatter/alias_goliath_TGoPss01__ea8216d194.wav","113708","ea8216d19411b1027644c2766c8cbae545fc440ba5849028a8ae83ff0c5197c5"
"app/src/main/assets/audio/classic/units/thor/chatter/alias_goliath_TGoPss02__a5dc2ef296.wav","89130","a5dc2ef296c4e88aafe6d94be26d476331afc08ad44fea9ba19137b25eb16cc0"
"app/src/main/assets/audio/classic/units/thor/chatter/alias_goliath_TGoPss03__476e1272b6.wav","97324","476e1272b60c24b229882bb1b64b485f360867d583c43f8cd19a361a70972fd9"
"app/src/main/assets/audio/classic/units/thor/chatter/alias_goliath_TGoPss04__2fedd1a6b9.wav","101932","2fedd1a6b9f2daa02d0d72c89ad4107202b00c87927e8c948bf1b78a2be490ce"
"app/src/main/assets/audio/classic/units/thor/chatter/alias_goliath_TGoPss05__303558e139.wav","140332","303558e139e18155f262c6b8eea4b138887062a3944865a929bd03361f114ba3"
"app/src/main/assets/audio/classic/units/thor/death/alias_goliath_TGoDth00__7b21a9c75f.wav","113028","7b21a9c75fd86827f2f22b7eaa7e6dd6ccd2ad1abeda5941aaca58281a8b9bac"
"app/src/main/assets/audio/classic/units/thor/move/alias_goliath_TGoRdy00__f4f8008c24.wav","67628","f4f8008c24ca30d5d0c290ee47227cb5f7ee702f69e334ee093db9e6b1a2b8eb"
"app/src/main/assets/audio/classic/units/thor/move/alias_goliath_TGoWht00__e86a525394.wav","69930","e86a5253940dff040857e02b63f8d5010f872984277ebcaba1ae84fb909cc23f"
"app/src/main/assets/audio/classic/units/thor/move/alias_goliath_TGoWht01__79abc573bf.wav","76844","79abc573bfa0dd358d4d85eb14612920e1508ea2a6fbcb947b8676457a03792c"
"app/src/main/assets/audio/classic/units/thor/move/alias_goliath_TGoWht02__b8450d69ef.wav","68332","b8450d69ef96d588d97a92c2324b768b16ed4a319974bd9f28ddfec35361e200"
"app/src/main/assets/audio/classic/units/thor/move/alias_goliath_TGoWht03__7fb95ecf4b.wav","96810","7fb95ecf4bb7eb4d596ad5f88a0bd5dcc22021aa0cadeb155ef5765ac9f9fa47"
"app/src/main/assets/audio/classic/units/thor/move/alias_goliath_TGoYes00__804d9b9a5a.wav","107818","804d9b9a5ad2f56322d1731f9ab092da7509e3338f7cb2cd90897ed422740c73"
"app/src/main/assets/audio/classic/units/thor/move/alias_goliath_TGoYes01__5b274f891f.wav","102954","5b274f891f2bed50cbec4df7babcd29075e83a65485bc849cfeba268717d0ae3"
"app/src/main/assets/audio/classic/units/thor/move/alias_goliath_TGoYes02__08ea5cd4e1.wav","98346","08ea5cd4e168591596dde9466c3efe7ace9539ed8f2bfe786dc8c687c96bb367"
"app/src/main/assets/audio/classic/units/thor/move/alias_goliath_TGoYes03__653bd7ccca.wav","103978","653bd7ccca26bfc54e6b09a0478ed7098fb686e3152b3044654f3e7a80c31fa7"
"app/src/main/assets/audio/classic/units/trilobyte/chatter/PtrPss00__c98eba4fcc.wav","72836","c98eba4fcc3789a5b04b9c1113d0888f36c2f0e50df8ac0532d541d3af10dfae"
"app/src/main/assets/audio/classic/units/trilobyte/chatter/PtrPss01__72e20c2236.wav","81030","72e20c22365b48be3cc5a15bb12d661fbb7c62fbe93f6dd0486c0aa31e0979b4"
"app/src/main/assets/audio/classic/units/trilobyte/chatter/PtrPss02__c30c27770b.wav","95108","c30c27770b10a49b16e0f21347a0742f9018bb44edd0e4dcfa0a6585ff3f6e55"
"app/src/main/assets/audio/classic/units/trilobyte/death/ptrDth00__d741e066fc.wav","135468","d741e066fc2627ce90a90f663de10c8124511c0b34e2e842f01e84096caaa4bc"
"app/src/main/assets/audio/classic/units/trilobyte/move/PTrRdy00__67e548d5f7.wav","98436","67e548d5f79ace3e6112e5f8cd1a97b5733b2660bc95fcadd8dc73e7cb2f02df"
"app/src/main/assets/audio/classic/units/trilobyte/move/PTrWht00__9823db70fb.wav","60164","9823db70fb977e6b69b864c1fb3e7d2d9720a69ab7b5741ca599407e1dfbdd7a"
"app/src/main/assets/audio/classic/units/trilobyte/move/PTrWht01__be539b7909.wav","60164","be539b7909e1943a68ca3d16b148304592c481e6878f924651a82e60ac099043"
"app/src/main/assets/audio/classic/units/trilobyte/move/PTrWht02__3b46512b24.wav","51668","3b46512b2477dd9d72c911e019bed197582188b4640328b1d9a8c1039f2b7377"
"app/src/main/assets/audio/classic/units/trilobyte/move/PTrWht03__d99b15ae0d.wav","43524","d99b15ae0dfabb08ec618019b24ca1a71700d29c4bbfa264c1235fe60bc4e3de"
"app/src/main/assets/audio/classic/units/trilobyte/move/PTrYes00__31e378b94f.wav","98692","31e378b94f09571a2446ff3397d1418be0b1c4b28628961db392c29d1bedaf11"
"app/src/main/assets/audio/classic/units/trilobyte/move/PTrYes01__9a72b46bbe.wav","120966","9a72b46bbe447cda944f8b67435355f8d800dbf23047cde906dbcd9687dd363b"
"app/src/main/assets/audio/classic/units/trilobyte/move/PTrYes02__495323bea6.wav","98436","495323bea64363e44a84ee9610ba4c4dea23396f9942744082d1d0cc1e39f977"
"app/src/main/assets/audio/classic/units/trilobyte/move/PTrYes03__a85b7a8e8d.wav","93316","a85b7a8e8d17b4b3a69dc1ea908f592ec8f982f4208e14edde3f5f075bccdc92"
"app/src/main/assets/audio/classic/units/ultralisk/chatter/zulPss00__71dc2fccd0.wav","71466","71dc2fccd015bb8fec6c5b006d4051a0390f083c9374bf91ab7b74599b7ffaf7"
"app/src/main/assets/audio/classic/units/ultralisk/chatter/zulPss01__5f356b89b5.wav","107394","5f356b89b5ff233ced9884bc7e96fd2c291671b13e98cb0d83224284662769d1"
"app/src/main/assets/audio/classic/units/ultralisk/chatter/zulPss02__d1dc29693c.wav","93826","d1dc29693c1a83aada7d8891bd57fb0453efd4bd1e19eac010fbc9277270fb82"
"app/src/main/assets/audio/classic/units/ultralisk/death/zulDth00__6b5f13254b.wav","70190","6b5f13254b0e490c94d3002375091c5196ab303fb70b3f1c695dd550edb74ebc"
"app/src/main/assets/audio/classic/units/ultralisk/move/zulRdy00__dc4c2b85c8.wav","127170","dc4c2b85c8949df189b15eb4afaa7da173b1034f55fe9ba952ff3b9080243ff1"
"app/src/main/assets/audio/classic/units/ultralisk/move/zulWht00__d3ff6cb6b6.wav","46434","d3ff6cb6b6774c4ab495a8610d340d61d020d639458bb9f8a1de5edf7ed0d95e"
"app/src/main/assets/audio/classic/units/ultralisk/move/zulWht01__9fa0808d75.wav","37930","9fa0808d7541df49c1c635c63a94562d90a263214e378c77918e24a564b8ce60"
"app/src/main/assets/audio/classic/units/ultralisk/move/zulWht02__4e009c8c2a.wav","49084","4e009c8c2a48235f97cac5f4bc1c0fac74044f340d35aa35f846c2dbaa7a9850"
"app/src/main/assets/audio/classic/units/ultralisk/move/zulWht03__0d5d6b7c84.wav","44714","0d5d6b7c842de1f9b74148faa8d637f060291d15d0115cd336a7a3a0709bd307"
"app/src/main/assets/audio/classic/units/ultralisk/move/zulYes00__642e9facfa.wav","66346","642e9facfa5b8185b80d378fcafaed31615a58b2848d7355fda5446bd4353c67"
"app/src/main/assets/audio/classic/units/ultralisk/move/zulYes01__403e872286.wav","59818","403e87228617976b26c7968a26df4bebee80e806aa997e88235bd860c40200cf"
"app/src/main/assets/audio/classic/units/ultralisk/move/zulYes02__d46812811c.wav","69674","d46812811c7ec9ec1b3a8cb73c1e55b97bffdf68afefde2b057e4407e994e4cc"
"app/src/main/assets/audio/classic/units/ultralisk/move/zulYes03__9a50c85597.wav","47402","9a50c855977d74d9c134fc350a18bf79e63708d7577f88648c2b9aade2927d69"
"app/src/main/assets/audio/classic/units/viking/attack/alias_terran_phoenix_TPhYes01__4f86b035f2.wav","47150","4f86b035f294760f466752736121d02f4ca62d0efde8c5fa569d08850b27d072"
"app/src/main/assets/audio/classic/units/viking/attack/alias_terran_phoenix_TPhYes02__6aa36e5cc6.wav","45102","6aa36e5cc65b482f5daf37951485850f61321864753788fd80e914ee2ced55cf"
"app/src/main/assets/audio/classic/units/viking/attack/alias_terran_phoenix_TPhYes03__6c9b796b77.wav","80430","6c9b796b770bdefe049b707d3edb8da71a8c828f2b87fe0f003a0a3a387e2b05"
"app/src/main/assets/audio/classic/units/viking/chatter/alias_terran_phoenix_TPhPss00__41ae8032bf.wav","84198","41ae8032bf0eb853f1a9de52110dd88b67f1937950fd5fe255aeaba0d3e837e1"
"app/src/main/assets/audio/classic/units/viking/chatter/alias_terran_phoenix_TPhPss01__922a4444d6.wav","97510","922a4444d6f3d9320d66541d82f211f42a3d372118a80d84afd0184b87b87730"
"app/src/main/assets/audio/classic/units/viking/chatter/alias_terran_phoenix_TPhPss02__3d0d055a82.wav","79918","3d0d055a82727e8ade73f6a2167537f9fa0058e6c5fe1863a88ae8be4ecfa9dc"
"app/src/main/assets/audio/classic/units/viking/chatter/alias_terran_phoenix_TPhPss03__2d51767e95.wav","97510","2d51767e9527677d2c73034a2b901686d04ac7d4881ca6b69a00065b867e44c3"
"app/src/main/assets/audio/classic/units/viking/chatter/alias_terran_phoenix_TPhPss04__cdaf19ba66.wav","36070","cdaf19ba66a9670c3e624749fc3c29a538c72354da3d748658e45613a50f4c15"
"app/src/main/assets/audio/classic/units/viking/chatter/alias_terran_phoenix_TPhPss05__825ab2f6c7.wav","95278","825ab2f6c7b9bf5afe414a36a75d8484f2cff481b77d9eb21f9a08c21d5c2eda"
"app/src/main/assets/audio/classic/units/viking/chatter/alias_terran_phoenix_TPhPss06__4fe01496f6.wav","108590","4fe01496f630d26d70255ca1a7e5c5798b0a9cc87bde7299e79b45bd12291f29"
"app/src/main/assets/audio/classic/units/viking/move/alias_terran_phoenix_TPhRdy00__cc2c9704b9.wav","90410","cc2c9704b98fd142ccb8f140d7ecc55259a3333b28025fdf3ddee4c8556ab209"
"app/src/main/assets/audio/classic/units/viking/move/alias_terran_phoenix_TPhWht00__652889173a.wav","61298","652889173a4de42ca88c13c380ce64b00891ea7941f9c9574c4cc0a276c8a581"
"app/src/main/assets/audio/classic/units/viking/move/alias_terran_phoenix_TPhWht01__30a9202ed4.wav","62510","30a9202ed4ca1a672fcaf905f1729edaeac89183dbba9c2d75103cde565cb8fa"
"app/src/main/assets/audio/classic/units/viking/move/alias_terran_phoenix_TPhWht02__a5f36e3700.wav","45108","a5f36e370084bea2b3777200802361eee69fcdb0611535cf1eb447615b295923"
"app/src/main/assets/audio/classic/units/viking/move/alias_terran_phoenix_TPhWht03__55485fa393.wav","50222","55485fa393cef70dd477cd9caca4dafc6d88758885e6720cb2d14d435b6dc7ab"
"app/src/main/assets/audio/classic/units/viking/move/alias_terran_phoenix_TPhYes00__1335d13cfb.wav","58414","1335d13cfbbdd424c7b31566411ed41103295864086776651c1ac0ae59b9f282"
"app/src/main/assets/audio/classic/units/viking/move/alias_terran_phoenix_TPhYes01__4f86b035f2.wav","47150","4f86b035f294760f466752736121d02f4ca62d0efde8c5fa569d08850b27d072"
"app/src/main/assets/audio/classic/units/viking/move/alias_terran_phoenix_TPhYes02__6aa36e5cc6.wav","45102","6aa36e5cc65b482f5daf37951485850f61321864753788fd80e914ee2ced55cf"
"app/src/main/assets/audio/classic/units/viking/move/alias_terran_phoenix_TPhYes03__6c9b796b77.wav","80430","6c9b796b770bdefe049b707d3edb8da71a8c828f2b87fe0f003a0a3a387e2b05"
"app/src/main/assets/audio/classic/units/void_ray/attack/alias_arbiter_pabYes00__01aeebc63b.wav","96132","01aeebc63bb05e2f466cc57c613704891574257f10f01bd7018d1f318fee8a5b"
"app/src/main/assets/audio/classic/units/void_ray/attack/alias_arbiter_pabYes01__a874575c21.wav","77698","a874575c21a2539b104486ecd38d1f87f0365514047346af3928ed8d35df5e0c"
"app/src/main/assets/audio/classic/units/void_ray/attack/alias_arbiter_pabYes02__c1e6e2e4c0.wav","84012","c1e6e2e4c0477c81b41cd30e9c2dd703565177a61e153cc189ac9592d970a46e"
"app/src/main/assets/audio/classic/units/void_ray/chatter/alias_arbiter_pabPss00__3a87a25641.wav","159876","3a87a256417d13ba5fa6a845940c069a59f8c69663c99223786bf8555ef76dcf"
"app/src/main/assets/audio/classic/units/void_ray/chatter/alias_arbiter_pabPss01__e608bab11a.wav","140420","e608bab11a354d8fe781dfdb527034576602043cd16781a5a5d492763ab8955a"
"app/src/main/assets/audio/classic/units/void_ray/chatter/alias_arbiter_pabPss02__ef3dbc7e79.wav","92036","ef3dbc7e795112d84f1abeaef0997e5e4b6bff46455a426d585317a99c2adc49"
"app/src/main/assets/audio/classic/units/void_ray/chatter/alias_arbiter_pabPss03__7b72d687fa.wav","211076","7b72d687faca7dee29086da83c7ee98afb812bc83adbfb9b5326fbfe43440371"
"app/src/main/assets/audio/classic/units/void_ray/chatter/alias_arbiter_pabPss04__2df8693246.wav","281988","2df8693246fe006f60ce0d005a5000f113276638566b64130bb25f6cfceb33b3"
"app/src/main/assets/audio/classic/units/void_ray/move/alias_arbiter_pabRdy00__3b458a97a0.wav","110980","3b458a97a07f433f338be9f8571839d47f14c0fbdfc5e72ab668b7659b7596f2"
"app/src/main/assets/audio/classic/units/void_ray/move/alias_arbiter_pabWht00__846a0ca39a.wav","92292","846a0ca39af34377b647302c5b2900c448c5ca29b040b6f872ed799db6b71c6c"
"app/src/main/assets/audio/classic/units/void_ray/move/alias_arbiter_pabWht01__c518a18c8c.wav","51332","c518a18c8c3034f487571a77e51eacdf001819490bf0bb34406c28eabe650a71"
"app/src/main/assets/audio/classic/units/void_ray/move/alias_arbiter_pabWht02__a06121fb08.wav","49540","a06121fb08559e1925d411648f32c9fe0ad9974d128babb5ed5b72f00de8165b"
"app/src/main/assets/audio/classic/units/void_ray/move/alias_arbiter_pabWht03__a566c8b0d3.wav","74884","a566c8b0d3fce5a419d55ab6b4d39ee1649594b9e3a8b7ff2e8faca263e52e5b"
"app/src/main/assets/audio/classic/units/void_ray/move/alias_arbiter_pabYes00__01aeebc63b.wav","96132","01aeebc63bb05e2f466cc57c613704891574257f10f01bd7018d1f318fee8a5b"
"app/src/main/assets/audio/classic/units/void_ray/move/alias_arbiter_pabYes01__a874575c21.wav","77698","a874575c21a2539b104486ecd38d1f87f0365514047346af3928ed8d35df5e0c"
"app/src/main/assets/audio/classic/units/void_ray/move/alias_arbiter_pabYes02__c1e6e2e4c0.wav","84012","c1e6e2e4c0477c81b41cd30e9c2dd703565177a61e153cc189ac9592d970a46e"
"app/src/main/assets/audio/classic/units/vulture/chatter/tvupss00__5b047123eb.wav","57558","5b047123ebaa555a42c8ab894f25b7d1bef13a24439c023f0b78ea7e246ca9b7"
"app/src/main/assets/audio/classic/units/vulture/chatter/tvupss01__0438ee2879.wav","101880","0438ee28795f439e7fb343cce833bb535b13955280823ecd2d59d4dbcb06990e"
"app/src/main/assets/audio/classic/units/vulture/chatter/tvupss02__3e4e734a41.wav","79848","3e4e734a4180e7346b903fb100442428a68bbe28877490c5e24ae82df45f4b38"
"app/src/main/assets/audio/classic/units/vulture/chatter/tvupss03__50dec351ff.wav","115048","50dec351ff1cdf8338b957bba5a820587b61afd01886c1002bb209aa93f5fe15"
"app/src/main/assets/audio/classic/units/vulture/death/TVuDth00__ebbe9f601a.wav","86662","ebbe9f601a9ae2fd2a581494192ea07c4f438266ca3094757a8e296ffa7d0984"
"app/src/main/assets/audio/classic/units/vulture/move/tvurdy00__1e8040dfb1.wav","121200","1e8040dfb1c0a944a4fbcb853b00da9deb7deba8c034d8c35ee92c30b79cb7bc"
"app/src/main/assets/audio/classic/units/vulture/move/TVuWht00__2a8d46b65c.wav","66326","2a8d46b65c061b055d470902530ae7d8799088778aa5d8d388a553fd93a26033"
"app/src/main/assets/audio/classic/units/vulture/move/tvuwht01__c533b7c835.wav","55344","c533b7c83557d3c335b43f03faf521a9f5391347591f060888dc2c840564ea93"
"app/src/main/assets/audio/classic/units/vulture/move/tvuwht02__d86d65c703.wav","101328","d86d65c703756ccaea844e9d99d9ce5d7420ee1fe8f2af1536ea3d7831127d34"
"app/src/main/assets/audio/classic/units/vulture/move/tvuwht03__4b61c942cc.wav","66038","4b61c942cc95fc3768bcd6afb8bbd7a67c2b4f59585ea914667b3451c9839b8b"
"app/src/main/assets/audio/classic/units/vulture/move/tvuyes00__77980ed04f.wav","85926","77980ed04f16b6edda1afea9f9b305c9fb0912cad1a7a6955121fd2c25bf1979"
"app/src/main/assets/audio/classic/units/vulture/move/tvuyes01__86c00db3d2.wav","88164","86c00db3d21b782fa27322f7547de0209ca7b818cdc79eb1741be585de139812"
"app/src/main/assets/audio/classic/units/vulture/move/tvuyes02__df21b87536.wav","101372","df21b87536b2076282730890a981e9ff8272009a4f280dbdab3140735e9b161e"
"app/src/main/assets/audio/classic/units/vulture/move/tvuyes03__e95157ff3b.wav","110110","e95157ff3bf7de54b472243eef6152a1ebc5c80aea9c1b205b323cb51ebbd317"
"app/src/main/assets/audio/classic/units/witness_iv/chatter/pwiPss00__c1102d11cb.wav","171120","c1102d11cb5db8bad373efc0d5a52b8cc4077915fc437c35977b1ad9e52f6b3d"
"app/src/main/assets/audio/classic/units/witness_iv/chatter/pwiPss01__145f4e4524.wav","387182","145f4e452437671f66a1fc58f5dbe0e32e83fe23f4334c3b5cde07a64e3ced91"
"app/src/main/assets/audio/classic/units/witness_iv/chatter/pwiPss02__f7f11b293b.wav","326768","f7f11b293bd6e009cc70773f5c294f4611f281d276977d806cf0d1e80377b642"
"app/src/main/assets/audio/classic/units/witness_iv/chatter/pwiPss03__abe4d304a6.wav","211566","abe4d304a6a5b36f8d1f91f5537a172760f4b0084430126b2343e8b774ce73f4"
"app/src/main/assets/audio/classic/units/witness_iv/chatter/pwiPss04__01c271315d.wav","319600","01c271315d69db51d0baa8a71a33d9aa1c504069e466b87500e03eb439c28653"
"app/src/main/assets/audio/classic/units/witness_iv/death/PWiDth00__222abdb122.wav","132654","222abdb122e01cc7e7e8905b3c5202dd15227a5f39257f75f0cb88aef5d095a2"
"app/src/main/assets/audio/classic/units/witness_iv/death/pwiDth01__5cbfabbb48.wav","88696","5cbfabbb48b607fa1c16e94e854eb6f1522cc961382d850900d6f27dc49b283b"
"app/src/main/assets/audio/classic/units/witness_iv/move/PWiRdy00__67962e207a.wav","86642","67962e207a60694c219c66aa13088e370cfc14fca2eb1cc19eacfc55b2df3b5d"
"app/src/main/assets/audio/classic/units/witness_iv/move/pwiWht00__ab6d932cc7.wav","90280","ab6d932cc7b955c5e6e202d4a5e238792f18bbf6d95ebfe7651d62a35e1797b1"
"app/src/main/assets/audio/classic/units/witness_iv/move/pwiWht01__7cb6dd7a91.wav","115056","7cb6dd7a9139507826d0d1363dafab5a451ddd8ab88980c44b2c48c1fd270505"
"app/src/main/assets/audio/classic/units/witness_iv/move/pwiYes00__40ea4a6f12.wav","83728","40ea4a6f122d03da22afa60c0eff37f34561ebe1d2cd02f3de7c690b19948145"
"app/src/main/assets/audio/classic/units/witness_iv/move/pwiYes01__8148a8918f.wav","134742","8148a8918fe646d5ed00c9923f31102bcfbdea915f9e80eda57d07257c197918"
"app/src/main/assets/audio/classic/units/zealot/attack/alias_zealot_PZeYes00__ca7107a567.wav","45128","ca7107a5679b2ee5a6ed99e3bdb09e3ea85f506305cc3abc929a7f495ecc285c"
"app/src/main/assets/audio/classic/units/zealot/attack/alias_zealot_PZeYes01__897087a435.wav","66632","897087a435ea3a17ead63e8fd05f0bf80312322aa7efc682a677d038bf7f4b9c"
"app/src/main/assets/audio/classic/units/zealot/attack/alias_zealot_PZeYes02__cae9e6f748.wav","60360","cae9e6f7485147c8a4b512befdf2ce0bbe26d59dc88ab8ac9bd6980ad6aad5b2"
"app/src/main/assets/audio/classic/units/zealot/chatter/PZePss00__4625e98bd4.wav","74312","4625e98bd4d85272f7f665c099c5e6fb13983fcbb0c2d0ea75c043a693ad5d05"
"app/src/main/assets/audio/classic/units/zealot/chatter/PZePss01__c759f2caf7.wav","84936","c759f2caf76e54ca69d847e581af22075e5e1248c010ac087f00f99881aeaab9"
"app/src/main/assets/audio/classic/units/zealot/chatter/PZePss02__5e4d9511dd.wav","129480","5e4d9511ddcaeffa91683ce12f854a793fc9016df5275f06b587412f2f3ecbe6"
"app/src/main/assets/audio/classic/units/zealot/death/pzeDth00__43fe7cab0a.wav","86392","43fe7cab0a00d507d2339832e1c8d688188fd1cbdfa762e26d3bf8a24454c03c"
"app/src/main/assets/audio/classic/units/zealot/move/pzeRdy00__0638a00d47.wav","77768","0638a00d47348b94d6d14033650bff55c81cb4c9095223f5fdd486ce909d8bb8"
"app/src/main/assets/audio/classic/units/zealot/move/PZeWht00__8581bdddcc.wav","66504","8581bdddcc59fe5668d8d4845fb53aaa7528451654a2940b794a11d5f15110c6"
"app/src/main/assets/audio/classic/units/zealot/move/PZeWht01__530dc72095.wav","52296","530dc72095cc82a5bef1ef03d777c696b6e4822cf993e3d2c3dbafb4cab7caba"
"app/src/main/assets/audio/classic/units/zealot/move/PZeWht02__2afbaa1795.wav","80072","2afbaa17955cabb2528690f35816694bc12043e44073062ad2a2d62e9548fc0d"
"app/src/main/assets/audio/classic/units/zealot/move/PZeWht03__999ef593c4.wav","50504","999ef593c452cfa5f57344ee1bc693cc08ab57d5f9d15980f13beecf51b771b3"
"app/src/main/assets/audio/classic/units/zealot/move/PZeYes00__ca7107a567.wav","45128","ca7107a5679b2ee5a6ed99e3bdb09e3ea85f506305cc3abc929a7f495ecc285c"
"app/src/main/assets/audio/classic/units/zealot/move/PZeYes01__897087a435.wav","66632","897087a435ea3a17ead63e8fd05f0bf80312322aa7efc682a677d038bf7f4b9c"
"app/src/main/assets/audio/classic/units/zealot/move/PZeYes02__cae9e6f748.wav","60360","cae9e6f7485147c8a4b512befdf2ce0bbe26d59dc88ab8ac9bd6980ad6aad5b2"
"app/src/main/assets/audio/classic/units/zealot/move/PZeYes03__33b60ef1ac.wav","53832","33b60ef1ac2f43435f4aab36edd44b08e7cc75cae9f3b28912f3210cb4e82b50"
"app/src/main/assets/audio/classic/units/zeratul/chatter/UZePss00__25113822db.wav","151076","25113822dbe47251444ba0a6ed9b370f5e581ef1dcda0624c1adb1795dfc2113"
"app/src/main/assets/audio/classic/units/zeratul/chatter/UZePss01__1425b69f42.wav","110072","1425b69f42b7b505c74c0731d26be31ccd8fbace7c7bd671b59789f94a5614f0"
"app/src/main/assets/audio/classic/units/zeratul/chatter/UZePss02__6ca3aaaa9c.wav","82250","6ca3aaaa9c35edd1770c5ab89af17dd393a6c85b944332015d8c6c1c2d1656ff"
"app/src/main/assets/audio/classic/units/zeratul/chatter/UZePss03__e759a29330.wav","132196","e759a29330fb53ebbec7f36a3ba75b020bf273667a686add33ee87d613f3381e"
"app/src/main/assets/audio/classic/units/zeratul/death/UZeDth00__7a5545dba5.wav","123512","7a5545dba5dd96af6334b119886d6fa327ecf343340a66618ad148ca3cfef977"
"app/src/main/assets/audio/classic/units/zeratul/move/UZeWht00__1206c5a552.wav","39180","1206c5a5521e95f38611751c31584ce122d3f9c7bc77356907bb557602a61018"
"app/src/main/assets/audio/classic/units/zeratul/move/UZeWht01__0d191aac7c.wav","69194","0d191aac7c0773380bd1b14f779e639932035db20d1583fd51052cc7328a1283"
"app/src/main/assets/audio/classic/units/zeratul/move/UZeWht02__57de8c0527.wav","111598","57de8c05273541c8edbeaf43b51e422749b5bd8ce9955d85f008f59d6c6539df"
"app/src/main/assets/audio/classic/units/zeratul/move/UZeWht03__c86aa04834.wav","75066","c86aa0483433d6ad31d1e8e3a48f091a635c758bfa32399d6a82d64996f2d66b"
"app/src/main/assets/audio/classic/units/zeratul/move/UZeYes00__951eb1b956.wav","89404","951eb1b956f8e3bc96b25d6049a73e7be09fb0bfbb711d747cb789de797b735e"
"app/src/main/assets/audio/classic/units/zeratul/move/UZeYes01__7c4c6cd1db.wav","61314","7c4c6cd1db39885111d789f78854c73b7865c3b7f8781b86f830989e5336f782"
"app/src/main/assets/audio/classic/units/zeratul/move/UZeYes02__f0fbd0f5f7.wav","60134","f0fbd0f5f77ee820c98d012b52e824f0cfdb5e019aad585ae6f6fa6400b6bd52"
"app/src/main/assets/audio/classic/units/zeratul/move/UZeYes03__062ce34201.wav","78942","062ce342013df967b96dbc66983952adbf2b4f0f314bdee5207bda93c016dfe7"
"app/src/main/assets/audio/classic/units/zergling/chatter/ZZePss00__7b6a3c1eab.wav","75706","7b6a3c1eab7484df227a7e8a63462603337bb1c75ce2efa158400b168673fa37"
"app/src/main/assets/audio/classic/units/zergling/chatter/ZZePss01__4ec0a278bd.wav","57850","4ec0a278bd75101d1885aa6f3f62bae00ca6c7bf7240aebfdb153826473e9efa"
"app/src/main/assets/audio/classic/units/zergling/chatter/ZZePss02__4fd0eed386.wav","39490","4fd0eed38611e02c0131e07a1ead6cedb7acf1a951a71489ea390ee261a335d0"
"app/src/main/assets/audio/classic/units/zergling/death/ZZeDth00__a1b7ca5250.wav","52232","a1b7ca5250bac2ffaf0cfd3e6a2fd5923e3bf9dc3e9df017cc52521a4fd504f0"
"app/src/main/assets/audio/classic/units/zergling/move/ZZeRdy00__e2e4c96d8f.wav","70276","e2e4c96d8f63987694c812e99c379ac5209894c3d5216e9ac6ea82985a11a952"
"app/src/main/assets/audio/classic/units/zergling/move/ZZeWht00__2e319f5eb9.wav","37650","2e319f5eb99f68437bad9a6b65c21a03aada62fe404140e5ea8bb45a98e9e888"
"app/src/main/assets/audio/classic/units/zergling/move/ZZeWht01__58e31198ff.wav","47716","58e31198ffe2e58ae4714bbf31a3587684c22b66ea82551c98bb7092fd2e5d48"
"app/src/main/assets/audio/classic/units/zergling/move/ZZeWht02__e52547064c.wav","34452","e52547064c8becaca8839ba8729a6cc146c3a318f5cd7755a9582f67ccd1b60d"
"app/src/main/assets/audio/classic/units/zergling/move/ZZeWht03__a7037ce96b.wav","33008","a7037ce96b58c7974e93d9716401ed990aa2f58d4b08cb47f8904f5ed74bdc2b"
"app/src/main/assets/audio/classic/units/zergling/move/ZZeYes00__d0b4d19bc3.wav","39610","d0b4d19bc3a20b01b53576d5f2fb9ac7b1056b9f4274d2a62fb77a870e8c542e"
"app/src/main/assets/audio/classic/units/zergling/move/ZZeYes01__54bd5759f3.wav","36778","54bd5759f39cb70eb82a03951bd79ee31757a8473dacdd5877c484a5f2efcb13"
"app/src/main/assets/audio/classic/units/zergling/move/ZZeYes02__6e35589032.wav","59708","6e355890322de592dc479ee62c069ef1f8641d9005bb53f79805f8056330e52f"
"app/src/main/assets/audio/classic/units/zergling/move/ZZeYes03__96335491b8.wav","27664","96335491b88cb79c0b0f1e38641251b2ac2fd7dda41fed06b71b1779f130fdc2"
"app/src/main/assets/audio/music/menu/BattleNet_MusicwithEndFade.ogg","4860787","7a9b81fa1a5657838d05919532756f956e45996dc3fba017c5b1c92ea084d961"
"app/src/main/assets/audio/music/menu/MainTitleIntro.ogg","665241","e722c66668850080367bd5a68c0e4d1b3240ba66e9e91829ce77eb7ab4c17ec6"
"app/src/main/assets/audio/music/menu/MainTitleSC1-01.ogg","8854606","9ae43f07deaaf70964aa0142e345826c33ec2cdbe56f5978153ac8a2bb239871"
"app/src/main/assets/audio/music/menu/R18_MENU_MUSIC_MANIFEST.csv","1266","e2c3c3962c3456b0be94f640eec22b6f74649bf740994f45af6ff37634d30ab8"
"app/src/main/assets/audio/music/README_music_layout.txt","289","e1171185ef290c4f4fc510e80772bcea45f22bd884e03d5ff563bcfdbf3ff695"
"app/src/main/assets/audio/music/results/sc1/victory.wav","440448","dbdcb6228cac0f842ec9243aef9896e605205357fb46ee927739d49dd73412f3"
"app/src/main/assets/audio/music/results/sc2/protoss/victory.ogg","390386","075554c936ab7307fc6e5e17958f57227c3d63f9cf0df8762d7d8f4ed6b57b6d"
"app/src/main/assets/audio/music/results/sc2/terran/victory.ogg","930976","a4d3d41723d03f6cd9358f9d3f8010713a6218f23d56f53048622d7dd6460681"
"app/src/main/assets/audio/music/results/sc2/zerg/victory.ogg","1042725","6460e47ccb43fc9e17703fe09db767dc6829344facf99801e001b50c492543c2"
"app/src/main/assets/audio/music/sc1/protoss/SC1_Protoss1.ogg","5706835","f0727604467d2e38568ea6df4d8d561f29895d9cb723250b9c112defc894148d"
"app/src/main/assets/audio/music/sc1/protoss/SC1_Protoss2.ogg","5990403","18a88f795387ac36b9cbd384ef7e97022b2873d1f4ab97c3ac35874825ee99ba"
"app/src/main/assets/audio/music/sc1/protoss/SC1_Protoss3.ogg","6196381","af007ae5c0aa8fcba3a77bdebc487f35ac38ce87c4535a85757f482179da190c"
"app/src/main/assets/audio/music/sc1/protoss/SC1_Protoss4.ogg","5072858","bb1c8f6bc4f569a2297f36fe63efabd4895328d704882dd4895c37221b2bf776"
"app/src/main/assets/audio/music/sc1/terran/SC1_Terran1.ogg","6096374","48bbb3dd623c1471fa8772abcdc13152d54e616ba2b3bcc26921a96d8d99790c"
"app/src/main/assets/audio/music/sc1/terran/SC1_Terran2.ogg","4863926","349fd1e8e6276b4b27dbb09979eb66ca6a3358eb6614dcc1a9c8778ea49d9b47"
"app/src/main/assets/audio/music/sc1/terran/SC1_Terran3.ogg","5446415","81fad926d31e7cc6a125dbf69a781857d6c05dbbf46e765c3f3db61606c9f803"
"app/src/main/assets/audio/music/sc1/terran/SC1_Terran4.ogg","4659212","0d6e992a32eb4e5b9fecc6392d285f988fe83f15c43dff0b66af9117f62069f7"
"app/src/main/assets/audio/music/sc1/zerg/SC1_Zerg1.ogg","5795898","bd2ca132a28ad139e0780aa3742b1a29d36130985749d4220de07afd469af1f9"
"app/src/main/assets/audio/music/sc1/zerg/SC1_Zerg2.ogg","6882550","d8d842dab86c00618c81caf2abb6b545ac77fc9b6ef12e69b16b190eec55b436"
"app/src/main/assets/audio/music/sc1/zerg/SC1_Zerg3.ogg","6289125","c52f00869e7004f97658c5c487149c85e6b9add7697a74e7e7f0838229ef3333"
"app/src/main/assets/audio/music/sc1/zerg/SC1_Zerg4.ogg","4768551","bae1a3fb3e3e0a8822634b927dcab99cd4f3dc3cd78ed4cdfd098a0e700d3255"
"app/src/main/assets/audio/music/sc2/protoss/ProtossSC2-01.ogg","5276220","a690080c279f41ccb30ff20708f06c6f85d08b2813f4432bb8b6a13d4620f104"
"app/src/main/assets/audio/music/sc2/protoss/ProtossSC2-02.ogg","5597469","99295e0c01d0bcaf099daa3aa90e8a53ec97a56b1212baea60d5692b88e35ef0"
"app/src/main/assets/audio/music/sc2/protoss/ProtossSC2-03.ogg","5806925","c89319c7c3d0c91b96b0fe1df9b1763ce394f59e4d6dc63ff67e35181b8b1ed6"
"app/src/main/assets/audio/music/sc2/protoss/ProtossSC2-04.ogg","5009594","0fc3ab06fcd89d917e557597e230f808b4e0b090d32a4ed1c37a24e4cfe61243"
"app/src/main/assets/audio/music/sc2/protoss/ProtossSC2-05.ogg","5738305","ef248c3f15b606450c6bf5cf4a4da0b9593030b00d1552d84d2fdc2bc57a5e0a"
"app/src/main/assets/audio/music/sc2/protoss/ProtossSC2-06.ogg","4766397","8dc49cfb5d75a1febcc137befeae0704e18504aa6265f0b2abe3a0a8cb519193"
"app/src/main/assets/audio/music/sc2/protoss/ProtossSC2-07.ogg","5171198","36e767a3bc2a3df02f94ac3137012a84d6b012a91e3f5842f8f9db9c077812a2"
"app/src/main/assets/audio/music/sc2/terran/TerranSC2-01.ogg","5195821","20d46905c66ba3b92af1b66ffafbca92981c26da27031489a2e2fa19234f60af"
"app/src/main/assets/audio/music/sc2/terran/TerranSC2-02.ogg","3907267","2a060cac860c91a53f2fd82a3a5888c06ae961dfb3e88235ae346933fa9e9b70"
"app/src/main/assets/audio/music/sc2/terran/TerranSC2-03.ogg","4616250","d9922b9e154e5ea87321a0f2a21f26cf8a7e88ad144bb3e3c2f2f0b4a271b4a8"
"app/src/main/assets/audio/music/sc2/terran/TerranSC2-04.ogg","3527954","54f4d4807b0cd8bc0bb2dccef7232a33478ccb5ad61a053bbee217c7fdaa0a33"
"app/src/main/assets/audio/music/sc2/terran/TerranSC2-05.ogg","3880373","4cf9e4015b79cfb98f6a3064700882262a456fce29be991f7d6137c82f5b0597"
"app/src/main/assets/audio/music/sc2/zerg/ZergSC2-01.ogg","2012864","595ddc3630a089685cb63211719b0ec1ba9caebfb5889033b06bdbbf99680bf3"
"app/src/main/assets/audio/music/sc2/zerg/ZergSC2-02.ogg","4406927","e65693cfce8eb276c761a4d88ba6310edfb8d5363075a6977dfda91779fa4880"
"app/src/main/assets/audio/music/sc2/zerg/ZergSC2-03.ogg","2628077","548d13b1e6a8e1cdda05d82028b02c6d3e74acfa6a6f1d969337fa7b481fc9d2"
"app/src/main/assets/audio/music/sc2/zerg/ZergSC2-04.ogg","2253869","4ddfa911ff5c11462c25ebf9b4243ec7ce509bea4db0d972be9e0cda730b2424"
"app/src/main/assets/audio/music/sc2/zerg/ZergSC2-05.ogg","2578330","149043f35307e28e91c3ec1911c12ab35c443b2e13d20339d37b258656e1c105"
"app/src/main/assets/audio/music/sc2/zerg/ZergSC2-06.ogg","3536148","0930d6bcc1be430b47b0a2460c88e9cbd6516f0e026954084d0987b89d04eabe"
"app/src/main/assets/audio/music/sc2/zerg/ZergSC2-07.ogg","3877859","f657cad2575222f8347d24cad45e95c5e430e2139a85c92c74337012e9a58124"
"app/src/main/assets/audio/music/sc2/zerg/ZergSC2-08.ogg","3659695","114a723e34d444980f89021eb8a9d323f0c5c98d39f91a6899418b98f47116dc"
"app/src/main/assets/audio/music/sc2/zerg/ZergSC2-09.ogg","2741954","466956a3e556a610d6bf72c4de66ae34388ddc7d67f05bd6a8fa09af78f3392a"
"app/src/main/assets/audio/result_audio_registry.csv","36228","4cdfd8d5ab9a5cb3fce78112747631dd7590176ceba570745e148d2c706348ba"
"app/src/main/assets/audio/sfx/units/aberration/attack/Aberration_Attack_00.ogg","28217","796319d2b3fa853ba17310c24e1e1c329da12c9c8815e8373b0a296e0ec423c1"
"app/src/main/assets/audio/sfx/units/aberration/attack/Aberration_Attack_01.ogg","38094","eae30ce2da291787309b8f1827a792d0dd98b6ff932f65c90b6777522e6e7894"
"app/src/main/assets/audio/sfx/units/aberration/attack/Aberration_Attack_02.ogg","31307","24fdaff7be387df573f17db59991a6e299088999f4e1c567ce97a859b1d993ac"
"app/src/main/assets/audio/sfx/units/aberration/attack/Aberration_Attack_03.ogg","32677","22ede89a5156afbb7b6c7ce4b253b7cc8f480fbd4acc998d4069c9cdef57edad"
"app/src/main/assets/audio/sfx/units/aberration/attack/Aberration_Attack_04.ogg","34523","114f9bd6cdd97227c483191532832c5cde5b01cd95d4b8bcf49416b79324f12f"
"app/src/main/assets/audio/sfx/units/adept/attack/Adept_AttackLaunch00.ogg","13494","bc3188b3beb310c364f45774304fe799400496f53d2825b15e67033005282a7a"
"app/src/main/assets/audio/sfx/units/adept/attack/Adept_AttackLaunch01.ogg","13490","e4088faf22f255bcfcc6da839bf3264a1b0cf22c9d3a25ee2c8f95bae26b53fb"
"app/src/main/assets/audio/sfx/units/adept/attack/Adept_AttackLaunch02.ogg","13680","18648a0d8bbe7cc2dd3cc701be6ecb7d874fb0ea58ada8dbc12789708214b26f"
"app/src/main/assets/audio/sfx/units/adept/attack/Adept_AttackLaunch03.ogg","12315","9d6176e94eaea98d91a8e2566394724563e9bd19b74af122e866221033153c00"
"app/src/main/assets/audio/sfx/units/adept/attack/Adept_AttackLaunch04.ogg","13803","6ccdf4d24a14f22a5632ec6c051a170bdefbdaee822fa6196c33839183ce6396"
"app/src/main/assets/audio/sfx/units/arbiter/attack/ArbiterMP_AttackLaunch00.ogg","15865","cb09a6746bb167eef83f5c591691c5371777d12fb1ed1a1147a649c05e533ed2"
"app/src/main/assets/audio/sfx/units/arbiter/attack/ArbiterMP_AttackLaunch01.ogg","16206","adca4b0107336ce03403dba279b9145c07d0a9f83850941fec328fd8d9d508be"
"app/src/main/assets/audio/sfx/units/arbiter/attack/ArbiterMP_AttackLaunch02.ogg","15090","7573dc846739b2f3d89d09099dfba0d55b88e12d8a116d9c4cd45bda70eb99e1"
"app/src/main/assets/audio/sfx/units/arbiter/attack/ArbiterMP_AttackLaunch03.ogg","16440","f29c314e0e67370197987bbd760759c8ad72a11b8db924cfb057721ee302f364"
"app/src/main/assets/audio/sfx/units/arbiter/attack/ArbiterMP_AttackLaunch04.ogg","16974","4d4c40646a15a44ac34c6292bee4884e7abe074fcca969a519d4bed8568d5d1a"
"app/src/main/assets/audio/sfx/units/archon/attack/Archon_AttackLaunch0.ogg","22091","c6eee3feb24ab72703bc2e41951377baed224bd79cbd8772347d01deedbce36f"
"app/src/main/assets/audio/sfx/units/archon/attack/Archon_AttackLaunch1.ogg","23514","16063415eca8c8ef21930ce390d8326a5a865759c0d3f4502c6d3870e48b9da4"
"app/src/main/assets/audio/sfx/units/archon/attack/Archon_AttackLaunch2.ogg","22376","02386b61767997c1f97435a4c30777d13b8e66941680356e58df82853546bc43"
"app/src/main/assets/audio/sfx/units/archon/attack/Archon_AttackLaunch3.ogg","22510","4948f5ab45feb077b21c36a57fb0bf372eadf8f9c41c876f3f73bff4e9a88b4d"
"app/src/main/assets/audio/sfx/units/archon/attack/Archon_AttackLaunch4.ogg","22740","4a96350a6cfb8137b8172fd494536dc3a5d834d2910d607a3ce58194c0e103d9"
"app/src/main/assets/audio/sfx/units/artanis/attack/Artanis_PsiBladeAttackLaunch01.ogg","11376","4a9300ae382832e0a73cbf318ca7c33a6f45a5f7cc7a3050c3bf6613ca7bbb39"
"app/src/main/assets/audio/sfx/units/artanis/attack/Artanis_PsiBladeAttackLaunch02.ogg","11153","c4ded8665b2bb29b37fbdc83f88c576e60cedeaaaf6ecfd338531113110cd55c"
"app/src/main/assets/audio/sfx/units/artanis/attack/Artanis_PsiBladeAttackLaunch03.ogg","11184","aecc9132bc2e98feb60f7ebe838ee896cc12b3911ab745edd2cc556b134ca50d"
"app/src/main/assets/audio/sfx/units/artanis/attack/Artanis_PsiBladeAttackLaunch04.ogg","11172","414c07a4b3010d910914cf8d7ec0fa50ca88890f45d12b5efc25dba51ff2cfd2"
"app/src/main/assets/audio/sfx/units/artanis/attack/Artanis_PsiBladeAttackLaunch05.ogg","8722","051fc379bd06e9f9f6f9a34e0c59a1670bd0846115d5c4199204d9d45c27abca"
"app/src/main/assets/audio/sfx/units/baneling/attack/Baneling_Attack0.ogg","31866","5077d6e025280acc8b7946ab4f8b2b00063d7b2d358beb2c4319cc60e89b3b47"
"app/src/main/assets/audio/sfx/units/baneling/attack/Baneling_Attack1.ogg","23999","7befa63d4ca9571ad2acc07d7ecf165f66e8afe5166b0c4df13cfb3b9ae0e003"
"app/src/main/assets/audio/sfx/units/baneling/attack/Baneling_Attack2.ogg","24323","3462b298c6a66c3ae9462acd86c9b235acade34f3f7dddb112ee2eb1b4974f74"
"app/src/main/assets/audio/sfx/units/baneling/attack/Baneling_Attack3.ogg","27042","08800c95287ab1dc25f43b975fb2df099560420c93a88bb2c56d0d97c4eb90f8"
"app/src/main/assets/audio/sfx/units/baneling/attack/Baneling_Attack4.ogg","25944","da53e77d8d4a70b16875dbdbadbc69538a9d9b63160c4c1db3f7d16613badc82"
"app/src/main/assets/audio/sfx/units/banshee/attack/Banshee_AttackImpact0.ogg","15072","75ef1a38578e53a196ec93357046627a62c935055668ee7118170e2f5a69fe88"
"app/src/main/assets/audio/sfx/units/banshee/attack/Banshee_AttackLaunch0.ogg","18505","d1cd30ed2d44781f073df16d7c80b93474601c6c51f6a891e562731f37909da5"
"app/src/main/assets/audio/sfx/units/banshee/attack/Banshee_AttackLaunch1.ogg","15631","7c597a71c408b2a31ffb455c2d0f1e7cef4586c409f99326fd0ab2676e4ee1ac"
"app/src/main/assets/audio/sfx/units/banshee/attack/Banshee_AttackLaunch2.ogg","15735","f63d853515428c15e57d4423f52f9cc74d858129b7cee6c1ac00c3fec0239dfe"
"app/src/main/assets/audio/sfx/units/banshee/attack/Banshee_AttackLaunch3.ogg","10366","9893917c4e561f0e54fd5b201f4824e22787cc9db321b9193566cc0c75604130"
"app/src/main/assets/audio/sfx/units/battlecruiser/attack/Battlecruiser_AttackLaunch0.ogg","23190","dd544f96a18e53968c095d461a409cf30fd5329d32e9eb7e190d102dcafefc32"
"app/src/main/assets/audio/sfx/units/battlecruiser/attack/Battlecruiser_AttackLaunch1.ogg","25207","384cabb529ebd16502964f89a6c5795e79169ecce2dde9b451a1b84931777fd8"
"app/src/main/assets/audio/sfx/units/battlecruiser/attack/Battlecruiser_AttackLaunch2.ogg","22736","30efc417bd23c250ba9155577f696e0f790f3de8d618a18643d9897f270c56ed"
"app/src/main/assets/audio/sfx/units/battlecruiser/attack/Battlecruiser_YamatoAttackCharge0.ogg","48810","259f7cf97c3441abb8b4bc8a7f0ad0d8dd4437c664587559125e7e1ac983d264"
"app/src/main/assets/audio/sfx/units/battlecruiser/attack/Battlecruiser_YamatoAttackLaunch0.ogg","42267","0a720068bbe0bd02676327c6f5c86cbc752f163bec2cdd8ec685a148f6beb954"
"app/src/main/assets/audio/sfx/units/brood_lord/attack/Broodlord_AttackLaunch0.ogg","17368","c5d9e579de758e695ce6eeedf288ff1541cda140ebf4cbf83dae46fc530e22e6"
"app/src/main/assets/audio/sfx/units/brood_lord/attack/Broodlord_AttackLaunch1.ogg","16444","abd812095af0e27924514b95d6771a0ebb99e65906612f21804bc7ace8377269"
"app/src/main/assets/audio/sfx/units/brood_lord/attack/Broodlord_AttackLaunch2.ogg","16304","8e05b41f98831433c2c1251473ee50e9b6e742f8a855c02498f402d1a2fb8c4b"
"app/src/main/assets/audio/sfx/units/brood_lord/attack/Broodlord_AttackLaunch3.ogg","16554","4158d6761f6a916cc3f0a42fe74d0d6ee17c6fde6800decc891797479db2d999"
"app/src/main/assets/audio/sfx/units/brood_lord/attack/Broodlord_AttackLaunch4.ogg","16778","367eea75a7681db456344c28926253b692e7d6ed0075cc32d56951ee4c770710"
"app/src/main/assets/audio/sfx/units/brutalisk/attack/Brutalisk_AntiAirAttackLaunch0.ogg","13086","bd96c81d59a0852a8529b20a4284d624b2be0a9c250580898b3e6adea2d114b6"
"app/src/main/assets/audio/sfx/units/brutalisk/attack/Brutalisk_AntiAirAttackLaunch1.ogg","13983","a7c21ebe89ad85fac9450a8d081ad78a6231688536ee2c619cd5db32491714aa"
"app/src/main/assets/audio/sfx/units/brutalisk/attack/Brutalisk_AntiAirAttackLaunch2.ogg","18616","e9d378c994db1f2b9de144cb873748ae22a5833625b859ccd51f8a601fa2ed98"
"app/src/main/assets/audio/sfx/units/brutalisk/attack/Brutalisk_AntiAirAttackLaunch3.ogg","17005","787d049f97550cb14d6f6391721a9a89dc3dba13fa9f7999295c085f84f6675e"
"app/src/main/assets/audio/sfx/units/brutalisk/attack/Brutalisk_AntiAirAttackLaunch4.ogg","18535","bfc45421ccbea728ee10d838efd9fb06fc04823160cb83fd03ba4c6ddf54ec2d"
"app/src/main/assets/audio/sfx/units/colossus/attack/Colossus_AttackLaunch0.ogg","23749","01fd2415d418ab1bf72eb2816b3d45192e5a8f053c80a919a5129fc1a9c2982d"
"app/src/main/assets/audio/sfx/units/colossus/attack/Colossus_AttackLaunch1.ogg","27312","85fa8caa66c71f16a66b4e49aa22fd4c4541a456110659ca4a3f3386650de843"
"app/src/main/assets/audio/sfx/units/colossus/attack/ColossusTaldarim_Beam_AttackLaunch01_1ch.ogg","37397","05562de3fe3ae2ae55fd9b54c5d1e9e4a5ee463df1f57b2b151071e3ebc942ba"
"app/src/main/assets/audio/sfx/units/colossus/attack/ColossusTaldarim_Beam_AttackLaunch02_1ch.ogg","38091","f60305932584382c908ce65ac8c565951d4cd31aca5fe05f6d6958d7dd622ba6"
"app/src/main/assets/audio/sfx/units/colossus/attack/ColossusTaldarim_Beam_AttackLaunch03_1ch.ogg","24853","818dd374d3ef1ad396f82d2065028484295022e5a99b23cb8f09960a7ed35232"
"app/src/main/assets/audio/sfx/units/corruptor/attack/Corruptor_AttackLaunch0.ogg","18103","5a9d3820449d993f5babca0c2af355b14ecaff74eb2868de504beb9a28f267ed"
"app/src/main/assets/audio/sfx/units/corruptor/attack/Corruptor_AttackLaunch1.ogg","16785","9ce6c79dcb592a7026d28f3bdffd975444682d527ff48233cd9686b501e837e8"
"app/src/main/assets/audio/sfx/units/corruptor/attack/Corruptor_AttackLaunch2.ogg","14116","0dbbde27875ad6fae8322a35a3da70569d91e45a787561daf62ba37530a19a86"
"app/src/main/assets/audio/sfx/units/corruptor/attack/Corruptor_AttackLaunch3.ogg","14691","3dccdb0f8ca75430914258702d4aafd112dccf7f044c9b41599f36e46a344de7"
"app/src/main/assets/audio/sfx/units/corruptor/attack/Corruptor_AttackLaunch4.ogg","14171","be6e7c54dd598ba526d5cf30a4958598a3880a3fe023cfacfe272283220f8e08"
"app/src/main/assets/audio/sfx/units/dark_templar/attack/DarkTemplar_AttackLaunch0.ogg","18244","2f732273a93d581657ce5ab43b9b5cd95262dd2db1144f5463c99916a712c4df"
"app/src/main/assets/audio/sfx/units/dark_templar/attack/DarkTemplar_AttackLaunch1.ogg","14141","0114443078acc3d9a844d940d19a70cd4867f3c2d1431d614704712977cb9acb"
"app/src/main/assets/audio/sfx/units/dark_templar/attack/DarkTemplar_AttackLaunch2.ogg","15039","20f605d2dfe6e9f0996d204718e47e977bb4e5dbc87d1dff412b4836a015aabd"
"app/src/main/assets/audio/sfx/units/dark_templar/attack/DarkTemplar_AttackLaunch3.ogg","14178","4ddfca8691c94d5085b57a530497e49d73cfcaad87a1f6c554acc690731ae826"
"app/src/main/assets/audio/sfx/units/dark_templar/attack/DarkTemplar_AttackLaunch4.ogg","13689","1408dd66d0af2b93b236206bfadd7302c704cc6437c48c4d2bec1356be116d43"
"app/src/main/assets/audio/sfx/units/diamondback/attack/Diamondback_AttackImpact0.ogg","19270","c05d98400d1000b9d1a68238ed65e8b5da04baf27a7600565f0009def2f4b1a1"
"app/src/main/assets/audio/sfx/units/diamondback/attack/Diamondback_AttackLaunch0.ogg","17813","ed3f3f1b0518c6a6f04d6e2564f0dcc87ded7399493573ddab84496485ec96f1"
"app/src/main/assets/audio/sfx/units/diamondback/attack/Diamondback_AttackLaunch1.ogg","18277","903a15365a6b9d590ea34150339350a3b24e9c112ee06b9b182b12e616c7f387"
"app/src/main/assets/audio/sfx/units/diamondback/attack/Diamondback_AttackLaunch2.ogg","19002","c5399f9494bc5bc2c6bd9b17c29001d01945d1f2b7bdfceb647b9c1e458836ce"
"app/src/main/assets/audio/sfx/units/diamondback/attack/Diamondback_AttackLaunch3.ogg","18682","4ece48fcc9754a3d90a905a7e23ccf35eab8eb3370e34b7ddd8fb6e4691d5fc0"
"app/src/main/assets/audio/sfx/units/disruptor/attack/Disruptor_Attack_01.ogg","29088","1d925059ce79d0c090e7b9f320b593ce8e63c1aa31b58048bd67bfe2f2eac568"
"app/src/main/assets/audio/sfx/units/disruptor/attack/Disruptor_Attack_02.ogg","27065","2e19c0559c2d453950ccb7c95ba0feb2608e0d578d2041ebce4f094dd84cfe8a"
"app/src/main/assets/audio/sfx/units/dragoon/attack/Dragoon_AttackLaunch01.ogg","15360","c43105408207a997b9c5e18015f11766171b6ad24fe10eb8e0b477306b7ffb29"
"app/src/main/assets/audio/sfx/units/dragoon/attack/Dragoon_AttackLaunch02.ogg","13910","14135d139339c76855f7891ae45d74bc406c2ef79d777695cfa88e2ceb9fbc13"
"app/src/main/assets/audio/sfx/units/dragoon/attack/Dragoon_AttackLaunch03.ogg","15439","22cf27083bb524348e4a7df2caf85a39524fd782c0a1a55050684519a7742ee9"
"app/src/main/assets/audio/sfx/units/dragoon/attack/Dragoon_AttackLaunch04.ogg","12847","35a332664babc5d25466580cc99215b5dce01e7a49df77f4c9608ba737f427ef"
"app/src/main/assets/audio/sfx/units/dragoon/attack/Dragoon_AttackLaunch05.ogg","14069","4218c63d4435ab0717d16fe4d4f19ebe095c3242a837009db901bf410901f1b1"
"app/src/main/assets/audio/sfx/units/drone/attack/Drone_AttackLaunch0.ogg","13655","dbfe992efbc2a40ceeb9e2026e231210bb15944fab8b30bebee6228df8440882"
"app/src/main/assets/audio/sfx/units/drone/attack/Drone_AttackLaunch1.ogg","13655","88309501983e3a26cf2596d84c8ab393d8d8ab14345331ec1cb503dc2086f295"
"app/src/main/assets/audio/sfx/units/drone/attack/Drone_AttackLaunch2.ogg","13655","2a73a609169b16fa10570d8a59a4b8644b5f9ca84fbbc89e41aca2641e992ee3"
"app/src/main/assets/audio/sfx/units/drone/attack/Drone_AttackLaunch3.ogg","13655","ccfd41a30cdadd5cd8339e020b02ea22d1cf6c7772be19bb145ec2205c0acdef"
"app/src/main/assets/audio/sfx/units/drone/attack/Drone_AttackLaunch4.ogg","13655","1290021b5f9c1859e30a3b0ea125f4b7576d4e045fcc7fe5ae39376c476fdb43"
"app/src/main/assets/audio/sfx/units/fenix/attack/FenixChampion_AttackLaunch01_1ch.ogg","18079","775462508a6a7c5b2cde8a48c149b6717fbe66372236397251ad3d42610be91c"
"app/src/main/assets/audio/sfx/units/fenix/attack/FenixChampion_AttackLaunch02_1ch.ogg","17295","0edd30f43a10ff58cbd4423162955b3d16a397a9900fa392cc3b0d3d4fe264e4"
"app/src/main/assets/audio/sfx/units/fenix/attack/FenixChampion_AttackLaunch03_1ch.ogg","14134","63144d8912fde3ecc947842ec0b7539d66b4e9011fabd1550b959ba0bc833a27"
"app/src/main/assets/audio/sfx/units/fenix/attack/FenixChampion_AttackLaunch04_1ch.ogg","13754","07a6d3824d6f379937cb6e55bcc1f3dce6e70e30fcf293871d28f9cdd0cef761"
"app/src/main/assets/audio/sfx/units/fenix/attack/FenixChampion_AttackLaunch05_1ch.ogg","14634","26c79ebf1f8afd4c609acb8dbd309010888216260f891feefbf9bca741fe6ebc"
"app/src/main/assets/audio/sfx/units/firebat/attack/Firebat_AttackLaunch0.ogg","21352","1032c19f8038c16d7f52542bebb9fec1aa20b965a62569e7a398e3c7fcfd9022"
"app/src/main/assets/audio/sfx/units/firebat/attack/Firebat_AttackLaunch1.ogg","23230","8d6f62bbfd18e7bf7ad0f3d8433a6d0855e013c8b0dc535cffaaf7a19f55b3ab"
"app/src/main/assets/audio/sfx/units/firebat/attack/Firebat_AttackLaunch2.ogg","22115","df787eca05a6e09f90d122a09540891f0749ba7be0c53570e1c83510bc44c25a"
"app/src/main/assets/audio/sfx/units/firebat/attack/Firebat_AttackLaunch3.ogg","22480","79bef666be48f69018d168f4956df034f3da53d49e840b0996d3f32e7d6890eb"
"app/src/main/assets/audio/sfx/units/firebat/attack/Firebat_AttackLaunch4.ogg","22459","fbfb125e4c2d72d699b57f396c10b62c304f40f76f9a8e8d39842979c3c67494"
"app/src/main/assets/audio/sfx/units/ghost/attack/Ghost_AttackLaunch0.ogg","18148","3b913134ba14630b62ac1f7fc8aecb26b9da03dc0ee121c358626f5d1d4185af"
"app/src/main/assets/audio/sfx/units/ghost/attack/Ghost_AttackLaunch1.ogg","16556","dd0e7357aababfdf240e1aa320b5e56ad984b7b6c1813df6cbf721856ee910ed"
"app/src/main/assets/audio/sfx/units/ghost/attack/Ghost_AttackLaunch2.ogg","20378","497f7e7db185cb0337edea8e16733cfbdb0bce6fff33c23ab4900e187aa95f08"
"app/src/main/assets/audio/sfx/units/ghost/attack/Ghost_EMPAttackLaunch.ogg","37912","cd45e178d947f80cd68b474094175a4880a4d9027e492ad5300ae88e8b723e82"
"app/src/main/assets/audio/sfx/units/ghost/attack/Ghost_SnipeAttackLaunch.ogg","7025","b6143bad3230aa0a35c5b73b6804b7d6eb209496fe8f53eaa972e8509320b321"
"app/src/main/assets/audio/sfx/units/goliath/attack/Goliath_GroundAttackLaunch0.ogg","20857","38c0a01af1ff6c8534bb9160c2ee78f2ff13a674941b43a994c756e325828d94"
"app/src/main/assets/audio/sfx/units/goliath/attack/Goliath_GroundAttackLaunch1.ogg","20785","15e93bce9158c716e27cc5b132a23d2f5af7baaf8047c3681ee01ddb7cc34ab8"
"app/src/main/assets/audio/sfx/units/goliath/attack/Goliath_GroundAttackLaunch2.ogg","21773","8137d1b1ceedf8ff0f0ced7b182f2c130525b4acdf819caeac3dbb501bac2abf"
"app/src/main/assets/audio/sfx/units/hellion/attack/Hellion_AttackLaunch0.ogg","30745","ba99fcc73a501e9d0d7a45a366bde805bd1c31fddae818ba2d08e8eebabcce4e"
"app/src/main/assets/audio/sfx/units/hellion/attack/Hellion_AttackLaunch1.ogg","31220","c9dc57f3eef45bf031f48423e823e899a61f9a424f6c27a268ee90e414d9e0e7"
"app/src/main/assets/audio/sfx/units/hellion/attack/Hellion_AttackLaunch2.ogg","32108","7fffb92f8bbd92d22f61bc4c407fe5ce0873e44674d4c66c54e1a511dd64ce7a"
"app/src/main/assets/audio/sfx/units/hellion/attack/Hellion_AttackLaunch3.ogg","33785","fa964289f96f75a6ec598869e64cdc2c1ce4f63986bdfc299b2683e5b891b48e"
"app/src/main/assets/audio/sfx/units/hellion/attack/Hellion_AttackLaunch4.ogg","33866","79c006989e868f9885d1eb08642f4fc4bef1809a11a4cb72371c17d4ab715f4f"
"app/src/main/assets/audio/sfx/units/hydralisk/attack/Hydralisk_AttackImpactRanged0.ogg","8911","95b35343e58418d40c049aab96296c5e798784126527c5faee57b683bb03f419"
"app/src/main/assets/audio/sfx/units/hydralisk/attack/Hydralisk_AttackLaunchRanged0.ogg","11476","ac27fad3831d6c52f1d6d054bd0f33b382f7b508d93f1b2f16caf25f6b4a47a1"
"app/src/main/assets/audio/sfx/units/hydralisk/attack/Hydralisk_AttackLaunchRanged1.ogg","14187","2b18c818f9d9fd4a3906f0942e010f561f8dfc7727a790be925102f3a831b65d"
"app/src/main/assets/audio/sfx/units/hydralisk/attack/Hydralisk_AttackLaunchRanged2.ogg","14008","a9bfbf7e95b1862fd43c513f1ad3f76ff74e227e0ee4595dec9415fd93280d49"
"app/src/main/assets/audio/sfx/units/hydralisk/attack/Hydralisk_AttackLaunchRanged3.ogg","11977","2224356dd8d96d6444f450f38370f7c3d7a0893afb1825cde74a02aa0c49148e"
"app/src/main/assets/audio/sfx/units/immortal/attack/Immortal_AttackLaunch0.ogg","21504","cb3f3faf9d2c0ce938eb28e24acd8484d963e2388ed3d72a39a7a40ded8b1b66"
"app/src/main/assets/audio/sfx/units/immortal/attack/Immortal_AttackLaunch1.ogg","24312","98e8737b771fa6cf7dfebd7662d4f7b84a4ce138dc30647e1b740ed940c993ca"
"app/src/main/assets/audio/sfx/units/immortal/attack/Immortal_AttackLaunch2.ogg","21820","00c8aeb68986b162c747084cd08e90289da4841543d17e67b30edd4361e15c25"
"app/src/main/assets/audio/sfx/units/immortal/attack/ImmortalShakuras_ShadowCannon_AttackLaunch01_1ch.ogg","14443","7d5586d729db85487841d6face5ff0529f32c4967819011fb3cf6eeb165343e1"
"app/src/main/assets/audio/sfx/units/immortal/attack/ImmortalShakuras_ShadowCannon_AttackLaunch02_1ch.ogg","13613","e5989cff45ae7939794df97ce04ae168d7ae3731bee9ebcbf66152bc0d521164"
"app/src/main/assets/audio/sfx/units/infestor/attack/Infestor_AttackLaunch0.ogg","9620","2c7e7005b73f5460fa73bd05c43fcb2d85b233e5bd39aa75f44ca5054e5f746f"
"app/src/main/assets/audio/sfx/units/infestor/attack/Infestor_AttackLaunch1.ogg","12832","242a3c3af7e09ca1a391925a29d52d909f54f6c737684d163cd67ed07e12579c"
"app/src/main/assets/audio/sfx/units/infestor/attack/Infestor_AttackLaunch2.ogg","10351","e1e1c3d7d255721e39d4b89400304c3cfcfde4a5b0d60a3da3c30cdea2039215"
"app/src/main/assets/audio/sfx/units/infestor/attack/Infestor_AttackLaunch3.ogg","15059","0ff597940b853e27b73e1f84efb4b1f2d0d4c811abf7873d81ea20ea578276ff"
"app/src/main/assets/audio/sfx/units/infestor/attack/Infestor_AttackLaunch4.ogg","11031","28e71c73eeabdcc10df959808fa32ba366bc587590cce4aff3b2719032a131ee"
"app/src/main/assets/audio/sfx/units/karass/attack/Karass_AttackImpact0.ogg","19585","b91a6085b189f43e5534b77547a6bf9df928346c7c6530bc3558a58a7b06e9f1"
"app/src/main/assets/audio/sfx/units/karass/attack/Karass_AttackLaunch0.ogg","19477","b05b91785ee9fd71041d9c677e7259f6aebd452899a77fc8869ba5aa1f758e1c"
"app/src/main/assets/audio/sfx/units/karass/attack/Karass_AttackLaunch1.ogg","21256","cb59a9ea43ef063cc88a765b18dfbbc5fea241a9321b43961232adb9535cbfbe"
"app/src/main/assets/audio/sfx/units/karass/attack/Karass_AttackLaunch2.ogg","19642","f747b86d1fe931d184581ca9d8977af95d50d231ab13a0f82a17224fc5887d5c"
"app/src/main/assets/audio/sfx/units/karass/attack/Karass_AttackLaunch3.ogg","20803","eeb37a15fc78e228fc42eb7baf72a14e8dea5327206b0f38f03cb7a01fd6bf95"
"app/src/main/assets/audio/sfx/units/leviathan/attack/Leviathan_BileTorpedoAttackLaunch01.ogg","16484","7bcd3a2b1b392a8c4d1b190fe46e873200b2ca9c13da364fb46ffae1eb9cc3e0"
"app/src/main/assets/audio/sfx/units/leviathan/attack/Leviathan_BileTorpedoAttackLaunch02.ogg","18692","b542646aa1562dcedacf5772268cb15f22411f4537a1a183a8d42cbce6a75dfb"
"app/src/main/assets/audio/sfx/units/leviathan/attack/Leviathan_BileTorpedoAttackLaunch03.ogg","19944","b49e19fb066c538ed026fd0ab9422281f6cb4d156c8e5a5a872f88d73a6b4d1f"
"app/src/main/assets/audio/sfx/units/leviathan/attack/Leviathan_BileTorpedoAttackLaunch04.ogg","19820","aaccebfe81bce9220994e9081b6a12bbc4c6210d94e57a3743c45bf878b3e04e"
"app/src/main/assets/audio/sfx/units/leviathan/attack/Leviathan_BileTorpedoAttackLaunch05.ogg","21039","ebfd90213e6db28c515a43c73dbfbe3a06e7bd99823bef44315bf2b41d079d60"
"app/src/main/assets/audio/sfx/units/liberator/attack/Liberator_AG_AttackLaunch01.ogg","15094","0f79976db0c28d657b527f390945e3433dd5cb7340594052d0311391bb1178f6"
"app/src/main/assets/audio/sfx/units/liberator/attack/Liberator_AG_AttackLaunch02.ogg","13759","0c5818ca8b2c14e891a1cf7d313f50d650f2962473e71c151064fa0eb405562c"
"app/src/main/assets/audio/sfx/units/liberator/attack/Liberator_AG_AttackLaunch03.ogg","15716","74a7ae0ac018932932eb130710f2a4571cb3aa902e2d701b22c2438779f66514"
"app/src/main/assets/audio/sfx/units/liberator/attack/Liberator_AG_AttackLaunch04.ogg","19500","038f3d5b749cfe680255d62deba467dd09e0bdbfce47a0c6f91b96b4cdce7acd"
"app/src/main/assets/audio/sfx/units/liberator/attack/Liberator_AG_AttackLaunch05.ogg","13877","59dbc6651f26d2c6573e5179e36f1808c13e1f57a8b5a53c913c717d10c1e6e0"
"app/src/main/assets/audio/sfx/units/lurker/attack/Lurker_AttackLaunch0.ogg","21833","c5486d065efb52f90e6fa2cc1959aa9c4e731e0cccbd58e28464b24f4115ed57"
"app/src/main/assets/audio/sfx/units/lurker/attack/Lurker_AttackLaunch1.ogg","21699","0615f18657b8f38486f580ca4a96646d06a271e22531ac87625fa169eec0b703"
"app/src/main/assets/audio/sfx/units/lurker/attack/Lurker_AttackLaunch2_00.ogg","16545","0e091adebbab2ddf43620e2b5e2a4a6928737cc8ea42139a1dee7af759cabb89"
"app/src/main/assets/audio/sfx/units/lurker/attack/Lurker_AttackLaunch2_01.ogg","17896","1cf42edd7c8e29b122d21e6fb5017c91baa7e7c05f187e2be010ee6e29883556"
"app/src/main/assets/audio/sfx/units/lurker/attack/Lurker_AttackLaunch2.ogg","23734","17be0f14fefe182f2114376eef3f65c7003dd80f0cd261d6c5158fdea54374f4"
"app/src/main/assets/audio/sfx/units/marauder/attack/Marauder_AttackLaunch0.ogg","39912","b9456abfc0d65da2e9ea930d0e65fda922e40c04b94696d45265ea1015706461"
"app/src/main/assets/audio/sfx/units/marauder/attack/Marauder_AttackLaunch1.ogg","32170","4556dcf3c69b740aaa966461ad6bfa3cd85c10214a744c4b7c1cda6a0594cb2b"
"app/src/main/assets/audio/sfx/units/marauder/attack/Marauder_AttackLaunch2.ogg","40979","a58a02846aa848f988c2a585f3ffca4db7fb59428af5b4b9a8b90fcced8fcedd"
"app/src/main/assets/audio/sfx/units/marauder/attack/Marauder_AttackLaunch3.ogg","38703","2eac9f7bdd4dd64b3910a15ec1fdbb7b91aff3a19d0c168eb3f22c5b877d609c"
"app/src/main/assets/audio/sfx/units/marauder/attack/Marauder_AttackLaunch4.ogg","39653","11c0ec97aa859f75298d5984dad720fc90ec1cd1fb123bbb82d65f6361b317a9"
"app/src/main/assets/audio/sfx/units/marine/attack/Marine_AttackLaunch0.ogg","20058","0667bf90143f65ba3687a9e3fdfc7c307537149f08484033e3c035713ede4a0d"
"app/src/main/assets/audio/sfx/units/marine/attack/Marine_AttackLaunch1.ogg","19463","471e6fb811b42c9d15b75b6966d227566fb28577feebc3ca00817597758db4bc"
"app/src/main/assets/audio/sfx/units/marine/attack/Marine_AttackLaunch2.ogg","18869","aa7c198182b477318a628f55c9f980568c3d4e60e2d7e93f5e881b12e4f246f1"
"app/src/main/assets/audio/sfx/units/marine/attack/Marine_AttackLaunch3.ogg","17973","f1868bc948ede8bd654ed7faab965a698ed381a6480fd5724f5c552d9232d849"
"app/src/main/assets/audio/sfx/units/marine/attack/Marine_AttackLaunch4.ogg","17397","f1073957194698195725b4a42337fc8ce54622aca3ab37269f612b65d74bd753"
"app/src/main/assets/audio/sfx/units/mengsk/attack/Mengsk_TrooperAuto_AttackLaunch_01.ogg","40130","3a662b97f74ad99654666dde0ff6910d9fca832a1ea22a356ddc0558cb74afa7"
"app/src/main/assets/audio/sfx/units/mengsk/attack/Mengsk_TrooperAuto_AttackLaunch_01a.ogg","37578","6364179a9e73b1c9c5f2447b4ed3ed42cb541e883e9969ff9b437fa230e940da"
"app/src/main/assets/audio/sfx/units/mengsk/attack/Mengsk_TrooperAuto_AttackLaunch_01C.ogg","30973","609c629d8ef07979f6158395b777c0ab85765bb81c86f9a0b1e9f752988125be"
"app/src/main/assets/audio/sfx/units/mengsk/attack/Mengsk_TrooperAuto_AttackLaunch_02.ogg","28446","3d3c6cfbed788b222f04c0de075305dd48646b4298de1693b47e8285085e2288"
"app/src/main/assets/audio/sfx/units/mengsk/attack/Mengsk_TrooperAuto_AttackLaunch_02a.ogg","25119","f4e2194743958844d15e4984e6a6d29e5a92ed324fac3e3479fa6bf7cc457a79"
"app/src/main/assets/audio/sfx/units/mothership/attack/Mothership_AttackLaunch0.ogg","21056","fbbd021f74ca48d3f07f5c3d1056a8874a2d70f8218900110dc1a7edb1d7f2c8"
"app/src/main/assets/audio/sfx/units/mothership/attack/Mothership_AttackLaunch1.ogg","21852","9e892d8e962dc93b74ec845177d5588693bf0ad627ad1522886ec0a81779ee20"
"app/src/main/assets/audio/sfx/units/mothership/attack/Mothership_AttackLaunch2.ogg","29484","ab3fa2110a351dff707985b95ba18b93500905cc9dea2f520a551b4e0be996ab"
"app/src/main/assets/audio/sfx/units/mothership/attack/Mothership_AttackLaunch3.ogg","21757","3bb0d4e84de7b459bccddb03ed3bd551bfab35bc869ff6157a110fe6c0bd1361"
"app/src/main/assets/audio/sfx/units/mothership/attack/Mothership_BeamAttackLaunch0.ogg","33878","2f5b85ac1a8610707168b70bab11524f2115f2bffc9b06d8d2449b4dabcba524"
"app/src/main/assets/audio/sfx/units/mutalisk/attack/Mutalisk_AttackLaunch0.ogg","32872","1c7e40a1f8ffad79cfb3c10da5ab5f35b707d00d44271a7e5073984ba8f94d29"
"app/src/main/assets/audio/sfx/units/mutalisk/attack/Mutalisk_AttackLaunch1.ogg","30030","5a38d4abbb58945cbdcbbf4474177059cb07e68d259dc45c489dc07ba4753d91"
"app/src/main/assets/audio/sfx/units/mutalisk/attack/Mutalisk_AttackLaunch2.ogg","29372","67789b54dddb1a7201d407c8009fc94829dd13326db1458374b37a1a51bb70fc"
"app/src/main/assets/audio/sfx/units/mutalisk/attack/Mutalisk_AttackLaunch3.ogg","31520","8c463ec8ef6b79b92843e37c05953d194c5d95e94db498a824fa32e57a7c7d16"
"app/src/main/assets/audio/sfx/units/mutalisk/attack/Mutalisk_AttackLaunch4.ogg","37115","f3ac4cbc5fa08fcea4a1f991d8e2f45b6d949a4f917e9916971f6f01d025c924"
"app/src/main/assets/audio/sfx/units/phoenix/attack/Phoenix_AttackImpact0.ogg","14318","b4e8102f4e31e3770fab6ffb3025ee529870d81f828d69fe5fbae910d68a3d98"
"app/src/main/assets/audio/sfx/units/phoenix/attack/Phoenix_AttackImpact1.ogg","13097","919ca31e8ba7a6eb8fc36335a1fec8983bf607bc4c3cec33f37f34416607a908"
"app/src/main/assets/audio/sfx/units/phoenix/attack/Phoenix_AttackLaunch0.ogg","16141","53a570e3f9bd574ec3f969c4e856f9a4f23741fbc2f497ad973212a64a3e1ebd"
"app/src/main/assets/audio/sfx/units/phoenix/attack/Phoenix_AttackLaunch1.ogg","17411","b9ddc046f230115647aef374e60a034f65201a325702b74aca25f44d9bd047b8"
"app/src/main/assets/audio/sfx/units/phoenix/attack/Phoenix_AttackLaunch2.ogg","19339","c51c9786451fdf91def4390fe5bab741991c98c01ccb7871024b771b1fa7686f"
"app/src/main/assets/audio/sfx/units/probe/attack/Probe_AttackLaunch0.ogg","16894","947ec3773b00479fe6915479d843a9fed1dd0cf35cd06aed456cfaf3836f3ac5"
"app/src/main/assets/audio/sfx/units/probe/attack/Probe_AttackLaunch1.ogg","15677","3787307a6e931c46c3d62b2a248bc3e075bf35531e1b34023828938048308f7e"
"app/src/main/assets/audio/sfx/units/probe/attack/Probe_AttackLaunch2.ogg","16534","87af5bb574c4f4e2d6b5357cdc2a99d66b24236c533f46335f7264951d21e354"
"app/src/main/assets/audio/sfx/units/probe/attack/Probe_AttackLaunch3.ogg","15253","2b396545e3a94eaab179eb3f5b85cd4c2f29a4f291c2206109d266eb7eec5153"
"app/src/main/assets/audio/sfx/units/probe/attack/Probe_AttackLaunch4.ogg","13686","7677950dc4c537017d67ab2acb7eef177edbdfc46776e26d6a82063308586f30"
"app/src/main/assets/audio/sfx/units/queen/attack/Queen_AttackImpactRanged0.ogg","9603","4ed2bfe7407648f4b1ff01b088da9a1d96ec309fac394573ed17cb1c04dee296"
"app/src/main/assets/audio/sfx/units/queen/attack/Queen_AttackImpactRanged1.ogg","6874","5ab3f7390d1235e8c6d188dcc8870f7c14e55cf7751e30e46f47b8eaa941f275"
"app/src/main/assets/audio/sfx/units/queen/attack/Queen_AttackImpactRanged2.ogg","10197","660e9194371c5be2ddf3bd58895afd63d8d580a1616fc859db5a2359013a3336"
"app/src/main/assets/audio/sfx/units/queen/attack/Queen_AttackImpactRanged3.ogg","7922","df9bd265f1f63e22f1635a7bceb835676679b74c6b74844c75a05e8c5bcb4b7e"
"app/src/main/assets/audio/sfx/units/queen/attack/QueenOfBlades_RangedAttackLaunch0.ogg","20974","dd98f552c5246d2ee4c42f573630c35cb5eef3c52989aae1f11f4c5ea42c690a"
"app/src/main/assets/audio/sfx/units/ravager/attack/Ravager_CorrosiveBile_AttackLaunch01.ogg","31673","f798bed0a1ab81ce49cea69bf307df9bcdda5d407b6e0b05d16935e41e3d1f71"
"app/src/main/assets/audio/sfx/units/ravager/attack/Ravager_CorrosiveBile_AttackLaunch02.ogg","31933","9f549d17f1ac605ded5e71de1c82ad4371d40025b477004c9c04fe112eb0c222"
"app/src/main/assets/audio/sfx/units/ravager/attack/Ravager_CorrosiveBile_AttackLaunch03.ogg","34192","115a3328492e7eb15d7fb6968ca3610faa396a6cb6ad689e55d33958dc4b5826"
"app/src/main/assets/audio/sfx/units/ravager/attack/Ravager_CorrosiveBile_AttackLaunch04.ogg","33405","65e82a0806d9b9d1ce5b9a2b25c98dcdab6cd1b3b3bf72e4bea648efc09a7381"
"app/src/main/assets/audio/sfx/units/ravager/attack/Ravager_CorrosiveBile_AttackLaunch05.ogg","36202","431d0437e7e85b49e353f48b2d929476715ae09ef8728101889f17c13a0f9fb4"
"app/src/main/assets/audio/sfx/units/raven/attack/Raven_AutoTurretAttack0.ogg","21337","d6a9e78ba0f52700330325819a1fdbcbd10364b142d814821fa8949a3836f218"
"app/src/main/assets/audio/sfx/units/raven/attack/Raven_PointDefenseDroneAttackImpact0.ogg","16263","311497d618a0d2a69b9f149b3b9b0c094b8a219d703571952517154e142ac2cb"
"app/src/main/assets/audio/sfx/units/raven/attack/Raven_PointDefenseDroneAttackLaunch0.ogg","10433","1a39741e9c082544f5de61ed49dd60f075ce5c66c1ba022757c737a800bf3852"
"app/src/main/assets/audio/sfx/units/raven/attack/Raven_PointDefenseDroneAttackLaunch1.ogg","11527","844c8aede7b7bfd500fa1a7700487afc5c2b358671a3032c6678c1c62490a8f0"
"app/src/main/assets/audio/sfx/units/raven/attack/Raven_PointDefenseDroneAttackLaunch2.ogg","11179","8e9246b24628ce69d4e5065d0ca00cb4985a59b3318e806455d5d89c7f850163"
"app/src/main/assets/audio/sfx/units/reaper/attack/Reaper_AttackLaunch0.ogg","14552","0e6a6d4903fb8021e0425b728d7b9366945f9ec3bf776d76f6b2257a744e3b08"
"app/src/main/assets/audio/sfx/units/reaper/attack/Reaper_AttackLaunch1.ogg","14232","dcf6a308da45628b265a9bc5fd3e299e37f47ab93456064f66fbe59b45f29529"
"app/src/main/assets/audio/sfx/units/reaper/attack/Reaper_AttackLaunch2.ogg","14323","61f3b87e42cb89d70a97c3e33bbf9e5b6d033f12e981702e1d875a7c151f8c55"
"app/src/main/assets/audio/sfx/units/reaper/attack/Reaper_AttackLaunch3.ogg","14489","69c83f455b26672299545364406664d3c960c6ee8eedbae798389d1d2cbebd1c"
"app/src/main/assets/audio/sfx/units/reaper/attack/Reaper_AttackLaunch4.ogg","13582","5e383e9b66498e8bfbcd8721ae901d436c381b54f6f0e95e618534d627c31622"
"app/src/main/assets/audio/sfx/units/reaver/attack/Reaver_AttackLaunch00.ogg","20214","4bd39b954b61719bbafab60938d65e5d29635dbc5a493d87f2ee432529916d3f"
"app/src/main/assets/audio/sfx/units/reaver/attack/Reaver_AttackLaunch01.ogg","17196","131c17962946edcf2718892da1047aeea7eda3636b1ad01fdc6a0199cf886081"
"app/src/main/assets/audio/sfx/units/reaver/attack/Reaver_AttackLaunch02.ogg","18599","6c76c17fe1eb0a06bcc8b1f573eb059205596c1ffd971a6924064ef6713cd636"
"app/src/main/assets/audio/sfx/units/reaver/attack/Reaver_AttackLaunch03.ogg","18598","6012d967d038e14b40583ac2cc9e900e2213dac1e1e1f2f63b1c243cb978fddc"
"app/src/main/assets/audio/sfx/units/reaver/attack/Reaver_AttackLaunch04.ogg","18492","3d7581ab938182d02806b9f39106c5533277b4499c3a3a60c8fad530156546c6"
"app/src/main/assets/audio/sfx/units/roach/attack/Roach_AttackLaunchMelee0.ogg","9219","0d310939c62aac4c4c7fd4d1bad713abbdcdb9abc4ea3d177a89117514f0690a"
"app/src/main/assets/audio/sfx/units/roach/attack/Roach_AttackLaunchMelee1.ogg","10831","5ca76a3b68fa7d1477e83e100df769d0118e7e0a9e84b0bc10faaa27784d5c7e"
"app/src/main/assets/audio/sfx/units/roach/attack/Roach_AttackLaunchMelee2.ogg","10795","517414ace63e8bce83e7fc3ac6fb8c31280c9432549a394c24b81f3ac595e81c"
"app/src/main/assets/audio/sfx/units/roach/attack/Roach_AttackLaunchMelee3.ogg","11634","d11264de4614c86f9ca23c7ac4f94daf39ae51b31ce7b2bda0b1321302b6c73c"
"app/src/main/assets/audio/sfx/units/roach/attack/Roach_AttackLaunchMelee4.ogg","11850","b58afd9106af2418551b932327b379ebe9efaa3e70291c266915fd2e6afdc6de"
"app/src/main/assets/audio/sfx/units/scourge/attack/Scourge_AttackLaunch0.ogg","17906","ac7e6ac6c73da9ff9db99cebd88d3cad45f65a7fccb9f02db83e3fff2de11da2"
"app/src/main/assets/audio/sfx/units/scourge/attack/Scourge_AttackLaunch1.ogg","23154","b4d76ecc47930da770d5691350c047cae743e5eb312e0a1e987cbbea49f0e7cd"
"app/src/main/assets/audio/sfx/units/scourge/attack/Scourge_AttackLaunch2.ogg","24506","e96f6f580bfa89002499b6f479f36f689784eb662681dd6484c6d2fb4d0c75ae"
"app/src/main/assets/audio/sfx/units/scourge/attack/Scourge_AttackLaunch3.ogg","17052","3adf0782fe975a79a430a383364f534ad96f5c7dea0c2e7567f286fbaa606b8e"
"app/src/main/assets/audio/sfx/units/scourge/attack/Scourge_AttackLaunch4.ogg","23919","b6f8405b3d0140123228db83b430a10460b9cc3132c5e01ae171620d66e2b654"
"app/src/main/assets/audio/sfx/units/scout/attack/Scout_AirAttackLaunch0.ogg","20498","a2ad6b39a63a7252db4504ee7e1aae5d0e5a406dabb9f3227f1ba4cf8e3dfcb3"
"app/src/main/assets/audio/sfx/units/scout/attack/Scout_AirAttackLaunch1.ogg","20661","7055b0d0196ae410f58e1b3e80711ef1e971b23176a9f3c44d8f497c2a0bdf56"
"app/src/main/assets/audio/sfx/units/scout/attack/Scout_AirAttackLaunch2.ogg","19354","7774e65fc0719b724365f682a2a27f39d3dfcd6de58534e642805395a805e655"
"app/src/main/assets/audio/sfx/units/scout/attack/Scout_AirAttackLaunch3.ogg","19260","bf5178c953f2a23ba9416288b998b14db8e63e9d5152a071d9bd6b731c0ec5c3"
"app/src/main/assets/audio/sfx/units/scout/attack/Scout_GroundAttackLaunch0.ogg","12300","e75a366acb0d321ac0dd5b838f8739d30957f701bf6f277f39cc853b84da78c8"
"app/src/main/assets/audio/sfx/units/scv/attack/SCV_AttackLaunch0.ogg","14465","dc78d061b61fab9f74256f1f255563ccd8a755520c8692e4219c97f0eaa0df08"
"app/src/main/assets/audio/sfx/units/scv/attack/SCV_AttackLaunch1.ogg","14585","ab57c3983db11c50ddb4dd057c6a3f5df8fc22b0d9ba9598a11e361901b0b4f2"
"app/src/main/assets/audio/sfx/units/scv/attack/SCV_AttackLaunch2.ogg","14275","f42ce8edaba0bcb262ef85a81442ffd8f08bd2d8bed9fa71addbf4278332a94b"
"app/src/main/assets/audio/sfx/units/scv/attack/SCV_AttackLaunch3.ogg","16122","6f38ddae4f18901961c58f9b638208684eb6d476abb509345ba993228c14fe4a"
"app/src/main/assets/audio/sfx/units/scv/attack/SCV_AttackLaunch4.ogg","13392","216bc6667320e435972e6cac1ac8f2862d080c8a286d2461197ef3b03f88da5f"
"app/src/main/assets/audio/sfx/units/sentry/attack/Sentry_Attack00.ogg","28269","5b82287d9bf18b60e7792a2310c5ba74a222703eb82e0ec6700c0198833787e3"
"app/src/main/assets/audio/sfx/units/sentry/attack/Sentry_Attack01.ogg","28119","5b31cf0ffca1765bddb33d8242f8e2cbe6aba007c6548c81556c4ddfe1bce9ce"
"app/src/main/assets/audio/sfx/units/sentry/attack/Sentry_Attack02.ogg","29059","ce778da9b0e677110a89a29556a6a0ec3f389515d293a71ba184b63ee402d593"
"app/src/main/assets/audio/sfx/units/sentry/attack/Sentry_Attack03.ogg","28227","7a00ccd983f1ce4d48dfac7aa8325bbe5f6464ad59b2ddab5bfdd3441302fee8"
"app/src/main/assets/audio/sfx/units/sentry/attack/Sentry_Attack04.ogg","24852","95d990c2fbf8a8af16756aa075fdb7abba519073133d62224c06c5907baf1692"
"app/src/main/assets/audio/sfx/units/siege_tank/attack/SiegeTank_AttackLaunch0.ogg","12006","f2c8b972f1eb6375c36b851dec931dc9cb70365f61bd800056ea9811bc35af54"
"app/src/main/assets/audio/sfx/units/siege_tank/attack/SiegeTank_AttackLaunch1.ogg","11060","6649c0af9d5ec2a247fa69c427d473fdfee6d9c117f262acb4773e4749d36fed"
"app/src/main/assets/audio/sfx/units/siege_tank/attack/SiegeTank_AttackLaunch2.ogg","10694","db5eeadbf1e7edb9b3db0611d34bc166c58d0758d026c0eec6a1028a00ac7625"
"app/src/main/assets/audio/sfx/units/siege_tank/attack/SiegeTank_AttackLaunch3.ogg","10400","9eaf163ebf73aa300184643a028dede41d5727a46d492921aa48692bf9e88a3b"
"app/src/main/assets/audio/sfx/units/siege_tank/attack/SiegeTank_SiegeAttackLaunch0.ogg","23643","8bd80dc455c30460a3910db4e9801e198ed7185012fc4c944661816296906d32"
"app/src/main/assets/audio/sfx/units/stalker/attack/Stalker_AttackLaunch0.ogg","20455","826b7b64eec4591ddbe21014dc9ac5dc38745467aae4203746877e02d51ff467"
"app/src/main/assets/audio/sfx/units/stalker/attack/Stalker_AttackLaunch1.ogg","22238","a40443631a5021999623cd0150237fd5335270a93b0e08ac5df7743f25a1fb72"
"app/src/main/assets/audio/sfx/units/stalker/attack/Stalker_AttackLaunch2.ogg","28193","d92ce54aa66564b28862be8b64b27d20e433e7d39de4b581cc8e65df837d83b8"
"app/src/main/assets/audio/sfx/units/stalker/attack/Stalker_AttackLaunch3.ogg","11381","cea162f177799c6aa2354bf0d46382fc2f02cd85945c92570278c9cd8f8ccf35"
"app/src/main/assets/audio/sfx/units/stalker/attack/Stalker_AttackLaunch4.ogg","11182","bd4c615faaadf388b2963404816131457616c6955a92d229cbe18b3ef761ae42"
"app/src/main/assets/audio/sfx/units/stukov/attack/Stukov_Broodling_AttackLaunch_01.ogg","11499","091bc11cf085ea3a08107ea2fefc06a0449fdd9b3ba6e6c411df747f9eeb6261"
"app/src/main/assets/audio/sfx/units/stukov/attack/Stukov_Broodling_AttackLaunch_02.ogg","12011","b1b893083bc7914f7081db73f442a4cc2ced2a79af5b7b396c0e929ae086c59f"
"app/src/main/assets/audio/sfx/units/stukov/attack/Stukov_Broodling_AttackLaunch_03.ogg","11664","7f64e31c6557b27b727053382805ade9d2de658355ea440778205d1db11f7175"
"app/src/main/assets/audio/sfx/units/stukov/attack/Stukov_Broodling_AttackLaunch_04.ogg","11692","044e6650ded860d3700902118c82776d884c873b452acd0bb82c7421c4298d4a"
"app/src/main/assets/audio/sfx/units/stukov/attack/Stukov_Broodling_AttackLaunch_05.ogg","11633","7a62018935c5262eb1e19a147f9b0f25e8380fce328200351b2b2280e3f0027d"
"app/src/main/assets/audio/sfx/units/swarm_host/attack/SwarmHost_Attack_00.ogg","30224","6b478ecca431e77b37b9126e9ed85735bc647d3658c9fc90e4ccdaf861da1dd5"
"app/src/main/assets/audio/sfx/units/swarm_host/attack/SwarmHost_Attack_01.ogg","38536","273936f0055296f5609cefcebf22b1e2670f78249c33426b6917fefeaeb90258"
"app/src/main/assets/audio/sfx/units/swarm_host/attack/SwarmHost_Attack_02.ogg","25402","89a98d7eff0df6ac5b035bfec139421c32ac9de1d71c7c64821bd4267934b649"
"app/src/main/assets/audio/sfx/units/swarm_host/attack/SwarmHost_Attack_03.ogg","30209","eacf8ffc9c7c71bf4d73971906bfe9cbd40ea548da5c49e898569614dff7f5f1"
"app/src/main/assets/audio/sfx/units/swarm_host/attack/SwarmHost_AttackLaunch.ogg","61370","66ced4edccf8f95ab00864e64dd99d6ad3b8d9e064061a280dbfdc5d518b4f6b"
"app/src/main/assets/audio/sfx/units/tempest/attack/Tempest_AirAttackLaunch_00.ogg","23518","118dae2826518ccfd00a2a1b79a90c0dc199bf10f5431aab0eb137520de3e5e3"
"app/src/main/assets/audio/sfx/units/tempest/attack/Tempest_AirAttackLaunch_01.ogg","26482","95c2e64f70fc4a121e270fb089096c1079a10c573820478c52f96150329beae0"
"app/src/main/assets/audio/sfx/units/tempest/attack/Tempest_AirAttackLaunch_02.ogg","20251","64d2534e881386208222193577214e8a045c6f9db484b90787a913285746cbfd"
"app/src/main/assets/audio/sfx/units/tempest/attack/Tempest_AirAttackLaunch_03.ogg","22400","4fd8e963c60a6b74d43b4e945ab00d1fbf20770d12919734188089f8bf121ecc"
"app/src/main/assets/audio/sfx/units/tempest/attack/Tempest_AirAttackLaunch_04.ogg","24233","f751faf04e75efffb4238150e9254b1f024ac6722162c03d17ae260b0327f0aa"
"app/src/main/assets/audio/sfx/units/thor/attack/Thor_AttackImpact0.ogg","21339","0f4c4bb9bd1c5be74ebded4fb37b9fd50f603a00d3d1282165050462ddc9586e"
"app/src/main/assets/audio/sfx/units/thor/attack/Thor_AttackImpact1.ogg","22248","d72a82f53562e45c3201ce069d50a6ae1e77d918df0d52e0b4889b1bf246455d"
"app/src/main/assets/audio/sfx/units/thor/attack/Thor_AttackLaunch0.ogg","19938","4934ffdf2ccc575fe29ae8743b35b4a86a8a50aa9ce50c7a8484da87c101817c"
"app/src/main/assets/audio/sfx/units/thor/attack/Thor_AttackLaunch1.ogg","20607","b96984ad5c450974ecc7ae8bb308d048ff066678cf8e8cfd8452220d8e4ca935"
"app/src/main/assets/audio/sfx/units/thor/attack/Thor_AttackLaunch2.ogg","15448","88ce188e0a2d65a8df50011e965dad48fb4e5adca01f801742e97d6bd93d650c"
"app/src/main/assets/audio/sfx/units/tychus/attack/Tychus_Nux_Attack_Impact_01.ogg","24406","1d7ce8d58994e971b0b88485f9e96c06c283ad80d00fea02b71a098c62f6c68e"
"app/src/main/assets/audio/sfx/units/tychus/attack/Tychus_Nux_Attack_Impact_02.ogg","21975","8894f80f2764c32eedcc645b6b4adb38a330c8f44bac890aa8a20cce808cdd0a"
"app/src/main/assets/audio/sfx/units/tychus/attack/Tychus_Nux_Attack_Impact_03.ogg","24945","8d15f3e9f75d1e97013d6a79844dc443bda559d2150ffcce7ce9bc256eb87fa7"
"app/src/main/assets/audio/sfx/units/tychus/attack/Tychus_Nux_Attack_Impact_06.ogg","29419","0c2956fc9b2632d4eddf840d626a27960486d1869af499192023400d7445a9e0"
"app/src/main/assets/audio/sfx/units/tychus/attack/Tychus_Nux_Attack_Impact_08.ogg","24633","552cc28b3630ce27516b1f61f07aca22c4c00fd082b9e27b9c8c6b269fa6d957"
"app/src/main/assets/audio/sfx/units/ultralisk/attack/Ultralisk_AttackImpact0.ogg","12630","837e2d51a97c076dcdac591702955fae54d3f3985d055ed9eb423d6649e94a62"
"app/src/main/assets/audio/sfx/units/ultralisk/attack/Ultralisk_AttackImpact1.ogg","11943","9d7f9e774b6763c33cd118f42ebfcdcd8f8a084f448f1c1b492a791051359303"
"app/src/main/assets/audio/sfx/units/ultralisk/attack/Ultralisk_AttackLaunch0.ogg","10859","dc5c6d81e87876a15c84da3fd9ce8252c0f9022f4610e7a61833391a87dacb5a"
"app/src/main/assets/audio/sfx/units/ultralisk/attack/Ultralisk_AttackLaunch1.ogg","11016","6100d7180f0207dae5532ab0ec74b2a26ac84c98cc38f0cd81f3b2fe5b12a8e1"
"app/src/main/assets/audio/sfx/units/ultralisk/attack/Ultralisk_AttackLaunch2.ogg","10667","44a6ea044e97e7bf6b52f8086b35706162a35a636f7d7594f996bea43bcf0690"
"app/src/main/assets/audio/sfx/units/viking/attack/Viking_AssaultAttackLaunch0.ogg","26893","dfee6a343160cba5f50e73a376258cfcdbdbd5b4aaa73f779236a2127097de4f"
"app/src/main/assets/audio/sfx/units/viking/attack/Viking_AssaultAttackLaunch1.ogg","26392","73bcfc9ff877b84224aba9294edd805d24b23ed4a837fdeb2be72b5b1ff59e85"
"app/src/main/assets/audio/sfx/units/viking/attack/Viking_AssaultAttackLaunch2.ogg","27018","989854f92925790e0937e9c0db3ee4eecec74dabf1431980a33f7d5157b81fac"
"app/src/main/assets/audio/sfx/units/viking/attack/Viking_AssaultAttackLaunch3.ogg","27214","826d2a7374fa5d1fe69f52436968d9ef58c9cdba24c0db53f9bf0b55d80c7f04"
"app/src/main/assets/audio/sfx/units/viking/attack/Viking_AssaultAttackLaunch4.ogg","27141","acc79b8207f3510492ab673e8879a87ed8c7e0bc46116de15b4db2e285b6c070"
"app/src/main/assets/audio/sfx/units/vulture/attack/Vulture_AttackLaunch0.ogg","17898","0032413a5f342a8df7022a92e63f3b8c8a2767fe979d022fdd60f48eda9a9fcc"
"app/src/main/assets/audio/sfx/units/vulture/attack/Vulture_AttackLaunch1.ogg","17873","1eff72459f8fd36b54af04088f0873b94f65e48242c7e69997bbfe9bf97339a2"
"app/src/main/assets/audio/sfx/units/vulture/attack/Vulture_AttackLaunch2.ogg","17312","d19d31ea18dc88e3773e196c7a2e6f240468f323bb0b87cf2a0c916869b50e14"
"app/src/main/assets/audio/sfx/units/vulture/attack/Vulture_AttackLaunch3.ogg","17225","f6b4335c49aded14b2043aeb156dd4ee07aaa60987acc49a0fdebea919d92d29"
"app/src/main/assets/audio/sfx/units/warbot/attack/Warbot_Attack0.ogg","16122","e6a4c886cf28131a8254665294773c979cc41a783cd0946f4cb2cae847bd441c"
"app/src/main/assets/audio/sfx/units/warbot/attack/Warbot_GatlingGunAttackLaunch1.ogg","18083","f05b913834c188d264a79df16025675ed1b2d211653f056324b9a9bf70008951"
"app/src/main/assets/audio/sfx/units/warbot/attack/Warbot_GatlingGunAttackLaunch2.ogg","16273","6679d272bcb5237e54ab5e2b2cd9ec5082c0f3b275e43f6c0ac963ba10e6c4d7"
"app/src/main/assets/audio/sfx/units/warbot/attack/Warbot_GatlingGunAttackLaunch3.ogg","18244","373f0ec7908cdce23134903024007f9acbdb9afd6860904bfcb4902722a760ae"
"app/src/main/assets/audio/sfx/units/warbot/attack/Warbot_GatlingGunAttackLaunch4.ogg","22758","1b72302519a71ee9e6f3e536215e0416945513734899b7286fba88838df360e5"
"app/src/main/assets/audio/sfx/units/warp_prism/attack/WarpPrismTaldarim_AttackLaunch01.ogg","12383","fe48b034935c41c2d652a7223c2e0bc5ecbc430f09bd383b621174b7b91621d5"
"app/src/main/assets/audio/sfx/units/warp_prism/attack/WarpPrismTaldarim_AttackLaunch02.ogg","12411","c7398209031aa961da7dee4f757670264c31341538e849fdeeaf57eb9a233ac1"
"app/src/main/assets/audio/sfx/units/warp_prism/attack/WarpPrismTaldarim_AttackLaunch03.ogg","13849","203b32a78b17581441ad758fab70b6533c0f458a3c03b4c1c8584cb17f7f607e"
"app/src/main/assets/audio/sfx/units/warp_prism/attack/WarpPrismTaldarim_AttackLaunch04.ogg","12849","d1d5b5b8593fd572a4bf3e5a24e4f7a997844a8e12797f50e5872c40f1c7536d"
"app/src/main/assets/audio/sfx/units/warp_prism/attack/WarpPrismTaldarim_AttackLaunch05.ogg","14690","19fc3b1c0b4057a2b152d5be72bbb952edbd0261b1262e7d96cf2b1ab0810736"
"app/src/main/assets/audio/sfx/units/widow_mine/attack/WidowMine_Attack00.ogg","10230","0d63d4734bfa6c60ddf16650f6aaf70e833beab09261546840107582a3d7f6ce"
"app/src/main/assets/audio/sfx/units/widow_mine/attack/WidowMine_Attack01.ogg","10668","02f30c05de48a029ed7ed173a3985495c6b06c3c88aae6d24112543102e2846d"
"app/src/main/assets/audio/sfx/units/widow_mine/attack/WidowMine_Attack02.ogg","12674","3dca96e214d13f94eb1cef5a3cdd28b4851a8c195076e2bbbc4c4ca923dc9de0"
"app/src/main/assets/audio/sfx/units/wraith/attack/Wraith_GroundAttackImpact0.ogg","8987","d565524279b1a1d16e7c433a3258e1ed28292ba869317d60f2160acf7f29e2c0"
"app/src/main/assets/audio/sfx/units/wraith/attack/Wraith_GroundAttackImpact1.ogg","8527","83894e015d547ca1667605e7561526387b7b6f3bcac6b172d9b43058cb542fad"
"app/src/main/assets/audio/sfx/units/wraith/attack/Wraith_GroundAttackImpact2.ogg","7960","739dc2f19e5d2235c85766099c380acaf7257bfe4fd4124680d014bff0a1b685"
"app/src/main/assets/audio/sfx/units/wraith/attack/Wraith_GroundAttackImpact3.ogg","8163","f7fc4ea85c562e79c8f00aad5b9216be88bd82c9d757038efc21ddd172e63b87"
"app/src/main/assets/audio/sfx/units/wraith/attack/Wraith_GroundAttackImpact4.ogg","8310","5a19497a7318c431c693fa3f40d6fd01afe6c9e547501085138250128ff7c21f"
"app/src/main/assets/audio/sfx/units/zealot/attack/Zealot_AttackLaunch0.ogg","13448","65423c33de98b1cb71513680c0107ce8bd02c439b587827397d159c656577882"
"app/src/main/assets/audio/sfx/units/zealot/attack/Zealot_AttackLaunch1.ogg","14039","2890669cb99b5876ee0622ee05d211481686bd65f3ec8b8b3009f37b8b758890"
"app/src/main/assets/audio/sfx/units/zealot/attack/Zealot_AttackLaunch2.ogg","13491","9241d135778434bcc1821e828cc5c153f421d3bb8b43e47c7de55be12f6aa4f4"
"app/src/main/assets/audio/sfx/units/zealot/attack/Zealot_AttackLaunch3.ogg","13940","c563ca240993bf857261c455883da738c761f6e8a7d281367c646745bc848663"
"app/src/main/assets/audio/sfx/units/zealot/attack/Zealot_AttackLaunch4.ogg","13857","e16e7151fb94b28fb0189e003ae959125d09ce11ef01b3d50f113cc582006528"
"app/src/main/assets/audio/sfx/units/zergling/attack/Zergling_AttackLaunch0.ogg","13159","425afae7773e02010a9361cad66a181ce3aa06681771fd99914e3050ae596312"
"app/src/main/assets/audio/sfx/units/zergling/attack/Zergling_AttackLaunch1.ogg","13868","458416a6c6a1f0925a941f0f9eac21b3c923e1fde4d481de82bb7daba896adc3"
"app/src/main/assets/audio/sfx/units/zergling/attack/Zergling_AttackLaunch10.ogg","13713","82c8e72f58e6e7a0cd6ef7fb98513b64e6782ef6790331c9a86e8559a551f227"
"app/src/main/assets/audio/sfx/units/zergling/attack/Zergling_AttackLaunch11.ogg","13502","2361fb3ff703374bd8f11118b278e25e7c0090d0cff7b46483fe14ddec499b4a"
"app/src/main/assets/audio/sfx/units/zergling/attack/Zergling_AttackLaunch12.ogg","11489","7d625340dc4bf87aec4884cb5f2be13c796a64ac25b8b3cfe755c72c251b0b44"
"app/src/main/assets/audio/special_states/neural_parasite/banshee/death/Banshee_NeuralParasiteDeath00.wav","46140","be6da0bc383b8266dcc615805e72198de05700b1e266b1fd3f8d8b113ea7c19a"
"app/src/main/assets/audio/special_states/neural_parasite/carrier/death/Carrier_NeuralParasiteDeath00.wav","89660","eb6478dbf15c27c7d481f9a4b12a9a3102e2e65596920e64baaeb45872551630"
"app/src/main/assets/audio/special_states/neural_parasite/goliath/death/Goliath_NeuralParasiteDeath00.wav","56636","838c4c66d64b3d43168c2248af8ea1c9f2e936d10da788aafda1cb96498bc962"
"app/src/main/assets/audio/special_states/neural_parasite/hercules/attack/Hercules_NeuralParasiteAttack00.ogg","32697","c16381c1668d0ea6ef4d6506f74f42a7f181090af70ea178fbe340702dca40e3"
"app/src/main/assets/audio/special_states/neural_parasite/hercules/attack/Hercules_NeuralParasiteAttack01.ogg","31860","6e4625786e950b06276625d1dc64d7beed481ffd167753df6e026847fda31e03"
"app/src/main/assets/audio/special_states/neural_parasite/immortal/death/Immortal_NeuralParasiteDeath00.wav","90684","a1538752576296c0860343882bdb43692c3beedce829fefdd21f2285457f4a46"
"app/src/main/assets/audio/special_states/neural_parasite/void_ray/death/VoidRay_NeuralParasiteDeath00.wav","81980","2b8a5a3c36f51142297364936fa8293906fe46f2ead7ecf71ffbc32a2d7fc2a8"
"app/src/main/assets/audio/ui/gg_ceremony/Lowko_EndGameWon00.ogg","21671","9638ff5dd161e5b929e9a6700cd0969e43f33dfcd9ca20fb4943f1ceb70f9239"
"app/src/main/assets/audio/ui/gg_ceremony/Lowko_EndGameWon01.ogg","22077","c82cefe1ac6c27ff86f04538219fca9ac7243862914e9c363d64e6eab10b1c1c"
"app/src/main/assets/audio/ui/gg_ceremony/VorazunA_GGWin04.ogg","62850","8be4f9036b973d29d031efa69ec7d4c0df691b83d16f1da7cc812b574286669c"
"app/src/main/assets/audio/ui/gg_ceremony/WinterGamingA_GGWin00.ogg","14266","4f44bf3eeb3ada7b5faa5b505dc2dad8359d13a2df5822abaad663417af6287d"
"app/src/main/assets/audio/ui/intro/button_beep.wav","27874","f97129b0db83b76c3d14570cd6af11cf1fa232e8d02d47105266a1d539412ac6"
"app/src/main/assets/audio/ui/intro/door_close.wav","98828","c6936f2f0f506c46623967f3d7b88aaf6b7251b7d682120e4308f2eaffcde6df"
"app/src/main/assets/audio/ui/intro/door_open.wav","169758","eb5188e71a8e072f24c454bd669d89e62d7eea54169c0848991f3d60ec212d2d"
"app/src/main/assets/audio/ui/intro/gg_door_close.wav","207348","582b455a062c7da77da3618013622596a7247108254f6b562bfd151ff58939ed"
"app/src/main/assets/audio/ui/intro/gg_door_open.wav","169758","c27197479e2aae467def830d6ff45be68e427cb3512211d2b12496d0e7e458ec"
"app/src/main/assets/audio/ui/intro/welcome_corridor_ambience.ogg","973952","e11bee35779e0810cd90d21d3f22275025a2184e54266db496f8088ea37e22d9"
"app/src/main/assets/audio/ui/intro/WELCOME_LAUNCH_AUDIO_MANIFEST.csv","972","af72a1c51974b6ccbe5d95620444703b14418c9aa2d6c5c6d78d8c40856f6e1f"
"app/src/main/assets/audio/ui/intro/welcome_spark_crackle.wav","17212","488384d46f92032bc0a38547c89a10329405863a6c3f09dfa1c07f6f329d4f95"
"app/src/main/assets/audio/ui/match_intro/faction_opening/protoss/Adept_Attack02.ogg","24909","9efa2c96f981d82aac2ecb26ec357a2439331c7bb5b09ed053f0bd2883c03297"
"app/src/main/assets/audio/ui/match_intro/faction_opening/protoss/Artanis_Ready00.ogg","39941","24a2d56955f3efb96ac2f0a82537f5eb807a9649a461fb7bc1fbdef18e58c4f9"
"app/src/main/assets/audio/ui/match_intro/faction_opening/protoss/Artanis_Yes03.ogg","36176","1396a3671f14d221be7b0e42fe7875563b66beb9ec5cc8fe539c57e54ece4f5f"
"app/src/main/assets/audio/ui/match_intro/faction_opening/protoss/Carrier_What05.ogg","25543","3a52e8249642d1835e16ea1b0b856b42dc691834de74608a61ab6bca469cb35c"
"app/src/main/assets/audio/ui/match_intro/faction_opening/protoss/Carrier_Yes01.ogg","28429","d5169ee32e46c1a9f5f45741296e9309e41356e5875b2861bfd552d7e4cd2d17"
"app/src/main/assets/audio/ui/match_intro/faction_opening/protoss/Carrier_Yes05.ogg","27143","767cde37ceb704cae1df9e9cad739eb205aa7ced3f10ba4e1076b39b0a848d8e"
"app/src/main/assets/audio/ui/match_intro/faction_opening/protoss/Corsair_What00.ogg","32900","9d9a222d7513068344c4a4f3da752ec596f97e5f7f5d1a91fd677dcfe6814254"
"app/src/main/assets/audio/ui/match_intro/faction_opening/protoss/DarkTemplar_Ready00.ogg","35284","7c6853f1ce1769da9f4791d0e6378e28453e10f965738295f447e8a102048e27"
"app/src/main/assets/audio/ui/match_intro/faction_opening/protoss/Fenix_Attack00.ogg","18025","6b4d088dfdfd77d90c6fe767a6ea578f786e30b33a981a5a9d3b083280373846"
"app/src/main/assets/audio/ui/match_intro/faction_opening/protoss/FenixDragoon_What03.ogg","26122","dabe853861330a06de555555e43a6f9df16dd87adf066b8c53db36dca55751ba"
"app/src/main/assets/audio/ui/match_intro/faction_opening/protoss/Kaldalis_What03.ogg","26733","ed42a1dedbfb2c358acbb0f2b866039bbbb888bdd303f5a39e0f7c693129cad2"
"app/src/main/assets/audio/ui/match_intro/faction_opening/protoss/Kaldalis_What06.ogg","28324","4cab9af1a90232688ee93a5fab3aa3aa825d8bf3ee4a274b15528c6517f3fbb8"
"app/src/main/assets/audio/ui/match_intro/faction_opening/protoss/Karax_Attack01.ogg","41431","a32e87e81ec835a31be887b4456185e2abe5abc666c8573a3a7ba614b01752c7"
"app/src/main/assets/audio/ui/match_intro/faction_opening/protoss/Selendis_Yes04.ogg","32200","bb8f4283ad4033b025c97b3db0c9d8868554fe86d23a746d6f0651cbe1f923d1"
"app/src/main/assets/audio/ui/match_intro/faction_opening/protoss/TempestVoid_What05.ogg","39466","426f7d5bc0d21ba53c44b0fa5aaea3b39bf03f86e1833b5876553bb0af39a948"
"app/src/main/assets/audio/ui/match_intro/faction_opening/protoss/Zealot_Attack04.ogg","23912","3aeb72c8a12113f0a401575d7128872e7a9afb1246107bac4aadf058fd96572e"
"app/src/main/assets/audio/ui/match_intro/faction_opening/terran/Battlecruiser_Attack00.ogg","38971","baa11e36d2a4fa66061b0c91c9d101d5fbe9a328064f32a540d1c320944d267e"
"app/src/main/assets/audio/ui/match_intro/faction_opening/terran/Battlecruiser_Ready00.ogg","38810","207c580f98f2b433108178a0bc4805c2539b43225ec692c35380d11ba220513f"
"app/src/main/assets/audio/ui/match_intro/faction_opening/terran/Cyclone_Attack01.ogg","33930","e3614e62a9b5e4401cc5f0db448efed122421b1dc87eb5c54a5e1e1aa115e352"
"app/src/main/assets/audio/ui/match_intro/faction_opening/terran/Firebat_Yes03.ogg","25034","4ec39f838c1dc08cded453b39574df933715a6cf696090e6803523f7f7fae4a2"
"app/src/main/assets/audio/ui/match_intro/faction_opening/terran/Hellion_Ready00.ogg","36994","58ce839047a88e0df6b7bd6a049232bb6a9cb464f9ecc9dac6ad65fa401bdc4d"
"app/src/main/assets/audio/ui/match_intro/faction_opening/terran/Marauder_Yes04.ogg","17517","89c4e5084970fd56405c1e9291bceb0cf045226e7c948c26cddbfd904fc48544"
"app/src/main/assets/audio/ui/match_intro/faction_opening/terran/Marine_Attack07.ogg","22096","f200241d3d531188a6fd9e1fdae95d63403735813a7cd5a5be6c92cef21e0e18"
"app/src/main/assets/audio/ui/match_intro/faction_opening/terran/Reaper_Attack00.ogg","22956","8823126f64bf24e270c0c841086d7217eae82fac0102428dc5870b432f79633c"
"app/src/main/assets/audio/ui/match_intro/faction_opening/terran/SiegeTank_Attack02.ogg","47409","329c0fe82ca20053ce81a9642694fe7820a60a5ff595bb0442406e9e79edb834"
"app/src/main/assets/audio/ui/match_intro/faction_opening/terran/SiegeTank_Ready00.ogg","40541","87d6eeae70f1f766147d6d221c8a9451cc2c574c934512db3c1f0677806e1195"
"app/src/main/assets/audio/ui/match_intro/faction_opening/terran/Thor_Ready00.ogg","28458","805242a354fc2698d721b47345924a65f9a89ad660adb2c598d8001c084aa728"
"app/src/main/assets/audio/ui/match_intro/faction_opening/terran/Viking_What02.ogg","26429","a3c7bf089590b77a28c389a6f9a650f24dc0449c0dd9b180ed21c1ef20a3c01d"
"app/src/main/assets/audio/ui/match_intro/faction_opening/terran/Viking_What03.ogg","26333","63f55ad9be900176810d60e3c86348385c9397823dcbe07bf8ffb40fb7d4c98b"
"app/src/main/assets/audio/ui/match_intro/faction_opening/terran/Viking_What04.ogg","24958","dfd673f38f3436ab4235ae41e5656a95919dbc93f296da51dfd567c5e96f5fe3"
"app/src/main/assets/audio/ui/match_intro/faction_opening/terran/Wraith_Attack02.ogg","17059","1980a68915a0eb703d223e4bd976f76b0b800ea7759afec2317ff6db19ef3b4a"
"app/src/main/assets/audio/ui/match_intro/faction_opening/zerg/DehakaCommander_Ready01.ogg","37470","49d1ac36822b4fc64afedab6afcd0292f0a15eb197bb68f92310298ccaf1f102"
"app/src/main/assets/audio/ui/match_intro/faction_opening/zerg/Kerrigan_Attack00.ogg","63795","ed992412a52600d0fcfd453fb4d928943d8314d4c722819f7805708950e05e76"
"app/src/main/assets/audio/ui/match_intro/faction_opening/zerg/Kerrigan_Attack03.ogg","63609","0e66e731afa61ec3f8ccd8fe6d92a8fce6613efec031976c2b07c2155ed89f6b"
"app/src/main/assets/audio/ui/match_intro/faction_opening/zerg/Kerrigan_Ready00.ogg","62380","f069c04e97707f693f855a7b4a4d0f5251524fc4ee97de0008ec8311f462d3be"
"app/src/main/assets/audio/ui/match_intro/faction_opening/zerg/ZagaraHero_Attack00.ogg","30528","9c9046ad45e335385ee9bf9ea4d3a73e02740b78dbecf85f717b7ef34ea1961e"
"app/src/main/assets/audio/ui/match_intro/faction_opening/zerg/ZagaraHero_Attack01.ogg","24019","5cfcced0ae4f4e1d53a3dacf02e8eb932f729f8d7769d63a9b0787d16f491f31"
"app/src/main/assets/audio/ui/match_intro/faction_opening/zerg/ZagaraHero_Attack03.ogg","27289","dcbd44aa0a30412e226841b7d1441a5715e61ea1ee6fde050b5e84577a6ea3d1"
"app/src/main/assets/audio/ui/match_intro/faction_opening/zerg/ZagaraHero_Attack04.ogg","31304","238fd7e2ce09a312cb03ae35a2b925a050bd8231cb39748189521aa4c8233634"
"app/src/main/assets/audio/ui/match_intro/faction_opening/zerg/ZagaraHero_What02.ogg","25427","fa4d933b94525764b89dd1847fc8828deb299312f89d0ca36cdbae4a2716e59d"
"app/src/main/assets/audio/ui/match_intro/faction_opening/zerg/ZagaraHero_Yes02.ogg","30075","75c2dd31b5d1104b910e4ed9aefaf0b795cdd2e19518a5c35dcd8a59450458c9"
"app/src/main/assets/audio/ui/match_intro/faction_opening/zerg/ZagaraHero_Yes04.ogg","27637","688b4daa61fe6f1abd9dd0d228ea2c3f96fda1443920035dba74f7390da8f25d"
"app/src/main/assets/audio/ui/match_intro/game_start/Day9_StartGame00.ogg","31581","dcb0a8a667f87275e863d5f5b55702f3029ccded8b184db4e053117456c8f0aa"
"app/src/main/assets/audio/ui/match_intro/game_start/Day9_StartGame01.ogg","42415","282cc8fdae600cbaa44f9e358f27956e234bdd79a00f37f7b17bd484aee8d79f"
"app/src/main/assets/audio/ui/match_intro/game_start/Day9_StartGame02.ogg","19480","4e6ec219422aac3abe79fb38e0b29ce98220edd44630df88a2797e63e917c98a"
"app/src/main/assets/audio/ui/match_intro/game_start/HornerHanAnnouncer_StartGame00.ogg","42472","9ecfdc7f2ff9fb5f2b6313f173f87506eb0958ff9dcb46fd7ae3a585bed00cba"
"app/src/main/assets/audio/ui/match_intro/game_start/HornerHanAnnouncer_StartGame01.ogg","43097","4e118687bcf615a21338f6df53e2c838591b2fc281e216c31c18d60ef5510674"
"app/src/main/assets/audio/ui/match_intro/game_start/HornerHanAnnouncer_StartGame02.ogg","49659","d612fbc59866800977e2a3145e125f481ff04193bc6e150ec62ca23d5516c2e7"
"app/src/main/assets/audio/ui/match_intro/game_start/MengskA_GoodLuckHaveFun00.ogg","61244","ded66b01bca03fb6c757e5d773715080f7311a9bce21e189c35b864d4abe7b96"
"app/src/main/assets/audio/ui/match_intro/game_start/MengskA_GoodLuckHaveFun01.ogg","46828","9273993b0a6bbdff8cec977f08b66a78ad991c2f7d646ebac3f3fd5244ad6758"
"app/src/main/assets/audio/ui/match_intro/game_start/MengskA_GoodLuckHaveFun02.ogg","57823","a4101eb508f0391cecf010d6ef13ca314f58257404cf4d9fd0ca1dcdb8452607"
"app/src/main/assets/audio/ui/match_intro/game_start/NathaniasA_StartGame00.ogg","26725","fb71e1fbae4ba1be3922de1ba94ca67a7a5befa7efb3f6e3a3c02ce9e46af5c9"
"app/src/main/assets/audio/ui/match_intro/game_start/NathaniasA_StartGame01.ogg","27911","9dc1a6609549483ccaab27b6daae18f8ca23839c43da5959ea4dc5fdaac1f534"
"app/src/main/assets/audio/ui/match_intro/game_start/StetmannA_GoodLuckHaveFun00.ogg","56166","e8a2f145ea91dcf16b813bd7e5ca100c0fb209e6fba2f51fd3b91d7886fe6508"
"app/src/main/assets/audio/ui/match_intro/game_start/StetmannA_GoodLuckHaveFun01.ogg","64364","a4c4fbe21bba7303b430093eb64f761ba52d720aae381beeab70a327707eab52"
"app/src/main/assets/audio/ui/match_intro/game_start/StetmannA_GoodLuckHaveFun02.ogg","44797","bcc10fe296737fb53c9a8f6abbb6e375795d800dd8842ef913648ae01caca35f"
"app/src/main/assets/audio/ui/match_intro/game_start/StoneAnnouncer_StartGame01.ogg","20382","ddcbc677eaf92cdc2e5b27495d5f6d5b4a447d8cbac177c0be1ddd2c0ce44fd4"
"app/src/main/assets/audio/ui/match_intro/game_start/StoneAnnouncer_StartGame02.ogg","25877","7f1e72f6826d8ae2641a6fa28a6c56b6ceb0c10e81c70ed19b9e9ecdac3587c5"
"app/src/main/assets/audio/ui/match_intro/game_start/TychusAnnouncer_StartGame01.ogg","29536","f3d52229a934c532dd94e725815fece0682ea77a68c49c2c233a04c2d2ccfadd"
"app/src/main/assets/audio/ui/match_intro/game_start/TychusAnnouncer_StartGame02.ogg","53223","18d61f6b9b1c44a385409ad87974ebb2835561246c8a68d87232e57d5d644572"
"app/src/main/assets/audio/ui/match_intro/game_start/WhiteRa_Announcer_GoodLuckHaveFun00.ogg","32030","7f6da56541cc5590334a025fa6228dc469b2ee301532201eb05c5a36526fe31f"
"app/src/main/assets/audio/ui/match_intro/game_start/WinterGamingA_GoodLuckHaveFun00.ogg","27779","6bfaa2c9874bdf1831ab180111f513ce9af94df989fcad83972071c347e3ebdc"
"app/src/main/assets/audio/ui/match_intro/game_start/WinterGamingA_GoodLuckHaveFun02.ogg","47835","a4e2433bd8fdefd6996f05a14b25c97fcc41e4da718dd45619382d9619d5ed64"
"app/src/main/assets/audio/ui/match_intro/game_start/ZeratulA_StartGame00.ogg","55022","0c5ef512646c43c8878ff883680a033ef83674750b14d2f748a7f4fb19d5d49a"
"app/src/main/assets/audio/ui/match_intro/game_start/ZeratulA_StartGame01.ogg","44210","6d7decb1c7d2a3306f4b9fa0e8a873832b7f0164bd1d43d02e193e77f15aa251"
"app/src/main/assets/audio/ui/match_intro/game_start/ZeratulA_StartGame02.ogg","66810","9bf26e5d8b454aa41e1f3df34b7b9a5a82e757243bf4a01e96aeb5197e74841b"
"app/src/main/assets/audio/ui/match_intro/glhf_literal/Day9_StartGame03.ogg","29046","1e78eb5770408e14fd44fa1da7583d1400a1eb105ab2ba2ab83402fe652e0dc7"
"app/src/main/assets/audio/ui/match_intro/glhf_literal/iNcontrolA_StartGame00_ALT.ogg","53775","c4f6680e505a12bd7363d33ffff1eab618215abb6e5acd41f44325ee97817325"
"app/src/main/assets/audio/ui/match_intro/glhf_literal/iNcontrolA_StartGame00.ogg","36074","afb025d3380a380ccb95611e4ba6daa34148bde4758b8204b5c9d389d7dfb86a"
"app/src/main/assets/audio/ui/match_intro/glhf_literal/Lowko_GameResumed01.ogg","20528","b5e26f4495bf2e2b8b380852bde203f2ec16aaa350eb85c35913a9f07d0f5d80"
"app/src/main/assets/audio/ui/match_intro/glhf_literal/Lowko_StartGame00.ogg","23013","3974303cfb0a611d8fe795c8aab6fd4a2e25b028b0680c236e1447f885b39dc7"
"app/src/main/assets/audio/ui/match_intro/glhf_literal/Lowko_StartGame01.ogg","27178","2e7d998004d297549c93d53df525d5a8b7009417f4991882b30f73a19a71c5d4"
"app/src/main/assets/audio/ui/match_intro/glhf_literal/Lowko_StartGame02.ogg","18941","106c42c2a216da9bea5976c78e2c2af012f7e6d492d5ac4fa2038e6de6279cae"
"app/src/main/assets/audio/ui/match_intro/glhf_literal/StoneAnnouncer_StartGame00.ogg","23684","539f84c1568b5205f136b33a0b318c996d48ec00776607ff3f0777acfc545b11"
"app/src/main/assets/audio/ui/match_intro/glhf_literal/TastosisArenaCrowdA_GoodLuckHaveFun00.ogg","60173","a9b07a0433abfaee39ec25624a8ba4274d488f963834bc9900709e02d356c52f"
"app/src/main/assets/audio/ui/match_intro/glhf_literal/TastosisArenaCrowdA_GoodLuckHaveFun01.ogg","59135","1d6f4d0ec945a46e2f826737d6ebbd6b9ac5ac3588426825229481f09d183948"
"app/src/main/assets/audio/ui/match_intro/glhf_literal/TastosisArenaCrowdA_GoodLuckHaveFun02.ogg","61188","2d92c32e60fc6fd71cc031bdcfdf9bd20f5bdb4517a87318d2b93f07d28b0254"
"app/src/main/assets/audio/ui/match_intro/glhf/Day9_StartGame03.ogg","29046","1e78eb5770408e14fd44fa1da7583d1400a1eb105ab2ba2ab83402fe652e0dc7"
"app/src/main/assets/audio/ui/match_intro/glhf/iNcontrolA_StartGame00_ALT.ogg","53775","c4f6680e505a12bd7363d33ffff1eab618215abb6e5acd41f44325ee97817325"
"app/src/main/assets/audio/ui/match_intro/glhf/iNcontrolA_StartGame00.ogg","36074","afb025d3380a380ccb95611e4ba6daa34148bde4758b8204b5c9d389d7dfb86a"
"app/src/main/assets/audio/ui/match_intro/glhf/Lowko_GameResumed01.ogg","20528","b5e26f4495bf2e2b8b380852bde203f2ec16aaa350eb85c35913a9f07d0f5d80"
"app/src/main/assets/audio/ui/match_intro/glhf/Lowko_StartGame00.ogg","23013","3974303cfb0a611d8fe795c8aab6fd4a2e25b028b0680c236e1447f885b39dc7"
"app/src/main/assets/audio/ui/match_intro/glhf/Lowko_StartGame01.ogg","27178","2e7d998004d297549c93d53df525d5a8b7009417f4991882b30f73a19a71c5d4"
"app/src/main/assets/audio/ui/match_intro/glhf/Lowko_StartGame02.ogg","18941","106c42c2a216da9bea5976c78e2c2af012f7e6d492d5ac4fa2038e6de6279cae"
"app/src/main/assets/audio/ui/match_intro/glhf/StoneAnnouncer_StartGame00.ogg","23684","539f84c1568b5205f136b33a0b318c996d48ec00776607ff3f0777acfc545b11"
"app/src/main/assets/audio/ui/match_intro/glhf/TastosisArenaCrowdA_GoodLuckHaveFun00.ogg","60173","a9b07a0433abfaee39ec25624a8ba4274d488f963834bc9900709e02d356c52f"
"app/src/main/assets/audio/ui/match_intro/glhf/TastosisArenaCrowdA_GoodLuckHaveFun01.ogg","59135","1d6f4d0ec945a46e2f826737d6ebbd6b9ac5ac3588426825229481f09d183948"
"app/src/main/assets/audio/ui/match_intro/glhf/TastosisArenaCrowdA_GoodLuckHaveFun02.ogg","61188","2d92c32e60fc6fd71cc031bdcfdf9bd20f5bdb4517a87318d2b93f07d28b0254"
"app/src/main/assets/audio/ui/match_intro/glhf/VorazunA_GoodLuckHaveFun00.ogg","50031","730bbc9c118204631e9de3311c9a6430db8a3fe694f2b2a2a06df09e5d9aa204"
"app/src/main/assets/audio/ui/match_intro/glhf/WinterGamingA_GoodLuckHaveFun03_ALT.ogg","31164","fd8a08db9e70f61f3b44f565762108f4279a4c532b3eb9ee6ab6039641c2ef56"
"app/src/main/assets/audio/ui/match_intro/glhf/WinterGamingA_GoodLuckHaveFun03.ogg","40802","bba65d249f1732ea09cfce0f73fb290bf34b00caa1b6b00ee90e76f09e7e9b80"
"app/src/main/assets/audio/ui/match_intro/match_intro_registry.csv","11663","9bf5ba9b0a7e24335374c97ba0d621bb25cb85f1b10633616a77e3fa267555f9"
"app/src/main/assets/audio/ui/match_intro/R18_OPENING_GLHF_MANIFEST.csv","18328","7f874c1c1bd99c3465d69789fe4d66e4a7bb568ec9e494c34175c0d3e05a250b"
"app/src/main/assets/audio/ui/result_audio/neutral/Day9_EndGame01.ogg","15931","74d024428c1647f08f1c1d46ad5cc5efdedcb516ba13673042d474a80e3e8bfe"
"app/src/main/assets/audio/ui/result_audio/neutral/iNcontrolA_EndGame00.ogg","31861","d45c5aab6b9c4250744793f911d73b09daf2f715fe1c6feb19532ef7df0d3ae9"
"app/src/main/assets/audio/ui/result_audio/neutral/NathaniasA_EndGame00.ogg","15660","28877290132eb698ff7ce8bc6c8157440b70909284036a82bf89c4bfd075e21e"
"app/src/main/assets/audio/ui/result_audio/neutral/NathaniasA_EndGame02.ogg","28857","429d21ad6d371f6005df2944203c14efca0ac8774b2a5edbd541b751873ffdd3"
"app/src/main/assets/audio/ui/result_audio/neutral/scboyA_EndGame00.ogg","28189","505dcfd8da005554eb6187b087eb76cb0bfe3110efbcebd33feed14db3d4917b"
"app/src/main/assets/audio/ui/result_audio/neutral/TastosisArenaCrowdA_GGWin01.ogg","78433","257fd2e3140c0cc2a97f13afa77e410d736a80f0b1519a6c705d57916a6c386a"
"app/src/main/assets/audio/ui/result_audio/neutral/TastosisArenaCrowdA_GGWin02.ogg","73644","0d0e6d3414026210dd156cb359132aaeb6625462771a14e3664519addfa2869c"
"app/src/main/assets/audio/ui/result_audio/neutral/WhiteRa_Announcer_GGWin00.ogg","36052","7cac797fdcb2f1118da7ba885edfacf5c288db8612dc7c5c05c445b32bcf121e"
"app/src/main/assets/audio/ui/result_audio/neutral/WhiteRa_Announcer_GGWin02.ogg","26786","e14987755ee158faa9022c83e7271ea6efe2de02ed87f13f66a2dbea9c141d29"
"app/src/main/assets/audio/ui/result_audio/neutral/WhiteRa_Announcer_GGWin03.ogg","45121","8dbd143ee66724ee7ea9b213c1f360112072cd104f6bcabeecfb2374aca57fe8"
"app/src/main/assets/audio/ui/result_audio/neutral/WinterGamingA_GGWin01.ogg","30917","20b7a0e9534188cfa9b9775a618b19c350a2136773511fd71c756a30c26468f4"
"app/src/main/assets/audio/ui/result_audio/neutral/WinterGamingA_GGWin02.ogg","30051","740dc36700e36d2c4b6044848f996904344cf1861b6269176e0c5483e7e9d17f"
"app/src/main/assets/audio/ui/result_audio/neutral/WinterGamingA_GGWin03.ogg","42548","2045e8ebf274d87fa6544ae5ee13cb91ffcedf2aa72798454da1471a73a2b459"
"app/src/main/assets/audio/ui/result_audio/neutral/WinterGamingA_GGWin04.ogg","40255","0e0f7b4d9e07a18438c121961cb1d5f2caf5bbbed774dd320246ede4520d011c"
"app/src/main/assets/audio/ui/result_audio/protoss/VorazunA_GGWin00.ogg","36388","bb48a7e8255a604b388bc04520045fcec2760d7612d737b0bf2824ebd8dd32ef"
"app/src/main/assets/audio/ui/result_audio/protoss/VorazunA_GGWin01.ogg","33892","88ac4bf6451dd7629142c76602ce3361cae52e586ec2dff9f20cd7fcf482fd86"
"app/src/main/assets/audio/ui/result_audio/protoss/VorazunA_GGWin02.ogg","39836","4bfc53570b4e4645a89c28e3585b24fa8b8aed9b6e69dab0bffb6db919b7daf4"
"app/src/main/assets/audio/ui/result_audio/protoss/VorazunA_GGWin03.ogg","35768","540a02d11f0d345665b99c1e629a3b4806da8b9629783ac40cb175fcbbaeeed4"
"app/src/main/assets/audio/ui/result_audio/protoss/ZeratulA_EndGame01.ogg","58110","a4623a114f78d6053c2af26f5a5faa73e560254b60cfe145e05d6861b140b2f5"
"app/src/main/assets/audio/ui/result_audio/terran/HornerHanAnnouncer_EndGame03.ogg","62834","00a46f072db21b0de057db1f5683b70430f9fe023811eed96840691c4ba3d982"
"app/src/main/assets/audio/ui/result_audio/terran/MengskA_GGWin00.ogg","55771","37212fe8704bb32c31e31c30f6a794362b1c548adc571018f44b64cbee44d5bf"
"app/src/main/assets/audio/ui/result_audio/terran/StoneAnnouncer_EndGame00.ogg","54904","a07f7b14e8bae0e5b4c1db5d791c866b660c9e46289eb23c0d9ba0715a271af9"
"app/src/main/assets/audio/ui/result_audio/terran/TychusAnnouncer_EndGame00.ogg","40026","40e961335b688a6452e62dbb225f4dd984a9324ed61f22e530c7721f809f8de5"
"app/src/main/assets/audio/ui/result_audio/tie/HornerHanAnnouncer_EndGame02.ogg","86820","82f5f70e6211ab6a606753849c7a31666222f1ca0246319996d7074dc7d8d1bc"
"app/src/main/assets/audio/ui/result_audio/tie/TychusAnnouncer_EndGameTied00.ogg","61229","a84e90acf2d2df7c5f45878411f4e2bc63e1647c0eacb39eeba0a4d9f2c683f8"
"app/src/main/assets/audio/ui/result_audio/tie/ZeratulA_EndGameTied00.ogg","79293","01d7a568a074538a8ba600237068d7e3e408b112ae64e35386e8c5bc287c98a4"
"app/src/main/assets/audio/ui/result_audio/zerg/acVictory_Abathur_053.ogg","45270","32125cc92dc7d28a696805e397a61e3a083d591fd994c52529ad258e2c1d1f31"
"app/src/main/assets/audio/ui/result_audio/zerg/acVictory_Abathur_054.ogg","55655","50296106ace63b913197b8ad95276494a82fd07ba6657d2d49628c994baa59fc"
"app/src/main/assets/audio/ui/result_audio/zerg/acVictory_Abathur_055.ogg","57108","e7ae2e4535a8b4da5e24e388c5cc7e06bd6142c978f19fb5a4e469df58077a84"
"app/src/main/assets/audio/ui/result_audio/zerg/acVictory_Abathur_056.ogg","45638","c2a34f05761af791e2f58460380c8c4127bde4886298aeac25a57faed7dfa61b"
"app/src/main/assets/audio/ui/result_audio/zerg/acVictory_Abathur_057.ogg","70510","5171d7c2985f0aebc661f239a23c5fadd1f688605dc16c54915c3fdb8e1f3348"
"app/src/main/assets/audio/ui/result_audio/zerg/acVictory_Abathur_058.ogg","47523","b6b35fe4af388613fefed894757b02bf2c30be1fbc10c48e96a7dafe476a41a3"
"app/src/main/assets/audio/ui/result_audio/zerg/acVictory_Dehaka_083.ogg","66171","ecfde4506959057f61f1da321205f029ed5fafeee9a78a0b009022a599c756d8"
"app/src/main/assets/audio/ui/result_audio/zerg/acVictory_Dehaka_084.ogg","41710","a34272490fb690e081dfaa9e9476c8d8f05abe35442d7e848b2d1064dfba8129"
"app/src/main/assets/audio/ui/result_audio/zerg/acVictory_Dehaka_085.ogg","51581","1287895a37e9cc89283c4c0fc3828864fc67a7bdd6bd340f1ac0ce640a80c75b"
"app/src/main/assets/audio/ui/result_audio/zerg/acVictory_Dehaka_086.ogg","40256","5b3efef94004bfe5e11d599aab3f28212394b1f7fc28389e45a37015e901df64"
"app/src/main/assets/audio/ui/result_audio/zerg/acVictory_Dehaka_087.ogg","56865","7150da1b34ee013dd2d99585a6090aa72c0c06d7e920224066e7cd2d36b2dd01"
"app/src/main/assets/audio/ui/result_audio/zerg/acVictory_Dehaka_088.ogg","74627","dd0d8c2c6e69ed14d449fb9f09e4a9b002aa63fc16459d03a927aaf700f48a92"
"app/src/main/assets/audio/ui/result_audio/zerg/acVictory_Kerrigan_006.ogg","19294","bd6c8abc374893cc01686a5ff47d481aba1bdb08edeaa6cf14b563c4a1a024d1"
"app/src/main/assets/audio/ui/result_audio/zerg/acVictory_Kerrigan_007.ogg","15400","f7bbc4ac217d3cb2f524d48b43ff106dde31050dd0ea6c7afcc470ee08e8c18d"
"app/src/main/assets/audio/ui/result_audio/zerg/acVictory_Kerrigan_008.ogg","18532","a8f051e5e7ee78d731161e263b9adaaa1d5fa0140013ab9a9e55d4c8b6ebf71f"
"app/src/main/assets/audio/ui/result_audio/zerg/acVictory_Kerrigan_009.ogg","12735","7e65bf3e1151ce0f092746ae175bf3694764c5eee40efa5206753011a356a217"
"app/src/main/assets/audio/ui/result_audio/zerg/acVictory_Kerrigan_010.ogg","18532","5f9969cb9098a55911338093b4eeb95ae65015d2bd8a1a7fd65f22e70ae00501"
"app/src/main/assets/audio/ui/result_audio/zerg/acVictory_Kerrigan_041.ogg","11276","5485f01dc81731ed086b8a82c7a2c010b31b204804fa03bf8d3849eb65688af4"
"app/src/main/assets/audio/ui/result_audio/zerg/acVictory_Zagara_031.ogg","49851","b9d42511901eb8fccaf6be4508c60d6b56b4e4adc5ea47f32012e79d5bb09989"
"app/src/main/assets/audio/ui/result_audio/zerg/acVictory_Zagara_032.ogg","45452","f51457125c739eb01e03f6c019d0b6bd2c1e459cbcfaa3947dc83f2b52872749"
"app/src/main/assets/audio/ui/result_audio/zerg/acVictory_Zagara_033.ogg","26819","c5a64a3ca853a2e1616135eb2c279b923df5dd4885b84bc1b834afe8a3c6ab3e"
"app/src/main/assets/audio/ui/result_audio/zerg/acVictory_Zagara_034.ogg","32787","e109a0e7a473d2a2eb50cf9c61d808e7b457879e17ce0f622d813cffe1ddaea8"
"app/src/main/assets/audio/ui/result_audio/zerg/acVictory_Zagara_035.ogg","38452","cacf3f210f5d57e9d810f510897f2d8c1d7972349c78f4be2a09d74443786921"
"app/src/main/assets/audio/ui/result_audio/zerg/acVictory_Zagara_037.ogg","22105","2d696de230e823cadfb5e56ec634cd1fe33e6ccd4a183d2a602b4af04b6b5b1a"
"app/src/main/assets/audio/ui/result_audio/zerg/StetmannA_GGWin00.ogg","45710","49938031ac34c7fe7ce6d542cbc26d5db1ee399b6edd721cc63302470444769d"
"app/src/main/assets/audio/ui/result_music/draw/UI_Stinger_DefeatPanelGeneric.ogg","180741","dc43e6fb33dc82a28b7af18681a61dc77f7108fb9797a41c4275a43385a5d916"
"app/src/main/assets/audio/ui/result_music/protoss/Music_Void_Victory_01.ogg","390386","075554c936ab7307fc6e5e17958f57227c3d63f9cf0df8762d7d8f4ed6b57b6d"
"app/src/main/assets/audio/ui/result_music/protoss/Music_Void_Victory_02.ogg","395438","66b23afd9c1e35fe36dffcb1381c6209c7e388afcf06f9eba7e1553d579dac22"
"app/src/main/assets/audio/ui/result_music/protoss/Music_Void_Victory_04.ogg","737872","4a32d73e08462ad1243bd464b9849ac7ac05a2738f4371dbabecdfec18a11d12"
"app/src/main/assets/audio/ui/result_music/protoss/Music_VoidPrologue_VictoryScreen_01.ogg","990224","877b4668aaf7d791ed60e294d18cd476ba4f5fdde601b140690982a926eb6a43"
"app/src/main/assets/audio/ui/result_music/terran/ZSwarm_Music_TerranVictoryNew.ogg","930976","a4d3d41723d03f6cd9358f9d3f8010713a6218f23d56f53048622d7dd6460681"
"app/src/main/assets/audio/ui/result_music/victory/UI_Stinger_VictoryPanel01.ogg","193850","e47f267fc16ca5f10921ef5cae96da20cfed05ad98e29d5b5764503beb1cd414"
"app/src/main/assets/audio/ui/result_music/victory/UI_Stinger_VictoryPanel02.ogg","110681","9fdf37e53a4b4691036986364c3d3f3034ea715d329ceb50fe18fd2843f3dfc4"
"app/src/main/assets/audio/ui/result_music/victory/UI_Stinger_VictoryPanel03.ogg","168983","59d869cb9d79117f5fae1d2cacb35aeef02b4cc48d8d5989b9e15fa060368f94"
"app/src/main/assets/audio/ui/result_music/zerg/Music_DarkVictory_Full.ogg","1015028","13df0834f90dc18c6b280478d07bcb9aa9c12a33d72b62b78c08af959c499576"
"app/src/main/assets/audio/ui/result_music/zerg/ZSwarm_Music_CutsceneVictory6.ogg","1321931","6fa6465142be4d4a6d61f73a173366c1c1817a8496b465e516cfa1d8c1649639"
"app/src/main/assets/audio/ui/result_music/zerg/ZSwarm_Music_DarkVictory_LiveFull.ogg","1042725","6460e47ccb43fc9e17703fe09db767dc6829344facf99801e001b50c492543c2"
"app/src/main/assets/audio/ui/tie_endgame/Lowko_EndGameTied00.ogg","19710","93079ec245c6b81be9d263e28c3cdab23d6bf42c470c1f0a4e3f6a35671431ad"
"app/src/main/assets/audio/ui/tie_endgame/Lowko_EndGameTied01.ogg","35396","df4d2c0b5d92f9deaf85639ce9d1fb9c86f04d87a6bc9d7b5d77022317e5f19e"
"app/src/main/assets/audio/ui/tie_endgame/MengskA_GGTie00.ogg","68002","eac71e3a6fa87279b43a14ea2984d267ebf5d179703336d480b35533706b4ac2"
"app/src/main/assets/audio/ui/tie_endgame/StetmannA_GGTie00.ogg","34946","5ef17be08ab83d62c722faf208deda1d5e1ca27bd49effd1611ec9604b1a4f56"
"app/src/main/assets/audio/ui/tie_endgame/StoneAnnouncer_EndGameTied00.ogg","48758","141b8a9e14dab5c2315e4c1023fb100a0003129b400d63b49e50ae5f9c8163c3"
"app/src/main/assets/audio/ui/victory_endgame/generic/NathaniasA_EndGame01.ogg","22674","78f06c4bcaf2713bf4e383a03f5a30604d51670dd0c6be2c0f912ba662890269"
"app/src/main/assets/audio/ui/victory_endgame/generic/WhiteRa_Announcer_GGWin01.ogg","43525","c93d538e78d068ea6c6728e66315859b58e2ddf8accc738b5a2bc1591d2cf9f6"
"app/src/main/assets/audio/ui/victory_endgame/protoss/ZeratulA_EndGame00.ogg","70811","4d7891962a723d7b29e0b1d5b23bb2562cba27f68664ca830080fd822d440e61"
"app/src/main/assets/audio/ui/victory_endgame/terran/HornerHanAnnouncer_EndGame00.ogg","88207","c28b465417dcc355b71036d0a4e97f6f1867a469d8cc83545226e134a628f55f"
"app/src/main/assets/audio/ui/victory_endgame/terran/StoneAnnouncer_EndGame01.ogg","53828","da2e75ffd951ec3f0262f34dd9e40c5afe5476f8a01891a896fe09276f78598a"
"app/src/main/assets/audio/ui/victory_endgame/terran/TychusAnnouncer_EndGame01.ogg","56347","3632532f97bcf2905ce69e7b587a9f14d9db512c5e8b47fb0e9470609d51dee6"
"app/src/main/assets/audio/unit_voice_sha_dedupe.csv","64372","4c532dae1123e56864a452fedabf749b88b8739f9f4ead408d858e0b90de3e88"
"app/src/main/assets/audio/units/aberration/attack/Aberration_Attack_02.ogg","31307","24fdaff7be387df573f17db59991a6e299088999f4e1c567ce97a859b1d993ac"
"app/src/main/assets/audio/units/aberration/attack/Aberration_Attack_03.ogg","32677","22ede89a5156afbb7b6c7ce4b253b7cc8f480fbd4acc998d4069c9cdef57edad"
"app/src/main/assets/audio/units/aberration/attack/Aberration_Attack_04.ogg","34523","114f9bd6cdd97227c483191532832c5cde5b01cd95d4b8bcf49416b79324f12f"
"app/src/main/assets/audio/units/aberration/attack/Aberration_Attack_05.ogg","44638","4762fdc217b1f06e9dfa756520f4c2d2c0305e2495668b1c0810db5051096cbd"
"app/src/main/assets/audio/units/aberration/attack/Aberration_Attack_06.ogg","39372","404a7528b57f56e90d00c89163eefb5fc1f8fa2c6ff43006ddb0856bcff7bd0a"
"app/src/main/assets/audio/units/aberration/attack/Aberration_Attack_07.ogg","39634","ce563677974b1a0970c1b3af983464bb5927e812a99c3c0183ed3e4425b28fc0"
"app/src/main/assets/audio/units/aberration/attack/Aberration_Attack_08.ogg","39340","98ee8ac6082bf60621abbce2478d42686870ac9090b0c35c6c533183d17049e4"
"app/src/main/assets/audio/units/aberration/death/Aberration_Death_01.wav","67644","34e18ef9bed46d08dc1cca30747ddfe5963e70a3928477aed2f294e260db71c3"
"app/src/main/assets/audio/units/aberration/death/Aberration_Death_02.wav","58940","b93eec68316a01e8d573f5902639374185dd9966183c68c9775c814ef3fb49d5"
"app/src/main/assets/audio/units/aberration/death/Aberration_Death_03.wav","61244","ce5b97f93bc4a1782dabae93ebce7945e37dea85ed4b4ce71c21b7b0648ea0b2"
"app/src/main/assets/audio/units/aberration/death/Aberration_Death_04.wav","73532","4f0f0cc1cb6fbd1e3332573cc9051834ebe6ea3c59b2d64d7b2ac77978fc3079"
"app/src/main/assets/audio/units/aberration/deploy_move/Aberration_Yes_00.ogg","30031","d1e06b55b330711de23d0df86ef3746b47fb588443112f945aed06009589991b"
"app/src/main/assets/audio/units/aberration/deploy_move/Aberration_Yes_01.ogg","37583","8c1e7c08ab48cd4e4300157102816264307fc3301ca743f54f903b40145832e1"
"app/src/main/assets/audio/units/aberration/deploy_move/Aberration_Yes_02.ogg","27805","4ea58c01813e2d48e1e8ee1379e7901aca7d67bf62f220f5672674d0ab2b0268"
"app/src/main/assets/audio/units/aberration/deploy_move/Aberration_Yes_03.ogg","48016","bb6eb608f98a73e193dd04032dc9e16360efe6b129e5fa03ed373ce70ad3d012"
"app/src/main/assets/audio/units/aberration/deploy_move/Aberration_Yes_04.ogg","39002","cc60306f709b79f093c8301960850c44b2f617521df1aed539bb8c7fd7f51643"
"app/src/main/assets/audio/units/aberration/deploy_move/Aberration_Yes_05.ogg","38265","003251a835729d781b2f753e42868a1109ee4d6fee9b9103b81daba55d37b7c0"
"app/src/main/assets/audio/units/aberration/deploy_move/Aberration_Yes_06.ogg","29379","b62b0b5bb3e6063500f33abf17ed745b3985cb19296647b410eedf3297d886f9"
"app/src/main/assets/audio/units/aberration/deploy_move/Aberration_Yes_07.ogg","36834","88f20aa6f3437aeda93a865612e62d0058860e49554e21903c78077deef05422"
"app/src/main/assets/audio/units/aberration/deploy_move/Aberration_Yes_08.ogg","39453","c5fb967e7ec98f947d11b4fe6a50079c4995f39b291d559ecae6c3f6355d6789"
"app/src/main/assets/audio/units/aberration/deploy_move/Aberration_Yes_09.ogg","38810","4601e41156a60b4749c8e3e95052068318cc13a6477ec12ffd17d630f47125fb"
"app/src/main/assets/audio/units/adept/attack/Adept_Attack00.ogg","26740","4ad270a861d05773af00632237ae5e1f33cebad5792574923effa8e0b29b1189"
"app/src/main/assets/audio/units/adept/attack/Adept_Attack01.ogg","28444","6199036f761645f833379a9c12589d3c702d622d34af79f25f90d46e285b3efb"
"app/src/main/assets/audio/units/adept/attack/Adept_Attack02.ogg","24909","9efa2c96f981d82aac2ecb26ec357a2439331c7bb5b09ed053f0bd2883c03297"
"app/src/main/assets/audio/units/adept/attack/Adept_Attack03.ogg","29349","b71e46ab1551cd4c181c20175bdea0317325f583d3519892c22f741d0973d643"
"app/src/main/assets/audio/units/adept/attack/Adept_Attack04.ogg","30754","b7650c145317c7d3bcfad03dd06ea6e307c0e461d6d01d074c904e010bd50d34"
"app/src/main/assets/audio/units/adept/attack/Adept_Attack05.ogg","20151","00b095a5637174740942fae1c21ecfeec392703fcb92087c74b42bde9a91cca6"
"app/src/main/assets/audio/units/adept/attack/Adept_Attack06.ogg","22620","4a6d3d7b7b5efa1a2418a099aa12dd82a27fff60e60caf327b33aa6d53e29c9e"
"app/src/main/assets/audio/units/adept/attack/Adept_Attack07.ogg","21086","da2c19a7af4323095688b5f2f92af0ed02a437a9d2199521c51103aa76bb0fbe"
"app/src/main/assets/audio/units/adept/chatter/Adept_Pissed00.ogg","29256","a4993efd657456266cc357b2c35b9dedebe977f4e39d5dbd9af72f96dac13001"
"app/src/main/assets/audio/units/adept/chatter/Adept_Pissed01.ogg","42923","d568f72790c347412320d0cc7fbadc120e700daa27d40e5137b30bbc283b1efb"
"app/src/main/assets/audio/units/adept/chatter/Adept_Pissed02.ogg","75209","12f6c2cb5e8bf289679c80edfb37fdac845c1ec5b0283591dddf1d29f15b4129"
"app/src/main/assets/audio/units/adept/chatter/Adept_Pissed03.ogg","51523","36b54351364a1cb6c471fcd1532cd6dae7cc50d04b3eb78043d0682f8ddc8d52"
"app/src/main/assets/audio/units/adept/chatter/Adept_Pissed04.ogg","36297","314b9ddd1eed4a2abe45c2f3f21771ce2fed4c337034f5ce07d655e5dc8f21e0"
"app/src/main/assets/audio/units/adept/chatter/Adept_Pissed05.ogg","134637","c48925bfc31326f2f9c4335b28e6d4264f93afe8c9b54b8cfced09b09920a6f4"
"app/src/main/assets/audio/units/adept/chatter/Adept_Pissed06.ogg","65633","9e656346c3240b410d85e89938c782a79441f5c6a980fa903248111b8b046b2f"
"app/src/main/assets/audio/units/adept/chatter/Adept_Pissed07.ogg","69023","123397253b2b80fd4f88bb26a9854f7aa0a45406a4ed0318688daa304770a70a"
"app/src/main/assets/audio/units/adept/chatter/Adept_Pissed08.ogg","56931","18c7a79872b8f21c3fbc8cb4a9af579c63034f8760416eff3a80d8a5848b53c4"
"app/src/main/assets/audio/units/adept/chatter/Adept_Pissed09.ogg","83893","0310e13e152e2aacadb3fb1b6d0e592a70a33b7998c222293b542e6dcd2df5dc"
"app/src/main/assets/audio/units/adept/death/Adept_Death00.wav","40764","03fb3883496333be7a9221ad930b3b55b771da312aa03a525e3d59375bcab846"
"app/src/main/assets/audio/units/adept/death/Adept_Death01.wav","45372","719800b456b32021db1c2280b946313c8ea37d1e7f891529f4d7e01e292f95cb"
"app/src/main/assets/audio/units/adept/death/Adept_Death02.wav","57404","0d5e17bbf857a9463a592f42432db6ec3554707d7d1a59821eafabf7650ab6aa"
"app/src/main/assets/audio/units/adept/death/Adept_Death03.wav","60220","782eefe154954517749f1b1fcee7108251482722b844fd4515bb2d48630f3186"
"app/src/main/assets/audio/units/adept/deploy_move/Adept_What00.ogg","21310","5ef1558d67951798d6042e24f7232530f20a1a86ea15fb66d1424ec40da96c6c"
"app/src/main/assets/audio/units/adept/deploy_move/Adept_What01.ogg","25285","376153695c4dbe9de94cd2272e4b13c5159bf49dde3d1d02d499fa0023d27f2c"
"app/src/main/assets/audio/units/adept/deploy_move/Adept_What02.ogg","30186","e0e6fd5cee512498d1e9c21c3df04f79afa97895859de50444d925067dd0f6b4"
"app/src/main/assets/audio/units/adept/deploy_move/Adept_What03.ogg","23202","1e3a7bbf75fb622af6df615f96612bfc99e5ca92bb00bb877bcd73bf4cf9d4b2"
"app/src/main/assets/audio/units/adept/deploy_move/Adept_What04.ogg","20165","965cdb08865b82ca3523117cb946cd205cfc81284739d62a70c0715ef8d0c9c0"
"app/src/main/assets/audio/units/adept/deploy_move/Adept_What05.ogg","23751","7b67d6dd8fe44942e2db76161fdafaf07ec0a1bea767a56dfa0310621ecd3644"
"app/src/main/assets/audio/units/adept/deploy_move/Adept_What06.ogg","25930","c63b49b3b73700ac157ffb2e65e3df161c02ff937e6b41acc27691a4f62bd9e4"
"app/src/main/assets/audio/units/adept/deploy_move/Adept_What07.ogg","24780","c877290bb2812bc48217fb0cc7639872b5f126edf3643c0ddcefe6d6325cd5a1"
"app/src/main/assets/audio/units/adept/deploy_move/Adept_Yes00.ogg","29541","7df21754067e5c7852c4710c6f67c20552fa7de13e03f26b77fbd9f30193ed7d"
"app/src/main/assets/audio/units/adept/deploy_move/Adept_Yes01.ogg","20501","18a2cfb1e696f01b2437be807d1d58c265044b4d86fa7903e2b831cfb96baa72"
"app/src/main/assets/audio/units/adept/deploy_move/Adept_Yes02.ogg","26760","b6584bd6135aa1843d4db9490ed8dbbaa98f80620bd3223106a027320b20aa97"
"app/src/main/assets/audio/units/adept/deploy_move/Adept_Yes03.ogg","25405","10fb8ebafcb3db4285b4d31f43a5c3f5a842eaaad9b9ae78d1289fa02ff95bfc"
"app/src/main/assets/audio/units/adept/deploy_move/Adept_Yes04.ogg","27266","b9313e0131fe8d328b80c95e72aa4fb885b32e4f0ea3a09660046a63fe3f506e"
"app/src/main/assets/audio/units/adept/deploy_move/Adept_Yes05.ogg","17840","73ce6db60c21ec8494aa47d7fa0eb639101bd972c3ca1efd243641851e40968e"
"app/src/main/assets/audio/units/adept/deploy_move/Adept_Yes06.ogg","18195","3e038225451e304c3544d3efe65a69e9c3266dd65c5d507add49ae84d3738657"
"app/src/main/assets/audio/units/adept/deploy_move/Adept_Yes07.ogg","14312","b327a3ed39ed16d9e0e2ebf4ac401b268f857357d71edbc371a64cbf687736e1"
"app/src/main/assets/audio/units/alarak/attack/Alarak_Attack00.ogg","34861","f01c5ead2b550c33deb318681a401147cbcc5a093707167444a1972c636eae96"
"app/src/main/assets/audio/units/alarak/attack/Alarak_Attack01.ogg","44098","41e0dd59434585db6dcb9907a168f38603ef8628c1d9cded0f34f71a7f347481"
"app/src/main/assets/audio/units/alarak/attack/Alarak_Attack02.ogg","44666","ed119c1eb26bf32c85e81c99100bf4da5524cb2bff0a67a3a852c0d87ca613ed"
"app/src/main/assets/audio/units/alarak/attack/Alarak_Attack03.ogg","42542","6f5b4ef48ef4cd63cd642db97a7fcb5614e189be1264e542becb69fb006b87fb"
"app/src/main/assets/audio/units/alarak/attack/Alarak_Attack04.ogg","25273","06f0861a74c904628f7292c2e17192a7ff64386bc6ed26187764a8a18aa48e66"
"app/src/main/assets/audio/units/alarak/attack/Alarak_Attack05.ogg","46553","7c42fdaf858634fe60851fdb280c7d77693b3dcab287f6a3c54ff62822c04f4e"
"app/src/main/assets/audio/units/alarak/attack/Alarak_Attack06.ogg","36736","95d960d79809d22246ee4b1367742e93a19423c51c9058876f3b8a1c9b27dac8"
"app/src/main/assets/audio/units/alarak/chatter/Alarak_Pissed00.ogg","71960","3a75f2c6f88001bcc92545ec806a35f62a240edc7cb7f229c6c3bbd13318e4ed"
"app/src/main/assets/audio/units/alarak/chatter/Alarak_Pissed01.ogg","73681","ae7648fecfcaff8ef861a1a5f432c84edb6370cee9cdba9ab10fc95ad553d831"
"app/src/main/assets/audio/units/alarak/chatter/Alarak_Pissed02.ogg","117849","d36bf4a921f4d9241baeeac448cbbc5a50c651f3c2858e6cec8d849a1a95e4e9"
"app/src/main/assets/audio/units/alarak/chatter/Alarak_Pissed03.ogg","76172","b55b1573ad685d1e0318b6420be415ea67562dd2e8ff39edb46ed2ba8d7c4aed"
"app/src/main/assets/audio/units/alarak/chatter/Alarak_Pissed04.ogg","103722","038175b7a5b4084fd6c52ff6558c9f7bfc622df0e2abdbc44b1520228d32de15"
"app/src/main/assets/audio/units/alarak/chatter/Alarak_Pissed05.ogg","125345","3e2a87a2039f92e72e5aac266bf029c4a527d6974b603776977531e83e15c6b6"
"app/src/main/assets/audio/units/alarak/chatter/Alarak_Pissed06.ogg","163221","9927ace1215a2af050ccb7c4c221bc9927ad39824cfc5c1adef7bd6867b42bfb"
"app/src/main/assets/audio/units/alarak/chatter/Alarak_Pissed07.ogg","185381","a4de08b0230d43995f80e68b26b152db1724caa0510b08cc8cc1669b5966d3bf"
"app/src/main/assets/audio/units/alarak/death/Alarak_Death00.wav","187964","0d8fe9b03967dafacaa57b9d9baa6ba7d85aa7356f1ea982d5cb8dc0564500cc"
"app/src/main/assets/audio/units/alarak/deploy_move/Alarak_What03.ogg","17890","230171d61c11388cb294afebc3deea997ed93918f336efabee20d1f111d564c3"
"app/src/main/assets/audio/units/alarak/deploy_move/Alarak_What04.ogg","37520","b0ca13a2fcb36d6c178e14f2004dec9a01edd77fdffc23309fb6ef45639cab27"
"app/src/main/assets/audio/units/alarak/deploy_move/Alarak_What05.ogg","33753","e726c0bdf35e22c58bfd2b430db00d5c602b59751eb36895f45f3426ea6b18e4"
"app/src/main/assets/audio/units/alarak/deploy_move/Alarak_What06.ogg","34778","d9bf7f6606272dfb8f3f05c280641da2de1137e8f811eceb63cf95fa3ea98340"
"app/src/main/assets/audio/units/alarak/deploy_move/Alarak_Yes00.ogg","32537","e401a0be31867e3c0155c54cd53a480dc5a46c7aedb6bf46dec129c2db0bb79c"
"app/src/main/assets/audio/units/alarak/deploy_move/Alarak_Yes01.ogg","33096","ffce635c34cf2f5b5e1a476cc4648e5b0e59bed2cb665564554562754a57ece1"
"app/src/main/assets/audio/units/alarak/deploy_move/Alarak_Yes02.ogg","29592","2f4423545ae6a1ea1aada5bcbbbb06916c7b8a689795941430afea8c1dc182a3"
"app/src/main/assets/audio/units/alarak/deploy_move/Alarak_Yes03.ogg","46968","8b91eaa6a77f44dda2e7dcc86bc85ac0ddf36dbe57ff3225c2e6275c49688a99"
"app/src/main/assets/audio/units/alarak/deploy_move/Alarak_Yes04.ogg","42857","8e59d5a1e54ac95d309ca564a64a05d126a90a1446e0de1dc53a2aa5cdc39a45"
"app/src/main/assets/audio/units/alarak/deploy_move/Alarak_Yes05.ogg","32557","79260ff9db2335e59b7b26e0cd693aae548873f0caab04e2d0be8ee1656ab995"
"app/src/main/assets/audio/units/arbiter/attack/Arbiter_Attack00.ogg","26729","454c4613c2b48cc3065acb02e967802f667a7d6cab0d0af59cd7d879932a4b61"
"app/src/main/assets/audio/units/arbiter/attack/Arbiter_Attack01.ogg","23250","d436c7626759aea0971623ab5e101aea02d8fb1fd04d099c50fa6628cf95f903"
"app/src/main/assets/audio/units/arbiter/attack/Arbiter_Attack02.ogg","28096","a28ca285df28c22f06c548ab1bc0c13e6242762ef91775678876ce65f8d11b27"
"app/src/main/assets/audio/units/arbiter/attack/Arbiter_Attack03.ogg","18278","9ed29b7f454a4927794c028b50c9501850790943a50540b6e4c9cb67faddf2d4"
"app/src/main/assets/audio/units/arbiter/attack/Arbiter_Attack04.ogg","18679","e2b3477f49fa0c9cfb72fe1a62760c5314e853a06111df7b06789285c21afdd7"
"app/src/main/assets/audio/units/arbiter/attack/Arbiter_Attack05.ogg","32286","9a5bb446fea95aac03af12d6bd9a0b73ba2bbde09ebd46b10326d0e9e98d0218"
"app/src/main/assets/audio/units/arbiter/attack/Arbiter_Attack06.ogg","30409","66f6bbfa3b71e5e79bb4db9a31bd9756291b7b1b9ae13657cf388b73c0050b57"
"app/src/main/assets/audio/units/arbiter/chatter/Arbiter_Pissed00.ogg","45828","22bbd67429b8e499b99dfa22bcc41178b4add6a39cb01cecf3621992e81ca754"
"app/src/main/assets/audio/units/arbiter/chatter/Arbiter_Pissed01.ogg","89815","9eee8c3af83bab11f5f4e5a58abb7d7ea24d71a7d8d9285e22f2d1142e8da928"
"app/src/main/assets/audio/units/arbiter/chatter/Arbiter_Pissed02.ogg","102468","ad298116fa8070c6cc8af5ff125f7b4a4e2ab699110d84982888e143dbb112df"
"app/src/main/assets/audio/units/arbiter/chatter/Arbiter_Pissed03.ogg","40765","e53e20605e936d00f145afa4cadc4624f6de06fd9a2296c128d703550e772e61"
"app/src/main/assets/audio/units/arbiter/chatter/Arbiter_Pissed04.ogg","143965","01056e0f0aef79804f80496a30ee6d7ce9e1cf87e6f405d2f98ff6d25fa0b328"
"app/src/main/assets/audio/units/arbiter/chatter/Arbiter_Pissed05.ogg","64384","ad69b8234a5d9aa8a9d69c9fc3a3e72c1bfe55b7c39260daaaccfe7dfc181e5f"
"app/src/main/assets/audio/units/arbiter/chatter/Arbiter_Pissed06.ogg","108353","414c6b76b7b9bc36c63da23c7f8b6bb1d7dc9e51f3bfdcf91db8bd7279eb1e2f"
"app/src/main/assets/audio/units/arbiter/deploy_move/Arbiter_What05.ogg","24598","6ffffba8aa8b29bcc9d845abb00f4a0722a7556e1a03a85e9dc17d325e917479"
"app/src/main/assets/audio/units/arbiter/deploy_move/Arbiter_What06.ogg","24213","95779c76472cb4198f180546149507c30db248df2f5550192169b9960be69426"
"app/src/main/assets/audio/units/arbiter/deploy_move/Arbiter_What07.ogg","31070","789d4281ae6ed6fe3f2874758d9e98afceb277297b0ab5343662182b07ca1f12"
"app/src/main/assets/audio/units/arbiter/deploy_move/Arbiter_Yes00.ogg","18851","40ca39259833e9390c8d0efb8abbbc68e4f517ce0602e19d42dfa8788160f7e4"
"app/src/main/assets/audio/units/arbiter/deploy_move/Arbiter_Yes01.ogg","22522","796d6274ad604061ab66622b2d9e289734458b0ffd5d26eed5023d4ee03a8f41"
"app/src/main/assets/audio/units/arbiter/deploy_move/Arbiter_Yes02.ogg","15015","9aef4713f8758afb8db6bd3f4903e1c52153711565fc56b4c84b9c0e3a0f5181"
"app/src/main/assets/audio/units/arbiter/deploy_move/Arbiter_Yes03.ogg","26336","d0651d958207018fca3319d23db43bbc386c025fb8ed24e2871a09ac543a7506"
"app/src/main/assets/audio/units/arbiter/deploy_move/Arbiter_Yes04.ogg","24337","6f6908d6e6f50c3619a3e0853a413595dd51921e9f76e8070bee03d115734b83"
"app/src/main/assets/audio/units/arbiter/deploy_move/Arbiter_Yes05.ogg","23681","0c70ff84d17f589e2e0641129aebee0541d26ed3abe21eb702cb6288ea415ed2"
"app/src/main/assets/audio/units/arbiter/deploy_move/Arbiter_Yes06.ogg","22470","81581aa7ae324ac919f80556fdb245faee36de2eeed430da6cd562aa0e2a6a3a"
"app/src/main/assets/audio/units/archon/attack/Archon_Attack00.ogg","28406","c896338338a70fc70b2bfad33ef25ed371c5e12662b7655219a6b99c31f1a477"
"app/src/main/assets/audio/units/archon/attack/Archon_Attack01.ogg","26362","03a061bd325b1668c535afdbc7144523f27c593ffaa47c23b01e1db36b151df1"
"app/src/main/assets/audio/units/archon/attack/Archon_Attack02.ogg","31131","c5b484122d209e3eb865e203808cebd79d18de5d967da246452df2c2aca8d7c5"
"app/src/main/assets/audio/units/archon/canonical/0bf4917bb3d55cba__Archon_Ready00.ogg","47659","0bf4917bb3d55cba561e35b536bfabea3e1f7bdedb9b558e206d2b6a230c9ccd"
"app/src/main/assets/audio/units/archon/chatter/Archon_Pissed00.ogg","54046","1f1d200ddd9b088b26462e358ca205060f3c4aa31896873ab21d7f7ac130e318"
"app/src/main/assets/audio/units/archon/chatter/Archon_Pissed01.ogg","38892","d85e91f081c95641ecf1472fe5a6e6783c782395707762e008149d1349bc977a"
"app/src/main/assets/audio/units/archon/chatter/Archon_Pissed02.ogg","38188","a016aa645c1d8820fb8e543724093a8fd64cee42cd04732d391ffe06a1149a51"
"app/src/main/assets/audio/units/archon/chatter/Archon_Pissed03.ogg","41341","980ab92ee200dd5da7dc06fde30de3783e3e726d3671b542b5417548ae03c2d4"
"app/src/main/assets/audio/units/archon/chatter/Archon_Pissed04.ogg","38955","22c0beaec2a3acfb1c1c5f54687f99a38750b3f918e3c08cd67b857dcae80027"
"app/src/main/assets/audio/units/archon/chatter/Archon_Pissed05.ogg","64551","42feb1f1f109ed1259c93dbe6e1a6f2245d4661476f93de87c8d152df2451020"
"app/src/main/assets/audio/units/archon/chatter/Archon_Pissed06.ogg","80234","8b2fa1a58cc0335df5c7e75715582e80f78de3921d88ce421771c8523657a2a5"
"app/src/main/assets/audio/units/archon/chatter/Archon_Pissed07.ogg","61938","4b7b1ddcb572955b4c9f2f23ef064bb8a31142f5e46daa11faaf95fb2047c727"
"app/src/main/assets/audio/units/archon/chatter/Archon_Pissed08.ogg","52543","de59d87b08af34fb8962edeb04d17ad30696558451ca423a76c6812e9769f5a1"
"app/src/main/assets/audio/units/archon/chatter/Archon_Pissed09.ogg","89381","7ff557eacb3410cc1db99d54ffea61f4967871aa9a4f2f461aec49c3ff60c109"
"app/src/main/assets/audio/units/archon/death/Archon_Death00.wav","70204","ba7430dfbd6580206e957b8b7868d1ec5693523c00b3bb0b28d1820c1c4f9190"
"app/src/main/assets/audio/units/archon/death/Archon_Death01.wav","60988","dc2d13324573f76b290c7ac598c9beb2e3ee197d7d9caef461685d670f0aba8c"
"app/src/main/assets/audio/units/archon/death/Archon_Death02.wav","63804","60cee8150434301b8b9e37e4e5deb96549909743112a8eed6bd002adeab57fa0"
"app/src/main/assets/audio/units/archon/death/Archon_Death03.wav","65852","43cf2e15e01811c9ea013ca4f261f8a318d8c52bfd3cde42d68014e455b66ef8"
"app/src/main/assets/audio/units/archon/deploy_move/Archon_What00.ogg","47256","9fe98154a5699e88555d5220effda0232ff3b61529e863cc0ea0494632c4517b"
"app/src/main/assets/audio/units/archon/deploy_move/Archon_What01.ogg","45790","ac8097d641b7fbdc5d038c7ef7406bfb75947d7442562dac2ae0823b16029400"
"app/src/main/assets/audio/units/archon/deploy_move/Archon_What02.ogg","53295","44235434b6ca07f3ab21398cb8eb33261e4537eb2dfb0d00c23b2f42c3b384f6"
"app/src/main/assets/audio/units/archon/deploy_move/Archon_What03.ogg","29430","4ba2e329e04d0178321cdb429f15d9ca779303be763477b3ef5ba59308f6bf89"
"app/src/main/assets/audio/units/archon/deploy_move/Archon_Yes00.ogg","34210","1194ca43318359e5aae9d3baa7ae76283bec52b3538f0932d27acdf75589ec4f"
"app/src/main/assets/audio/units/archon/deploy_move/Archon_Yes01.ogg","30748","90c16af494e536531ad7d1d0830b00f0ef8e8ed5b244c511548e9dd651270734"
"app/src/main/assets/audio/units/archon/deploy_move/Archon_Yes02.ogg","27813","d36a065746093b8c89f86cdc3e5d8d2f5cd14eb033051615917e11cbb6fa6234"
"app/src/main/assets/audio/units/archon/deploy_move/Archon_Yes03.ogg","29074","63df8cd5c9178b8cc806234b198f79ae0c30cf9a506d9cb791e1abb5f2c45db7"
"app/src/main/assets/audio/units/archon/deploy_move/Archon_Yes04.ogg","33555","f08ef3049f64753d5031df5cb6a9af95e57e864e451d60464f78cad10e7b0ca7"
"app/src/main/assets/audio/units/archon/deploy_move/Archon_Yes05.ogg","33363","1fe6ffdbed986119e46ddd65e03adff6e882bee1c29c3178d50a45b0a6081b6e"
"app/src/main/assets/audio/units/artanis/attack/Artanis_Attack00.ogg","18135","9ef2c3df815bd2e3436d0970fd5381d80455122b7363a7c017e3b0133fbc5d27"
"app/src/main/assets/audio/units/artanis/attack/Artanis_Attack01.ogg","22511","3a747df5a9fefd4dced165d90a460959ca8a5ecfc25b0d21e3066c098fe74012"
"app/src/main/assets/audio/units/artanis/attack/Artanis_Attack02.ogg","38484","bb3048f1183e33b4ec72e9e0d8ace8d31d74a81077cb3690797696941a4be88d"
"app/src/main/assets/audio/units/artanis/attack/Artanis_Attack03.ogg","33213","ba06bb9508266a3968f7370e5f2a663025a9c9a5bffbed08cb5d96314e27e04b"
"app/src/main/assets/audio/units/artanis/attack/Artanis_Attack04.ogg","30636","78c7d4b077577673c6643753dd383438d800528b7848582ea92c86d10999bf05"
"app/src/main/assets/audio/units/artanis/chatter/Artanis_Pissed00.ogg","42272","2363beffbba9a3eec13dc8383026c5e4559e630fb2ec8b98a5b66fecee9015ec"
"app/src/main/assets/audio/units/artanis/chatter/Artanis_Pissed01.ogg","48233","00fba72cd639c72aef184089536f52927e0f3d1f8441cdd051cff041084c85b8"
"app/src/main/assets/audio/units/artanis/chatter/Artanis_Pissed02.ogg","45401","cd36cd4ae7651b9800fb7e3d3997151c5ce8cd085d1ad2bb7ce7e57cf354c299"
"app/src/main/assets/audio/units/artanis/chatter/Artanis_Pissed03.ogg","40210","57da971bca1dff8234c23a8fa9bb68bdf4b1b0b3e2bc998b98d07f93fe19a41f"
"app/src/main/assets/audio/units/artanis/chatter/Artanis_Pissed04.ogg","40906","404efdcc1ab8e387b44211224b07acd6ad0faa93f5dc0f2976865473241fbfe4"
"app/src/main/assets/audio/units/artanis/death/Artanis_Death00.wav","61500","7caf4659eff879170e84c990f7a9574771cff860248fda44bb0f0f4d9db6fad7"
"app/src/main/assets/audio/units/artanis/deploy_move/Artanis_Ready00.ogg","39941","24a2d56955f3efb96ac2f0a82537f5eb807a9649a461fb7bc1fbdef18e58c4f9"
"app/src/main/assets/audio/units/artanis/deploy_move/Artanis_What00.ogg","38799","d5e17f49f74ee05623d0de920a53f05d5c6a1f11c3732a5c1d7aaa074a2abf07"
"app/src/main/assets/audio/units/artanis/deploy_move/Artanis_What01.ogg","39978","1ac31c8cb62b1672ff1bbdc27344cbf33da057e0034af847a57058676a484ec3"
"app/src/main/assets/audio/units/artanis/deploy_move/Artanis_What02.ogg","35387","a46642b484ec148264afe1590d57c978e8e4a2d414ab4c2878333d25879d652b"
"app/src/main/assets/audio/units/artanis/deploy_move/Artanis_What03.ogg","39892","ea509e6e42c8e4511257e762d080c46e430af26b997a75363c01d58fd3a6946e"
"app/src/main/assets/audio/units/artanis/deploy_move/Artanis_What04.ogg","43565","35d2d026fb8066349870417ede42cd4309d77bf90f4597a41a39d2cabe6dd7d0"
"app/src/main/assets/audio/units/artanis/deploy_move/Artanis_Yes00.ogg","31040","8fc4e00024cee4f78a9f3b61fef50cc55def59933631abd7bd08537af3954d40"
"app/src/main/assets/audio/units/artanis/deploy_move/Artanis_Yes01.ogg","25857","2c7d5e21121a2e4af4115a93d8f228d29ad08d5d7d0b11f8e9a74f3bd34c3484"
"app/src/main/assets/audio/units/artanis/deploy_move/Artanis_Yes02.ogg","30074","de3608feccdad003e050d924d5d693f1e95cf5a70d5072ec4ebec0a6a71b56f8"
"app/src/main/assets/audio/units/artanis/deploy_move/Artanis_Yes03.ogg","36176","1396a3671f14d221be7b0e42fe7875563b66beb9ec5cc8fe539c57e54ece4f5f"
"app/src/main/assets/audio/units/baneling/attack/Baneling_Attack3.ogg","27042","08800c95287ab1dc25f43b975fb2df099560420c93a88bb2c56d0d97c4eb90f8"
"app/src/main/assets/audio/units/baneling/attack/Baneling_Attack4.ogg","25944","da53e77d8d4a70b16875dbdbadbc69538a9d9b63160c4c1db3f7d16613badc82"
"app/src/main/assets/audio/units/baneling/attack/Baneling_Attack5.ogg","32733","636a5b21cf2073bebdf0b5ada659335ace4aceca5eff6384eb1057b4c93f982f"
"app/src/main/assets/audio/units/baneling/attack/Baneling_Attack6.ogg","32801","ccb78e5a8645390aad7a3fd2f0c865c10e866741f752a1716f52d21daf2b9f12"
"app/src/main/assets/audio/units/baneling/attack/Baneling_Attack7.ogg","24121","24b16c284263cdb6a0da5a9824faad44a76b6bd19f092bfcb74c8a668be19056"
"app/src/main/assets/audio/units/baneling/attack/Baneling_Attack8.ogg","21161","b37a8e16bb1f3c52b9321c0fac5a5374bc5705bf7b215d3d7b9fe21d62eeca2c"
"app/src/main/assets/audio/units/baneling/attack/Baneling_Attack9.ogg","24818","a1bceaed17575bb0a06d6cbc0921996dbaf366423907baf8ae9c092a2ab3518d"
"app/src/main/assets/audio/units/baneling/canonical/00b9b1dd66f830cc__Baneling_What5.ogg","42667","00b9b1dd66f830cc2c3d3ddc5b0274590d7c8eeef78cdef06f4ef908c214e4e3"
"app/src/main/assets/audio/units/baneling/canonical/010b516cd77b5426__Baneling_Death1.wav","47164","010b516cd77b5426e5b718e597752368c14b0e35cc5e8f90408c5e9744c49c74"
"app/src/main/assets/audio/units/baneling/canonical/062c8ebda6f10215__Baneling_What0.ogg","39979","062c8ebda6f10215547c822c837b54117ddb994f607ce66d8bffa620544bfc8a"
"app/src/main/assets/audio/units/baneling/canonical/1d583fa44e8087d8__Baneling_Ready0.ogg","70771","1d583fa44e8087d8497a3c1a71288ed0c56011b7968bd848dc4b7654aaea0171"
"app/src/main/assets/audio/units/baneling/canonical/2ae5e25b1e50227c__Baneling_Death0.wav","44860","2ae5e25b1e50227c886f3957fff0b0094fb3edd926bd32a07de0419b880b4c89"
"app/src/main/assets/audio/units/baneling/canonical/2f19e2b17a7a23f2__Baneling_What1.ogg","48476","2f19e2b17a7a23f2dcee7afb59ff6707639c277046c41f2da40f698fc6695694"
"app/src/main/assets/audio/units/baneling/canonical/4c8ab8161c38ee0e__Baneling_Ready1.ogg","73474","4c8ab8161c38ee0e7e7b4c4cfcf9a0de7a4f16e8a21913c59ca599271d2dfd22"
"app/src/main/assets/audio/units/baneling/canonical/5594c9287b16fc33__Baneling_What2.ogg","54377","5594c9287b16fc33af4cf02a1fcd7580828ed31110504b3c3be3a0b8a5d4640c"
"app/src/main/assets/audio/units/baneling/canonical/74bfeb8365db8d34__Baneling_Death3.wav","44604","74bfeb8365db8d34576d932a0e44a4dd31c9b85a6b0fcfe1353bb6c58ca507a0"
"app/src/main/assets/audio/units/baneling/canonical/757b51c799ae8ad7__Baneling_What3.ogg","50598","757b51c799ae8ad70e3b0b9fe5022f80a43409f3269bf857d6aba9f9a80da06f"
"app/src/main/assets/audio/units/baneling/canonical/7c632007e264a7fe__Baneling_Death4.wav","43580","7c632007e264a7fe560824096de33a6feef02e4a040abb50a7cb3dd1974af564"
"app/src/main/assets/audio/units/baneling/canonical/7d789530702f58df__Baneling_Death5.wav","44860","7d789530702f58dfefba0eea9f47ba3f6d265c2202f40c9ec85394bd38357b60"
"app/src/main/assets/audio/units/baneling/canonical/c5cb5a0146b45354__Baneling_Ready2.ogg","62116","c5cb5a0146b45354ee8e015c9264b027a69f4357b80952d40f94b8a81bf227a8"
"app/src/main/assets/audio/units/baneling/canonical/cbf9a38b5a7eb890__Baneling_What4.ogg","51938","cbf9a38b5a7eb8904e1cc2bd2efeb497ac7ec44a2666126e6311925a316e5246"
"app/src/main/assets/audio/units/baneling/canonical/d1fa15139e4e75fe__Baneling_Death2.wav","47420","d1fa15139e4e75fe7f16553d4b3820c3d791c0253eae63d0cabafeae403780f6"
"app/src/main/assets/audio/units/baneling/death/Baneling_Death6.wav","47164","97acc78029efa7a2f5a436548c3cb0c0e5bb7844a6a32d68c1510978871e6dfa"
"app/src/main/assets/audio/units/baneling/death/Baneling_Death7.wav","47420","00180bc636fcef3a12ecc0e45f597377404d9ee23e05dd99f45f53e742fcf164"
"app/src/main/assets/audio/units/baneling/death/Baneling_Death8.wav","44604","e139fe9b5b803a150f5eaeff258aead1d6ecf5e30871cd465988f35b4916c078"
"app/src/main/assets/audio/units/baneling/death/Baneling_Death9.wav","43580","b7c648870e16be2e236d86058e5e0072431751e190f37b90782d5fb9d3185a66"
"app/src/main/assets/audio/units/baneling/deploy_move/Baneling_Yes0.ogg","41019","349a9535e49c165017fb0b837c2b1d75803a01f211f4bec18e6b7400d1fa1c0c"
"app/src/main/assets/audio/units/baneling/deploy_move/Baneling_Yes1.ogg","37087","30b5a3a6067b1d33b593bc1ac29266490e48988635c25237388f49ce2f30b4d3"
"app/src/main/assets/audio/units/baneling/deploy_move/Baneling_Yes2.ogg","35498","b71e2f1bf23e073e1febb5060ffa2a54adcab3a1aa39bf4b1710ae5e97ddf3eb"
"app/src/main/assets/audio/units/baneling/deploy_move/Baneling_Yes3.ogg","35630","c33125cad49f31277eef53678dbaba4beafdc16ffd12287554248eb6dddb506b"
"app/src/main/assets/audio/units/baneling/deploy_move/Baneling_Yes4.ogg","41406","972c0f0851eb75bfd1647ac0487130828a4383ee863d51d315448dde2e3d8119"
"app/src/main/assets/audio/units/baneling/deploy_move/Baneling_Yes5.ogg","35886","e5165fa4982f532670e43760c795faa9c20c5deceae73982f4c0e187c5497cc1"
"app/src/main/assets/audio/units/baneling/deploy_move/Baneling_Yes6.ogg","36538","49f0c7533140b0b06a977e331669de5c6392cb708d1a302f640a616b42e9aab8"
"app/src/main/assets/audio/units/baneling/deploy_move/Baneling_Yes7.ogg","53714","ba4068d93821f6d18b40c1b25140c435471699ee2ae7e116e38fcb2330fa83b0"
"app/src/main/assets/audio/units/baneling/deploy_move/Baneling_Yes8.ogg","43403","b320e6326080993efef7828ceab92d7a24890e16a14005a9dbf660f51c49c388"
"app/src/main/assets/audio/units/baneling/deploy_move/Baneling_Yes9.ogg","42779","53ef3787a35eea56d37d34d439149ca5b2de5d00b274d01b19b828d67eea130c"
"app/src/main/assets/audio/units/banshee/attack/Banshee_Attack00.ogg","23888","d5b64890946f8c2b4a252db1a0719347c186a2a0cbea81cf563a9324e7ac1c14"
"app/src/main/assets/audio/units/banshee/attack/Banshee_Attack01.ogg","25621","b7f77b5e6a7b80b25463caca686447f305362f08a0207f3601767a7c9540eaa7"
"app/src/main/assets/audio/units/banshee/attack/Banshee_Attack02.ogg","25775","896e8a81fdef382a60e9ae382f0ff2c14da3cb0605febe6424cfb1f7441a84e5"
"app/src/main/assets/audio/units/banshee/attack/Banshee_Attack03.ogg","21924","eaf40e5e04ab2dcb6ac04859b9cc57d088e8d64c339c22d22544386607d289b4"
"app/src/main/assets/audio/units/banshee/attack/Banshee_Attack04.ogg","28032","1a7f5dc0a18e9d1f13b4686ccc11f4c89f9fb8e3dcc9a5a37ef13dff81433a1f"
"app/src/main/assets/audio/units/banshee/attack/Banshee_Attack05.ogg","38091","9faf073a22be22a674a69863585bfb607c2a4036f5d37aad03e2f45b82fed016"
"app/src/main/assets/audio/units/banshee/attack/Banshee_Attack06.ogg","20744","a93ca87200c8cda8b3423959538a77f3a2ee161378a6e4c020ebe51a9619a732"
"app/src/main/assets/audio/units/banshee/canonical/22d00a661ef3b236__Banshee_What03.ogg","17707","22d00a661ef3b23691da7749f3344db02efb74513a6ff5374ac78b11edff1b94"
"app/src/main/assets/audio/units/banshee/canonical/7b1907ba75e4c59d__Banshee_What02.ogg","18330","7b1907ba75e4c59d3132b0b1dd44fd5e87e4ab5a767071004af96f9f074ffc95"
"app/src/main/assets/audio/units/banshee/canonical/96405fa6fa0b18c0__Banshee_What04.ogg","23847","96405fa6fa0b18c06e8c78da4c0c41f0ff549d0ea1ee6d3420e5c9a0298aa2df"
"app/src/main/assets/audio/units/banshee/canonical/9a8385cfe094ad7a__Banshee_What00.ogg","13730","9a8385cfe094ad7ad054989efe843268e8cd223934640961c967fe1dfcc957a8"
"app/src/main/assets/audio/units/banshee/canonical/bdf46748d622b3e9__Banshee_What05.ogg","17561","bdf46748d622b3e9339acbaf07ba44b766f8ee98a7257fb73eba9fff8de532a4"
"app/src/main/assets/audio/units/banshee/canonical/db1f4312e5b04c1f__Banshee_Yes02.ogg","16520","db1f4312e5b04c1fc6df1b51a7295f428b13d726e9125f32ec55fce350ef0736"
"app/src/main/assets/audio/units/banshee/canonical/e3bd362275e7cfcf__Banshee_Yes01.ogg","21003","e3bd362275e7cfcfdd837268d2e8eb0152d1660aa9f76591832e4b792a42614f"
"app/src/main/assets/audio/units/banshee/canonical/e5de02fc937f9409__Banshee_Ready00.ogg","22321","e5de02fc937f9409a5478ea17bdea8d696cc594d094ff07e50e0d30a97c27c88"
"app/src/main/assets/audio/units/banshee/canonical/f168c6f00fd27e8d__Banshee_Yes00.ogg","18797","f168c6f00fd27e8d8dbe28bb92056e424c4586288264813ba1000df2a41571a5"
"app/src/main/assets/audio/units/banshee/canonical/f590faf744380d9e__Banshee_What01.ogg","21692","f590faf744380d9e62b8345e943a3baedbd6fd2ea6a8d11303c80141c55cc884"
"app/src/main/assets/audio/units/banshee/chatter/Banshee_Pissed00.ogg","21624","cf8cf4eb2dae0334585bf417456a35f1ca4496b2438227f727413258f2b46ae6"
"app/src/main/assets/audio/units/banshee/chatter/Banshee_Pissed01.ogg","34243","c344555d643f9ac2611757d839cba634a9e7d0ca08c7983992d47e34e5fa0f39"
"app/src/main/assets/audio/units/banshee/chatter/Banshee_Pissed02.ogg","38184","8ba46a29b3904e9673f6ace4d2f683221e5ad64b08f3f98a9880e0c5b1a261a7"
"app/src/main/assets/audio/units/banshee/chatter/Banshee_Pissed03.ogg","31139","3fef5807794b47a9a3afb6804974f2aa21e8a5c4d416ceb6c1469147a260d5d2"
"app/src/main/assets/audio/units/banshee/chatter/Banshee_Pissed04.ogg","26586","9f9d019ff249ee6f0021762619eb25d4e1f1fbc9c084cc10cc02fecad19af101"
"app/src/main/assets/audio/units/banshee/chatter/Banshee_Pissed05.ogg","38288","a4ba8aeaf3b41b907dd3c5ecc3960d1c80ed0452d785386a9b7c2444a59ac4fc"
"app/src/main/assets/audio/units/banshee/chatter/Banshee_Pissed06.ogg","81996","42661712c96417643307d9606c6fade181f77769a465b43b5bd077db5b70cc72"
"app/src/main/assets/audio/units/banshee/chatter/Banshee_Pissed07.ogg","81536","c9c01f7cf5e4364bfd8d9dc432704161626646462b387ea09b55911d6d0b34c0"
"app/src/main/assets/audio/units/banshee/chatter/Banshee_Pissed08.ogg","120057","eba00d869fef87b1992a075995a728583602c9cb10943165e7d17db820b5ec53"
"app/src/main/assets/audio/units/banshee/chatter/Banshee_Pissed09.ogg","42908","68312a9984d4e1837863057561cc5a8b72c58025474783984c08076b3a6a2888"
"app/src/main/assets/audio/units/banshee/chatter/Banshee_Pissed10.ogg","44168","a2cee41e8f4ea4392869c82d433657ca556e02710d49389682cac19f2670b9c8"
"app/src/main/assets/audio/units/banshee/chatter/Banshee_Pissed11.ogg","57341","99a60482880c4c473276955c89a5a7e3ec462025a77c91565553cf668350c3e3"
"app/src/main/assets/audio/units/banshee/deploy_move/Banshee_Yes03.ogg","17408","626ca97e3a41e3f0a608db2f03861d5acefc99e9e38479aa7e5732584b0ac4f9"
"app/src/main/assets/audio/units/banshee/deploy_move/Banshee_Yes04.ogg","24582","ef0e28e47bda214cfff9c18637185a9d752be7bfcb02a3c5e8a339ba8f3abb9a"
"app/src/main/assets/audio/units/banshee/deploy_move/Banshee_Yes05.ogg","19550","320ed2c5492b6aa54655e83f48926d00387d490eb0cfd13e2d8ca13664a9235e"
"app/src/main/assets/audio/units/banshee/deploy_move/Banshee_Yes06.ogg","17446","88b0a1872f8fdcc8e451d060c99199652bf2ed44fb62936fd716f1a5658c6f34"
"app/src/main/assets/audio/units/banshee/deploy_move/Banshee_Yes07.ogg","18946","9cc279461caddacb9691f5efa475ecd470810ba096dc4133697036e1cef26137"
"app/src/main/assets/audio/units/banshee/deploy_move/Banshee_Yes08.ogg","19038","c1930462d6417c65c644afdec2de650103057eca52a5bf178aa7eb719c26db8f"
"app/src/main/assets/audio/units/banshee/deploy_move/Banshee_Yes09.ogg","22296","e7e51e0afe19b5a1acbce0618f9181f34d0a6454161a2afdaa44e50695267f3b"
"app/src/main/assets/audio/units/banshee/deploy_move/Banshee_Yes10.ogg","18157","57e10210cfa02b71e09239d15cf2e5606d133f4b29412d630ca8ab5012c842b6"
"app/src/main/assets/audio/units/banshee/deploy_move/Banshee_Yes11.ogg","17213","0d34c5a8377397826e02cce60e876d60c6a5b39c5d10bdf00d19d5d9c0a1a28f"
"app/src/main/assets/audio/units/banshee/deploy_move/Banshee_Yes12.ogg","24614","566338b59d35f39cf7894edb5574de628e17377eea18ec86000cf143d09c8a5d"
"app/src/main/assets/audio/units/battlecruiser/attack/Battlecruiser_Attack00.ogg","38971","baa11e36d2a4fa66061b0c91c9d101d5fbe9a328064f32a540d1c320944d267e"
"app/src/main/assets/audio/units/battlecruiser/attack/Battlecruiser_Attack01.ogg","46443","a2e658157ef442183fb09b11132fb728989fe316ab064e4685e14d630080c5f8"
"app/src/main/assets/audio/units/battlecruiser/attack/Battlecruiser_Attack02.ogg","31492","05d8b2e41ab7162d4c74e517cbc64cd4b6255c284333bfc8cda2cffe1c1415c5"
"app/src/main/assets/audio/units/battlecruiser/attack/Battlecruiser_Attack03.ogg","26069","6b7241e261f015d98b3f35ff789d3cbf7d48c903cee8a40451717f0a362ede70"
"app/src/main/assets/audio/units/battlecruiser/attack/Battlecruiser_Attack04.ogg","25334","9e295dcfdc7374b528083ba805d9ff0594a61031cc994f7d16d6ceb614190b57"
"app/src/main/assets/audio/units/battlecruiser/attack/Battlecruiser_Attack05.ogg","38574","87a33e8f98d829aaf9929698131c56a942097a5770a3ec729a3df4ba9a92c63e"
"app/src/main/assets/audio/units/battlecruiser/canonical/03dcefe1e29a7f57__Battlecruiser_What05.ogg","26993","03dcefe1e29a7f5714dd4d7ec1efd399b259a5bdc2be0e8a06ee6c42df36390a"
"app/src/main/assets/audio/units/battlecruiser/canonical/207c580f98f2b433__Battlecruiser_Ready00.ogg","38810","207c580f98f2b433108178a0bc4805c2539b43225ec692c35380d11ba220513f"
"app/src/main/assets/audio/units/battlecruiser/canonical/2bb84a910422e0f0__Battlecruiser_What01.ogg","28249","2bb84a910422e0f0cfa4736c6fb4d05e502a119502765d35612357c922bfebaa"
"app/src/main/assets/audio/units/battlecruiser/canonical/3802e1a257a3d6ee__Battlecruiser_What02.ogg","33079","3802e1a257a3d6ee58b46b0cda975f8b011ba3fa3da61558918f169b356aba5d"
"app/src/main/assets/audio/units/battlecruiser/canonical/3ff16f1b9bb099d0__Battlecruiser_Yes00.ogg","48848","3ff16f1b9bb099d07af52d352b2aaf90da265ba06d78e753f86dc09d2aab9a9f"
"app/src/main/assets/audio/units/battlecruiser/canonical/427b45ddb809d570__Battlecruiser_What04.ogg","22723","427b45ddb809d570cf4c8cda274de6a9ddf42d4bd16fefdc34aeee3d87ebe7c6"
"app/src/main/assets/audio/units/battlecruiser/canonical/532e1bc45ccde9ae__Battlecruiser_What03.ogg","32844","532e1bc45ccde9ae25ca62890e8dc20eb51b118e390caa44639cd9bcca08f8ec"
"app/src/main/assets/audio/units/battlecruiser/canonical/6d2a2442e4a01c2c__Battlecruiser_Yes02.ogg","39530","6d2a2442e4a01c2c3ccea403474203fabc648298041e025d747e49a0bef18263"
"app/src/main/assets/audio/units/battlecruiser/canonical/cfe93b7c975d3d18__Battlecruiser_What00.ogg","36610","cfe93b7c975d3d186e595912bead3f295c63ee1c9f99ba13839d4a21a1fd34c5"
"app/src/main/assets/audio/units/battlecruiser/canonical/d911f0bb0e17ceb1__Battlecruiser_Yes01.ogg","40636","d911f0bb0e17ceb1232b6037d3589129c96131174135f6d818d7034c9cadb1cc"
"app/src/main/assets/audio/units/battlecruiser/chatter/Battlecruiser_Pissed00.ogg","62598","4c6c23d2b9463a3622817a80df45bf0f9cdc4dc08ec9bf9a613e0b0264416147"
"app/src/main/assets/audio/units/battlecruiser/chatter/Battlecruiser_Pissed01.ogg","40998","4875966472b83dff4cc791a54592e063d7ce01363a9446a2a0f4a008417ee240"
"app/src/main/assets/audio/units/battlecruiser/chatter/Battlecruiser_Pissed02.ogg","62655","81a375aa25ebdd1671f3b3af993f162f6879dded6a469c3ff3a92655d0093f98"
"app/src/main/assets/audio/units/battlecruiser/chatter/Battlecruiser_Pissed03.ogg","51895","96a0f41b11c03608fa122e53ad9b1e9645caeb3072cc42fb682a44fc174cf427"
"app/src/main/assets/audio/units/battlecruiser/chatter/Battlecruiser_Pissed04.ogg","46595","e364f8f1b233738f5a301ccb5b1e498be0e6fdaaf47b897544da58a037930503"
"app/src/main/assets/audio/units/battlecruiser/chatter/Battlecruiser_Pissed05.ogg","41953","1834b575b7fe21bad7ab6720f83565d58d3c1c0cf78e1602e9fab744af9c959c"
"app/src/main/assets/audio/units/battlecruiser/chatter/Battlecruiser_Pissed06.ogg","53965","50a16caf843ced36117261853bdde8bbb2a28c5042f4bfbe1bc7976b868cdb07"
"app/src/main/assets/audio/units/battlecruiser/chatter/Battlecruiser_Pissed07.ogg","42048","a642abf58732f9c10611fde16f0557bac33381ab30ee589643ead6d83f2e02e6"
"app/src/main/assets/audio/units/battlecruiser/chatter/Battlecruiser_Pissed08.ogg","69733","35334a01a5f53d271cc5cd427939470ebf334c3a74c508276783b7be4c894b0e"
"app/src/main/assets/audio/units/battlecruiser/chatter/Battlecruiser_Pissed09.ogg","56409","8d81125c146325d27d827f1f440ee3f1c4f60188baf5137a792a9fa368d095a3"
"app/src/main/assets/audio/units/battlecruiser/chatter/Battlecruiser_Pissed10.ogg","53176","898daab763fa73979f05426c45973df0bcd17445648993c014ea586b3d959624"
"app/src/main/assets/audio/units/battlecruiser/chatter/Battlecruiser_Pissed11.ogg","51780","dc9a93a2da51fd17c8fb7f9548582af446e75796a57cdae607fe908a3e118b0d"
"app/src/main/assets/audio/units/battlecruiser/chatter/Battlecruiser_Pissed12.ogg","53298","0b2e70b965ac6005d8325a0120968c0e7c3d2312611cace5ace89cb7e0442856"
"app/src/main/assets/audio/units/battlecruiser/chatter/Battlecruiser_Pissed13.ogg","42143","8dfb7ab1a90ec40f5397ff47c28fb521fce9dc53a623f475e1574a3280e23218"
"app/src/main/assets/audio/units/battlecruiser/chatter/Battlecruiser_Pissed14.ogg","62518","49d8aca86514873ce938c6e106043fb62b788da39f163b0e624630d64c54460e"
"app/src/main/assets/audio/units/battlecruiser/death/Battlecruiser_Death00.wav","52284","b19c6e1921ea784766c8aa1c20e63143e8dd6584654a472712fbe00ff8b5eaa4"
"app/src/main/assets/audio/units/battlecruiser/deploy_move/Battlecruiser_Yes03.ogg","42761","4eb55cace56b1804adf6f90705888302d5471b2f9d87494ddf16333557ec1794"
"app/src/main/assets/audio/units/battlecruiser/deploy_move/Battlecruiser_Yes04.ogg","42151","b82935a5c27bce66b75abf4d4831def91804656541242bafd2058f73d50f73c7"
"app/src/main/assets/audio/units/battlecruiser/deploy_move/Battlecruiser_Yes05.ogg","35642","7e63039d3adfe1be014a39dd9b0a2b5130ac31d33d17bccf4a9af322fb2331ee"
"app/src/main/assets/audio/units/battlecruiser/deploy_move/Battlecruiser_Yes06.ogg","39234","278d38787972de3a8b0fb7461e2f390cfcadd39e05bce9f573d6b7d0f5b4e782"
"app/src/main/assets/audio/units/battlecruiser/deploy_move/Battlecruiser_Yes07.ogg","33164","0a092ecbb8a07131dbd12af21ffe70bebca7c278c29f957befd6f24f5f489f5b"
"app/src/main/assets/audio/units/battlecruiser/deploy_move/Battlecruiser_Yes08.ogg","36960","56d2b156ec5ac523c0447e6f08708022770e7848d76cd99bae86fef899e0e5dc"
"app/src/main/assets/audio/units/battlecruiser/deploy_move/Battlecruiser_Yes09.ogg","37499","d878d0401a2c99f71b1255162187245d983616a9e8032a4f6530e6a28b7662e8"
"app/src/main/assets/audio/units/battlecruiser/deploy_move/Battlecruiser_Yes10.ogg","32099","d711e61b9050ba463bc078750307c3443a3d1016fc2db6e2fd47339c10b13c46"
"app/src/main/assets/audio/units/battlecruiser/deploy_move/Battlecruiser_Yes11.ogg","32574","2c5d55bdb665d708745fe06256f4a2bd9610746164e412b0efe3eab7f2cbc841"
"app/src/main/assets/audio/units/battlecruiser/deploy_move/Battlecruiser_Yes12.ogg","36427","7cd33dfbaa123ebeadcd935da7d157c17e3154d908d2a5ca3616ff4a62db0e99"
"app/src/main/assets/audio/units/brood_lord/attack/BroodLord_Attack3.ogg","50763","02e3fc29db562254a71ab5b71644a99020e3d6e758b659d376d1ab21c3f65897"
"app/src/main/assets/audio/units/brood_lord/attack/BroodLord_Attack4.ogg","48287","c76ba8256bf0c862eef43a945b9aec637c26c17c4b9e3734e57e688d7e8520c2"
"app/src/main/assets/audio/units/brood_lord/attack/BroodLord_Attack5.ogg","63017","52d112ec26f59e65de633e33196a496be4d629148f90e1f09199237ff177a93b"
"app/src/main/assets/audio/units/brood_lord/attack/BroodLord_Attack6.ogg","47972","ae0fa3ee0a5fce771fb81a734535f546cf22d60cf2c358134938c4e674662c47"
"app/src/main/assets/audio/units/brood_lord/attack/BroodLord_Attack7.ogg","46069","55fb2a15858f177d9a54c7e7b03530ddfc80069dc6faae7a9de2d859d87d161b"
"app/src/main/assets/audio/units/brood_lord/attack/BroodLord_Attack8.ogg","52586","c53ceea7e1a7a4c6d6ba86f57d1f097017dca93667f94ba49318efb2439c84b1"
"app/src/main/assets/audio/units/brood_lord/attack/BroodLord_Attack9.ogg","50201","a8a0e2a815e29158cbf8340323923f983f4043cc44c6e8530bc90a32a1d182b5"
"app/src/main/assets/audio/units/brood_lord/canonical/04e4367ed0e4f948__BroodLord_What9.ogg","45193","04e4367ed0e4f948fcbf043aa11693f1ea12ae85dcadb1784ffc5fc3b6e10ced"
"app/src/main/assets/audio/units/brood_lord/canonical/11b75880675a574f__BroodLord_What8.ogg","43642","11b75880675a574fefbcfacb418a798f56760787a80bb737ecbec0e914bb5b43"
"app/src/main/assets/audio/units/brood_lord/canonical/3dec5000247e2f7b__BroodLord_What1.ogg","54102","3dec5000247e2f7b842a72803c4ca8fb2dc50bc28e8772f5eb83caaea0267972"
"app/src/main/assets/audio/units/brood_lord/canonical/4156527496216ded__BroodLord_Death0.wav","30524","4156527496216ded7208572fab5be92612b47625f7459cb3a9bfed9f13bf6910"
"app/src/main/assets/audio/units/brood_lord/canonical/41dbeec9558281cd__BroodLord_Ready0.ogg","51694","41dbeec9558281cdc249ef12658f4ae3747c584d3fb53b0d7f622c109aa21d69"
"app/src/main/assets/audio/units/brood_lord/canonical/50bcf90af03402dd__BroodLord_What6.ogg","49003","50bcf90af03402dda37bd7b8c3d031acc229039d8bf6885539cb9721bf0a34be"
"app/src/main/assets/audio/units/brood_lord/canonical/53f3c739fa95d01c__BroodLord_Attack0.ogg","50081","53f3c739fa95d01cc6fcea9801ada7238a04d02e5f4dea5f7d37f0fc73c2816c"
"app/src/main/assets/audio/units/brood_lord/canonical/60b90f31f1d21acb__BroodLord_What2.ogg","52573","60b90f31f1d21acb4116e1726792736201308abcc1ffdb455348ded0d5c39763"
"app/src/main/assets/audio/units/brood_lord/canonical/6e0060dca0cacd32__BroodLord_Ready2.ogg","53263","6e0060dca0cacd324c3b8f51fb96c94a3d702d04f8cac17ab65b670309dab722"
"app/src/main/assets/audio/units/brood_lord/canonical/8dae1296981923a9__BroodLord_What7.ogg","43752","8dae1296981923a9e72d902ff4823d204c9b6de748a0aac16af9fc390495741e"
"app/src/main/assets/audio/units/brood_lord/canonical/92b72b5c15ab4fd5__BroodLord_What0.ogg","53333","92b72b5c15ab4fd5b8a26c16681179c30ccd49002156675ee0443a09312aa29d"
"app/src/main/assets/audio/units/brood_lord/canonical/96962bd66b341e7d__BroodLord_What3.ogg","51513","96962bd66b341e7d101ca9371f3bb26ae80f2e4c92616afc0a9eeb03710584cf"
"app/src/main/assets/audio/units/brood_lord/canonical/b0e61907bd0b4b65__BroodLord_What5.ogg","49156","b0e61907bd0b4b658e3321814704f5690c96f0b0079242acb1db3b405744cd20"
"app/src/main/assets/audio/units/brood_lord/canonical/bff2459f7e12dabe__BroodLord_What4.ogg","40168","bff2459f7e12dabe7c1c7a0675dbf819c655f1210016e6323b9ef48c1b609635"
"app/src/main/assets/audio/units/brood_lord/canonical/cbec2f97658acb93__BroodLord_Attack1.ogg","55439","cbec2f97658acb9312ba124ae410d2311afba9286b23a6034f6eaee9994c5dbd"
"app/src/main/assets/audio/units/brood_lord/canonical/e2760b876f2ed708__BroodLord_Ready1.ogg","50218","e2760b876f2ed70860ab8170e8cb9cc02662000eb6786a7e93e8a744068dd614"
"app/src/main/assets/audio/units/brood_lord/canonical/f041ad116c6b4766__BroodLord_Attack2.ogg","59121","f041ad116c6b47667d8332e740eec5bd19e0cf8e70dc281669deac1470013f98"
"app/src/main/assets/audio/units/brood_lord/death/BroodLord_Death1.wav","27708","76a5a41a6ee8036431708dcc50c7b4e1d51bdac42673a1e1669cc3aab55f970f"
"app/src/main/assets/audio/units/brood_lord/death/BroodLord_Death2.wav","31036","4d5b4461a9bd27c691dba03010eeb17ceccdd5d1b4e3d099667d4f964e045016"
"app/src/main/assets/audio/units/brood_lord/death/BroodLord_Death3.wav","32316","d305b4711627d2cc49047cd9c734e67d27605af6fca8e87dccd60b020e2e0966"
"app/src/main/assets/audio/units/brood_lord/death/BroodLord_Death4.wav","30268","120591e46be640a6da9b04cbf0037d7eeaad3153083e5546f9f2508323ab3ec9"
"app/src/main/assets/audio/units/brood_lord/deploy_move/BroodLord_Yes0.ogg","55911","795dc1eabee609ca308d28baa6cbd991b6dc3ac9fa862965b27b3a0965d97a81"
"app/src/main/assets/audio/units/brood_lord/deploy_move/BroodLord_Yes1.ogg","59528","13b44517a63c8d837f2dcb4ec5df3f0aeb808e9073579db71968675e77d38384"
"app/src/main/assets/audio/units/brood_lord/deploy_move/BroodLord_Yes2.ogg","53771","eec3b60a35158d65be559cf7b8303cef1e64f622a1bfba7046925c1730685fd5"
"app/src/main/assets/audio/units/brood_lord/deploy_move/BroodLord_Yes3.ogg","50437","1b59449c35a4e762d15f385eb848b4b7a71370e535eec4f22f8597118f20e60f"
"app/src/main/assets/audio/units/brood_lord/deploy_move/BroodLord_Yes4.ogg","48144","7345da7f8ca1c21a7e9e90cb8541ac248698ef828690bbfa656f22d1c66dcdcc"
"app/src/main/assets/audio/units/brood_lord/deploy_move/BroodLord_Yes5.ogg","51323","529d796192f1ac8de3251c20b384e0af7d04b51f1d34545a16caf6851767506a"
"app/src/main/assets/audio/units/brood_lord/deploy_move/BroodLord_Yes6.ogg","44070","0a9c9c0f7548ce0d6e463cee8f73c50be4abc3f31dc7b8dc094570671c82bc94"
"app/src/main/assets/audio/units/brood_lord/deploy_move/BroodLord_Yes7.ogg","46845","2c9f0a6b70e0972c0d781f4fc1ced5075617d794fb95f4fee4f524c28e58b760"
"app/src/main/assets/audio/units/brood_lord/deploy_move/BroodLord_Yes8.ogg","44115","34601b2f7b8eee278c216a7ea460ab3541db3cee23aff6e4ec6c13e58cae3002"
"app/src/main/assets/audio/units/brood_lord/deploy_move/BroodLord_Yes9.ogg","57743","5cfdce2fd18cfa84b62b5432447296afde69f60cd59c6d7e9822ec0c618cb49c"
"app/src/main/assets/audio/units/brutalisk/attack/Brutalisk_Attack_03.ogg","43239","c48de92d83de4600de75ddb067f2753b596f26d1250936e68f20dcb5e6c30c7c"
"app/src/main/assets/audio/units/brutalisk/attack/Brutalisk_Attack_04.ogg","33533","082753d871c09a200babddf4657ec5fc624f6b7c07a22430d3fc08f9d6b9f5ed"
"app/src/main/assets/audio/units/brutalisk/attack/Brutalisk_Attack_05.ogg","30580","a346c90f4002ea3608778a38c24d3064a28fc6d038cfcb18e2f03c339ebb23d2"
"app/src/main/assets/audio/units/brutalisk/attack/Brutalisk_Attack_06.ogg","37191","735f913149d8dcbb1d4b5f0221bd44a3663bcd503ab681d1e92758ab40a49676"
"app/src/main/assets/audio/units/brutalisk/attack/Brutalisk_Attack_07.ogg","31450","81b9fcd21cce5f2dc9adcef62f58818ab59eed600c995d8b46d12e439d440d9e"
"app/src/main/assets/audio/units/brutalisk/attack/Brutalisk_Attack_08.ogg","38600","aef9dd55b634689c620c73be8e50d2a8bb3d2c81b5c54efa26df3e6b8347e769"
"app/src/main/assets/audio/units/brutalisk/attack/Brutalisk_Attack_09.ogg","32251","575eafa870f48c549faf2b141d150d2a4063a901b9d925ce60f89482518011b8"
"app/src/main/assets/audio/units/brutalisk/deploy_move/Brutalisk_Yes_00.ogg","26095","4916f02b04d9043b2804a99be72b926ea81f9255af1af7238042afab88654c49"
"app/src/main/assets/audio/units/brutalisk/deploy_move/Brutalisk_Yes_01.ogg","22103","598fef72f20200188440762b614a224fea6898a96347a2d843c5a6d29cadd570"
"app/src/main/assets/audio/units/brutalisk/deploy_move/Brutalisk_Yes_02.ogg","23881","c20dec5b4fdfc92144b29de798a3180748bad15bf6b163d1b8a14fc5c7cb4225"
"app/src/main/assets/audio/units/brutalisk/deploy_move/Brutalisk_Yes_03.ogg","20717","2d0ec11aef3e0b512eb26a1ef4203fc41650fbf04e9352322644f396391c5a81"
"app/src/main/assets/audio/units/brutalisk/deploy_move/Brutalisk_Yes_04.ogg","20279","0ef79449114925fd4d214bd014460f4e35abecb4d8a291d8dbc6b096677c6ec6"
"app/src/main/assets/audio/units/brutalisk/deploy_move/Brutalisk_Yes_05.ogg","20607","b8f757bcb7c6257694acbaab26718372e207e416d3b81e2b7648b4402264222d"
"app/src/main/assets/audio/units/brutalisk/deploy_move/Brutalisk_Yes_06.ogg","22456","de7d6113087f5af7b41eec9f3b88a1d850bae5cf0f9d00b444ba1b9359eff6a2"
"app/src/main/assets/audio/units/brutalisk/deploy_move/Brutalisk_Yes_07.ogg","27460","9674949fe553f26fe1182f8dd7a136550a611fc734dfd627025e49baf54f7c6f"
"app/src/main/assets/audio/units/brutalisk/deploy_move/Brutalisk_Yes_08.ogg","25738","14953e5e3d06e99700bb38aee3976d552c019cdec084a0db0180f1007e7cab6d"
"app/src/main/assets/audio/units/brutalisk/deploy_move/Brutalisk_Yes_09.ogg","23428","d391f53335dbc2adb488765b269120dec1142981bcf3d5190e1271a050c4e63b"
"app/src/main/assets/audio/units/carrier/attack/Carrier_Attack00.ogg","26994","9baeffc9c4caccb92513d0377b07513d84a8a5f9100b0dfe7ce26c0dc8a1b935"
"app/src/main/assets/audio/units/carrier/attack/Carrier_Attack01.ogg","25452","034e8fbed06fecfc70fa19c581425982c8861312bdc70d14ef1b5d8ef5622a43"
"app/src/main/assets/audio/units/carrier/attack/Carrier_Attack02.ogg","24407","e9383ac26b709b308cbb27605889116de6470e49ed64477665f5178966d03706"
"app/src/main/assets/audio/units/carrier/attack/Carrier_Attack03.ogg","40348","393c72903cf95a7f0bfb523ae01ed3099ada29c6f6e6cb9ef2951f78b0a606a9"
"app/src/main/assets/audio/units/carrier/attack/Carrier_Attack04.ogg","28993","fb76ba3177e8a2a9d767009b85ed6798fbf39668dfa3cd850af19a9833fef8d2"
"app/src/main/assets/audio/units/carrier/attack/Carrier_Attack05.ogg","30212","8377111927dbd70ccafc1d7f91f2a49d65abab8e632028dfbf1ae8d1e0cadbd4"
"app/src/main/assets/audio/units/carrier/canonical/6d88de936c87a7e1__Carrier_What00.ogg","30277","6d88de936c87a7e1ea1bd799adfbaed2eb15c7004e90011b9f72a6ac34b7a0c2"
"app/src/main/assets/audio/units/carrier/canonical/8821dab1b72bc904__Carrier_Ready00.ogg","31733","8821dab1b72bc904da84a2237af80d36d64da301e2fccdad509c5bc0fe92f68d"
"app/src/main/assets/audio/units/carrier/canonical/c2c5fcbbea4b952d__Carrier_What03.ogg","24971","c2c5fcbbea4b952d5f1f6d0d70ca3d5598567cad2001b5fdf9e25309505606c4"
"app/src/main/assets/audio/units/carrier/canonical/dc660045ac970787__Carrier_What01.ogg","26781","dc660045ac970787e631849451c645507476a52104f047cfa36ef0d3432e2091"
"app/src/main/assets/audio/units/carrier/canonical/dd0ab0471a60e6f8__Carrier_What02.ogg","26568","dd0ab0471a60e6f85e7d09cd728a506d03c06de8c5ef7c37ece6981e783691a2"
"app/src/main/assets/audio/units/carrier/chatter/Carrier_Pissed00.ogg","31418","1a050476f41bd07cf4c33b2b4d235f1acda43ba77eb93894a6c4083e7295094c"
"app/src/main/assets/audio/units/carrier/chatter/Carrier_Pissed01.ogg","33724","fef59945eba5f10de59e3ce6d7a4d562c21c132297d5dfa77c9ed622a180b3b0"
"app/src/main/assets/audio/units/carrier/chatter/Carrier_Pissed02.ogg","55170","b8fc9383bf46c53627e2efbb7ed81bccefc17cb4c3630506fe5ea2aac6ba2265"
"app/src/main/assets/audio/units/carrier/chatter/Carrier_Pissed03.ogg","64162","8dae50f6c434012d0865382569eca6a7e3cbb24654967bc25a8442cac920a0cf"
"app/src/main/assets/audio/units/carrier/chatter/Carrier_Pissed04.ogg","38281","43ad2b6b96a172f926774094f35d60f86de867e9066d367146585382faea4073"
"app/src/main/assets/audio/units/carrier/chatter/Carrier_Pissed05.ogg","41722","10687464126166840f354a418e9cef9014d0fea12fffcc1c98509f61dae6273e"
"app/src/main/assets/audio/units/carrier/chatter/Carrier_Pissed06.ogg","47948","39a1537bbe2f66db0469ff349700aa86c060f571189c2186464ea730924860b1"
"app/src/main/assets/audio/units/carrier/deploy_move/Carrier_What04.ogg","32435","33c20764d960ab7acc0b48feefcc75542111969d47b29b2bc8543ecd362114ec"
"app/src/main/assets/audio/units/carrier/deploy_move/Carrier_What05.ogg","25543","3a52e8249642d1835e16ea1b0b856b42dc691834de74608a61ab6bca469cb35c"
"app/src/main/assets/audio/units/carrier/deploy_move/Carrier_Yes00.ogg","26426","37066cc0aeba60578b1cf98dd1cfd7e4473c89e6c475e81b85950bd9173c745b"
"app/src/main/assets/audio/units/carrier/deploy_move/Carrier_Yes01.ogg","28429","d5169ee32e46c1a9f5f45741296e9309e41356e5875b2861bfd552d7e4cd2d17"
"app/src/main/assets/audio/units/carrier/deploy_move/Carrier_Yes02.ogg","25237","9436f910f96c669079d44c827f266add5724402a5a160cb36b3a464d35207b23"
"app/src/main/assets/audio/units/carrier/deploy_move/Carrier_Yes03.ogg","28455","dc5d14b25a25226cf4e9579a7393e0dbe66e891e27a5a6bf0cf25e54f13cdf45"
"app/src/main/assets/audio/units/carrier/deploy_move/Carrier_Yes04.ogg","22973","9dd277e4fe4470b8571d04ef92e37d5e21892ec04ccd96fc4fad98b5e0e5ef83"
"app/src/main/assets/audio/units/carrier/deploy_move/Carrier_Yes05.ogg","27143","767cde37ceb704cae1df9e9cad739eb205aa7ced3f10ba4e1076b39b0a848d8e"
"app/src/main/assets/audio/units/carrier/deploy_move/Carrier_Yes06.ogg","33867","965c7e603d634e9f61f34b2983c82530878e9e1b9329c2584ade30cde35223a5"
"app/src/main/assets/audio/units/carrier/deploy_move/Carrier_Yes07.ogg","22474","a0326561841a2a6f12009cfbbe4ab709be6fa7bff72e1ec43ea16a8b84b0e5d1"
"app/src/main/assets/audio/units/colossus/chatter/Colossus_Pissed00.ogg","45589","a2682fd3a1f0c5dec099b4fa79cd9ea62f27f848ff8a51189afe95ac965f5524"
"app/src/main/assets/audio/units/colossus/chatter/Colossus_Pissed01.ogg","44966","285dda8326df23bb321fd2c9d24a085c820607293b8a9fe8ffc47a4fb5682b96"
"app/src/main/assets/audio/units/colossus/chatter/Colossus_Pissed02.ogg","52922","c7bdac4c698740318889fc85ebe7407057f4ad99fe5c5052eb25bcf63a4a9a7c"
"app/src/main/assets/audio/units/colossus/death/Colossus_Death0.wav","183612","371d0424cc6165e49267eabba1b62f18b5a34aa1a51868cd85d4a2f533b47671"
"app/src/main/assets/audio/units/colossus/death/Colossus_Death1.wav","198460","747dae9ce6170cb523ede7dcdf4924de823692edd3689c7ede9a5de2e385b294"
"app/src/main/assets/audio/units/colossus/deploy_move/Colossus_Ready0.ogg","60687","8d4bc652cacba91e5f5378a7c540632d6640541cd19adbe1492145ae2d8d4fa5"
"app/src/main/assets/audio/units/colossus/deploy_move/Colossus_What0.ogg","45589","a2682fd3a1f0c5dec099b4fa79cd9ea62f27f848ff8a51189afe95ac965f5524"
"app/src/main/assets/audio/units/colossus/deploy_move/Colossus_What1.ogg","44966","285dda8326df23bb321fd2c9d24a085c820607293b8a9fe8ffc47a4fb5682b96"
"app/src/main/assets/audio/units/colossus/deploy_move/Colossus_What2.ogg","52922","c7bdac4c698740318889fc85ebe7407057f4ad99fe5c5052eb25bcf63a4a9a7c"
"app/src/main/assets/audio/units/colossus/deploy_move/Colossus_Yes0.ogg","64914","6c33b7b1b0fb67a7a1e82b9a372f6a0320f86b58045fd574dbd9bf653a3beba2"
"app/src/main/assets/audio/units/colossus/deploy_move/Colossus_Yes1.ogg","63026","3d48b7d3988437ea3ade949e985a77f3784c6542aed6c7f3ad12974bc0ec412b"
"app/src/main/assets/audio/units/colossus/deploy_move/Colossus_Yes2.ogg","65125","ead27d05d947c7517e7c90424927a91610a240478b1920b1efce9908411d11f1"
"app/src/main/assets/audio/units/corruptor/attack/Corruptor_Attack0.ogg","49059","552a33fe88173737d7eddcdaae1f0f925565724eb76cd83eec36e20788326eef"
"app/src/main/assets/audio/units/corruptor/attack/Corruptor_Attack1.ogg","44829","86c2acbdaa2e0eb001405c6969fb2b6aeaa2efa6166f1a675cdbf04687243cea"
"app/src/main/assets/audio/units/corruptor/attack/Corruptor_Attack2.ogg","43819","a772dee0132434867cc30c5714940732977f9b1f677ae2204dbcdf03c113e0b3"
"app/src/main/assets/audio/units/corruptor/attack/Corruptor_Attack3.ogg","44461","101b68c7eabdd3d1d0867746386ad5d31fe1d52900533e44d4d90495a5f85bd0"
"app/src/main/assets/audio/units/corruptor/attack/Corruptor_Attack4.ogg","42591","852e44002fc2516a28d9b0f5ebfda2d2b5baedf7c4ddcf35267dda2346155bc7"
"app/src/main/assets/audio/units/corruptor/attack/Corruptor_Attack5.ogg","36227","452859a30d55fe6f0b1b446399feb7b04f468e8acf6ae3d2aa6dd32f473b23e5"
"app/src/main/assets/audio/units/corruptor/canonical/01dc606c8bf1711c__Corruptor_What7.ogg","49694","01dc606c8bf1711c8ac0d7446de5ebf5b7bc6975a426d78dfda616531d1dda5a"
"app/src/main/assets/audio/units/corruptor/canonical/1618a8d95e2618e9__Corruptor_What6.ogg","25950","1618a8d95e2618e90b7d5605eee471046306babf829b5e5237ff62e100744362"
"app/src/main/assets/audio/units/corruptor/canonical/19c766a207b6c042__Corruptor_What0.ogg","43219","19c766a207b6c042e58439cc61bd13a76c1afd7a6143c628f3d87daa588329fa"
"app/src/main/assets/audio/units/corruptor/canonical/223c90bb2fe6b7bb__Corruptor_What4.ogg","37574","223c90bb2fe6b7bbe0fffcd77fa0698fc0c99a8113e0b1503feb90690b6ff3a4"
"app/src/main/assets/audio/units/corruptor/canonical/3b6e6483f96a8b2c__Corruptor_Ready1.ogg","39412","3b6e6483f96a8b2c72451e4e2ee87d5016fc611a76ec6feb49c3e57e53fc6b74"
"app/src/main/assets/audio/units/corruptor/canonical/491b56a1195286ab__Corruptor_What9.ogg","35923","491b56a1195286aba07aa2ca5f6a17201ed3e0ee4e89d741558bec3bc95f1926"
"app/src/main/assets/audio/units/corruptor/canonical/5f6722d83a97789f__Corruptor_Ready0.ogg","52412","5f6722d83a97789f7e2be0cf23b93e7431ef4e050a5c652f2baf97820c4c349c"
"app/src/main/assets/audio/units/corruptor/canonical/65649f5bd4260dec__Corruptor_What3.ogg","45505","65649f5bd4260dec23b6b608d797fe3705839cfda0515446aea8f7b5f62910b0"
"app/src/main/assets/audio/units/corruptor/canonical/73c4f63526f3d918__Corruptor_Ready3.ogg","56362","73c4f63526f3d918df19aa4a131fe79a864c79e39669bf679af187c485f097e2"
"app/src/main/assets/audio/units/corruptor/canonical/89742ce6e06a0e72__Corruptor_What2.ogg","33777","89742ce6e06a0e72990ded479b96b54bbb1c83f4a3c30711b234e53172ee5f38"
"app/src/main/assets/audio/units/corruptor/canonical/94348ff4b87ce0ac__Corruptor_What8.ogg","47991","94348ff4b87ce0ace04452fc2aca14fdb580f9993ea6748d8a524b47f2c219af"
"app/src/main/assets/audio/units/corruptor/canonical/bb8505158f850cfd__Corruptor_Death1.wav","47420","bb8505158f850cfd29386f9e378179668fbf7ed2bc91426ccb3444e76b386cac"
"app/src/main/assets/audio/units/corruptor/canonical/c93ccf8b1261cca6__Corruptor_What1.ogg","49790","c93ccf8b1261cca675ab2c350ff668586da7f62327559dbf806929fff68fa090"
"app/src/main/assets/audio/units/corruptor/canonical/cacc0cbadaeaaf6a__Corruptor_Death0.wav","51260","cacc0cbadaeaaf6a36dc9a3d41bc79f89ed4ab0b692aca86186884628e6c2f76"
"app/src/main/assets/audio/units/corruptor/canonical/de6d7a0bdc918866__Corruptor_What5.ogg","38682","de6d7a0bdc9188664caf5a12e9ef3fde39d300729020837d09a038ebfe082759"
"app/src/main/assets/audio/units/corruptor/canonical/eb4848cdb864921a__Corruptor_Ready2.ogg","49142","eb4848cdb864921a8b3c09d9cf36acfa43582f4cfec22efd735ff0edfd0e48a4"
"app/src/main/assets/audio/units/corruptor/death/Corruptor_Death2.wav","47932","2cad92112b17dfe329fc779def56133d9fd4adf225aca8228a53137a27587fde"
"app/src/main/assets/audio/units/corruptor/death/Corruptor_Death3.wav","66108","dc88df57dce7bd3f0f2c6b25b99611b8e04a650dfd3605bfe14ebc0bc81783d0"
"app/src/main/assets/audio/units/corruptor/death/Corruptor_Death4.wav","55100","675641afdefdd372bd170d4cd544b2c00193e4571a40c70a3df8292ecd66f251"
"app/src/main/assets/audio/units/corruptor/death/Corruptor_Death5.wav","51772","3e6afb544d9b13c1ed33ef4d06127eaf01c8fbeba2efd50b068943ff33d78401"
"app/src/main/assets/audio/units/corruptor/deploy_move/Corruptor_Yes0.ogg","35633","a59f4fca22accc33e97184e3a66321f5c83ac18f9c42a28eed997238334a5d46"
"app/src/main/assets/audio/units/corruptor/deploy_move/Corruptor_Yes1.ogg","45292","e42d800892f7ac6789e26f4bfb369e2fa93d7f253139412dfe4ddf1f37be77cd"
"app/src/main/assets/audio/units/corruptor/deploy_move/Corruptor_Yes2.ogg","38153","0c990e6162a7d59816771673014ecdf5abb01eac71e14a392bd75d93b012bb62"
"app/src/main/assets/audio/units/corruptor/deploy_move/Corruptor_Yes3.ogg","45940","9c280fda1ff4afb071e18d317f1122f323dba08e30a109fab98e53ba5cc28d75"
"app/src/main/assets/audio/units/corruptor/deploy_move/Corruptor_Yes4.ogg","37301","b58c10e3b06eea4ece3022bb4ff1c059f88f1b63c606cf3aa6ba0970e2293ff2"
"app/src/main/assets/audio/units/corruptor/deploy_move/Corruptor_Yes5.ogg","41703","4913e5babb773db5cad51bd033d130e66d0ad6881e2918293bee2694bed5453b"
"app/src/main/assets/audio/units/corruptor/deploy_move/Corruptor_Yes6.ogg","27927","3679d2dde9f673089aaf56ba27b1bbdfdc6a9708af72bdc3951781fa2bea1623"
"app/src/main/assets/audio/units/corruptor/deploy_move/Corruptor_Yes7.ogg","43209","b2d941e81e36496243e186c71c7537725c7ac5b27d8df19e546568beca2e6edf"
"app/src/main/assets/audio/units/corruptor/deploy_move/Corruptor_Yes8.ogg","29779","81a408eb677d790353109a63aa44b12b2de436bacbbc90dd862ca80ae580b8c3"
"app/src/main/assets/audio/units/corruptor/deploy_move/Corruptor_Yes9.ogg","45720","b811a88e433d1d558122a08ddc0e4dce41daeb3abe6f18bf3891e6995ffd9615"
"app/src/main/assets/audio/units/corsair/attack/Corsair_Attack00.ogg","29460","ee0445ed7698c1609b35e907277ac9f6e746162c84258bdf793ccf00f4702447"
"app/src/main/assets/audio/units/corsair/attack/Corsair_Attack01.ogg","28490","440d97be6b293f066bfa0379f7d5989d5431b6845af69b1bfe6f6fae69ba04d9"
"app/src/main/assets/audio/units/corsair/attack/Corsair_Attack02.ogg","43937","aa80f70772fe33d64fe792f824287793cb69aa0360e23a7c19393b5e74cdd613"
"app/src/main/assets/audio/units/corsair/chatter/Corsair_Pissed00_alt.ogg","24698","f8bcd7f951f8da4388ec65629bec8fcb917f07a25145c9da5a4f6469d5ee3b74"
"app/src/main/assets/audio/units/corsair/chatter/Corsair_Pissed00.ogg","51410","c959fa08c54fae062dd937faf41e0b95e937395422cb875adc8656d286151595"
"app/src/main/assets/audio/units/corsair/chatter/Corsair_Pissed01_alt.ogg","35050","bd1c4f45329d784f02a7ae402b0fad832debb61a69a90d0139ae4a73f34bc803"
"app/src/main/assets/audio/units/corsair/chatter/Corsair_Pissed01.ogg","69196","c29ed0908a4f7d0fe34b74f90b739bcabb634fd0f4c0609c8cab1e6843512222"
"app/src/main/assets/audio/units/corsair/chatter/Corsair_Pissed02_alt.ogg","45585","8976620517e1bdd8e24b5c7d59df8571ae4d1763a122ea94097cdbf0dcfd6e00"
"app/src/main/assets/audio/units/corsair/chatter/Corsair_Pissed02.ogg","55890","9fa4a9064583f010f7bd0d36b8d15667978f31ea4346cce8c6209609dfe95010"
"app/src/main/assets/audio/units/corsair/chatter/Corsair_Pissed03_alt.ogg","45420","d61ad4561d21309eb8d06a1b5bf26540bd4528cd97432acb18e6d478698348cb"
"app/src/main/assets/audio/units/corsair/chatter/Corsair_Pissed03.ogg","56798","7ba957ca52d8a1277ac09e37df25f39f569e03152b85292b7dd05abb3a4483f6"
"app/src/main/assets/audio/units/corsair/chatter/Corsair_Pissed04_alt.ogg","52710","10008b571a331fa9fbba0968e7bf3e1cbe3d3de923f4650a718128d9a73acc8a"
"app/src/main/assets/audio/units/corsair/chatter/Corsair_Pissed04.ogg","51586","85a926dc1d529559dbb3e5c3328a5f5e1c2f031e83b7bcbaed7b6db6dd7d5d4e"
"app/src/main/assets/audio/units/corsair/chatter/Corsair_Pissed05_alt.ogg","63293","f0722a6511542f74c56f43ea85e1630e2b1cb5a7d884e759bcca01ae89215627"
"app/src/main/assets/audio/units/corsair/chatter/Corsair_Pissed05.ogg","37702","90a0985062817b4c7bdeb66944ab973be9f5685ed4121fd5f899cc1c25797727"
"app/src/main/assets/audio/units/corsair/chatter/Corsair_Pissed06_alt.ogg","40091","29bc7ed7781bbdae5393183d9586c0ff218e0613f8a86ea2ea7deeb3e5da9d02"
"app/src/main/assets/audio/units/corsair/chatter/Corsair_Pissed06.ogg","88650","e0d5c7ebb53b55abe621a3ccff41e476ee6529bf418846141a8c33196350c3f6"
"app/src/main/assets/audio/units/corsair/chatter/Corsair_Pissed07.ogg","70886","41080dfb7a9c205394d3f0c769ad04b4c896591bcaa25ad1ed5ce69ac40c532f"
"app/src/main/assets/audio/units/corsair/chatter/Corsair_Pissed08_ALT.ogg","79556","ec8c888d7b5fe47f358db42c7b201dd026e121c36518f08c35755aa023b0cd29"
"app/src/main/assets/audio/units/corsair/chatter/Corsair_Pissed08.ogg","80284","5a4a26ccfb48f6b103fab27db48651d0e06c7df8302e7e9ab46f5c7caa1a0271"
"app/src/main/assets/audio/units/corsair/death/Corsair_Death00.wav","330306","6edbe2c2ea221cfa516aa6545c4a696e1c65603b8906a071be2429e3540a3524"
"app/src/main/assets/audio/units/corsair/deploy_move/Corsair_What00.ogg","32900","9d9a222d7513068344c4a4f3da752ec596f97e5f7f5d1a91fd677dcfe6814254"
"app/src/main/assets/audio/units/corsair/deploy_move/Corsair_What01.ogg","29413","9a04a31a9cec070266c6cd758258e6ca4b08468f2a06e6871d8794684585c149"
"app/src/main/assets/audio/units/corsair/deploy_move/Corsair_What02.ogg","29291","ab18200fe8ca3492073d1bc085fddb8ecbbf36612fc01625763b152597d01809"
"app/src/main/assets/audio/units/corsair/deploy_move/Corsair_What03.ogg","24126","be0df9e221f56e1f7d45748fc524b3e30d46565ff00bffb93514dc5b1bda3b72"
"app/src/main/assets/audio/units/corsair/deploy_move/Corsair_Yes00.ogg","27181","dec8712a61c0ce787ad44ed3373d55b95d32aea1a0be2a5d19f94059054ab70e"
"app/src/main/assets/audio/units/corsair/deploy_move/Corsair_Yes01.ogg","31005","1846354f3fa1c1ad38a9f1c146325ff812c89897f31d46d889ddeaa4f8317e4e"
"app/src/main/assets/audio/units/corsair/deploy_move/Corsair_Yes02.ogg","34650","c1f292644d711ba5a32cc453df007c3aec2be554e9f06ee47b85ccbd834b9ad5"
"app/src/main/assets/audio/units/corsair/deploy_move/Corsair_Yes03.ogg","36857","41fed6cff318b15499c3de5aeec44c3f8cd49a3f1f45b5d33dd94168a1e48e22"
"app/src/main/assets/audio/units/corsair/deploy_move/Corsair_Yes04.ogg","21040","f88c2915e8b4a574eb2a62cbc25485a54ebce5b54e8b66d5164ddcd2246f247d"
"app/src/main/assets/audio/units/corsair/deploy_move/Corsair_Yes05.ogg","36625","54e90ac481864eab0a1f1b0393ceceddfbcac465677db91dfb824282c8900697"
"app/src/main/assets/audio/units/cyclone/attack/Cyclone_Attack01.ogg","33930","e3614e62a9b5e4401cc5f0db448efed122421b1dc87eb5c54a5e1e1aa115e352"
"app/src/main/assets/audio/units/cyclone/attack/Cyclone_Attack02.ogg","17314","52ad245e9e4211ced9b03e02b8dc7edcf7b8dc6e36ba7a3d367c731072669003"
"app/src/main/assets/audio/units/cyclone/attack/Cyclone_Attack03.ogg","27636","57e72b4b46a2f2588d5c6512573f131485c2c6afc5c0eb07d15319117177f3e7"
"app/src/main/assets/audio/units/cyclone/attack/Cyclone_Attack04.ogg","25565","5690cda255310e93c3e77080ef93450146103eee5bb7adc6e602342470706ca9"
"app/src/main/assets/audio/units/cyclone/attack/Cyclone_Attack05.ogg","25536","9fdddefa13b0427d0e8cdef2b9c0c649d66353e3455db11afae3fa37cd4d81c4"
"app/src/main/assets/audio/units/cyclone/attack/Cyclone_Attack06.ogg","23429","876908babb509407e799e80cd55f79d73594b6ae13ecd91349710f36d423eb05"
"app/src/main/assets/audio/units/cyclone/attack/Cyclone_Attack07.ogg","27922","5473254f9ce04d33e25044f6f88d949e7c2211d9d4ae897d4b9392ecf0a402a5"
"app/src/main/assets/audio/units/cyclone/chatter/Cyclone_Pissed00.ogg","63223","20462304a9eccb0352f221517714d5b0582e5c60e0ca30ce0b0c40e0f47d7a3d"
"app/src/main/assets/audio/units/cyclone/chatter/Cyclone_Pissed01.ogg","55449","1439400bc3ea399e9d73dc016fcf9aea3d9e41c1e48c7124c5b9f00615b99a4b"
"app/src/main/assets/audio/units/cyclone/chatter/Cyclone_Pissed02.ogg","60252","f08940c6c3617cd20f9c788a5158a6f11f6fd567f756d1e5518272dcf967ffc8"
"app/src/main/assets/audio/units/cyclone/chatter/Cyclone_Pissed03.ogg","75747","21459d48be5aba7e6b6d3fbc5b80ea42b8fbca0a617a4d5ff11cd6f6514a8270"
"app/src/main/assets/audio/units/cyclone/chatter/Cyclone_Pissed04.ogg","130397","5a9c29b648f803c7e7af0477f33dc32b1ec3472fae3d75a6e0249aa7523f1159"
"app/src/main/assets/audio/units/cyclone/chatter/Cyclone_Pissed05.ogg","84930","5ad2e28f8901252fbd641929e6c97d15d5207d75718cff8bb196608bc9fae7ed"
"app/src/main/assets/audio/units/cyclone/chatter/Cyclone_Pissed06.ogg","125204","bfd25b7dae8f6018876b401b5892fd0616006b0daa188d661856e6944c28aac5"
"app/src/main/assets/audio/units/cyclone/chatter/Cyclone_Pissed07.ogg","61713","2a4a435c5ac9801b18331d7ee1a69877211a96e0e1fc6293a80fa7f35ad0b359"
"app/src/main/assets/audio/units/cyclone/chatter/Cyclone_Pissed08.ogg","61428","c223dccea41a6988e6ab0efb2733ad2cbbbf4fa3b81cb270aabae2865e4951a6"
"app/src/main/assets/audio/units/cyclone/chatter/Cyclone_Pissed09.ogg","28840","dc28213e03f7aa202dce20107e3938da681f4a8a7d1f7942cb2ccafa13752bfa"
"app/src/main/assets/audio/units/cyclone/death/Cyclone_Death00.wav","27196","eb306f58de024c97ba4ce998711ab531035308cc6abf21e50815800ba4cefbd2"
"app/src/main/assets/audio/units/cyclone/deploy_move/Cyclone_What04.ogg","21545","726af6194c69af7a5da23f2b8ef58696691551fa45d7506016da6df9ad9d54c9"
"app/src/main/assets/audio/units/cyclone/deploy_move/Cyclone_What05.ogg","20127","70669f804a651de1402dcb1568860bfa69c186e5c47bccffc98357b0f3bf78bd"
"app/src/main/assets/audio/units/cyclone/deploy_move/Cyclone_What06.ogg","20379","1045252d17c7e431534c902e1a275e95819d0c854844c9afff0064729f542da2"
"app/src/main/assets/audio/units/cyclone/deploy_move/Cyclone_Yes00.ogg","21893","c8b68a1acd45cda97651cfcae5ec834396acfd61a180722c9fe64727cfe665da"
"app/src/main/assets/audio/units/cyclone/deploy_move/Cyclone_Yes01.ogg","21508","0c29e538f9da8badcf7229677ccd74be1c80ffa1bd5509c0529d58cc5715d349"
"app/src/main/assets/audio/units/cyclone/deploy_move/Cyclone_Yes02.ogg","15459","da6179d33b8d62a1d9807b9c48dbb83c2a01d106a5162505429c08e45981de48"
"app/src/main/assets/audio/units/cyclone/deploy_move/Cyclone_Yes03.ogg","20145","b3f4fa5aa81f036773f903980ebd5fc510ace816e91c318ca9d4fe45aee34240"
"app/src/main/assets/audio/units/cyclone/deploy_move/Cyclone_Yes04.ogg","14799","5682bdd384d3ef7c073a35f48d2d7741d9002d0e300e994e94ccce21b79c2462"
"app/src/main/assets/audio/units/cyclone/deploy_move/Cyclone_Yes05.ogg","18693","62459b52deaceedda861ac15ee220259728defd90118b45651d635fce1fa0085"
"app/src/main/assets/audio/units/cyclone/deploy_move/Cyclone_Yes06.ogg","25947","94e50db56662c64d3348b25bf707efd66ab4e7ce1d6cfae42732d01523b3d0be"
"app/src/main/assets/audio/units/dark_templar/attack/DarkTemplar_Attack00.ogg","31649","fcfd8ebd8bf9619419ad30b4f2ae9550e7d85d65a7eafb78d23b383ebbac72e6"
"app/src/main/assets/audio/units/dark_templar/attack/DarkTemplar_Attack01.ogg","29615","33c61b164f44f56510203ca2d03e0ceb72122db6338a47109b42ab2c885b59f3"
"app/src/main/assets/audio/units/dark_templar/attack/DarkTemplar_Attack02.ogg","29119","c282be8768e94249f83966f3d0556e250fdcfc6e3c70cb276e4ec7208cbd0c90"
"app/src/main/assets/audio/units/dark_templar/attack/DarkTemplar_Attack03.ogg","25280","92139f0ed75b6fd20eda7083931a3bf2d55acb5a53ee61df5699f05415d85f6d"
"app/src/main/assets/audio/units/dark_templar/attack/DarkTemplar_Attack04.ogg","29479","e18bd26a1bd400a80b2ea57d940238fad9e2816f404692eca07f146c5bae38fa"
"app/src/main/assets/audio/units/dark_templar/attack/DarkTemplar_Attack05.ogg","36916","83f174994bc0fd8ce34607e5e6f37ec97c149be088c9996f1d8b47ee8c4e3417"
"app/src/main/assets/audio/units/dark_templar/canonical/372f3153649ac77b__DarkTemplar_Death00.wav","41788","372f3153649ac77b65c8a1c04db760876b44e34bc653a6d0035d6cb984f01728"
"app/src/main/assets/audio/units/dark_templar/canonical/7c6853f1ce1769da__DarkTemplar_Ready00.ogg","35284","7c6853f1ce1769da9f4791d0e6378e28453e10f965738295f447e8a102048e27"
"app/src/main/assets/audio/units/dark_templar/canonical/884aeebe7ae7ef3e__DarkTemplar_What03.ogg","28929","884aeebe7ae7ef3e1b31db8c0d912bddbf59c7b8bf762925f7f975ca296e7929"
"app/src/main/assets/audio/units/dark_templar/canonical/8ab32ca6d551d3a1__DarkTemplar_What02.ogg","34937","8ab32ca6d551d3a1accfcee4ce18764f4c419f65c893715eae97b6c7b694b3e8"
"app/src/main/assets/audio/units/dark_templar/canonical/9b6e8f550e53f1c5__DarkTemplar_What00.ogg","39256","9b6e8f550e53f1c54dc94d1b7847e713c57d544331f8043b8c8cb3e956d7b4d1"
"app/src/main/assets/audio/units/dark_templar/canonical/d9cdc20ae79505b5__DarkTemplar_What01.ogg","30314","d9cdc20ae79505b5887b356a35a2b024b33bb6be19fb9a42e17546b2c54bf56a"
"app/src/main/assets/audio/units/dark_templar/chatter/DarkTemplar_Pissed00.ogg","27722","78314e3506661aab37e0e6df44ad3ae432a35b264adac24e595e279b2d217cb8"
"app/src/main/assets/audio/units/dark_templar/chatter/DarkTemplar_Pissed01.ogg","34891","ec9ed6067839868cb66c44a7aa00c6f2923576e7dc8cfcedd1d3b83917fa8d37"
"app/src/main/assets/audio/units/dark_templar/chatter/DarkTemplar_Pissed02.ogg","34946","0c379371605ac7c01c1be0ea84db1f2b55fbe68ed43599aa94669f965880f6aa"
"app/src/main/assets/audio/units/dark_templar/chatter/DarkTemplar_Pissed03.ogg","31958","8c5a4471f3dd05f6b502c66b86dd2d91975ee147418900ef98972ff670c21e34"
"app/src/main/assets/audio/units/dark_templar/chatter/DarkTemplar_Pissed04.ogg","31484","a3c20a923fcdef174f219aab7120511817d8b88788cdf623618b3006d398ce85"
"app/src/main/assets/audio/units/dark_templar/chatter/DarkTemplar_Pissed05.ogg","92211","f24d88e56eda781ce31271d62f22d9b97b046a4d3a588a9f2fb8a53c90f2c4d2"
"app/src/main/assets/audio/units/dark_templar/death/DarkTemplar_Death01.wav","52284","182e712e483cf19eb83dfb2b14a2c6620d0a8a7a469e7d435c10877d2c7003e5"
"app/src/main/assets/audio/units/dark_templar/death/DarkTemplar_Death02.wav","63036","4fc0efe5121d0b0e0538cc6c739142fa3f54bfcb005691c3efafb901da4e5722"
"app/src/main/assets/audio/units/dark_templar/death/DarkTemplar_Death03.wav","52540","ee7f53626da8be9b27f63884f7f1da754ccf0abeff6c60e6bbf3010c80cb92b7"
"app/src/main/assets/audio/units/dark_templar/death/DarkTemplar_Death04.wav","59196","3bd1b745214c6e6c5655e5322ff36f94b30409e91e29f0b63db2503bc420bb86"
"app/src/main/assets/audio/units/dark_templar/deploy_move/DarkTemplar_What04.ogg","30494","494657b9a6a2b2631293133beb7856857d1d61b5f5cf4e8b1daf4a33312708eb"
"app/src/main/assets/audio/units/dark_templar/deploy_move/DarkTemplar_What05.ogg","33524","93b9c7891baf12271192b7f3dc7701e2c95f0ebb457505f15627c1393a749999"
"app/src/main/assets/audio/units/dark_templar/deploy_move/DarkTemplar_What06.ogg","27272","70d29351f90449d625056445f19361b5490f241baa149dab2a40010e2235c3bb"
"app/src/main/assets/audio/units/dark_templar/deploy_move/DarkTemplar_Yes00.ogg","24101","81e59766e00c2122c93ed9f9bf2d6883e602ea5fcd9350d67d6057c956d296cf"
"app/src/main/assets/audio/units/dark_templar/deploy_move/DarkTemplar_Yes01.ogg","26498","b140ec5708ae537c79e84dcd98fc085d9e0163b9c3322120ba16baeda66422b5"
"app/src/main/assets/audio/units/dark_templar/deploy_move/DarkTemplar_Yes02.ogg","17345","aba789196a47a204c7b5f794343e7adf6bdd261aedf30d41258b6539508aa394"
"app/src/main/assets/audio/units/dark_templar/deploy_move/DarkTemplar_Yes03.ogg","22417","73a73a164f57a9177bd2b5c721a4e5f2fd3896168c96205f6653c5d1cd530c22"
"app/src/main/assets/audio/units/dark_templar/deploy_move/DarkTemplar_Yes04.ogg","29716","79bf1438b23b984486a01d2ea25c4d5adc93b30d4bbfbd0fe3db297e313b9921"
"app/src/main/assets/audio/units/dark_templar/deploy_move/DarkTemplar_Yes05.ogg","26204","80b2e68361c795084c2bcca94452d36688186b5c7a4684ccf705ae841e7f2678"
"app/src/main/assets/audio/units/dark_templar/deploy_move/DarkTemplar_Yes06.ogg","32510","9a6bee689568346ff6645ef3ac9f53bb59054c5e2e87bbc12845efb715b0113d"
"app/src/main/assets/audio/units/dehaka/death/DehakaCommander_Death00.wav","39228","bbd168ba598255cd2d68e193517ee8055e96e91c37d14d4d9731cb9e8416e9bf"
"app/src/main/assets/audio/units/dehaka/death/DehakaCommander_Death01.wav","57148","5bb7b3e13da6f23848135285c2f50472a384e6d45303b76a3a49604114bf7a33"
"app/src/main/assets/audio/units/dehaka/deploy_move/DehakaCommander_Ready00.ogg","25621","562cb67510ce78df4e5fc1775943fe4c8e2637d4cc7f1abbb5fbeb0a326bece5"
"app/src/main/assets/audio/units/dehaka/deploy_move/DehakaCommander_Ready01.ogg","37470","49d1ac36822b4fc64afedab6afcd0292f0a15eb197bb68f92310298ccaf1f102"
"app/src/main/assets/audio/units/devourer/death/Devourer_DeathVox03.wav","42044","681131f61a39a857c1290521530da5cde7bfd2942462ee84b32b9fe504c3e59b"
"app/src/main/assets/audio/units/devourer/death/Devourer_DeathVox04.wav","40764","22200abe4130619b0f03b5651a903f724a5b8fb9db43c32987e76aa9b0b1ff67"
"app/src/main/assets/audio/units/devourer/death/Devourer_DeathVox05.wav","44092","8e36256b8cdd48c65ca127b73f3ad88803964e86c7e3a974a1cd47155c5c8cb2"
"app/src/main/assets/audio/units/devourer/death/Devourer_DeathVox06.wav","42300","b0ed22550ff8ca70e74e6c46fd09711fa57765216a4a63b9a4487accd1e5573a"
"app/src/main/assets/audio/units/devourer/deploy_move/Devourer_Ready00.ogg","19598","f7f455001d1f3129a4ebe6b27cbdc77fa87d58a9f0c1930bce3d22d481dd0840"
"app/src/main/assets/audio/units/devourer/deploy_move/Devourer_What00.ogg","22142","6f03e86700c8f46237f3038c087d900ecef91fb074258c9ef485102c7b222ad9"
"app/src/main/assets/audio/units/devourer/deploy_move/Devourer_What01.ogg","24368","94877887c37bfb5348ee80e0a893cf5f435741e24f38e01f7cd15b17c20c7ecb"
"app/src/main/assets/audio/units/devourer/deploy_move/Devourer_What02.ogg","19030","3f57f0fa53535a933a70ebffa819088a71c7ec66e72df9113e6fbe9b54386368"
"app/src/main/assets/audio/units/devourer/deploy_move/Devourer_Yes00.ogg","15904","b2f3d260c143c376289e9451411ff7bb1491fe78b9e40c00d9594061fe55a14b"
"app/src/main/assets/audio/units/devourer/deploy_move/Devourer_Yes01.ogg","14733","ddd0e4540d861058e8f5db8d4541a816e0bb43cd5554dd591796f97d561d4459"
"app/src/main/assets/audio/units/devourer/deploy_move/Devourer_Yes02.ogg","16032","addd8ca9e0b28ddbf4842dcbdb54dee79046550b01aaba019a7a532b35b9807c"
"app/src/main/assets/audio/units/devourer/deploy_move/Devourer_Yes03.ogg","18656","77af5c082a08d556b7a6a75e257f7daf9f54eb4f1277e1120db5bc6558445510"
"app/src/main/assets/audio/units/devourer/deploy_move/Devourer_Yes04.ogg","17186","32b7c3b0d7942491016f751ca1ca7f4acec86298bcc9177fa349a2206d5b45dc"
"app/src/main/assets/audio/units/diamondback/attack/Diamondback_Attack00.ogg","15779","4064ecc6a05e6635b93016e019c31dc389f3e2e2695ea5e052b7f51a98f3931b"
"app/src/main/assets/audio/units/diamondback/attack/Diamondback_Attack01.ogg","27894","ba48f048c4451b707aed0f7c576eb9af3e41ac396b1bd53068f5f7ff996cfe6c"
"app/src/main/assets/audio/units/diamondback/attack/Diamondback_Attack02.ogg","13038","cf04c2199ee0bd3c43e7ddfd593e7e25478e6310aaf655188f37511f48a58228"
"app/src/main/assets/audio/units/diamondback/attack/Diamondback_Attack03.ogg","12455","7f79fe0b1507729366ee039d7189369ffdce04f88f3f518c9c04d4fb485bcb72"
"app/src/main/assets/audio/units/diamondback/attack/Diamondback_Attack04.ogg","19659","31c810fcff7aa075838d99924a8dd433393a75b0affa5ba916e8ebc98f2480ac"
"app/src/main/assets/audio/units/diamondback/attack/Diamondback_Attack05.ogg","24792","dfdccf8c439c00cb76a5c41f8655714bac7a6fed07a40bc7a3c6ef2a2c8d1cb3"
"app/src/main/assets/audio/units/diamondback/attack/Diamondback_Attack06.ogg","14320","6db6b98710beecd8ffc184ad79a51dcb8b4c61bf9b0cb8faf45aac65de71c4c8"
"app/src/main/assets/audio/units/diamondback/chatter/Diamondback_Pissed00.ogg","91295","fbd877e78465316118e13ba907719d2cd0c55fdcd07d4a7d814eb31eaf15b7a9"
"app/src/main/assets/audio/units/diamondback/chatter/Diamondback_Pissed01.ogg","48455","bbd52b02b4efae79f13d37f5a565ac2a4bb7f73acfe92aa6d92462fa188acab2"
"app/src/main/assets/audio/units/diamondback/chatter/Diamondback_Pissed02.ogg","62441","5d12fbdf043e652d0e022fbd188081c5fda90e32934aa7f39f4c5f99cd952971"
"app/src/main/assets/audio/units/diamondback/chatter/Diamondback_Pissed03.ogg","72943","4af3f62d0471d74b552ba943b26ca5389054aab66b6209abfb01ae21ca72edcb"
"app/src/main/assets/audio/units/diamondback/chatter/Diamondback_Pissed04.ogg","48575","1a7b4954946ea59fd8c31f14cd1757cf70bc540be9c7179a817b9fab4afced62"
"app/src/main/assets/audio/units/diamondback/chatter/Diamondback_Pissed05.ogg","74052","7489f41d817813cb535adb404e4ad55ff08265ca0830502cc1a8025a6979b7a5"
"app/src/main/assets/audio/units/diamondback/chatter/Diamondback_Pissed06.ogg","108320","389770f98b01746d19cbf0d1c130a2d898f3a4abdbb888be14cb644ecdaafe38"
"app/src/main/assets/audio/units/diamondback/chatter/Diamondback_Pissed07.ogg","72273","4befc567cad175b9e9e1f089d46f98c09c03b6c11a8de7e989d23dcac0366e72"
"app/src/main/assets/audio/units/diamondback/chatter/Diamondback_Pissed08.ogg","53388","9a1bd15e44755d67f4bb8bbb9d9d3aeb3131aabc59388a97564c86c4437a2ff9"
"app/src/main/assets/audio/units/diamondback/chatter/Diamondback_Pissed09.ogg","119437","da696c5be2752708cc5a11ecd0225570333e6159477b7464c2d72c8473f27479"
"app/src/main/assets/audio/units/diamondback/death/Diamondback_Death00.wav","19260","997a9031182b76958f72e9c8ed3fb1194794f9c350706f0a3782f99ca2aa7433"
"app/src/main/assets/audio/units/diamondback/deploy_move/Diamondback_What04.ogg","39463","3bba7fb2561ab7b45255e51361dba3b24148380924ff03cdff151487212dc505"
"app/src/main/assets/audio/units/diamondback/deploy_move/Diamondback_What05.ogg","25518","6f266bdf5ce60b5c6a14560b12050f44b5ed3023ffa2a41c497f0e6e19eb18bf"
"app/src/main/assets/audio/units/diamondback/deploy_move/Diamondback_What06.ogg","29821","f70e2bea0712cd5f2e4baa0999e780c65459fe5bd085a766fc80d8dbafe4512e"
"app/src/main/assets/audio/units/diamondback/deploy_move/Diamondback_Yes00.ogg","12524","0c6539b090a7248ffd331c2ceb67e18a0d9f7abdd180c0df81c1bf5b1ba151d0"
"app/src/main/assets/audio/units/diamondback/deploy_move/Diamondback_Yes01.ogg","9985","d3d5c5033bf0bf61a6ea2217c17e6d720ea29e696f9c44c5422b49fc31f865b8"
"app/src/main/assets/audio/units/diamondback/deploy_move/Diamondback_Yes02.ogg","14011","70bc0874e8cc0f8736ff61ee681cb88b3ad086b2c92d7ed946f5397c51706fb4"
"app/src/main/assets/audio/units/diamondback/deploy_move/Diamondback_Yes03.ogg","15504","8c9d232d269c24d7e201bb4988205b6e4c5a5c982146ca0a4189142f7d49559b"
"app/src/main/assets/audio/units/diamondback/deploy_move/Diamondback_Yes04.ogg","10334","d5b64138023386fa97b53c3c7446ec1cffc21ebb323e57d9fd355e4443650f5f"
"app/src/main/assets/audio/units/diamondback/deploy_move/Diamondback_Yes05.ogg","13849","5f521687785816a3af9eea6ba1f30d48de68286300a840466d694e84101fd1b4"
"app/src/main/assets/audio/units/diamondback/deploy_move/Diamondback_Yes06.ogg","18687","79e45778b308bbe58619945c8ddd474c6bcb5087f07cbb731d0b6001159718b6"
"app/src/main/assets/audio/units/disruptor/canonical/085ac8ebffd358e5__RobotPusher_Pusher_006.ogg","23582","085ac8ebffd358e564497998273629a846475fbbb8475607f8755eba3eb8805f"
"app/src/main/assets/audio/units/disruptor/canonical/0c37a325bdc87446__RobotPusher_Pusher_034.ogg","60280","0c37a325bdc8744658b09f45b1f5ead495698a4287567cd09c74bcbedb2e3f93"
"app/src/main/assets/audio/units/disruptor/canonical/0fd4033483036927__RobotPusher_Pusher_013.ogg","23283","0fd4033483036927d751242f9c358cb6b8d1c10eb119e6e7fb17a4956511f3c7"
"app/src/main/assets/audio/units/disruptor/canonical/1dcfaf5bf79bb305__RobotPusher_Pusher_040.ogg","27121","1dcfaf5bf79bb305304155887aa37ff086c2e764207f8f8de1680b6d48c0a423"
"app/src/main/assets/audio/units/disruptor/canonical/3aaba1cc1543b3fc__RobotPusher_Pusher_029.ogg","34589","3aaba1cc1543b3fc8b6fa7beb13bda61552647a32b4b0bc36f3785d93971be22"
"app/src/main/assets/audio/units/disruptor/canonical/4e1eae34ff3ce5be__RobotPusher_Pusher_012.ogg","24152","4e1eae34ff3ce5be3fbd43a42488610fa4378638728e4127baef41d6ecec8896"
"app/src/main/assets/audio/units/disruptor/canonical/510cd04e8d1d802a__RobotPusher_Pusher_007.ogg","19338","510cd04e8d1d802abbf8e16650c98249fd53e20d6e12fdfb44884124e1f41c0c"
"app/src/main/assets/audio/units/disruptor/canonical/5a4d823590027dd1__RobotPusher_Pusher_028.ogg","35193","5a4d823590027dd13d265338e468709bf3749e395253b8af9ac3efbad280c884"
"app/src/main/assets/audio/units/disruptor/canonical/6135530ab9a01aa4__RobotPusher_Pusher_019.ogg","31925","6135530ab9a01aa477c21752c80a1ed38d1cc2f0357fa66c40fc35a8c19fe662"
"app/src/main/assets/audio/units/disruptor/canonical/62efcef91eb93832__RobotPusher_Pusher_010.ogg","26764","62efcef91eb938324285435e505be9c79455aa21d00e756c34da4cfff3861b24"
"app/src/main/assets/audio/units/disruptor/canonical/651bbde5ce0abc6e__RobotPusher_Pusher_015.ogg","22177","651bbde5ce0abc6e6dd94e0cc40361616eff1f94e1cce384e500380df385591b"
"app/src/main/assets/audio/units/disruptor/canonical/6eff2ee5928bd645__RobotPusher_Pusher_008.ogg","26423","6eff2ee5928bd64506954a5d63adca9178e9d104f8dd8342a098bbcff2f127e3"
"app/src/main/assets/audio/units/disruptor/canonical/74b6643af570bb56__RobotPusher_Pusher_042.ogg","109286","74b6643af570bb561b41aed321d85d733dcdc70fb75282d2ec9590a4525d351b"
"app/src/main/assets/audio/units/disruptor/canonical/7d8cb3d130b7917e__RobotPusher_Pusher_020.ogg","20215","7d8cb3d130b7917ed1b659a136e6e9e49efd6000dcd62f17eba6c9db324e60de"
"app/src/main/assets/audio/units/disruptor/canonical/853f64db3601a271__RobotPusher_Pusher_031.ogg","110441","853f64db3601a2710be704679f575fd16a6585a5a090dc00be04090f921d0853"
"app/src/main/assets/audio/units/disruptor/canonical/97ef4b1046fa7b57__RobotPusher_Pusher_017.ogg","22181","97ef4b1046fa7b57320a22a7ac1659e9f645131bc86a4bb2c58e3b2aad8c8172"
"app/src/main/assets/audio/units/disruptor/canonical/9817a9ee657f0b7b__RobotPusher_Pusher_021.ogg","21889","9817a9ee657f0b7b960e0a916e2dd68911419e7e3eef066362fb06d31935406d"
"app/src/main/assets/audio/units/disruptor/canonical/9b6c8fcba7eed4e6__RobotPusher_Pusher_018.ogg","20460","9b6c8fcba7eed4e63be9b7062543211983868a3932fb839f34bc37c2fa01d1d8"
"app/src/main/assets/audio/units/disruptor/canonical/9e897e41faf5aec3__RobotPusher_Pusher_016.ogg","21165","9e897e41faf5aec348c86e67a77f2e037d521e5b655f793081438747f2706c55"
"app/src/main/assets/audio/units/disruptor/canonical/a249d769a1ccdd8b__RobotPusher_Pusher_014.ogg","18712","a249d769a1ccdd8be4f1fb67fbe3c3a0a2a17bb1c4393bb827c8d53177daf518"
"app/src/main/assets/audio/units/disruptor/canonical/a8a79056be19cdd6__RobotPusher_Pusher_033.ogg","105743","a8a79056be19cdd6ac5fcd64a95064faa28eb9317fb2baf26d143494f8df212c"
"app/src/main/assets/audio/units/disruptor/canonical/af50b4d1bc1850bb__RobotPusher_Pusher_030.ogg","36359","af50b4d1bc1850bb2a560931e65be53d4f38fa110e5b0b26d07c78d237485d9c"
"app/src/main/assets/audio/units/disruptor/canonical/bbc7f0d3da86a1d7__RobotPusher_Pusher_043.ogg","138407","bbc7f0d3da86a1d72b350b3e7b4684d16621675c2ad4c90ee876aaac45cca39d"
"app/src/main/assets/audio/units/disruptor/canonical/c305409f8c2202c4__RobotPusher_Pusher_023.ogg","28074","c305409f8c2202c43715344cc92ae96649a8d6fd7b382f229cbb476ecdddd5ff"
"app/src/main/assets/audio/units/disruptor/canonical/c55ec227ea7014ef__RobotPusher_Pusher_022.ogg","26900","c55ec227ea7014efc77f8756a8742682e5c2e972c7323292066d485e742a8339"
"app/src/main/assets/audio/units/disruptor/canonical/cc43e7b43ddbd95b__RobotPusher_Pusher_024.ogg","28811","cc43e7b43ddbd95b6c3050dddcbea7e2bff51246b615b8e360ed9dce212015e7"
"app/src/main/assets/audio/units/disruptor/canonical/ce45c1e6cf671787__RobotPusher_Pusher_011.ogg","30359","ce45c1e6cf671787ef2ce69d1b49ee9d6fcefaeebdb89309cf9110fbb5915586"
"app/src/main/assets/audio/units/disruptor/canonical/d2235edb3ccb845a__RobotPusher_Pusher_032.ogg","100965","d2235edb3ccb845a8c4c32911fdc56ff27dbfe0a9ab8aa6e987834675a474daf"
"app/src/main/assets/audio/units/disruptor/canonical/d5f8a8af396685c4__RobotPusher_Pusher_009.ogg","22885","d5f8a8af396685c41face5b95dc37b6c0c50b225ca63d7ffebce417043744232"
"app/src/main/assets/audio/units/disruptor/canonical/ffabf83f278de34f__RobotPusher_Pusher_044.ogg","180069","ffabf83f278de34f5c884151bfcfde0e2baed0d2a0f4554cec0782760aa87b7d"
"app/src/main/assets/audio/units/dragoon/attack/DragoonVoid_Attack00.ogg","14997","a0d7b991c41a46e35d97f9848f7d58aa25e9e9d2e1b98344b62512e74cda53bf"
"app/src/main/assets/audio/units/dragoon/attack/DragoonVoid_Attack01.ogg","18806","6880bacb79c7809ced4cd41c7f01fda922e71e7e45fe91de24ad44486f86ddc6"
"app/src/main/assets/audio/units/dragoon/attack/DragoonVoid_Attack02.ogg","21595","a65966b838d6b2f43b09f6420b2bb1134dbaac0391fcb7a45fdaf391e0961af2"
"app/src/main/assets/audio/units/dragoon/attack/DragoonVoid_Attack03.ogg","20683","57dee4ef3f36f397761dc944f43a4dc652e9e2e52a64edba6464483f8a85cecb"
"app/src/main/assets/audio/units/dragoon/attack/DragoonVoid_Attack04.ogg","16590","f58266335ba8bb67829e6bdb2e60dfc81b07a49c315c3577a34ef8b276e03dd6"
"app/src/main/assets/audio/units/dragoon/attack/DragoonVoid_Attack05.ogg","16782","680f78b3cba04be559b540b5b8108c0e39a5b6a47768eb01bfde9e76c7e05f04"
"app/src/main/assets/audio/units/dragoon/attack/DragoonVoid_Attack06.ogg","20236","c9869afc7b7fdaf86dfc74c1939e5b15c99b0a26c99fe858227cd8c11fa56cf6"
"app/src/main/assets/audio/units/dragoon/chatter/DragoonVoid_Pissed00.ogg","38922","98d0e7cf0be8d8d6c071fc348f421712fc820e82d5352c3108d3003fb8b80a64"
"app/src/main/assets/audio/units/dragoon/chatter/DragoonVoid_Pissed01.ogg","46189","16c1e5874810b706049a79c06ef93ec5cdb87a0c42af469ba48e281e8da31c5b"
"app/src/main/assets/audio/units/dragoon/chatter/DragoonVoid_Pissed02.ogg","73968","e5b16c5359df2e663d5620c04eb595e851958c1eaf47a1884036510c3f16bac3"
"app/src/main/assets/audio/units/dragoon/chatter/DragoonVoid_Pissed03.ogg","44529","cfdf4250f50c1290e5eb6c226613163958946dfed40e1d2499f479aa924f3df1"
"app/src/main/assets/audio/units/dragoon/chatter/DragoonVoid_Pissed04.ogg","44048","2bac9788a7ea89a816c9701292b054c5e8c797c07f55a4f714e503037182a86c"
"app/src/main/assets/audio/units/dragoon/chatter/DragoonVoid_Pissed05.ogg","37414","64640c99a244c7aa4c8415ac1d77d44c39f87e77bd664ba3abd688866e19b2aa"
"app/src/main/assets/audio/units/dragoon/chatter/DragoonVoid_Pissed06.ogg","67264","156c2439630d5245c8543ec69a05868421a0d3c4040657907fa830b47ed47eec"
"app/src/main/assets/audio/units/dragoon/death/Dragoon_Death02.wav","33340","83d9f408fc19842bbe0b50391b996ca58603314a320b6dac044960b828a6a2ee"
"app/src/main/assets/audio/units/dragoon/death/Dragoon_Death03.wav","32572","c08565f3b8060fb9832d87e092164d3c8f38f716459a70d2bfcec9fc1f84c156"
"app/src/main/assets/audio/units/dragoon/death/Dragoon_Death04.wav","29756","6d21822c934ae61970040ee564fa145dd2f56f1b8faf6ff8b0a174611a6fe1dc"
"app/src/main/assets/audio/units/dragoon/death/Dragoon_Death05.wav","36412","8268f461f4ce7f6dd9938e9f292650258f683494e853e349bd130fbffaf4abe0"
"app/src/main/assets/audio/units/dragoon/deploy_move/DragoonVoid_What04.ogg","18075","203326751fca6701f3fe963093a5a3f7dfbe3bda561e4007e6f26310734ecd5e"
"app/src/main/assets/audio/units/dragoon/deploy_move/DragoonVoid_What05.ogg","21733","dce49bbb5894ced0a68db0f00cd212d40592f15f85c7d201e65f85f70b7ab1c2"
"app/src/main/assets/audio/units/dragoon/deploy_move/DragoonVoid_What06.ogg","19197","02383d24715ca09e2197c95f6503c1feebfd22566977cbfec8bfad4960865cbf"
"app/src/main/assets/audio/units/dragoon/deploy_move/DragoonVoid_What07.ogg","17004","573a375f9991d53f6821fcdde651a31b8fe2298c7d19c9c7e1c7cc50a0160d68"
"app/src/main/assets/audio/units/dragoon/deploy_move/DragoonVoid_Yes00.ogg","17325","cade5d1f1b2b3b5e811c480bfdc7b9f985754138d5e3db19281019a132a8f1d1"
"app/src/main/assets/audio/units/dragoon/deploy_move/DragoonVoid_Yes01.ogg","16564","367caa6d4b7c747e8512bbaa1211864c6161399487d8d4c6fa01c213f11532cd"
"app/src/main/assets/audio/units/dragoon/deploy_move/DragoonVoid_Yes02.ogg","19672","d2f17a0b3200fa2dca3f3f1a800ec21002a37dd4e895f1366c801605a4fd03f7"
"app/src/main/assets/audio/units/dragoon/deploy_move/DragoonVoid_Yes03.ogg","16206","a9e95dc7b326c6d0c494bf4375e0ec66137a22683ca2e30beda87f3e7491779b"
"app/src/main/assets/audio/units/dragoon/deploy_move/DragoonVoid_Yes04.ogg","15839","cfa888cb5f04abf15eaecd6d6284ac46874bc1ac7f490ec6095a7a0a4f9fc35f"
"app/src/main/assets/audio/units/dragoon/deploy_move/DragoonVoid_Yes05.ogg","16481","8c24c7ffe285006d812b7795c95150b0f1f50d55f7735980f72917d1a9f2360a"
"app/src/main/assets/audio/units/drone/attack/Drone_Attack3.ogg","26369","1d305321c58183c5fe61aef22b999123690bee91dce7b735e0556882dbddb3ed"
"app/src/main/assets/audio/units/drone/attack/Drone_Attack4.ogg","22305","a0b57ced36c199d2e9943cbbc35de37f93245cd6bea94210ea131c1fdf724a34"
"app/src/main/assets/audio/units/drone/attack/Drone_Attack5.ogg","21442","f0ca651318e76ffb898faf89f91f163149e7e4731a549c64a92ce1044d0b6cf8"
"app/src/main/assets/audio/units/drone/attack/Drone_Attack6.ogg","34384","c49ae53816d66d87b25be2432edbf0fb2b39fab5bdfca25fad0b8f1a18077242"
"app/src/main/assets/audio/units/drone/attack/Drone_Attack7.ogg","26457","c0b5518b73ce4e1ce4eb2e2e67325dc7422edfa2af35449bf81d76be06f2062c"
"app/src/main/assets/audio/units/drone/attack/Drone_Attack8.ogg","22367","0e5c1144b2b7ddaeac125a0a3c4b664d5c84c28400754c8734ba94145c2797eb"
"app/src/main/assets/audio/units/drone/attack/Drone_Attack9.ogg","31427","eba8499f76144258f765456e240a19fcfb338559aeef46443cfc42c41caf2661"
"app/src/main/assets/audio/units/drone/canonical/00d174145c2d4d9e__Drone_What2.ogg","39867","00d174145c2d4d9ecb1b3483c781faea5f3073760cc86aa98500ece80d226c2a"
"app/src/main/assets/audio/units/drone/canonical/1cb166f0bc114cdb__Drone_Attack2.ogg","31695","1cb166f0bc114cdbdb57e1af0c93890dd9191c18ca08e4f46881a72f71fbf652"
"app/src/main/assets/audio/units/drone/canonical/228adff3370e1d3e__Drone_Attack0.ogg","18636","228adff3370e1d3e446caeeafd1e6770cbd1fa2d9a1d92b8c101f6a6c1fda8b8"
"app/src/main/assets/audio/units/drone/canonical/2aac36e0f85dda8f__Drone_Ready0.ogg","50470","2aac36e0f85dda8fa78a673434ddd4470886460eb50bf82301c51bfa6fb26575"
"app/src/main/assets/audio/units/drone/canonical/2fbf4a064a3aa652__Drone_What3.ogg","42779","2fbf4a064a3aa65282ffeb26b6f5496d56bdc7b7f5f6c6a15f90c2e9336a95ce"
"app/src/main/assets/audio/units/drone/canonical/3204c9c67232be01__Drone_What5.ogg","31937","3204c9c67232be01ca9989ea294cf51ed5803bbb6a488ce0b432a3936bb6fa3f"
"app/src/main/assets/audio/units/drone/canonical/3a31d59a9eca8456__Drone_What7.ogg","24339","3a31d59a9eca84566f0e91539baf907d025f3ffab783f1bd2ddb79bfa21a37a7"
"app/src/main/assets/audio/units/drone/canonical/48b19876c43515de__Drone_Death0.wav","31036","48b19876c43515deea190c32567bce52b6db75029462535129d9e00ec43cdd44"
"app/src/main/assets/audio/units/drone/canonical/5f47b4b7e26cb93a__Drone_Attack1.ogg","26198","5f47b4b7e26cb93a27173626096005f9c67c3d56f1bdf67e841b0654ca4d8413"
"app/src/main/assets/audio/units/drone/canonical/72de37ec32d13ea8__Drone_What0.ogg","51805","72de37ec32d13ea89ccebce82416a183f7959b8cfbfd143ef3fde911ba00ca28"
"app/src/main/assets/audio/units/drone/canonical/74c796a981c00c29__Drone_Death3.wav","35644","74c796a981c00c292383e7039bedb38c8f6e89bc790d53fae82710d8e59b9c14"
"app/src/main/assets/audio/units/drone/canonical/80230203b9457e25__Drone_What6.ogg","28727","80230203b9457e25e2297aa9b28c767098218540e0b2ce0fcd6d9e4752e43f97"
"app/src/main/assets/audio/units/drone/canonical/8115e959137017fc__Drone_What4.ogg","30232","8115e959137017fc90964199d2d30f20ff125e0cb731e4643528714698a681b8"
"app/src/main/assets/audio/units/drone/canonical/940a65bfd80c4c37__Drone_What1.ogg","33505","940a65bfd80c4c37df7eeb7ed3ab7a19879c1f2181c46fa7c441e6e103ea0bb9"
"app/src/main/assets/audio/units/drone/canonical/b111e775851551dc__Drone_Ready1.ogg","29892","b111e775851551dcd8937e54c6bf9aeb66623c5df1765ed87253fa6112dea662"
"app/src/main/assets/audio/units/drone/canonical/bc4d02bb82467242__Drone_Death2.wav","38204","bc4d02bb824672429014ff387973dff2077f14a9e7ec959f2dc7ee4c38911a5c"
"app/src/main/assets/audio/units/drone/canonical/c77dbcda3ec6d357__Drone_What9.ogg","33666","c77dbcda3ec6d3576a84fb9b0b9a987efaaab185dd1cf2ab24cda11cf2c8f641"
"app/src/main/assets/audio/units/drone/canonical/d1d276ae18fe3567__Drone_Death1.wav","26172","d1d276ae18fe35672d831d19203c455719c8253e2abed3304cd6b2979f91d4d3"
"app/src/main/assets/audio/units/drone/canonical/efd869b6a6593d2a__Drone_What8.ogg","21911","efd869b6a6593d2af09356a808577df43dd0ef3bd5aa02d20602cd36e63279f7"
"app/src/main/assets/audio/units/drone/death/Drone_Death4.wav","41532","8ce2c637c7c5888a6701f28ca588cfed76831b14fb6d96f32e17def7445e832f"
"app/src/main/assets/audio/units/drone/death/Drone_Death5.wav","35388","65bbca950ae6a0436412b145328e31e3190be9853589b33d49f07878d8997714"
"app/src/main/assets/audio/units/drone/death/Drone_Death6.wav","36668","e0b8ca7016841e673313443fc3bd7798c651d102fc7d31729431f011edfb6a72"
"app/src/main/assets/audio/units/drone/death/Drone_Death7.wav","44860","fd35467b906761b85c9a0219508346ab649dd7fb8a31fef61a8a15f7575e17bc"
"app/src/main/assets/audio/units/drone/deploy_move/Drone_Yes0.ogg","33562","c877ea36abca24236cc0dbc155010672b482a156b0ef72f5b829a2aba10b2fe9"
"app/src/main/assets/audio/units/drone/deploy_move/Drone_Yes1.ogg","29557","b060c2ef61b0591c9d3ce5ef1515cf3f391a5185c4c0c71450c50b556b5cd8a8"
"app/src/main/assets/audio/units/drone/deploy_move/Drone_Yes2.ogg","22586","cbbe75818bf255e7ef78bf58e619aa8cbda1fd53336f578bc448e0861e2ed217"
"app/src/main/assets/audio/units/drone/deploy_move/Drone_Yes3.ogg","31535","94b82fdc71ce374e858a92c00f8c9cbf75b5d7042512d7e56430f9852097ced8"
"app/src/main/assets/audio/units/drone/deploy_move/Drone_Yes4.ogg","21845","9091aa264c34114d9d4c737c8e59df20c56e3a58ea0216a32a66049934ac80b6"
"app/src/main/assets/audio/units/drone/deploy_move/Drone_Yes5.ogg","32088","1c473e31526d41aa6c768755dd6364c4ea62e33d3b3dfefb613526795fc23f31"
"app/src/main/assets/audio/units/drone/deploy_move/Drone_Yes6.ogg","36529","a6751f4888b07b85ce3999741c238f11e8a2d9caf7baf72f317431f5fdc3e526"
"app/src/main/assets/audio/units/drone/deploy_move/Drone_Yes7.ogg","25146","f93e13b81f3157bd98498bd5fc6111a6cc64510906d6bbd4ccdd36f660975fdf"
"app/src/main/assets/audio/units/drone/deploy_move/Drone_Yes8.ogg","32141","7dc55e09e476da92ab93d4ef8e40acb3cb64b08a2347f2c2edca1a2497c485f2"
"app/src/main/assets/audio/units/drone/deploy_move/Drone_Yes9.ogg","32482","76c42f75e31d8cb3a4e9bec90418245b0d27288b99eb3fe13ac34dfd6fc53654"
"app/src/main/assets/audio/units/fenix/attack/Fenix_Attack00.ogg","18025","6b4d088dfdfd77d90c6fe767a6ea578f786e30b33a981a5a9d3b083280373846"
"app/src/main/assets/audio/units/fenix/attack/Fenix_Attack01.ogg","31578","42c032e5fefff4fcd38501fa1177a46096886b649efdd4c2bff09fa5486de941"
"app/src/main/assets/audio/units/fenix/attack/Fenix_Attack02.ogg","31567","77acca722fe8cc4b093a0f5d88fda0a0bcaf01408a4ba5505d8a1e556f8207fd"
"app/src/main/assets/audio/units/fenix/attack/Fenix_Attack03.ogg","32180","59898ebe95f6fe059f7d6ced4bac6e8cd201450b869344d48932b3bd3592fb22"
"app/src/main/assets/audio/units/fenix/attack/Fenix_Attack04.ogg","24638","7d6ba31b64bc843873d8d68ec750fa170b92518909f07599c8a3803f68344488"
"app/src/main/assets/audio/units/fenix/attack/Fenix_Attack05.ogg","22851","79988ee261fa65316e3f93b83c53f0d2286b40f4b8f7ccc3dec789dcb8bd970d"
"app/src/main/assets/audio/units/fenix/attack/Fenix_Attack06.ogg","28895","040e2e8f5e60c85e4008020ab366a1b29a5af9070843cbf9b131121c431f1be5"
"app/src/main/assets/audio/units/fenix/chatter/Fenix_Pissed00.ogg","109777","ba8abf3374450565e05c64f8b5cfab35b35ee46578a1b0a19fbf06da5948bd81"
"app/src/main/assets/audio/units/fenix/chatter/Fenix_Pissed01.ogg","32047","9be8afd35224b16187835c158702b6de56db25d567fb6a752d6d90123ac6a8d3"
"app/src/main/assets/audio/units/fenix/chatter/Fenix_Pissed02.ogg","93483","495d471bb49d40b7ce3aa676a112dfe9733a1d519e3b4a08f8c64ad678990929"
"app/src/main/assets/audio/units/fenix/chatter/Fenix_Pissed03.ogg","96630","09bc0d0ae8ef085ecb399c66ba15211792aa06862129deb7264b3c9b5e0d353d"
"app/src/main/assets/audio/units/fenix/chatter/Fenix_Pissed04.ogg","55925","15af48cb228425779a38299847a6ad9467fc0f33d322601c9bb790df9c1d7220"
"app/src/main/assets/audio/units/fenix/chatter/Fenix_Pissed05.ogg","45947","e16092c10ca218f8604f2bdb0d85feda806284bbdfb98e462e0e088ef81732ad"
"app/src/main/assets/audio/units/fenix/chatter/Fenix_Pissed06.ogg","60159","8959851060119fd3a680122aab580ba7f80aca97929a772a8b230add3cecdf08"
"app/src/main/assets/audio/units/fenix/death/Fenix_Death00.wav","99644","ac3c23449eb3703855bb30ff6525391a42a36488a3455ad7ee0409adcfaad8f8"
"app/src/main/assets/audio/units/fenix/deploy_move/Fenix_What06.ogg","34316","41df1b0778f2f5d97371e80eccf526d3aadd78577763db3e8768c48a993043f3"
"app/src/main/assets/audio/units/fenix/deploy_move/Fenix_What07.ogg","20996","dce9852397ba981bfb039c125deb580488971d2a44a763edf90436a013c0f093"
"app/src/main/assets/audio/units/fenix/deploy_move/Fenix_Yes00.ogg","18531","8a2f39427c527777d505e069b81b778fbed84dd1135a38257b0a4086a830b33a"
"app/src/main/assets/audio/units/fenix/deploy_move/Fenix_Yes01.ogg","22060","8b37e6ec5465cc5708b64ec823292962db869f68ab23053b2d24bd08f5f02feb"
"app/src/main/assets/audio/units/fenix/deploy_move/Fenix_Yes02.ogg","21551","9a1793c80850cd879c050b21ce636705a77e54fe55a5a84b76db5b73c5f3bbba"
"app/src/main/assets/audio/units/fenix/deploy_move/Fenix_Yes03.ogg","21071","b0cc7c5a5f130e2dc9fab19b817ec0d74b2a5734a5f48335fcdb79b030da04dd"
"app/src/main/assets/audio/units/fenix/deploy_move/Fenix_Yes04.ogg","29658","a3569f2ae4b354d516c0696493af1ea6dedb6e44457fea5d5bcb2de1373faa25"
"app/src/main/assets/audio/units/fenix/deploy_move/Fenix_Yes05.ogg","30215","ac308971db911651fc472d9d29d65f96eda9772852065526cad31d6c9bd1a640"
"app/src/main/assets/audio/units/fenix/deploy_move/Fenix_Yes06.ogg","22776","30d9f5427abf3696299e4819af0c35bbf1e4dae70cdc74fb5e9572d8693865ab"
"app/src/main/assets/audio/units/fenix/deploy_move/Fenix_Yes07.ogg","23322","1930d247742ae6c88092efbf322ff9bf63020a4ab2e52c68327095c80128b025"
"app/src/main/assets/audio/units/firebat/attack/Firebat_Attack00.ogg","24613","f9fd7520e44bf51a598990009c2afe62516bf0c7a3c0eb55faecf8f2e5eca6d8"
"app/src/main/assets/audio/units/firebat/attack/Firebat_Attack01.ogg","31578","f5e25294ed67eddba60f7cb9eace6d1bb0357211b5ca519229ba221a38ff947f"
"app/src/main/assets/audio/units/firebat/attack/Firebat_Attack02.ogg","39423","bc5b9e4b11954ca3d49a17221f22162426c79c1e06c71661ebf11811b9ebeeea"
"app/src/main/assets/audio/units/firebat/attack/Firebat_Attack03.ogg","34054","789b71a74d89a9d6ef692f205168cc1bfcf2ac9526843f1572dcf2bf9af0c137"
"app/src/main/assets/audio/units/firebat/attack/Firebat_Attack04.ogg","27760","33afa22778f79bb8c08b2ffa7e3c49a82b44d56984eab9516cc63446c3c25e5b"
"app/src/main/assets/audio/units/firebat/attack/Firebat_Attack05.ogg","23985","001ef0b817b67b19d611ff8cae7a110edb1c10282a6cb06c13a2df738fd3887f"
"app/src/main/assets/audio/units/firebat/attack/Firebat_Attack06.ogg","47811","e488f50fb38c932ec048400c73bc6df8a0878d66d4bade6c1be821122fac1982"
"app/src/main/assets/audio/units/firebat/chatter/Firebat_Pissed00.ogg","49232","6615bfe68df45e1b184752d370ead16a5a6d08155e86437e96718e76c7eb4448"
"app/src/main/assets/audio/units/firebat/chatter/Firebat_Pissed01.ogg","70348","3630664f1e0ccc46b57c72d24f4d0b69cfe46dad12d739b933478352fb53176b"
"app/src/main/assets/audio/units/firebat/chatter/Firebat_Pissed02.ogg","59942","394a0ad7a746706c06d90a00b9418f15bd616abbae3167070646d19353b603e8"
"app/src/main/assets/audio/units/firebat/chatter/Firebat_Pissed03.ogg","50534","73217a64e6405ba809ea5a215b4717b4deb1d196e04e1acbb18ac08593f4abc1"
"app/src/main/assets/audio/units/firebat/chatter/Firebat_Pissed04.ogg","37148","b9ed23510a880cf1b282e67873be3999cc2a650c86250b8db99cf04228995869"
"app/src/main/assets/audio/units/firebat/chatter/Firebat_Pissed05.ogg","42720","8b86e3af19ef2d3e4a69d6b8c6bbf7d9f4ceba26264516da92ca1232a98778f3"
"app/src/main/assets/audio/units/firebat/chatter/Firebat_Pissed06.ogg","72162","5fd26781745dc1dc43472a823687177c1f6e2b752b7260cfef80ecd115f42892"
"app/src/main/assets/audio/units/firebat/chatter/Firebat_Pissed07.ogg","37313","a82b1a9a5a9b13579ea25f8ee8589213ce974ed5cb7f1c72d4b37c51a04b6e10"
"app/src/main/assets/audio/units/firebat/chatter/Firebat_Pissed08.ogg","51908","ec5af5aaea08cc3f0fc3463d620bd9eee81802d1b8e683c8c347d6a3f05b7ea0"
"app/src/main/assets/audio/units/firebat/chatter/Firebat_Pissed09.ogg","69890","8ec177a2fc0b8b3f9bd4eeff0b2fb9f3dd334cf229ccd07eb31cfd15d9a52d77"
"app/src/main/assets/audio/units/firebat/chatter/Firebat_Pissed10.ogg","35583","34bbc8070c5b026f9371df05fa4144dbc624395f21efa4bfffe066554005c78b"
"app/src/main/assets/audio/units/firebat/chatter/Firebat_Pissed11.ogg","62875","f093e5d3ac0cec94fc6d8a165c19b67dc75b3bdf4acf58472a9a211d7c0b19c0"
"app/src/main/assets/audio/units/firebat/chatter/Firebat_Pissed12.ogg","33382","9e3410c140bf30edfbb7d881d5b862d861214a417d5c726534f942e4aa417346"
"app/src/main/assets/audio/units/firebat/death/Firebat_Death02.wav","60732","f68ae094f7c046d32584f5f624a1beda1729bcc6744984c8b6416ef5bd6f423a"
"app/src/main/assets/audio/units/firebat/death/Firebat_Death03.wav","40508","c4e974172ca3ecff9719d1cf3bd54b8b6fb08450a36c20c5c0c66d1d34805f39"
"app/src/main/assets/audio/units/firebat/death/Firebat_Death04.wav","42044","46d7b951964aeb1bde5a221e2150826939c5b05b4473908e91ee4014f04eb304"
"app/src/main/assets/audio/units/firebat/death/Firebat_Death05.wav","31292","44be1210488501e85e768236d0c5cc8076313df1896d8eb4c99eb7de4ad01555"
"app/src/main/assets/audio/units/firebat/deploy_move/Firebat_What03.ogg","28075","ee50af1e3fd62a8bc946ceecdab18b2de5fade8c61589b6e8059d7989712591d"
"app/src/main/assets/audio/units/firebat/deploy_move/Firebat_What04.ogg","22876","3b9d8df79ba262f688d6c4019c179ee64d26c6c1f19709b2311d1e0cfff6ae05"
"app/src/main/assets/audio/units/firebat/deploy_move/Firebat_What05.ogg","25577","c19815e81b13e93aec4b5716dab7ec9860918242e7d4266df74fbadb67e90c18"
"app/src/main/assets/audio/units/firebat/deploy_move/Firebat_Yes00.ogg","46036","5494ce1173ae07579e981587c2cbaf3798858a55f7b9b8faa173673f8b8e960a"
"app/src/main/assets/audio/units/firebat/deploy_move/Firebat_Yes01.ogg","25316","ba48c9abd6a7dfad6162801f352f08cf282a7ccdda75d3de942c51b9356699bc"
"app/src/main/assets/audio/units/firebat/deploy_move/Firebat_Yes02.ogg","29133","bb36178717ce428e32e00c7f829f524d1d177eb70d529d2886452889b1fbcc94"
"app/src/main/assets/audio/units/firebat/deploy_move/Firebat_Yes03.ogg","25034","4ec39f838c1dc08cded453b39574df933715a6cf696090e6803523f7f7fae4a2"
"app/src/main/assets/audio/units/firebat/deploy_move/Firebat_Yes04.ogg","27167","adb0902a8e471f49a52cf139ac4c24a5f61470583f4a30df5472f5f928dfcd59"
"app/src/main/assets/audio/units/firebat/deploy_move/Firebat_Yes05.ogg","50637","681fa0b0fb47e2ed16c39cc28d9fa6386abad627e8cbd9fdcf1b8a4b8d33d900"
"app/src/main/assets/audio/units/firebat/deploy_move/Firebat_Yes06.ogg","50262","bd3f555c19e3773359627a2754565b33c2a821dc75272ce3cd6ac2315051dd97"
"app/src/main/assets/audio/units/ghost/attack/Ghost_Attack00.ogg","34896","3d0c989152fac27bcbdb0c9eeeb1f4d463c370bae94442c7fdecd78a94d90ec6"
"app/src/main/assets/audio/units/ghost/attack/Ghost_Attack01.ogg","33517","f40c625099b363b8f4785faed4277e83eb1c8eb23597c97b2a84507292fdfe81"
"app/src/main/assets/audio/units/ghost/attack/Ghost_Attack02.ogg","30527","0b44eb2f2c6005ca197717fcd651309829d7abadcd9aa693a534c92490708aca"
"app/src/main/assets/audio/units/ghost/attack/Ghost_Attack03.ogg","30538","2d842cea984adadb080d5422f07a16afc3bb6307dddaf215eb49399f6a187a78"
"app/src/main/assets/audio/units/ghost/attack/Ghost_Attack04.ogg","27686","a2500168a2459642400d49f9c6921820d4a305b17548ec738041b1320ee6d3a6"
"app/src/main/assets/audio/units/ghost/attack/Ghost_Attack05.ogg","34931","ebb79a383081ccdc339e6e2eaf2b026333379dbe228baead1911b75bea7ec20d"
"app/src/main/assets/audio/units/ghost/attack/Ghost_Attack06.ogg","37649","a0e878a42c87b470465b08a72b01deb125980bfcd8dbaf5428451fda3d9b75b4"
"app/src/main/assets/audio/units/ghost/canonical/226edbfb31e41e1d__Ghost_Yes00.ogg","25607","226edbfb31e41e1d3ddd88352357d67e9ecc1ab1e824a60e50a5261b10196db7"
"app/src/main/assets/audio/units/ghost/canonical/25e8dc624a5c740f__Ghost_What00.ogg","20514","25e8dc624a5c740fcd5202173f10c672ecaeee13a4f0c958d5f1dcff25e10357"
"app/src/main/assets/audio/units/ghost/canonical/4e8c5600baf1e5b0__Ghost_Death01.wav","44604","4e8c5600baf1e5b03cc8766104b66ec529df25664ef8efde71430db63e07e3ad"
"app/src/main/assets/audio/units/ghost/canonical/5845b7ef20b00502__Ghost_Death00.wav","46396","5845b7ef20b00502c405b5a0eb030c7c9b480298ff03c1b6dd7e79cd6c346003"
"app/src/main/assets/audio/units/ghost/canonical/60668dd7863acdd1__Ghost_What03.ogg","22051","60668dd7863acdd1a9b6c0b5eb79ebb61ffeca573f22e2fc06252cd24fe48f7c"
"app/src/main/assets/audio/units/ghost/canonical/75be73f625f7bcdc__Ghost_What02.ogg","26922","75be73f625f7bcdc4e7e324016543f727ce6208f666c5d06b8a2ac134931d272"
"app/src/main/assets/audio/units/ghost/canonical/83077a3a8c4f11ea__Ghost_What04.ogg","26827","83077a3a8c4f11ea8d43efcb6f7fcff91b0ae7f7590d930cf8ecf9aa1484f41f"
"app/src/main/assets/audio/units/ghost/canonical/8613e2f16d979e12__Ghost_What01.ogg","18802","8613e2f16d979e1276e53d055251143f0bdbc42911a14175e82ec7239d675483"
"app/src/main/assets/audio/units/ghost/canonical/d033cef54baf53f9__Ghost_What05.ogg","30122","d033cef54baf53f9dfcc0db6586e75c0f18fd73b19a02520c757e1a913453058"
"app/src/main/assets/audio/units/ghost/canonical/fa82f6d7ab9713d0__Ghost_Ready00.ogg","28898","fa82f6d7ab9713d0da2e8899fa33d6c16a2a8f3c2fa22ec9e90c90a9afec7856"
"app/src/main/assets/audio/units/ghost/chatter/Ghost_Pissed00.ogg","22113","543129b104f6458a32ea200fc981a77dc719268ab239faf154e8bfc3ceb8035d"
"app/src/main/assets/audio/units/ghost/chatter/Ghost_Pissed01.ogg","38822","1a8e2cc2a0d06a4247ff31a44f846b67734d7e4e26e77c5f4d0cb2c2bde0ffe4"
"app/src/main/assets/audio/units/ghost/chatter/Ghost_Pissed02.ogg","33706","d541c9dc532995ba677831a3de9111fd2cb213be9cb62ea6d0622d7790e8ea14"
"app/src/main/assets/audio/units/ghost/chatter/Ghost_Pissed03.ogg","27317","da58a75c721d3c1d8d7d1ceafbbddd5b9c65eed3c3f6a623bab968cffd131a4f"
"app/src/main/assets/audio/units/ghost/chatter/Ghost_Pissed04.ogg","63214","14a1ad366fb32453a63fd1da8cb5b1a0d62bc559d8b9a67eabdc061fa23fc3de"
"app/src/main/assets/audio/units/ghost/chatter/Ghost_Pissed05.ogg","50524","52c550adc4064e299d44968307e9ba9b781e52c5272e91905348ccdde86da7c4"
"app/src/main/assets/audio/units/ghost/chatter/Ghost_Pissed06.ogg","51108","13cb0eef14cf5d599ff6ac7ad7e0f2089c1b3d89f9f5d727cac56a51335d7902"
"app/src/main/assets/audio/units/ghost/chatter/Ghost_Pissed07.ogg","59113","34fdcc5669c0e6bf4dad5acebf8382a9bd774eb9db0e20ce31c7e1c41df16d39"
"app/src/main/assets/audio/units/ghost/chatter/Ghost_Pissed08.ogg","95888","90ef5ac00ae32d2103cc2f69c551ce6bdefde9289c75d4b0b443eda5d1aa0e83"
"app/src/main/assets/audio/units/ghost/chatter/Ghost_Pissed09.ogg","66395","e6ca1dbfd69bed3823dd3b34ab0ba9fd2c1ad55a15906d00c3ff95459f562e4f"
"app/src/main/assets/audio/units/ghost/chatter/Ghost_Pissed10.ogg","179121","835a8106b5e89ce675ced1b63f30ce973f9f1763798a96f6a85536a58118b793"
"app/src/main/assets/audio/units/ghost/chatter/Ghost_Pissed11.ogg","60312","521903acf9e9618b30115ef5824a913ec42994c420d2c1bb9d734ca6f170faa3"
"app/src/main/assets/audio/units/ghost/chatter/Ghost_Pissed12.ogg","59341","74e6d004c2456d911ac5542094a28e50aeb6e1e12917325e49c83d314236b38a"
"app/src/main/assets/audio/units/ghost/chatter/Ghost_Pissed14.ogg","40157","64fbd0e7950b8b8514706a1b1b2c6ae9fdbff4e433e23005b145ddfd66e40d8b"
"app/src/main/assets/audio/units/ghost/chatter/Ghost_Pissed16.ogg","33643","5db315b1a62b5ad3bdb353ec44aa694648c36191fdc1f7591bbfc3d02b025334"
"app/src/main/assets/audio/units/ghost/death/Ghost_Death02.wav","37692","dd4de2e06a83ed5e9687602ca5202c9a26bd8201ce1f2cabb2f156b958273877"
"app/src/main/assets/audio/units/ghost/death/Ghost_Death03.wav","49724","4f7ce572d0f395a45619037603111aa900c40e8d78d31510244cdbdbc785ca6c"
"app/src/main/assets/audio/units/ghost/death/Ghost_Death04.wav","44604","89c2b1a3aeb0d8392995dfb2e40131921848850445e058a01285c13a6ada43bc"
"app/src/main/assets/audio/units/ghost/death/Ghost_Death05.wav","38204","5b267db09731124f8b38393abbff555c49f1654d225c2713697c0354e9ac37a9"
"app/src/main/assets/audio/units/ghost/deploy_move/Ghost_Yes01.ogg","21297","d5d3b9eebe3c76e6f4a5dd60d9102a25092605a3e7c29308335a3e65fd176b38"
"app/src/main/assets/audio/units/ghost/deploy_move/Ghost_Yes02.ogg","30146","1eb3e53df5b00d159e8999ef954b2e221a6a4c2b154b5e86b74bf342442b8381"
"app/src/main/assets/audio/units/ghost/deploy_move/Ghost_Yes03.ogg","22259","381e9349d6cf67cc04b0c44a80f77f78048a58c62e0973b2a1ae8fe81d7312e7"
"app/src/main/assets/audio/units/ghost/deploy_move/Ghost_Yes04.ogg","21454","0c2b4351980568b0a2bfbdab9419d599dc5df6613a90b6315e74083b0eb68b07"
"app/src/main/assets/audio/units/ghost/deploy_move/Ghost_Yes05.ogg","24741","04cb70592a05e1547fa221e2b7cfd14da3f8ba0a59e08443d5973c9e530244ef"
"app/src/main/assets/audio/units/ghost/deploy_move/Ghost_Yes06.ogg","24558","d398ecf0740a608f1a2ab017d82983142047979c1cb7dae5a7d893d0eb18ec64"
"app/src/main/assets/audio/units/ghost/deploy_move/Ghost_Yes07.ogg","19136","f6b4432a7c3be81f0edb7a10ed42720716ab379e2bd78b772c3fb8c09a313e40"
"app/src/main/assets/audio/units/ghost/deploy_move/Ghost_Yes08.ogg","19913","5c91eafa89191cbb7204a200f3eb8ee5d7397b221330cc81fc2971727525efee"
"app/src/main/assets/audio/units/ghost/deploy_move/Ghost_Yes09.ogg","25365","fa77992053abdccc2162fff60a81dacaef60538325900e1dbec26d827f79dd8c"
"app/src/main/assets/audio/units/ghost/deploy_move/Ghost_Yes10.ogg","24345","723cb5c5d74b8a31d4a45288787b09353fa6f7f2d0eec4999bfce7b82ee317a3"
"app/src/main/assets/audio/units/goliath/attack/Goliath_Attack00.ogg","22562","ddbea0f352cd0b20fa293b029eba22c2833a6c98cc5b3ff0f44748e3b47e4b59"
"app/src/main/assets/audio/units/goliath/attack/Goliath_Attack01.ogg","26415","da8c9fa867f707b22705f91052c4a1ad6f1e5c8c09eff8672956ebb4fff7c7ff"
"app/src/main/assets/audio/units/goliath/attack/Goliath_Attack02.ogg","18557","42c4136c4fd8479bbbcaaa975621e0b2f72c5ac908128f684d18ab0091e3a6e9"
"app/src/main/assets/audio/units/goliath/chatter/Goliath_Pissed00.ogg","46893","10e360254fe76cd944f46a83bdaf348bd61c859ae6c629ab17288e6e077c6113"
"app/src/main/assets/audio/units/goliath/chatter/Goliath_Pissed01.ogg","38128","c6e69a3fa56a2a62c79b3d283b6e552f05029f1745317766bceec26ec73438e8"
"app/src/main/assets/audio/units/goliath/chatter/Goliath_Pissed02.ogg","24168","c51454870a062729095a7fc1e8b9272bc07e074b6017280dc602cf6fda96db75"
"app/src/main/assets/audio/units/goliath/chatter/Goliath_Pissed03.ogg","25142","c146316ecb3cb6f585b3dd8f15df9a625877177c4eaa92e50fe69c69c3caa1ca"
"app/src/main/assets/audio/units/goliath/chatter/Goliath_Pissed04.ogg","27424","53f42465e224d3453c0060551eadeeb7d749bed8a3a90ef737b95cd936922533"
"app/src/main/assets/audio/units/goliath/chatter/Goliath_Pissed05.ogg","49204","85c633e606fa7dddc66598e64013b8945798367cd489e2eb39a0e3406283d416"
"app/src/main/assets/audio/units/goliath/chatter/Goliath_Pissed06.ogg","47828","51369e39c13bbfc9b0c7e41a630dc1c9595a9302f020d562ffa7ff669b5334e1"
"app/src/main/assets/audio/units/goliath/chatter/Goliath_Pissed07.ogg","112610","23d35239ee90a69756535e140af87614003e2058d24dd93c7c2e45a765ce2261"
"app/src/main/assets/audio/units/goliath/chatter/Goliath_Pissed08.ogg","55505","94899297e8aa24b832af6a40e258284689e8cdce98b0c166682ee6e5afe827f7"
"app/src/main/assets/audio/units/goliath/chatter/Goliath_Pissed09.ogg","60248","65d64a2196be26a2bdcdf432572f9821fbec3649ba2ab94c59549649640eaacc"
"app/src/main/assets/audio/units/goliath/chatter/Goliath_Pissed10.ogg","23422","92160db6e2fc2bcf6a38d03dab6637329ce16a3a2d9c6cacb56bf2f32b98dd9e"
"app/src/main/assets/audio/units/goliath/chatter/Goliath_Pissed11.ogg","58260","58ef078adf256769a2341554816fb05dce07894728cf6030ac589db95db1700a"
"app/src/main/assets/audio/units/goliath/deploy_move/Goliath_Ready00.ogg","26298","b917b0a88a1d8166393eb6a33419ae8d5317a286ddfe3c014890410d27baf4d4"
"app/src/main/assets/audio/units/goliath/deploy_move/Goliath_What00.ogg","42243","02f7779fd50b35c9ba769a5903baecb9e91197b4c6c94d4aa20ce69884882a15"
"app/src/main/assets/audio/units/goliath/deploy_move/Goliath_What01.ogg","27089","929da551ab42cc8ab5ac47773bb9e4ec66608ae97f814a8e674adab21402d439"
"app/src/main/assets/audio/units/goliath/deploy_move/Goliath_What02.ogg","30885","e11c95f5c3cdb5499e82b776caaa88b692d28023d52b97f3af9b5de74092cc33"
"app/src/main/assets/audio/units/goliath/deploy_move/Goliath_What03.ogg","44687","271ffdc6d73e1f86a13105c4f0ea771dd9c0279f654c01a2c8b1878a60eba383"
"app/src/main/assets/audio/units/goliath/deploy_move/Goliath_Yes00.ogg","24127","6475d03c516f2abd5ec0bb201f8fc5c6073955b13489729a9b547015489c3e33"
"app/src/main/assets/audio/units/goliath/deploy_move/Goliath_Yes01.ogg","31756","08fd431d9247f5375f31d12e08689e23b9f1e0cf1026408dada270b6d6cefb12"
"app/src/main/assets/audio/units/goliath/deploy_move/Goliath_Yes02.ogg","21580","f1e310b23139042fea12e5e6427e4a03857be1ecd3cc0542f63e0953e1a9bdee"
"app/src/main/assets/audio/units/goliath/deploy_move/Goliath_Yes03.ogg","24246","06136dbdc12177d7590f09745ea764fd51eae060cc5b4a51bb99e97e0e9b9cd1"
"app/src/main/assets/audio/units/goliath/deploy_move/Goliath_Yes04.ogg","16607","1379b89d81dbb8fa279481ce1663ae889e0cfd40ef2fc3ae494856f56aa0ef8b"
"app/src/main/assets/audio/units/goliath/deploy_move/Goliath_Yes05.ogg","23949","6529ca52f248f92f8e050e7f1edba9e6fb6038778490ea667f99d7bd7e869a42"
"app/src/main/assets/audio/units/guardian/deploy_move/Guardian_Ready00.ogg","16467","4b82805e0c648ee893f7dcc0eb7d48e42c3a53d4a2fc045bf4eb1d7faadf245a"
"app/src/main/assets/audio/units/guardian/deploy_move/Guardian_What00.ogg","19464","85b31ed5d5a8fb3dbea614a5bccb46dd6920b628debe2d8730a293f5ac2e8437"
"app/src/main/assets/audio/units/guardian/deploy_move/Guardian_What01.ogg","18242","4aba4ffca4e46d0e45201545e0a448830d0d051fa97ca0d3d84c7eea8e2303dd"
"app/src/main/assets/audio/units/guardian/deploy_move/Guardian_What02.ogg","19454","355c9709bb24c8d566875b67f9de0fab49e8a2258025b6f7e4bf8c920ac14752"
"app/src/main/assets/audio/units/guardian/deploy_move/Guardian_What03.ogg","20144","3f1f8d56ffea8dac86acc3e52dee53898e189a40c84bc8e7731a29622b303ffc"
"app/src/main/assets/audio/units/guardian/deploy_move/Guardian_Yes00.ogg","20197","ea488f85959aafb2789edb16cda167cb5930bf38039e7669f4f7a1e47a262b9f"
"app/src/main/assets/audio/units/guardian/deploy_move/Guardian_Yes01.ogg","17033","c48d20bda09b2bbee56d64bb4d0ce93594da01446c7ec54dc17bed13c80893f8"
"app/src/main/assets/audio/units/guardian/deploy_move/Guardian_Yes02.ogg","16872","0bfd20e185da45acd8488cc9f56d279e5f459422d233d1e0dbdee5823a976b9f"
"app/src/main/assets/audio/units/guardian/deploy_move/Guardian_Yes03.ogg","18032","f2c26a3411f7cd794f28ef0b41d1f57e1b1d8744775e855f6596fb42934f57e1"
"app/src/main/assets/audio/units/hellbat/attack/Hellion_Attack00.ogg","13652","abd1f753cdc71599e2687bdf3d79d78eaca996383c400032cca7a316268c44f6"
"app/src/main/assets/audio/units/hellbat/attack/Hellion_Attack01.ogg","20156","487eb6718a71299d661fb620f46ce864a01284159a69e8587de70ae3daa6ac40"
"app/src/main/assets/audio/units/hellbat/attack/Hellion_Attack02.ogg","19344","ce6cb2816c9de8667ee48218b1ccaf2ebde8abba11f79c1be32165e424bcad0a"
"app/src/main/assets/audio/units/hellbat/attack/Hellion_Attack03.ogg","16119","42465c3218986455c663dd61291a0e2d6999b2a802374706bd97eb29acbf3136"
"app/src/main/assets/audio/units/hellbat/attack/Hellion_Attack04.ogg","17262","4465c327a071671e866b63a899f6291967590f1fb09cacdfec7690d766a6ab16"
"app/src/main/assets/audio/units/hellbat/attack/Hellion_Attack05.ogg","15517","ad46a8eb0d451f4d4142614d79d73ad88200c6b94f91241162de8af3f812efb9"
"app/src/main/assets/audio/units/hellbat/attack/Hellion_Attack06.ogg","15655","c539444e50d537eb2f188434d7788c9d9bf23721e780aaf713da3c51bcd49bca"
"app/src/main/assets/audio/units/hellbat/chatter/Hellion_Pissed00.ogg","50761","a39960f6a525ccc1c5facd4a68354ccb2e1bc3253f39f3e6dcfca878904fdf2b"
"app/src/main/assets/audio/units/hellbat/chatter/Hellion_Pissed01.ogg","49539","77d7d0dec372e30f824ddaa588db192f6ffdef6df5ea05960dd8fcda4e1b58f9"
"app/src/main/assets/audio/units/hellbat/chatter/Hellion_Pissed02.ogg","48920","95346ac6c1aeb2dd59048493064bd599ebcfd27265d1153bb429e07bcf4ffcfd"
"app/src/main/assets/audio/units/hellbat/chatter/Hellion_Pissed03.ogg","54127","080c94829c7b25ec05e05ad60c6e0c5b807df9d96bec2ad74003c0a98c5251e7"
"app/src/main/assets/audio/units/hellbat/chatter/Hellion_Pissed04.ogg","47314","5e5012be38a34e9e2ebb963a3b4a6289bc0e0224751a963090bc59f79825b868"
"app/src/main/assets/audio/units/hellbat/chatter/Hellion_Pissed05.ogg","61930","5c9ac71beb982d2b079a3edef0288bafe243b7a0b93b994a020bad727ffada67"
"app/src/main/assets/audio/units/hellbat/chatter/Hellion_Pissed06.ogg","98178","7f2aac7a93c882838ec52dc9ea08a45046cd498c40f2312119109757af9e988c"
"app/src/main/assets/audio/units/hellbat/chatter/Hellion_Pissed07.ogg","106127","8aa22cd9a31ea53d363266bde5345ae383241376cbe2a4a376e4aecf521e91d1"
"app/src/main/assets/audio/units/hellbat/chatter/Hellion_Pissed08.ogg","98348","3f8cb7d134b1e9825e37e5376f9830238d689d056bcf9e961c79d1ae0d9f80cf"
"app/src/main/assets/audio/units/hellbat/chatter/Hellion_Pissed09.ogg","52847","ce4266182a19c0f507790d3db35b6492bb86a5ed0c7a0fdb68fbdceb3a2c5280"
"app/src/main/assets/audio/units/hellbat/chatter/Hellion_Pissed10.ogg","40396","00baf2a4436626d7b9f8b7c079d5462a5da623bdaf6b9504a5cae61046162104"
"app/src/main/assets/audio/units/hellbat/death/Hellion_Death02.wav","28220","e956091a862b2ee3f69a40373ca6493a579b1cf797e1f449cb9d5561c7942563"
"app/src/main/assets/audio/units/hellbat/death/Hellion_Death03.wav","13884","dd7a27a817a7735a94c2fa928a48a8ee0d7f5de0fe2b3d64f58e21d10e6c60c6"
"app/src/main/assets/audio/units/hellbat/death/Hellion_Death04.wav","25404","62e560126b69b334732fe8ce645cf1c7dddfc0ed7933c0f6526f93e7e679175a"
"app/src/main/assets/audio/units/hellbat/death/Hellion_Death05.wav","24380","3df104fa490222ea2663efe9a921c45c1e015ed6fd86ec8c43c2b569a1bc2f9f"
"app/src/main/assets/audio/units/hellbat/deploy_move/Hellion_Yes02.ogg","17025","53ab4fea5784afe5bff217bce252f01ebb3bb1719fd47d0b72560ab5b6b4a25e"
"app/src/main/assets/audio/units/hellbat/deploy_move/Hellion_Yes03.ogg","16736","db2c47f4d7c078e0f55e494427494f26f6d3ea802e6f177613e6dd87aa3ed57d"
"app/src/main/assets/audio/units/hellbat/deploy_move/Hellion_Yes04.ogg","17733","3757f71eec58f83a438e86f6abc7b8d0b672d4c6fe153f339725ffa9601cf1b1"
"app/src/main/assets/audio/units/hellbat/deploy_move/Hellion_Yes05.ogg","17805","ba6c7b2804ba6307c0b09734f2188bbc40395815a0caa413d891e4ad7573e626"
"app/src/main/assets/audio/units/hellbat/deploy_move/Hellion_Yes06.ogg","16633","dd260ecc80b9373a203812a0e636ae4b7aeeeab06f9718c04ca463c66d1d7db2"
"app/src/main/assets/audio/units/hellbat/deploy_move/Hellion_Yes07.ogg","12936","3224819b12f463fd9a1eeebda44f576e7379d7018f23f495ad81e4bc82097cce"
"app/src/main/assets/audio/units/hellbat/deploy_move/Hellion_Yes08.ogg","16438","d62b43015ac8d8ff74b00a1128f4fc9d3bf750557b79e2f8d31846ef8a985a7f"
"app/src/main/assets/audio/units/hellbat/deploy_move/Hellion_Yes09.ogg","17492","2879c0a5245a13a55c7e69a988f976d0dfce52b70415dca12b32c3ba4be7fdb1"
"app/src/main/assets/audio/units/hellbat/deploy_move/Hellion_Yes10.ogg","18694","a149acf323e5cf35a2a9fddd056b721925ea67d27e5b109a940bbf54a5312611"
"app/src/main/assets/audio/units/hellbat/deploy_move/Hellion_Yes11.ogg","11806","156c36527d41dc2d4b5446c7e72709a87490492df921b89c0f87d15e752ac20c"
"app/src/main/assets/audio/units/hellion/attack/Hellion_Attack00.ogg","13652","abd1f753cdc71599e2687bdf3d79d78eaca996383c400032cca7a316268c44f6"
"app/src/main/assets/audio/units/hellion/attack/Hellion_Attack01.ogg","20156","487eb6718a71299d661fb620f46ce864a01284159a69e8587de70ae3daa6ac40"
"app/src/main/assets/audio/units/hellion/attack/Hellion_Attack02.ogg","19344","ce6cb2816c9de8667ee48218b1ccaf2ebde8abba11f79c1be32165e424bcad0a"
"app/src/main/assets/audio/units/hellion/attack/Hellion_Attack03.ogg","16119","42465c3218986455c663dd61291a0e2d6999b2a802374706bd97eb29acbf3136"
"app/src/main/assets/audio/units/hellion/attack/Hellion_Attack04.ogg","17262","4465c327a071671e866b63a899f6291967590f1fb09cacdfec7690d766a6ab16"
"app/src/main/assets/audio/units/hellion/attack/Hellion_Attack05.ogg","15517","ad46a8eb0d451f4d4142614d79d73ad88200c6b94f91241162de8af3f812efb9"
"app/src/main/assets/audio/units/hellion/attack/Hellion_Attack06.ogg","15655","c539444e50d537eb2f188434d7788c9d9bf23721e780aaf713da3c51bcd49bca"
"app/src/main/assets/audio/units/hellion/canonical/58ce839047a88e0d__Hellion_Ready00.ogg","36994","58ce839047a88e0df6b7bd6a049232bb6a9cb464f9ecc9dac6ad65fa401bdc4d"
"app/src/main/assets/audio/units/hellion/canonical/adb9a3373591a497__Hellion_What05.ogg","30585","adb9a3373591a497bf0ee8d29675151d8c9e04c28a251f7097a4f5ac54c61f01"
"app/src/main/assets/audio/units/hellion/canonical/b12b44ed42ef223c__Hellion_What04.ogg","40810","b12b44ed42ef223c1ece49d99ebcb5e86a047465e5d7a5b3e510e21158a74340"
"app/src/main/assets/audio/units/hellion/canonical/b14e4ffe3cf388c2__Hellion_Yes01.ogg","15154","b14e4ffe3cf388c299382ab0d84de83edec89341735e3147eeea624a01685a24"
"app/src/main/assets/audio/units/hellion/canonical/c44786edbcff8bb9__Hellion_What02.ogg","38352","c44786edbcff8bb9306fa3738731090b39f1b02f0aa981960e4226ed06b4f9f3"
"app/src/main/assets/audio/units/hellion/canonical/ce650f51d45b7ccc__Hellion_Yes00.ogg","15538","ce650f51d45b7ccc5f2bb9618172e4ab0d43eb9c095f353c1efb57b95bae7661"
"app/src/main/assets/audio/units/hellion/canonical/cf73216470d1a659__Hellion_Death01.wav","17212","cf73216470d1a659e38a8a3ef3221abe386d8f8afaa8e04344d49a949194c3c5"
"app/src/main/assets/audio/units/hellion/canonical/d5499b7a140af42e__Hellion_What00.ogg","36859","d5499b7a140af42e064ad932907ab253e57f7e629a3564e5f8a24227c88cfaa5"
"app/src/main/assets/audio/units/hellion/canonical/e11264d952025db2__Hellion_What01.ogg","37011","e11264d952025db276ec202da5515819dcacf33a76a121a25bed659d6ab0257e"
"app/src/main/assets/audio/units/hellion/canonical/f586bff0338cbbf5__Hellion_What03.ogg","33247","f586bff0338cbbf5e83072884383ecaa2e13b5f7c3656f8a83636fbb438347f2"
"app/src/main/assets/audio/units/hellion/canonical/f707d930fa41da1e__Hellion_Death00.wav","24124","f707d930fa41da1eb8b6a9ccab25737993bd739c5c2f15360be97af27b2b5f00"
"app/src/main/assets/audio/units/hellion/chatter/Hellion_Pissed00.ogg","50761","a39960f6a525ccc1c5facd4a68354ccb2e1bc3253f39f3e6dcfca878904fdf2b"
"app/src/main/assets/audio/units/hellion/chatter/Hellion_Pissed01.ogg","49539","77d7d0dec372e30f824ddaa588db192f6ffdef6df5ea05960dd8fcda4e1b58f9"
"app/src/main/assets/audio/units/hellion/chatter/Hellion_Pissed02.ogg","48920","95346ac6c1aeb2dd59048493064bd599ebcfd27265d1153bb429e07bcf4ffcfd"
"app/src/main/assets/audio/units/hellion/chatter/Hellion_Pissed03.ogg","54127","080c94829c7b25ec05e05ad60c6e0c5b807df9d96bec2ad74003c0a98c5251e7"
"app/src/main/assets/audio/units/hellion/chatter/Hellion_Pissed04.ogg","47314","5e5012be38a34e9e2ebb963a3b4a6289bc0e0224751a963090bc59f79825b868"
"app/src/main/assets/audio/units/hellion/chatter/Hellion_Pissed05.ogg","61930","5c9ac71beb982d2b079a3edef0288bafe243b7a0b93b994a020bad727ffada67"
"app/src/main/assets/audio/units/hellion/chatter/Hellion_Pissed06.ogg","98178","7f2aac7a93c882838ec52dc9ea08a45046cd498c40f2312119109757af9e988c"
"app/src/main/assets/audio/units/hellion/chatter/Hellion_Pissed07.ogg","106127","8aa22cd9a31ea53d363266bde5345ae383241376cbe2a4a376e4aecf521e91d1"
"app/src/main/assets/audio/units/hellion/chatter/Hellion_Pissed08.ogg","98348","3f8cb7d134b1e9825e37e5376f9830238d689d056bcf9e961c79d1ae0d9f80cf"
"app/src/main/assets/audio/units/hellion/chatter/Hellion_Pissed09.ogg","52847","ce4266182a19c0f507790d3db35b6492bb86a5ed0c7a0fdb68fbdceb3a2c5280"
"app/src/main/assets/audio/units/hellion/chatter/Hellion_Pissed10.ogg","40396","00baf2a4436626d7b9f8b7c079d5462a5da623bdaf6b9504a5cae61046162104"
"app/src/main/assets/audio/units/hellion/death/Hellion_Death02.wav","28220","e956091a862b2ee3f69a40373ca6493a579b1cf797e1f449cb9d5561c7942563"
"app/src/main/assets/audio/units/hellion/death/Hellion_Death03.wav","13884","dd7a27a817a7735a94c2fa928a48a8ee0d7f5de0fe2b3d64f58e21d10e6c60c6"
"app/src/main/assets/audio/units/hellion/death/Hellion_Death04.wav","25404","62e560126b69b334732fe8ce645cf1c7dddfc0ed7933c0f6526f93e7e679175a"
"app/src/main/assets/audio/units/hellion/death/Hellion_Death05.wav","24380","3df104fa490222ea2663efe9a921c45c1e015ed6fd86ec8c43c2b569a1bc2f9f"
"app/src/main/assets/audio/units/hellion/deploy_move/Hellion_Yes02.ogg","17025","53ab4fea5784afe5bff217bce252f01ebb3bb1719fd47d0b72560ab5b6b4a25e"
"app/src/main/assets/audio/units/hellion/deploy_move/Hellion_Yes03.ogg","16736","db2c47f4d7c078e0f55e494427494f26f6d3ea802e6f177613e6dd87aa3ed57d"
"app/src/main/assets/audio/units/hellion/deploy_move/Hellion_Yes04.ogg","17733","3757f71eec58f83a438e86f6abc7b8d0b672d4c6fe153f339725ffa9601cf1b1"
"app/src/main/assets/audio/units/hellion/deploy_move/Hellion_Yes05.ogg","17805","ba6c7b2804ba6307c0b09734f2188bbc40395815a0caa413d891e4ad7573e626"
"app/src/main/assets/audio/units/hellion/deploy_move/Hellion_Yes06.ogg","16633","dd260ecc80b9373a203812a0e636ae4b7aeeeab06f9718c04ca463c66d1d7db2"
"app/src/main/assets/audio/units/hellion/deploy_move/Hellion_Yes07.ogg","12936","3224819b12f463fd9a1eeebda44f576e7379d7018f23f495ad81e4bc82097cce"
"app/src/main/assets/audio/units/hellion/deploy_move/Hellion_Yes08.ogg","16438","d62b43015ac8d8ff74b00a1128f4fc9d3bf750557b79e2f8d31846ef8a985a7f"
"app/src/main/assets/audio/units/hellion/deploy_move/Hellion_Yes09.ogg","17492","2879c0a5245a13a55c7e69a988f976d0dfce52b70415dca12b32c3ba4be7fdb1"
"app/src/main/assets/audio/units/hellion/deploy_move/Hellion_Yes10.ogg","18694","a149acf323e5cf35a2a9fddd056b721925ea67d27e5b109a940bbf54a5312611"
"app/src/main/assets/audio/units/hellion/deploy_move/Hellion_Yes11.ogg","11806","156c36527d41dc2d4b5446c7e72709a87490492df921b89c0f87d15e752ac20c"
"app/src/main/assets/audio/units/hercules/chatter/Hercules_Pissed00.ogg","27449","9dd169bcb91b6ae8df7aaf066f9bec010979220b742258092e23aea8b0752955"
"app/src/main/assets/audio/units/hercules/chatter/Hercules_Pissed01.ogg","42206","0e67aa7944a353c59c04cac3071959c0302dc50097e95950c2781f4bd09f3142"
"app/src/main/assets/audio/units/hercules/chatter/Hercules_Pissed02.ogg","36450","c017a1b935dea7dfdb937f359bc85da1f77b18de9ef2e2b3c0e2f3533b2b89cf"
"app/src/main/assets/audio/units/hercules/death/Hercules_Death00.wav","97596","0f29dd7fc59825fb48da3e74a2fd1ef8ddaf4ac0d7080864cc2617bf28969c68"
"app/src/main/assets/audio/units/hercules/deploy_move/Hercules_Ready00.ogg","26140","a4664c753cb2a60036c7eb04c565e5f26ed52e9297ec5448674441ed3fc5ab80"
"app/src/main/assets/audio/units/hercules/deploy_move/Hercules_What00.ogg","34756","1e5ae5df1e75092d2622419b32a4717fa9ec1c63fad01e2693478743262366a7"
"app/src/main/assets/audio/units/hercules/deploy_move/Hercules_What01.ogg","23294","3c1137880b1d7123c3fc6ccef8f90751fc96c7e805f116203e3fa4a217c33226"
"app/src/main/assets/audio/units/hercules/deploy_move/Hercules_What02.ogg","41147","07256cf7595ba07ccd9b7df9b88cb917f5911ba29dd01e385c225fe49995772e"
"app/src/main/assets/audio/units/hercules/deploy_move/Hercules_Yes00.ogg","24813","1adc3e002ae919fde0f16f575f8212112500e1cc31ce6854d8c0efa25fbfe53c"
"app/src/main/assets/audio/units/hercules/deploy_move/Hercules_Yes01.ogg","24083","7213c067ceab7733bc73d92b14047f5ce220ea549d1bf6204703314c689d2bd8"
"app/src/main/assets/audio/units/hercules/deploy_move/Hercules_Yes02.ogg","21815","e0501932671e88ff913b8a7a918bbcad8f2f96b479e3aec6a73dad3298ecf137"
"app/src/main/assets/audio/units/high_templar/attack/HighTemplar_Attack00.ogg","30844","49f88d851126e4d3c03f25e1e1c2639438c5fbc5deec02d4442752724f81b2af"
"app/src/main/assets/audio/units/high_templar/attack/HighTemplar_Attack01.ogg","39719","1649e1537b0a14adc236d7948e5a0ebc3336b931463af21540fbcacd71f0b563"
"app/src/main/assets/audio/units/high_templar/attack/HighTemplar_Attack02.ogg","36180","36f23a18c6266d465fcc12c3a2df0500455107319f814240ae4486b54096c5b8"
"app/src/main/assets/audio/units/high_templar/attack/HighTemplar_Attack03.ogg","34755","e1beb215ca95eeaa3c62a0fffbbd5951889cb9175faf729ea3fa42de20ada541"
"app/src/main/assets/audio/units/high_templar/attack/HighTemplar_Attack04.ogg","24702","17a80ad2a31aac18668c1370ab9d00a7b6256fe0ea768b3772c86464d1670202"
"app/src/main/assets/audio/units/high_templar/attack/HighTemplar_Attack05.ogg","33461","26f169761c0fae3a746381c4ca9a8e2a0b1d97c62cb6d3bf26c64d5157800a1c"
"app/src/main/assets/audio/units/high_templar/attack/HighTemplar_Attack06.ogg","32207","3781c637d4c387d88da14d821eade15c9f0ca29e90fa901242eee3b4bed1eaa7"
"app/src/main/assets/audio/units/high_templar/canonical/1c54bf537aa1d178__HighTemplar_What01.ogg","40791","1c54bf537aa1d178b2c090f199d1e3da55dcb0e669988f2b3f61ce2f2a884953"
"app/src/main/assets/audio/units/high_templar/canonical/2bc2400336ef7de9__HighTemplar_What02.ogg","38761","2bc2400336ef7de903ecc00ad34db5a58073081af4cf0ef82cf1442d59cda3ee"
"app/src/main/assets/audio/units/high_templar/canonical/3212a393d349e059__HighTemplar_What03.ogg","39428","3212a393d349e059211b2dec3e988d49c5613347abd621398ad81e7216b82ae3"
"app/src/main/assets/audio/units/high_templar/canonical/3bae23e3a4d60b40__HighTemplar_What00.ogg","27089","3bae23e3a4d60b403b191de53d65dae738948a169a57e7f084f628bbbed93a0a"
"app/src/main/assets/audio/units/high_templar/canonical/be821dde52420483__HighTemplar_Death0.wav","38716","be821dde524204837409ffaf56a7379ecfaec5df044c361d3618bc09f4fd245c"
"app/src/main/assets/audio/units/high_templar/canonical/c8983f291fd9a546__HighTemplar_Ready00.ogg","33920","c8983f291fd9a546b8710efa4dd580bf3457978878866370f4bd01d36abf1fa1"
"app/src/main/assets/audio/units/high_templar/chatter/HighTemplar_Pissed00.ogg","52585","8f3ad687db854ace6f5933a7d04095c45807eda803fb9fb4bc2ac54d21cac4fc"
"app/src/main/assets/audio/units/high_templar/chatter/HighTemplar_Pissed01.ogg","28858","eeba1be8f3178601a0e063a8467b86b76069cdb84df81d42cd49d14d8f5a6310"
"app/src/main/assets/audio/units/high_templar/chatter/HighTemplar_Pissed02.ogg","54133","b166d5c1886b88c46a568afb3ca156368b3fe09d0658f4e7babfebb0a96f371e"
"app/src/main/assets/audio/units/high_templar/chatter/HighTemplar_Pissed03.ogg","37062","f880ade3e01ef26912cfb472392f8125a7c4c97b810f97727807d0f4cef71066"
"app/src/main/assets/audio/units/high_templar/chatter/HighTemplar_Pissed04.ogg","42436","725f88d1a874c492028f5329f7ab9b204be7f312d2e712f6853eb5ddaf307194"
"app/src/main/assets/audio/units/high_templar/chatter/HighTemplar_Pissed05.ogg","42347","f0a444ca4b053d7d8f028077385a419c2f0454363bbbf46bac78fb7db9d6bffa"
"app/src/main/assets/audio/units/high_templar/chatter/HighTemplar_Pissed06.ogg","50464","9eb15b77e82328f4b1ff9ecca6ae2046789b017a05d7826de4f3f1357804bcc6"
"app/src/main/assets/audio/units/high_templar/chatter/HighTemplar_Pissed07.ogg","28309","1aad0f4c7bc31fc090d531d1633dd5d1d91a4592b171fea1fa6b24620cb4ee7a"
"app/src/main/assets/audio/units/high_templar/chatter/HighTemplar_Pissed08.ogg","124003","0cca91ce5fb4658aa32634d5234ca97c9fa41dcfcc9034428a5c37cc525c4ba7"
"app/src/main/assets/audio/units/high_templar/death/HighTemplar_Death1.wav","42044","1136b69deff00914a6e6cc5ab0fb3f9e2e76d140fcccb1a3663cec6f7fb2487f"
"app/src/main/assets/audio/units/high_templar/death/HighTemplar_Death2.wav","52796","3bb549c8d96c531da7607c8793245e92d32bc3b1f81b598308240a71186a2278"
"app/src/main/assets/audio/units/high_templar/death/HighTemplar_Death3.wav","45372","01aa64533c846846aadcefdfe318eb9b3372946b030a4e3000dc8f1d666f6839"
"app/src/main/assets/audio/units/high_templar/death/HighTemplar_Death4.wav","76092","9297dc90571c1ca82894a9bb0256aa550081ca45327936f6ac16d4ba9ce76257"
"app/src/main/assets/audio/units/high_templar/deploy_move/HighTemplar_What04.ogg","50439","2f98de87385626074621ea6242ccbeef1f6e3d9687a971e4987f39d6ae4ff339"
"app/src/main/assets/audio/units/high_templar/deploy_move/HighTemplar_What05.ogg","38470","e6fe2a1bebb26c302d2ac78975677ac68c4814ad31910af1644429665c7c2e04"
"app/src/main/assets/audio/units/high_templar/deploy_move/HighTemplar_What06.ogg","30203","9d94972b32c6dcfd553339b11d87ef54219e545bac7c04323823361bc427eb72"
"app/src/main/assets/audio/units/high_templar/deploy_move/HighTemplar_Yes00.ogg","32037","15928e11603d16848ac40e9e26f2771b6e7fe98a3e5f1709255741bec6bd722b"
"app/src/main/assets/audio/units/high_templar/deploy_move/HighTemplar_Yes01.ogg","35220","8e8d50283d1f74edd25e12bf00e3bbe796aa3fa348d161228386517202337b2e"
"app/src/main/assets/audio/units/high_templar/deploy_move/HighTemplar_Yes02.ogg","30021","671cd6070e03e2c3e5edd60960091e488b20162e9d80be88bcf87448794597ef"
"app/src/main/assets/audio/units/high_templar/deploy_move/HighTemplar_Yes03.ogg","29975","854fbec299273bbab85551ade239d5d000a105cec48d1cc35115e0192d9143c2"
"app/src/main/assets/audio/units/high_templar/deploy_move/HighTemplar_Yes04.ogg","26479","db7c12eba5c385bfef901e52a3ed52cfc5e50fe48b60a87c7b3529ea85b68ace"
"app/src/main/assets/audio/units/high_templar/deploy_move/HighTemplar_Yes05.ogg","34203","9f861e7375b94ab71c8a63a2afaba3c6b5047170f461eefa8f47005ccd53b14d"
"app/src/main/assets/audio/units/high_templar/deploy_move/HighTemplar_Yes06.ogg","33228","e66e824b9aa835bf7ef50e809eaddb552e8c57b9a1b0da17a35fc73e4d58de98"
"app/src/main/assets/audio/units/hybrid_behemoth/attack/Hybrid_Attack00.ogg","63390","cf0cbb77d19bddcc82fbdc51af80d7f7ccaed75f8beecfabcb8246828c10c53c"
"app/src/main/assets/audio/units/hybrid_behemoth/attack/Hybrid_Attack01.ogg","36603","29354240f0d8606a48feb4ce488d52ca5dac4995a5497f6d385f0e8013ba6644"
"app/src/main/assets/audio/units/hybrid_behemoth/attack/Hybrid_Attack02.ogg","54080","be325b9f312843f77716ffba6fb543139b86a9b82791ef2d47ff2a00485edb2b"
"app/src/main/assets/audio/units/hybrid_behemoth/attack/Hybrid_Attack03.ogg","68327","6531f4a758b3cb9bf657dc5ba6d1ca9ff7dbc61fdebe78ee43ec140a3a5283df"
"app/src/main/assets/audio/units/hybrid_behemoth/death/Hybrid_Death00.wav","126524","059effb11cdb9f4690c0d98eb05009f1b4b5b37b531d1d7a6b41718614617b41"
"app/src/main/assets/audio/units/hybrid_behemoth/death/Hybrid_Death01.wav","126524","a0537e219b609711086dd5f07080ad61d6bf4468f81525ae11a7ba571553094f"
"app/src/main/assets/audio/units/hybrid_behemoth/deploy_move/Hybrid_Ready00.ogg","63637","83aea0af70c71a71874529b5fcb65ed3e5f6548ee4040312271cca0e00fea55c"
"app/src/main/assets/audio/units/hybrid_behemoth/deploy_move/Hybrid_What00.ogg","73506","529c0925b769f4aa51f1f1a121e2da34bf6896db41ff806d6dfaac91b7bbae07"
"app/src/main/assets/audio/units/hybrid_behemoth/deploy_move/Hybrid_What01.ogg","66929","4f362299fef52a54d0d09e974713b27055eed5afc2df17f46cbd38ba74c06ec1"
"app/src/main/assets/audio/units/hybrid_behemoth/deploy_move/Hybrid_What02.ogg","73764","c64359e8b6e799d05a89b88dd7132aa061fb5468024cf73e133469e95fbaf816"
"app/src/main/assets/audio/units/hybrid_behemoth/deploy_move/Hybrid_What03.ogg","52042","134902fe5238198479a3b2a72aed0ed060da9f2a6ec1a95ddec88a7ba5419610"
"app/src/main/assets/audio/units/hybrid_behemoth/deploy_move/Hybrid_Yes00.ogg","55996","162bea98f41da1345200a4351f38ece9a643b06658264d641dde3e6bcc353493"
"app/src/main/assets/audio/units/hybrid_behemoth/deploy_move/Hybrid_Yes01.ogg","56138","ab4d6977b841946d3cfb274064be1152f38076ea88e322777ba739a7179c1874"
"app/src/main/assets/audio/units/hybrid_behemoth/deploy_move/Hybrid_Yes02.ogg","66862","0ff4fd161acab77c5883898a4d70e57ca6376c45a57b6d344cfddcc4b738945f"
"app/src/main/assets/audio/units/hybrid_behemoth/deploy_move/Hybrid_Yes03.ogg","54705","ab61bd223196608c2679f9cdcfe0b60c8b0833b83fd898d4aa73860fb5935c5a"
"app/src/main/assets/audio/units/hybrid_destroyer/attack/Hybrid_Attack00.ogg","63390","cf0cbb77d19bddcc82fbdc51af80d7f7ccaed75f8beecfabcb8246828c10c53c"
"app/src/main/assets/audio/units/hybrid_destroyer/attack/Hybrid_Attack01.ogg","36603","29354240f0d8606a48feb4ce488d52ca5dac4995a5497f6d385f0e8013ba6644"
"app/src/main/assets/audio/units/hybrid_destroyer/attack/Hybrid_Attack02.ogg","54080","be325b9f312843f77716ffba6fb543139b86a9b82791ef2d47ff2a00485edb2b"
"app/src/main/assets/audio/units/hybrid_destroyer/attack/Hybrid_Attack03.ogg","68327","6531f4a758b3cb9bf657dc5ba6d1ca9ff7dbc61fdebe78ee43ec140a3a5283df"
"app/src/main/assets/audio/units/hybrid_destroyer/death/Hybrid_Death00.wav","126524","059effb11cdb9f4690c0d98eb05009f1b4b5b37b531d1d7a6b41718614617b41"
"app/src/main/assets/audio/units/hybrid_destroyer/death/Hybrid_Death01.wav","126524","a0537e219b609711086dd5f07080ad61d6bf4468f81525ae11a7ba571553094f"
"app/src/main/assets/audio/units/hybrid_destroyer/deploy_move/Hybrid_Ready00.ogg","63637","83aea0af70c71a71874529b5fcb65ed3e5f6548ee4040312271cca0e00fea55c"
"app/src/main/assets/audio/units/hybrid_destroyer/deploy_move/Hybrid_What00.ogg","73506","529c0925b769f4aa51f1f1a121e2da34bf6896db41ff806d6dfaac91b7bbae07"
"app/src/main/assets/audio/units/hybrid_destroyer/deploy_move/Hybrid_What01.ogg","66929","4f362299fef52a54d0d09e974713b27055eed5afc2df17f46cbd38ba74c06ec1"
"app/src/main/assets/audio/units/hybrid_destroyer/deploy_move/Hybrid_What02.ogg","73764","c64359e8b6e799d05a89b88dd7132aa061fb5468024cf73e133469e95fbaf816"
"app/src/main/assets/audio/units/hybrid_destroyer/deploy_move/Hybrid_What03.ogg","52042","134902fe5238198479a3b2a72aed0ed060da9f2a6ec1a95ddec88a7ba5419610"
"app/src/main/assets/audio/units/hybrid_destroyer/deploy_move/Hybrid_Yes00.ogg","55996","162bea98f41da1345200a4351f38ece9a643b06658264d641dde3e6bcc353493"
"app/src/main/assets/audio/units/hybrid_destroyer/deploy_move/Hybrid_Yes01.ogg","56138","ab4d6977b841946d3cfb274064be1152f38076ea88e322777ba739a7179c1874"
"app/src/main/assets/audio/units/hybrid_destroyer/deploy_move/Hybrid_Yes02.ogg","66862","0ff4fd161acab77c5883898a4d70e57ca6376c45a57b6d344cfddcc4b738945f"
"app/src/main/assets/audio/units/hybrid_destroyer/deploy_move/Hybrid_Yes03.ogg","54705","ab61bd223196608c2679f9cdcfe0b60c8b0833b83fd898d4aa73860fb5935c5a"
"app/src/main/assets/audio/units/hybrid_dominator/attack/Hybrid_Attack00.ogg","63390","cf0cbb77d19bddcc82fbdc51af80d7f7ccaed75f8beecfabcb8246828c10c53c"
"app/src/main/assets/audio/units/hybrid_dominator/attack/Hybrid_Attack01.ogg","36603","29354240f0d8606a48feb4ce488d52ca5dac4995a5497f6d385f0e8013ba6644"
"app/src/main/assets/audio/units/hybrid_dominator/attack/Hybrid_Attack02.ogg","54080","be325b9f312843f77716ffba6fb543139b86a9b82791ef2d47ff2a00485edb2b"
"app/src/main/assets/audio/units/hybrid_dominator/attack/Hybrid_Attack03.ogg","68327","6531f4a758b3cb9bf657dc5ba6d1ca9ff7dbc61fdebe78ee43ec140a3a5283df"
"app/src/main/assets/audio/units/hybrid_dominator/death/Hybrid_Death00.wav","126524","059effb11cdb9f4690c0d98eb05009f1b4b5b37b531d1d7a6b41718614617b41"
"app/src/main/assets/audio/units/hybrid_dominator/death/Hybrid_Death01.wav","126524","a0537e219b609711086dd5f07080ad61d6bf4468f81525ae11a7ba571553094f"
"app/src/main/assets/audio/units/hybrid_dominator/deploy_move/Hybrid_Ready00.ogg","63637","83aea0af70c71a71874529b5fcb65ed3e5f6548ee4040312271cca0e00fea55c"
"app/src/main/assets/audio/units/hybrid_dominator/deploy_move/Hybrid_What00.ogg","73506","529c0925b769f4aa51f1f1a121e2da34bf6896db41ff806d6dfaac91b7bbae07"
"app/src/main/assets/audio/units/hybrid_dominator/deploy_move/Hybrid_What01.ogg","66929","4f362299fef52a54d0d09e974713b27055eed5afc2df17f46cbd38ba74c06ec1"
"app/src/main/assets/audio/units/hybrid_dominator/deploy_move/Hybrid_What02.ogg","73764","c64359e8b6e799d05a89b88dd7132aa061fb5468024cf73e133469e95fbaf816"
"app/src/main/assets/audio/units/hybrid_dominator/deploy_move/Hybrid_What03.ogg","52042","134902fe5238198479a3b2a72aed0ed060da9f2a6ec1a95ddec88a7ba5419610"
"app/src/main/assets/audio/units/hybrid_dominator/deploy_move/Hybrid_Yes00.ogg","55996","162bea98f41da1345200a4351f38ece9a643b06658264d641dde3e6bcc353493"
"app/src/main/assets/audio/units/hybrid_dominator/deploy_move/Hybrid_Yes01.ogg","56138","ab4d6977b841946d3cfb274064be1152f38076ea88e322777ba739a7179c1874"
"app/src/main/assets/audio/units/hybrid_dominator/deploy_move/Hybrid_Yes02.ogg","66862","0ff4fd161acab77c5883898a4d70e57ca6376c45a57b6d344cfddcc4b738945f"
"app/src/main/assets/audio/units/hybrid_dominator/deploy_move/Hybrid_Yes03.ogg","54705","ab61bd223196608c2679f9cdcfe0b60c8b0833b83fd898d4aa73860fb5935c5a"
"app/src/main/assets/audio/units/hybrid_maar/attack/Hybrid_Attack00.ogg","63390","cf0cbb77d19bddcc82fbdc51af80d7f7ccaed75f8beecfabcb8246828c10c53c"
"app/src/main/assets/audio/units/hybrid_maar/attack/Hybrid_Attack01.ogg","36603","29354240f0d8606a48feb4ce488d52ca5dac4995a5497f6d385f0e8013ba6644"
"app/src/main/assets/audio/units/hybrid_maar/attack/Hybrid_Attack02.ogg","54080","be325b9f312843f77716ffba6fb543139b86a9b82791ef2d47ff2a00485edb2b"
"app/src/main/assets/audio/units/hybrid_maar/attack/Hybrid_Attack03.ogg","68327","6531f4a758b3cb9bf657dc5ba6d1ca9ff7dbc61fdebe78ee43ec140a3a5283df"
"app/src/main/assets/audio/units/hybrid_maar/death/Hybrid_Death00.wav","126524","059effb11cdb9f4690c0d98eb05009f1b4b5b37b531d1d7a6b41718614617b41"
"app/src/main/assets/audio/units/hybrid_maar/death/Hybrid_Death01.wav","126524","a0537e219b609711086dd5f07080ad61d6bf4468f81525ae11a7ba571553094f"
"app/src/main/assets/audio/units/hybrid_maar/deploy_move/Hybrid_Ready00.ogg","63637","83aea0af70c71a71874529b5fcb65ed3e5f6548ee4040312271cca0e00fea55c"
"app/src/main/assets/audio/units/hybrid_maar/deploy_move/Hybrid_What00.ogg","73506","529c0925b769f4aa51f1f1a121e2da34bf6896db41ff806d6dfaac91b7bbae07"
"app/src/main/assets/audio/units/hybrid_maar/deploy_move/Hybrid_What01.ogg","66929","4f362299fef52a54d0d09e974713b27055eed5afc2df17f46cbd38ba74c06ec1"
"app/src/main/assets/audio/units/hybrid_maar/deploy_move/Hybrid_What02.ogg","73764","c64359e8b6e799d05a89b88dd7132aa061fb5468024cf73e133469e95fbaf816"
"app/src/main/assets/audio/units/hybrid_maar/deploy_move/Hybrid_What03.ogg","52042","134902fe5238198479a3b2a72aed0ed060da9f2a6ec1a95ddec88a7ba5419610"
"app/src/main/assets/audio/units/hybrid_maar/deploy_move/Hybrid_Yes00.ogg","55996","162bea98f41da1345200a4351f38ece9a643b06658264d641dde3e6bcc353493"
"app/src/main/assets/audio/units/hybrid_maar/deploy_move/Hybrid_Yes01.ogg","56138","ab4d6977b841946d3cfb274064be1152f38076ea88e322777ba739a7179c1874"
"app/src/main/assets/audio/units/hybrid_maar/deploy_move/Hybrid_Yes02.ogg","66862","0ff4fd161acab77c5883898a4d70e57ca6376c45a57b6d344cfddcc4b738945f"
"app/src/main/assets/audio/units/hybrid_maar/deploy_move/Hybrid_Yes03.ogg","54705","ab61bd223196608c2679f9cdcfe0b60c8b0833b83fd898d4aa73860fb5935c5a"
"app/src/main/assets/audio/units/hybrid_nemesis/attack/Hybrid_Attack00.ogg","63390","cf0cbb77d19bddcc82fbdc51af80d7f7ccaed75f8beecfabcb8246828c10c53c"
"app/src/main/assets/audio/units/hybrid_nemesis/attack/Hybrid_Attack01.ogg","36603","29354240f0d8606a48feb4ce488d52ca5dac4995a5497f6d385f0e8013ba6644"
"app/src/main/assets/audio/units/hybrid_nemesis/attack/Hybrid_Attack02.ogg","54080","be325b9f312843f77716ffba6fb543139b86a9b82791ef2d47ff2a00485edb2b"
"app/src/main/assets/audio/units/hybrid_nemesis/attack/Hybrid_Attack03.ogg","68327","6531f4a758b3cb9bf657dc5ba6d1ca9ff7dbc61fdebe78ee43ec140a3a5283df"
"app/src/main/assets/audio/units/hybrid_nemesis/death/Hybrid_Death00.wav","126524","059effb11cdb9f4690c0d98eb05009f1b4b5b37b531d1d7a6b41718614617b41"
"app/src/main/assets/audio/units/hybrid_nemesis/death/Hybrid_Death01.wav","126524","a0537e219b609711086dd5f07080ad61d6bf4468f81525ae11a7ba571553094f"
"app/src/main/assets/audio/units/hybrid_nemesis/deploy_move/Hybrid_Ready00.ogg","63637","83aea0af70c71a71874529b5fcb65ed3e5f6548ee4040312271cca0e00fea55c"
"app/src/main/assets/audio/units/hybrid_nemesis/deploy_move/Hybrid_What00.ogg","73506","529c0925b769f4aa51f1f1a121e2da34bf6896db41ff806d6dfaac91b7bbae07"
"app/src/main/assets/audio/units/hybrid_nemesis/deploy_move/Hybrid_What01.ogg","66929","4f362299fef52a54d0d09e974713b27055eed5afc2df17f46cbd38ba74c06ec1"
"app/src/main/assets/audio/units/hybrid_nemesis/deploy_move/Hybrid_What02.ogg","73764","c64359e8b6e799d05a89b88dd7132aa061fb5468024cf73e133469e95fbaf816"
"app/src/main/assets/audio/units/hybrid_nemesis/deploy_move/Hybrid_What03.ogg","52042","134902fe5238198479a3b2a72aed0ed060da9f2a6ec1a95ddec88a7ba5419610"
"app/src/main/assets/audio/units/hybrid_nemesis/deploy_move/Hybrid_Yes00.ogg","55996","162bea98f41da1345200a4351f38ece9a643b06658264d641dde3e6bcc353493"
"app/src/main/assets/audio/units/hybrid_nemesis/deploy_move/Hybrid_Yes01.ogg","56138","ab4d6977b841946d3cfb274064be1152f38076ea88e322777ba739a7179c1874"
"app/src/main/assets/audio/units/hybrid_nemesis/deploy_move/Hybrid_Yes02.ogg","66862","0ff4fd161acab77c5883898a4d70e57ca6376c45a57b6d344cfddcc4b738945f"
"app/src/main/assets/audio/units/hybrid_nemesis/deploy_move/Hybrid_Yes03.ogg","54705","ab61bd223196608c2679f9cdcfe0b60c8b0833b83fd898d4aa73860fb5935c5a"
"app/src/main/assets/audio/units/hybrid_reaver/attack/Hybrid_Attack00.ogg","63390","cf0cbb77d19bddcc82fbdc51af80d7f7ccaed75f8beecfabcb8246828c10c53c"
"app/src/main/assets/audio/units/hybrid_reaver/attack/Hybrid_Attack01.ogg","36603","29354240f0d8606a48feb4ce488d52ca5dac4995a5497f6d385f0e8013ba6644"
"app/src/main/assets/audio/units/hybrid_reaver/attack/Hybrid_Attack02.ogg","54080","be325b9f312843f77716ffba6fb543139b86a9b82791ef2d47ff2a00485edb2b"
"app/src/main/assets/audio/units/hybrid_reaver/attack/Hybrid_Attack03.ogg","68327","6531f4a758b3cb9bf657dc5ba6d1ca9ff7dbc61fdebe78ee43ec140a3a5283df"
"app/src/main/assets/audio/units/hybrid_reaver/death/Hybrid_Death00.wav","126524","059effb11cdb9f4690c0d98eb05009f1b4b5b37b531d1d7a6b41718614617b41"
"app/src/main/assets/audio/units/hybrid_reaver/death/Hybrid_Death01.wav","126524","a0537e219b609711086dd5f07080ad61d6bf4468f81525ae11a7ba571553094f"
"app/src/main/assets/audio/units/hybrid_reaver/deploy_move/Hybrid_Ready00.ogg","63637","83aea0af70c71a71874529b5fcb65ed3e5f6548ee4040312271cca0e00fea55c"
"app/src/main/assets/audio/units/hybrid_reaver/deploy_move/Hybrid_What00.ogg","73506","529c0925b769f4aa51f1f1a121e2da34bf6896db41ff806d6dfaac91b7bbae07"
"app/src/main/assets/audio/units/hybrid_reaver/deploy_move/Hybrid_What01.ogg","66929","4f362299fef52a54d0d09e974713b27055eed5afc2df17f46cbd38ba74c06ec1"
"app/src/main/assets/audio/units/hybrid_reaver/deploy_move/Hybrid_What02.ogg","73764","c64359e8b6e799d05a89b88dd7132aa061fb5468024cf73e133469e95fbaf816"
"app/src/main/assets/audio/units/hybrid_reaver/deploy_move/Hybrid_What03.ogg","52042","134902fe5238198479a3b2a72aed0ed060da9f2a6ec1a95ddec88a7ba5419610"
"app/src/main/assets/audio/units/hybrid_reaver/deploy_move/Hybrid_Yes00.ogg","55996","162bea98f41da1345200a4351f38ece9a643b06658264d641dde3e6bcc353493"
"app/src/main/assets/audio/units/hybrid_reaver/deploy_move/Hybrid_Yes01.ogg","56138","ab4d6977b841946d3cfb274064be1152f38076ea88e322777ba739a7179c1874"
"app/src/main/assets/audio/units/hybrid_reaver/deploy_move/Hybrid_Yes02.ogg","66862","0ff4fd161acab77c5883898a4d70e57ca6376c45a57b6d344cfddcc4b738945f"
"app/src/main/assets/audio/units/hybrid_reaver/deploy_move/Hybrid_Yes03.ogg","54705","ab61bd223196608c2679f9cdcfe0b60c8b0833b83fd898d4aa73860fb5935c5a"
"app/src/main/assets/audio/units/hydralisk/attack/Hydralisk_Attack0.ogg","27219","f42a301f5702fa032d24b3616af643987e35e37f098da9f7031600750ead19af"
"app/src/main/assets/audio/units/hydralisk/attack/Hydralisk_Attack1.ogg","21411","1c554570a04934c53f37c55c0819e089f945135e316ed5538ff41086ec1b1f62"
"app/src/main/assets/audio/units/hydralisk/attack/Hydralisk_Attack2.ogg","25312","935cb10529dc820c3b8f2bd0bdfec5642fee91294de39d8be31065958c752421"
"app/src/main/assets/audio/units/hydralisk/attack/Hydralisk_Attack3.ogg","24933","f2e8979ee37656d7ed2bb52583975fece04b11289dada4ef423549dd004d4a3f"
"app/src/main/assets/audio/units/hydralisk/attack/Hydralisk_Attack4.ogg","23652","85455eb9cc8c11f9a184c9d77afbac425e4f0000c734447ce179fb11aca254a8"
"app/src/main/assets/audio/units/hydralisk/attack/Hydralisk_Attack5.ogg","20624","52e841c7fb8d60932bcd97fe602541b27c2d00db45d762f4b1c0fdd2cf9f5c2e"
"app/src/main/assets/audio/units/hydralisk/chatter/Hydralisk_Ready0.ogg","30769","f259311380dc9a3710ecbc1326c5bef89c53eb0a37d2e4b0025ca0f2425fba31"
"app/src/main/assets/audio/units/hydralisk/chatter/Hydralisk_Ready1.ogg","34761","eb29a576f5f1544c48c201371cdcde9e26adb74401275758bced7c4f9d83d878"
"app/src/main/assets/audio/units/hydralisk/death/Hydralisk_Death0.wav","82236","347169461ec50c110d2a0aea849bfaf26d4b3cd2772547e8ef58f05342473233"
"app/src/main/assets/audio/units/hydralisk/death/Hydralisk_Death1.wav","83516","36df8b172740ef816de33834743a7060a073db06f393184d94acf2cbeb30fd9a"
"app/src/main/assets/audio/units/hydralisk/death/Hydralisk_Death2.wav","83260","64cef54ac429201fc29ba57834d6510f927e8fbf917e7e28171aab65a340c5b9"
"app/src/main/assets/audio/units/hydralisk/death/Hydralisk_Death3.wav","77372","ae14ead12abf1ab41489c8644e36e8f3b9b481a53b8a7f72f01d5532e94c7c8b"
"app/src/main/assets/audio/units/hydralisk/death/Hydralisk_Death4.wav","81724","6ede3255d544e10744b89940e21b71208342c3bd123a7d8e693bbbdb2e9b8e78"
"app/src/main/assets/audio/units/hydralisk/death/Hydralisk_Death5.wav","81724","07110257e9412e036e31d0b57a7a13e0717ec480f2384aab77fa564f9fc3b9af"
"app/src/main/assets/audio/units/hydralisk/deploy_move/Hydralisk_Ready2.ogg","40428","63c06acd73c21aeb75634ffb24b9560c798f9feb8e2e48165658e5d4c925e753"
"app/src/main/assets/audio/units/hydralisk/deploy_move/Hydralisk_Ready3.ogg","37862","5d7e0556b30af6d3a98a6679114c8e2465426871d000a2a5f47e27601f2af54a"
"app/src/main/assets/audio/units/hydralisk/deploy_move/Hydralisk_What0.ogg","22903","b90eb955d8b4865935075da5bf549e50eb4006ab6d14b9ac8cb003e8583a6280"
"app/src/main/assets/audio/units/hydralisk/deploy_move/Hydralisk_What1.ogg","20563","9e0f1592419128d01ed155757f6bfdeee0b6ac1bb353d98f28d713b62e266a7a"
"app/src/main/assets/audio/units/hydralisk/deploy_move/Hydralisk_What2.ogg","19450","e32c37ae4bee2827d86b0fbd6367776c5bfdf5a82fb40acedefba8bac88f60ba"
"app/src/main/assets/audio/units/hydralisk/deploy_move/Hydralisk_What3.ogg","21425","594a12dcc1f6ac7ea4dc65769b3b4bc4e2fe8228842fe9e3272031aef79722ad"
"app/src/main/assets/audio/units/hydralisk/deploy_move/Hydralisk_What4.ogg","21546","8485d1b4012fa95cb26ce1ae84c75fc9972721069a0ad923f1cb688cc441a10e"
"app/src/main/assets/audio/units/hydralisk/deploy_move/Hydralisk_What5.ogg","21919","f1676f27e247f7f9a3f8ef05c0393c32473453253951249fd0b784289aa74059"
"app/src/main/assets/audio/units/hydralisk/deploy_move/Hydralisk_Yes0.ogg","23054","57950ddabdf66703f3b1ded6487463e985d3e506e08122e9e5258d2943b86046"
"app/src/main/assets/audio/units/hydralisk/deploy_move/Hydralisk_Yes1.ogg","22041","918f5c3264c9b0e5739f89011c57a0fffb1254efb54c56059b8be4125d207209"
"app/src/main/assets/audio/units/hydralisk/deploy_move/Hydralisk_Yes2.ogg","22271","7400502f902affffaabf35ac4c1dab420469d0c78e354d109760ffea7de9bcab"
"app/src/main/assets/audio/units/hydralisk/deploy_move/Hydralisk_Yes3.ogg","22660","237452d2211bd188d51c5af4838a42883a55d5699ad385e33585e12498322771"
"app/src/main/assets/audio/units/hydralisk/deploy_move/Hydralisk_Yes4.ogg","20725","1f7001dfe0384f7f01a7e08ab45cbb74629c5b49e6376bf2b541c56da11e9093"
"app/src/main/assets/audio/units/hydralisk/deploy_move/Hydralisk_Yes5.ogg","22842","df68698f46056fec495b03d7db8746038d9cc45dda69ae8e26bf6cc91519b533"
"app/src/main/assets/audio/units/hydralisk/deploy_move/Hydralisk_Yes6.ogg","22795","70bd44636431167b90b9508861ea1fcac4ea1a96285252fc7593a3802701734a"
"app/src/main/assets/audio/units/hydralisk/deploy_move/Hydralisk_Yes7.ogg","22700","08e31ac9ee830bb71ee98fe58b29d18f41e824ba1ac1839b89b941b18de4789d"
"app/src/main/assets/audio/units/immortal/attack/Immortal_Attack00.ogg","26407","97333e5d36973121ec6632be1e80db88bb789f16356a19ec83ab6b86fe4c28ea"
"app/src/main/assets/audio/units/immortal/attack/Immortal_Attack01.ogg","30992","e8c247df9e027fc2b8c32b4c184a699bb858374e2ba37a361411bb8b8c1c2f19"
"app/src/main/assets/audio/units/immortal/attack/Immortal_Attack02.ogg","28803","9301ec4f0238dcf00e8587d50239551c793a8ec94234ad9b09c8d9c831da46a5"
"app/src/main/assets/audio/units/immortal/attack/Immortal_Attack03.ogg","28514","255e248a734dbdf1552fae580a2509fe09719908f9469ed01457c9ea909b3b86"
"app/src/main/assets/audio/units/immortal/attack/Immortal_Attack04.ogg","31214","7c778d11dd86f2a4f000a0e9f0279388b833a195044ce0658e47dd07c5abf236"
"app/src/main/assets/audio/units/immortal/attack/Immortal_Attack05.ogg","26859","207949253ec68baa7b23b0e0af996b7a60d1af8d9ae7627561836c4133d35f82"
"app/src/main/assets/audio/units/immortal/attack/Immortal_Attack06.ogg","27342","946d64254f72bab5000a2c47825fb9271c955f1fc612b3940c73f6aa52bd9a28"
"app/src/main/assets/audio/units/immortal/chatter/Immortal_Pissed00.ogg","40332","5c6552813677f5cda1dfe9f89161b577adc8895cd68875f4017842cf66c1e9bb"
"app/src/main/assets/audio/units/immortal/chatter/Immortal_Pissed01.ogg","43369","eeb9e49e769ec0a2687eeea0c3330cabbd31ccb4bcd5319fc85817d5df5fdca1"
"app/src/main/assets/audio/units/immortal/chatter/Immortal_Pissed02.ogg","36691","150035b18ee2c746764800eccc78b42061bade3701ac618d3fb62c4408bd20fa"
"app/src/main/assets/audio/units/immortal/chatter/Immortal_Pissed03.ogg","29144","7f6d153fe973f72325782c7e1bd6a91eb800530648dbae428e59cd1456c07a52"
"app/src/main/assets/audio/units/immortal/chatter/Immortal_Pissed04.ogg","30511","cb4c2105645c814888e18902e86ce1e356ba33038a7f615967931b364f7d6ed5"
"app/src/main/assets/audio/units/immortal/chatter/Immortal_Pissed05.ogg","101568","e22fa5cf63baf73d85f478b0d723e52dc4fa829fd7894eabfbb9b69ac9d6eeda"
"app/src/main/assets/audio/units/immortal/chatter/Immortal_Pissed06.ogg","34794","3574c2d2214d258eafe1310ba8801fe7aba7da7dc060890353c3cb311b34da30"
"app/src/main/assets/audio/units/immortal/chatter/Immortal_Pissed07.ogg","56273","be03172f6dc87ffeab4e973aa5c6586e58bc3bb5a82c2450f054e787d421f12a"
"app/src/main/assets/audio/units/immortal/chatter/Immortal_Pissed08.ogg","85380","379c7a635673d2fecf3a8cb7be18608afca8265cacf9399236ad0b56fc7751db"
"app/src/main/assets/audio/units/immortal/deploy_move/Immortal_Ready00.ogg","31858","13d828cc4799873bc931a11b3be3a49549f9ad171fab42ab1b92859c82aeee30"
"app/src/main/assets/audio/units/immortal/deploy_move/Immortal_What00.ogg","29499","f0405e6ec6c4d8fd0368c4fdbf643e48c162ad2b9fe3ae1a08e6bba29cdc7484"
"app/src/main/assets/audio/units/immortal/deploy_move/Immortal_What01.ogg","36089","21750be6cdcc99ce2676a2693eed65af133a2f7be9676e7774a3b03648844612"
"app/src/main/assets/audio/units/immortal/deploy_move/Immortal_What02.ogg","28599","70fb29b7069fe9aed4f543d65c6b986af642b89799e1ad29540c8db5eef10133"
"app/src/main/assets/audio/units/immortal/deploy_move/Immortal_What03.ogg","27002","af5d76a5b60ba41beefb35108543171d72076e25d2712f5f6b9a2afc64b08dcc"
"app/src/main/assets/audio/units/immortal/deploy_move/Immortal_What04.ogg","37715","ad021206e71643f93f9278e4e47afcb57f0a99013243ef6229e1a040683b4e13"
"app/src/main/assets/audio/units/immortal/deploy_move/Immortal_What05.ogg","33009","6374a105750968c05f25ed7dea53f2080aba5fd5581cec0cedf5ad656c64204c"
"app/src/main/assets/audio/units/immortal/deploy_move/Immortal_What06.ogg","31908","36bb27eb0d74e63fac4372e99f013c7304b81367cd3266565df89126b93efe7d"
"app/src/main/assets/audio/units/immortal/deploy_move/Immortal_Yes00.ogg","22572","ce45bb3ad2fcf1935c9df25d859139d72ce17653ddcae5823e0da22138de4cf6"
"app/src/main/assets/audio/units/immortal/deploy_move/Immortal_Yes01.ogg","29105","7a1ef15b76f6d7f9f9a847fd5081c7c81ed13eb2a5baffbc169d49d17032cc48"
"app/src/main/assets/audio/units/immortal/deploy_move/Immortal_Yes02.ogg","30865","adb22045761eae3193400abe6241ef051a7fd124576cd742e652529238508401"
"app/src/main/assets/audio/units/immortal/deploy_move/Immortal_Yes03.ogg","25177","b24ea942d91b18d4f9841ea545902b91dc6dd8bb81ed3fe939ba979ac59ed328"
"app/src/main/assets/audio/units/immortal/deploy_move/Immortal_Yes04.ogg","31162","5ccfb6218a3a850618e50450aec32107785d2f713c6b3ca93122bd9af65858b1"
"app/src/main/assets/audio/units/immortal/deploy_move/Immortal_Yes05.ogg","30415","aeb4b2e947eb5ec441150ef051d9c72a65b7df9e5dfddc7048fc6eab51113ab2"
"app/src/main/assets/audio/units/infestor/canonical/0799ddbbe9cdf55f__Infestor_What3.ogg","39669","0799ddbbe9cdf55f0009c846247668aa6207c660c6961dc0116abd7709d0089d"
"app/src/main/assets/audio/units/infestor/canonical/07c19fcf386510f7__Infestor_What0.ogg","42329","07c19fcf386510f7408b4ae4871edc063d7f28a10cfb34aa1858b85cdd1d5596"
"app/src/main/assets/audio/units/infestor/canonical/0f9c36991a4c548f__Infestor_Ready0.ogg","45623","0f9c36991a4c548f12731e2c70a6117e60ef62e713559e448ae2467f062be4f7"
"app/src/main/assets/audio/units/infestor/canonical/5f73b35e09d9512c__Infestor_Death0.wav","28220","5f73b35e09d9512ceb35a26bb8abf68bb0c0cabce591c8566fc40a263bc72fc2"
"app/src/main/assets/audio/units/infestor/canonical/8bdd087be43c2e66__Infestor_What2.ogg","39581","8bdd087be43c2e66ac518d4ec4633e0e049f079af31952e65f62faca21cc709a"
"app/src/main/assets/audio/units/infestor/canonical/aaf26f168550f5ec__Infestor_What1.ogg","35918","aaf26f168550f5ec6a4da6735d5ad628bf874e9427665a2fe942ee842a6bbca5"
"app/src/main/assets/audio/units/infestor/canonical/b0a208444c8ac812__Infestor_What6.ogg","52288","b0a208444c8ac812fe518358aa38ca965879809aac67391e1d96a8304e172909"
"app/src/main/assets/audio/units/infestor/canonical/e3be13ea8988da56__Infestor_What4.ogg","46268","e3be13ea8988da5673c1bdc6fdcd26a0dd4296716d963772aee32f27a4b93f85"
"app/src/main/assets/audio/units/infestor/canonical/f18b4c1fcc93639e__Infestor_What5.ogg","40521","f18b4c1fcc93639e7a4e88496302b28d2bda1c5d14865da350d08182ee9b404e"
"app/src/main/assets/audio/units/infestor/canonical/f41e9651308fa2c6__Infestor_Ready1.ogg","56797","f41e9651308fa2c6b8016fdc95c27df5c4e4141bbb4ccebd4e103408bbfadccb"
"app/src/main/assets/audio/units/infestor/death/Infestor_Death1.wav","28476","59ff701773a2484a9e641c0747d2f51db00f5ea7df6438ab3212444ea9c5d354"
"app/src/main/assets/audio/units/infestor/death/Infestor_Death2.wav","25148","11c35573c86f5a7bf26e4b049881a9af7a66f4eef3c479a4de850a81d7aa634b"
"app/src/main/assets/audio/units/infestor/death/Infestor_Death3.wav","25660","817471defa372fa9fd0e138784b7af279e7fe965854cbc3810656fcc8a7c75b3"
"app/src/main/assets/audio/units/infestor/death/Infestor_Death4.wav","25916","e1de90eacac036e573afcf6634d14ae12102d543dfbb6b149549e2d7e9cfc0e4"
"app/src/main/assets/audio/units/infestor/deploy_move/Infestor_What7.ogg","42206","af0fd5452aa151be953b6157b1403f809137bf99f569241b8c3df3c7d7cacff3"
"app/src/main/assets/audio/units/infestor/deploy_move/Infestor_Yes0.ogg","56977","966db921389dabc96df36a064acfe30c7320a46a79fa0581910b981c7a012222"
"app/src/main/assets/audio/units/infestor/deploy_move/Infestor_Yes1.ogg","40163","29d13f028c4bdafbf6117f2d7dd23bcf1e4ae5e5444a56b4c2e9677811b1091e"
"app/src/main/assets/audio/units/infestor/deploy_move/Infestor_Yes2.ogg","61369","f48d80a632629c53a24f5791d58c61dcf6e23e17a522398cd3c73f428872ca5f"
"app/src/main/assets/audio/units/infestor/deploy_move/Infestor_Yes3.ogg","56308","8684709b233abc1ab0906e7cda631e1c100a7d31f0c5d0211f870f8546b1ec94"
"app/src/main/assets/audio/units/infestor/deploy_move/Infestor_Yes4.ogg","43115","7e420a959bec8ef251b2e5baa0fed3aa0cefc99fa2f4d37f8d3069dca98c8080"
"app/src/main/assets/audio/units/infestor/deploy_move/Infestor_Yes5.ogg","46710","93e3273a79e717e20d78a55e58d788237f01764d94fcb3aba06c9c387d7bc6a3"
"app/src/main/assets/audio/units/infestor/deploy_move/Infestor_Yes6.ogg","46424","575c337e3fb8c90f6b8a0e58ce9c86dad8384eaded52d96ff85da238deda8005"
"app/src/main/assets/audio/units/infestor/deploy_move/Infestor_Yes7.ogg","48194","d9eb401c451e3e84886695dab8563bd4ad43525e03d5e0d10878756bd5a742b1"
"app/src/main/assets/audio/units/infestor/deploy_move/Infestor_Yes8.ogg","44701","a8d075e743080d4ce77026130d07453e587ad92bb8709af2875885c77f85a7d6"
"app/src/main/assets/audio/units/jim_raynor/attack/Raynor_Attack00.ogg","11063","f788fb05234cf68ff329ed2c3d4566b5e85b53e5075cf4370c5875a3fa3fd935"
"app/src/main/assets/audio/units/jim_raynor/attack/Raynor_Attack01.ogg","16195","d54cbfc6b117c6590ec8c8e5bb9cae4d01b3c79d742b18ba37f642dc9d756602"
"app/src/main/assets/audio/units/jim_raynor/attack/Raynor_Attack02.ogg","14545","2818fa3a5fa61b21abed6c4d10f5ca123e6e5d0a550a628486a1bcbacf81475a"
"app/src/main/assets/audio/units/jim_raynor/attack/Raynor_Attack03.ogg","11343","67bb9466b039a2e0b5e84cdc5465e9321e9501841abd9c3c7e894e029f5398c9"
"app/src/main/assets/audio/units/jim_raynor/attack/Raynor_Attack04.ogg","13919","d639dde32a7c180b803617caa238aeaca53d918d5e92a89e881670a073637fb6"
"app/src/main/assets/audio/units/jim_raynor/chatter/Raynor_Pissed00.ogg","41160","5369be2366c4890eda747b715ba4b8bbd28cb75de1d6bbd9a0916f3cca4d8953"
"app/src/main/assets/audio/units/jim_raynor/chatter/Raynor_Pissed01.ogg","31647","d6e0d7bb574ebed3f6121e71402c1549e1c03f5561533cce85c14f543cf4d797"
"app/src/main/assets/audio/units/jim_raynor/chatter/Raynor_Pissed02.ogg","27254","631384c195784fd37cece0077b373640656a57be0e309cae60788038a93942ee"
"app/src/main/assets/audio/units/jim_raynor/chatter/Raynor_Pissed03.ogg","25340","7bfd6b7fa41935b84761c36e75cfc174b0c9288af42d15b2f1bb99df22c26988"
"app/src/main/assets/audio/units/jim_raynor/chatter/Raynor_Pissed04.ogg","24071","02456d38472f6599987e67db7b3ddee6d7a7e31eafe516c9f10abbc8635fc0ec"
"app/src/main/assets/audio/units/jim_raynor/chatter/Raynor_Pissed05.ogg","27278","fec68a5fb91ceb10389baf648fe1bac34e4ce792b415e48b893088ae43552dbe"
"app/src/main/assets/audio/units/jim_raynor/chatter/Raynor_Pissed06.ogg","19504","8f6f382fa11cd35af2584b216b44ef41939eeac5d06680ccf62ab2a0f3ff5a78"
"app/src/main/assets/audio/units/jim_raynor/chatter/Raynor_Pissed07.ogg","16151","c12416258cda889f9a9e14909cc7e2c69a803a30e6e167be74721dae74335cfd"
"app/src/main/assets/audio/units/jim_raynor/chatter/Raynor_Pissed08.ogg","23116","a3716d9175e155f8ca1f6d3d795133073b67e4b733319e78acf3dd2e79ceea8f"
"app/src/main/assets/audio/units/jim_raynor/chatter/Raynor_Pissed09.ogg","27780","48de63be18c51569727182c90d781078a9d27a383337199f4ba2ad5c858f3832"
"app/src/main/assets/audio/units/jim_raynor/chatter/Raynor_Pissed10.ogg","49821","a34e3209c8f2c5f621ffc4949d6f60f090890df87f3a0cc8dcce4c5b86afd669"
"app/src/main/assets/audio/units/jim_raynor/chatter/Raynor_Pissed11.ogg","31323","3a4593cfdafad5abf3a7ab6960fdfc2f7aeba8aa930cd83b0d1f5a5ba0ae5a60"
"app/src/main/assets/audio/units/jim_raynor/death/Raynor_Death01.wav","33852","21854bf2161a9ccc4c5904b408f61d5f18541b50cfa8c4d16098a143f1dd683e"
"app/src/main/assets/audio/units/jim_raynor/death/Raynor_Death02.wav","13628","1a448cd8d068eb2fc8d10f8de7d766ee792695cc8b6d8ff06f147e6517a2888f"
"app/src/main/assets/audio/units/jim_raynor/death/Raynor_Death03.wav","13884","c4279ffe52415af51d2075af5eb7ca20546685080fe8ee6ea0d23e31d071abbf"
"app/src/main/assets/audio/units/jim_raynor/death/Raynor_Death04.wav","12092","f277d7d8966e85d3a00b5770a8b1aeb6cfea0a3a74e2bfd04ed0b0aa78e52c8d"
"app/src/main/assets/audio/units/jim_raynor/death/Raynor_Death05.wav","12860","8273db49c976b8345a053b7b288b8568dfd9765f0f5d07347fd4c611cf6e9f1e"
"app/src/main/assets/audio/units/jim_raynor/death/Raynor_Death06.wav","20540","f43375499ad855a47d27b1ac9606a6f2f93a7e236eb593ddbdc3ad0cf4d8742f"
"app/src/main/assets/audio/units/jim_raynor/deploy_move/Raynor_Ready00.ogg","17377","5b4a647633b392e01d5f9b93ab9cbfae49e1bc99e092c41fa4392cf94576f146"
"app/src/main/assets/audio/units/jim_raynor/deploy_move/Raynor_What00.ogg","8606","3ac9c766b9eddb93177ab35952520694bb27a23f57ef405883299580e578f92f"
"app/src/main/assets/audio/units/jim_raynor/deploy_move/Raynor_What01.ogg","10440","94c7a22a798d84acc7cb96434a7159ffa83db88d020a2c970201d40984d077aa"
"app/src/main/assets/audio/units/jim_raynor/deploy_move/Raynor_What02.ogg","12920","f78e51914f56e71d9a7bf48b04086dcb895b626c126e4deb077d62c993a1ef26"
"app/src/main/assets/audio/units/jim_raynor/deploy_move/Raynor_What03.ogg","14960","571159c86ebd0b8eb8b578efa567e044ad18cc4ec3c020b7cf06882b22f4cf3e"
"app/src/main/assets/audio/units/jim_raynor/deploy_move/Raynor_What04.ogg","10122","a33abd5180a7de886ddf2cd978c9a1889a111a2eaa70ec536d9b2f93a6ba743a"
"app/src/main/assets/audio/units/jim_raynor/deploy_move/Raynor_Yes00.ogg","14906","f44dc7a1710bab9dc7c3c2f533bc3a73ebe727c3d0409585d47600f19ee6bbab"
"app/src/main/assets/audio/units/jim_raynor/deploy_move/Raynor_Yes01.ogg","15056","3dc3952350f4a446648bffe9c9f2acfbcdb79218e654cfa66e42dca6af975684"
"app/src/main/assets/audio/units/jim_raynor/deploy_move/Raynor_Yes02.ogg","20571","96532a9f75fec8f23733cf8caf355b7b0d62811cc953905decf94f494273e510"
"app/src/main/assets/audio/units/jim_raynor/deploy_move/Raynor_Yes03.ogg","18321","53fd32138b84e2f1c20ac4d15b4a5927f135f67695570c4f9566937a95b82472"
"app/src/main/assets/audio/units/jim_raynor/deploy_move/Raynor_Yes04.ogg","17246","3d46e1a1c28310037be2a1ba84fc5cc8b289c927f7e93d730db561c85b26cd57"
"app/src/main/assets/audio/units/jim_raynor/deploy_move/Raynor_Yes05.ogg","17174","2fea01b21710a159bfe5f24fb2a73778480e301e241b35e833749af04a3827e7"
"app/src/main/assets/audio/units/jim_raynor/deploy_move/Raynor_Yes06.ogg","17484","49efd881548d582988f6239b93b6a54e7f429656729a9dab50400e38d075184d"
"app/src/main/assets/audio/units/kaldalis/attack/Kaldalis_Attack00.ogg","19260","8e95e9f5aaa06dc6c15b0c8fd9c819923f7d5376e484f478c26396928b9a5fc0"
"app/src/main/assets/audio/units/kaldalis/attack/Kaldalis_Attack01.ogg","28720","eede2ccf2e529b246b687ea219b1d08988af95e76cef90e3e27485f90c0672b8"
"app/src/main/assets/audio/units/kaldalis/attack/Kaldalis_Attack02.ogg","33928","001a6a01f6567e1d8c91068dfbcf75c6329b11a309562eb1e26294813ec3861c"
"app/src/main/assets/audio/units/kaldalis/attack/Kaldalis_Attack03.ogg","38612","b8f196422f1c2e59f0417b72cb14d513de463b02b2cc8be6a1ffdf3365b144fa"
"app/src/main/assets/audio/units/kaldalis/attack/Kaldalis_Attack04.ogg","38773","a73f1593665b0e707503c4995caeb2cb2e9b52cbb7ea05aca4d9a8ff2681ab6b"
"app/src/main/assets/audio/units/kaldalis/attack/Kaldalis_Attack05.ogg","27592","c292def551ec99af9e62dfc7321c614a2857fd3617a9770a5c36c12472dff3da"
"app/src/main/assets/audio/units/kaldalis/attack/Kaldalis_Attack06.ogg","29624","e7eead1fe871b9596862f1ce9aad7d7cfd0ccae417f50200d41a8cfc293dc469"
"app/src/main/assets/audio/units/kaldalis/chatter/Kaldalis_Pissed00.ogg","65462","0e2f21cd9c2df187a10e00031bfe004347868874ae4be99b7b12057d9c577c7a"
"app/src/main/assets/audio/units/kaldalis/chatter/Kaldalis_Pissed01.ogg","66465","1265830dc53484fc63f233a34feb3f12fb9466f32f79a557e1bc53f2300ddf8b"
"app/src/main/assets/audio/units/kaldalis/chatter/Kaldalis_Pissed02.ogg","55774","681fb686e1618555089418262dab114e233c9f7bda24abf5c39ec1a6b35faf5e"
"app/src/main/assets/audio/units/kaldalis/chatter/Kaldalis_Pissed03.ogg","113621","2c566c4bd9169ac089741878f9c7473fd7d94da2b3f21354194219dfcebf8e73"
"app/src/main/assets/audio/units/kaldalis/chatter/Kaldalis_Pissed04.ogg","55300","90b22ea611c66b0bd042cdc9fdb93646789fed2d76351a4068afd1acebbe5bdf"
"app/src/main/assets/audio/units/kaldalis/chatter/Kaldalis_Pissed05.ogg","99250","fbc4909883cceae183aa8584fac745ca3256125cdd2f5d1a0651d4429ce3717c"
"app/src/main/assets/audio/units/kaldalis/chatter/Kaldalis_Pissed06.ogg","75605","9f28b399cf674ab171a4dc1a2302fe73cabe79e8da47333dad8ae4d15603a6b9"
"app/src/main/assets/audio/units/kaldalis/chatter/Kaldalis_Pissed07.ogg","114042","9e69f1701326d05c68e122a764d7346dec116fd3de464b16566f0d3ee1f846c5"
"app/src/main/assets/audio/units/kaldalis/death/Kaldalis_Death00.wav","101436","a71bccdda3ff891255d5aebc2305bdaf06cbe833a436a1cae6c64d6881daf098"
"app/src/main/assets/audio/units/kaldalis/deploy_move/Kaldalis_What03.ogg","26733","ed42a1dedbfb2c358acbb0f2b866039bbbb888bdd303f5a39e0f7c693129cad2"
"app/src/main/assets/audio/units/kaldalis/deploy_move/Kaldalis_What04.ogg","28113","73f5087fe24166c13b9e5488e6ca90b8ef6fe806f76e664d9105ffadda761a20"
"app/src/main/assets/audio/units/kaldalis/deploy_move/Kaldalis_What05.ogg","19706","4fded29e378889bab5d3748cb2811b6dda08554fc1b470aa0ce75a2490ca5a53"
"app/src/main/assets/audio/units/kaldalis/deploy_move/Kaldalis_What06.ogg","28324","4cab9af1a90232688ee93a5fab3aa3aa825d8bf3ee4a274b15528c6517f3fbb8"
"app/src/main/assets/audio/units/kaldalis/deploy_move/Kaldalis_Yes00.ogg","25645","9530c9c76ba902b03c715f08e1053a4eb3d6c480d63e01781bffcfe5b930b6f7"
"app/src/main/assets/audio/units/kaldalis/deploy_move/Kaldalis_Yes01.ogg","26591","a83e170fcbcfe7839a2e28bdbaed117aa382aa3dd370be233485029010213747"
"app/src/main/assets/audio/units/kaldalis/deploy_move/Kaldalis_Yes02.ogg","23655","e545b59e3405137b7ddceef0df120c425e5fe87b000bd458040a05e4fff2d1b2"
"app/src/main/assets/audio/units/kaldalis/deploy_move/Kaldalis_Yes03.ogg","44089","f3b28c5a2e6302f2f942b2049dfca2871496b1441a0a6b7e597e07605adc9c46"
"app/src/main/assets/audio/units/kaldalis/deploy_move/Kaldalis_Yes04.ogg","24702","cdac46a1322ce1eb878970048268bc1315c3c608b90f19a10a881163bd893c00"
"app/src/main/assets/audio/units/kaldalis/deploy_move/Kaldalis_Yes05.ogg","30323","4c792a298b24f756a81d961d19905464d5869953e02c7baeea0aaf4fc1d2c3be"
"app/src/main/assets/audio/units/karass/attack/Karass_Attack00.ogg","28412","b0fb5f25ebfebec4a7e6384631c837a50cccedcf82e9f14b7a77afe6f34083c5"
"app/src/main/assets/audio/units/karass/attack/Karass_Attack01.ogg","34891","a86180deb8463efa5c13b3577727427e52bc85779cf5ea2e4fc9cf40959e0156"
"app/src/main/assets/audio/units/karass/attack/Karass_Attack02.ogg","35493","dab860ab36c08b2b59d4946cf6b71b98fd22af017dfa42ec5bf01a677ac17749"
"app/src/main/assets/audio/units/karass/attack/Karass_Attack03.ogg","34969","6a8dcff73d5af5b1b2dc2d5bf1677b3365da94a690035e4a39ce0e223258b1df"
"app/src/main/assets/audio/units/karass/chatter/Karass_Pissed00.ogg","35190","f177200a70ecbae518bde869a4d24f1750bde4fab2b781f8f9349d2a78dd4b13"
"app/src/main/assets/audio/units/karass/chatter/Karass_Pissed01.ogg","35542","c303ba6895350ce5ac31c5efe2e286d2a60c7db0119b128868e45c68b1cd7197"
"app/src/main/assets/audio/units/karass/chatter/Karass_Pissed02.ogg","41009","e398dcdaca0dcd985739fb00a1e499c9deff88ea27ec2fc0684d82e5551092c4"
"app/src/main/assets/audio/units/karass/chatter/Karass_Pissed03.ogg","58565","20437c140579c18de5eeb9b4a151a58992dd76db26a46c17b742df52c12c0389"
"app/src/main/assets/audio/units/karass/chatter/Karass_Pissed04.ogg","55857","11bb5e039202973f85e7370dd65cb99fdd64f788b5540fcfb4777763a5b46648"
"app/src/main/assets/audio/units/karass/death/Karass_Death00.wav","87868","27231db77b48d9cf1c070a15f13578fab5cf5c67bf58a2e858289b33804242c2"
"app/src/main/assets/audio/units/karass/deploy_move/Karass_Ready00.ogg","40246","eb023b43e295cb805d453036919a490084017b4e10dff59ec9c2f5c25189bee8"
"app/src/main/assets/audio/units/karass/deploy_move/Karass_What00.ogg","32167","68705f382c35e53edfbd7925b7c89703b581d605010ceb40bf1a4de486a0663d"
"app/src/main/assets/audio/units/karass/deploy_move/Karass_What01.ogg","35181","e3a32df2a13ce4dd65e8004bfa4bb9184219b3500445d08897727b43280415c9"
"app/src/main/assets/audio/units/karass/deploy_move/Karass_What02.ogg","35836","a972ac074c0045f6556459405476e031210a4892d99ab94fdeacc85f8ef4f30a"
"app/src/main/assets/audio/units/karass/deploy_move/Karass_What03.ogg","25763","180f75869da3ac652c5127af3afafc1f60b3e9fafb00b1bf8ce2cb073d2d1b20"
"app/src/main/assets/audio/units/karass/deploy_move/Karass_What04.ogg","39564","c2fecb88704eed1835593f14e19cffa25c137788f150645a2f99742207b2b802"
"app/src/main/assets/audio/units/karass/deploy_move/Karass_Yes00.ogg","30371","7fdc5b1a00e24b6da1ae15dead9e6f4d24932f1663da1ba0bedbda5b0848e233"
"app/src/main/assets/audio/units/karass/deploy_move/Karass_Yes01.ogg","33853","2203bb59302682ccd35791d4b4b5983444444f20a0c384045b8d3c2e35ada21d"
"app/src/main/assets/audio/units/karass/deploy_move/Karass_Yes02.ogg","31773","8f65c2e0343e54a13c751a714f3133c2ab51715af422022e8f15fb292ce99dc0"
"app/src/main/assets/audio/units/karass/deploy_move/Karass_Yes03.ogg","28952","fca5b2da818aa7530d88401974e50f26475e13bbddba1e980e7fb48bb4cfe378"
"app/src/main/assets/audio/units/karax/attack/Karax_Attack01.ogg","41431","a32e87e81ec835a31be887b4456185e2abe5abc666c8573a3a7ba614b01752c7"
"app/src/main/assets/audio/units/karax/attack/Karax_Attack02.ogg","40161","170d3b377f51b4324de9764007790873d99b30feb5164d3d7f4d5f2bb8139607"
"app/src/main/assets/audio/units/karax/attack/Karax_Attack03.ogg","32310","5735157c09b53a536df35573fdaee022796a6eeb66a5168c9f30064eacfd6b8e"
"app/src/main/assets/audio/units/karax/attack/Karax_Attack04.ogg","38649","98ca93d169d7ec929edebf2d544d4cb07899241d60b0952af5d55dc7f51c5c24"
"app/src/main/assets/audio/units/karax/attack/Karax_Attack05.ogg","28716","382b275c089ef3f48491b3a7d13d30fc882968d2ffa64c2c7f32bbd13254faab"
"app/src/main/assets/audio/units/karax/attack/Karax_Attack06.ogg","24918","3f76335ad49cd320e4fd0e1269bf0a3f60df5b5f4e67012ddf4a51485c9d1731"
"app/src/main/assets/audio/units/karax/attack/Karax_Attack07.ogg","27288","98e62dffc31bc13e3d89672965c31e336f1ec51f3f158d0f2d1d6c1f059d7e5a"
"app/src/main/assets/audio/units/karax/chatter/Karax_Pissed00.ogg","51812","3b99c455f750916d2f2857466dd11b528e1e731b5778d897fb2898b01ec0ec46"
"app/src/main/assets/audio/units/karax/chatter/Karax_Pissed01.ogg","88627","03a4273c42103b47bd39f81ec4561178fea07983bc9d41f0562c3908079cf3c3"
"app/src/main/assets/audio/units/karax/chatter/Karax_Pissed02.ogg","95521","753907f13c21094681c99ad59dc8000a076e61a49408eedd7b32e66b7db8ed3f"
"app/src/main/assets/audio/units/karax/chatter/Karax_Pissed03.ogg","102922","9ca2da1138cc2b6f459b45400a573212a42c0da27d17031cd92e53fd8abbb45a"
"app/src/main/assets/audio/units/karax/chatter/Karax_Pissed04.ogg","37855","8ecdb29c2e012960889795653fe33fbb983f9233abb7e6612c1af1b4f9a0c2af"
"app/src/main/assets/audio/units/karax/chatter/Karax_Pissed05.ogg","106155","d16b96acc586f1a6dd9020a437be8f0306028385a8deae5745f54a20ea909ca4"
"app/src/main/assets/audio/units/karax/chatter/Karax_Pissed06.ogg","121552","b8c8410d6fa46c2351898290aaeb613936dd819c297f5142959ba5ff24ce6015"
"app/src/main/assets/audio/units/karax/chatter/Karax_Pissed07.ogg","114059","5999c51e12ec3c540dad4c6813c8491a78f576a23c600f8d97d2a11160b1a509"
"app/src/main/assets/audio/units/karax/death/Karax_Death00.wav","162364","6cb5f32243068714a6cc09a1205c3aafe7ee0c6ef6091772dfb889c89d354b1e"
"app/src/main/assets/audio/units/karax/deploy_move/Karax_What07.ogg","35646","dd2418ec4fbb8b3b8c82c779e33b4295da9ae110fa2ba53b3572c0308b745eab"
"app/src/main/assets/audio/units/karax/deploy_move/Karax_What08.ogg","40120","056c21f15e25586d03d21e0e1c9d24c5c9e6264d35ecc046e020a6581f7976f9"
"app/src/main/assets/audio/units/karax/deploy_move/Karax_Yes00.ogg","21007","e86726f9aa96771a5740c97b51de4a6a073677a3a3cd15d94cd283f204a3a83f"
"app/src/main/assets/audio/units/karax/deploy_move/Karax_Yes01.ogg","21899","3de50205bbedc09bdd7d0e735a1a02272ef7903e1c45d396bd0194ccf4a3a01c"
"app/src/main/assets/audio/units/karax/deploy_move/Karax_Yes02.ogg","28311","1ce5d7d56c692f8db50cafd8926ab5107f507026763b4abb89785285f62f2c1d"
"app/src/main/assets/audio/units/karax/deploy_move/Karax_Yes03.ogg","33926","1a2aea94515e031d3ee4d8d00e95ed9696ffa303050d3f34fae009b01cd522c1"
"app/src/main/assets/audio/units/karax/deploy_move/Karax_Yes04.ogg","39341","7a548c4c4e2a8dc1dbaff3649ae8b08dfc9b12457d4604e671842d539eaf4cf0"
"app/src/main/assets/audio/units/karax/deploy_move/Karax_Yes05.ogg","38583","7ffc8511d5b3705408ac636217f24d4e962aab35a881430828e724df6d414fff"
"app/src/main/assets/audio/units/karax/deploy_move/Karax_Yes06.ogg","29114","5d9bacff8304fe9345568f85a3f8ac9310c61459022f3b30ae1f013add3290db"
"app/src/main/assets/audio/units/karax/deploy_move/Karax_Yes07.ogg","31975","b507e4e4c9ebf238e0bb19ce3532a042ec0d0b83910ea93a21aa0fa10ea2f678"
"app/src/main/assets/audio/units/kerrigan/attack/Kerrigan_Attack00.ogg","63795","ed992412a52600d0fcfd453fb4d928943d8314d4c722819f7805708950e05e76"
"app/src/main/assets/audio/units/kerrigan/attack/Kerrigan_Attack01.ogg","71080","11beefa1b093fb21a27858a842058dfe6c10ae724a57ee414474fcf8a8063bbe"
"app/src/main/assets/audio/units/kerrigan/attack/Kerrigan_Attack02.ogg","88170","8c2b467f8187c9ba78fd869ff8f4c3b65980596fba61920e0def3cf1900f579b"
"app/src/main/assets/audio/units/kerrigan/attack/Kerrigan_Attack03.ogg","63609","0e66e731afa61ec3f8ccd8fe6d92a8fce6613efec031976c2b07c2155ed89f6b"
"app/src/main/assets/audio/units/kerrigan/attack/Kerrigan_Attack04.ogg","70790","4affc62410dd98c67096e828a99c147057c725c963323ffb857c0b1ab954ccb5"
"app/src/main/assets/audio/units/kerrigan/attack/Kerrigan_Attack05.ogg","65555","99ab118369929a8a6bf4afa3886a09647ecb05ab4a51e32ea61f9a7015a60280"
"app/src/main/assets/audio/units/kerrigan/chatter/Kerrigan_Pissed00.ogg","78767","189e9f4c9b36edf58c1be4a758d95b8c5c16b14aadc7e5c9d7e641dc63dbf7c3"
"app/src/main/assets/audio/units/kerrigan/chatter/Kerrigan_Pissed01.ogg","98185","6bf6f417c872a6f8649a5b851dd97246b3105897febeb09c477864f87c44d711"
"app/src/main/assets/audio/units/kerrigan/chatter/Kerrigan_Pissed02.ogg","103403","d991ef6401340419ae750848ca9b8dbe11aaaffdaa7cff5c15b20c39cb51040d"
"app/src/main/assets/audio/units/kerrigan/chatter/Kerrigan_Pissed03.ogg","46627","4681ecfd0ef875565a20dba39146bbd8be1d874302105ae54936f2f825c14c88"
"app/src/main/assets/audio/units/kerrigan/chatter/Kerrigan_Pissed04.ogg","64734","9d152b1213888376e65d91463a475d1380dfb34ec01438e2483f394e76bd46f8"
"app/src/main/assets/audio/units/kerrigan/chatter/Kerrigan_Pissed05.ogg","150419","970217eb6423ef825571e6b37bcef6a5d5dd018c2eaeb2c91cb694f2c58882fd"
"app/src/main/assets/audio/units/kerrigan/chatter/Kerrigan_Pissed06.ogg","123926","d1b6768e73aecee2141f2fbc03a5ddc1058e7d5d5d42113c0c14fbaab017f998"
"app/src/main/assets/audio/units/kerrigan/chatter/Kerrigan_Pissed07.ogg","71477","abbf2c04fbe72b8f10a2378e3ffa5994c62f8132008b2816d2cf381931e549b0"
"app/src/main/assets/audio/units/kerrigan/chatter/Kerrigan_Pissed08.ogg","81940","179a078ea028452833d592e49dd4a37d562c66801760285d8fbd339e053b0dac"
"app/src/main/assets/audio/units/kerrigan/death/Kerrigan_Death00.wav","226876","74445966854e1da2c9709fa1849a72a61f0f0e9935adc05fb8c2bd57d59b5d21"
"app/src/main/assets/audio/units/kerrigan/death/Kerrigan_Death01.wav","254012","8ac2eba1614c175dbdbf765d00936a46f70d5441a508cdbb74eea6febd140bac"
"app/src/main/assets/audio/units/kerrigan/deploy_move/Kerrigan_Ready00.ogg","62380","f069c04e97707f693f855a7b4a4d0f5251524fc4ee97de0008ec8311f462d3be"
"app/src/main/assets/audio/units/kerrigan/deploy_move/Kerrigan_What00.ogg","56104","cc4c5745cab0dfbeb37aa6f7ae24fb95ded6356def71ca7d5d5d51c1dad4f2c0"
"app/src/main/assets/audio/units/kerrigan/deploy_move/Kerrigan_What01.ogg","60772","795565399c17e17eb3ca71248664bb9037a168e63448b06382d39b4ebb7f7d8b"
"app/src/main/assets/audio/units/kerrigan/deploy_move/Kerrigan_What02.ogg","60270","05d0f5dff6c06303dc7b588653faf6329bee8b912bf14572519c154fbeb78c37"
"app/src/main/assets/audio/units/kerrigan/deploy_move/Kerrigan_What03.ogg","47837","8b6005e6628dc1487a29d76e4646c91afe8a9a3752af798b751152e2a3c31f6d"
"app/src/main/assets/audio/units/kerrigan/deploy_move/Kerrigan_Yes00.ogg","57831","de893e234da4164e0e62ea8b580adef7a92948d06981dd3103c4a1f0d3c768e0"
"app/src/main/assets/audio/units/kerrigan/deploy_move/Kerrigan_Yes01.ogg","62772","7b8faf27c8c039db4d796674c96be1499c2dc00c7818e5a757ee6d911adf874d"
"app/src/main/assets/audio/units/kerrigan/deploy_move/Kerrigan_Yes02.ogg","60155","b42ca80c8bab3d9445e1046dd7ff8b4f692dc73028ee7715a7ec9518bacc6a97"
"app/src/main/assets/audio/units/kerrigan/deploy_move/Kerrigan_Yes03.ogg","65522","f59ac97a1c6158739a490fc0e8ec65df34c26d4e2786b417f23fbb173ee861c4"
"app/src/main/assets/audio/units/kerrigan/deploy_move/Kerrigan_Yes04.ogg","63503","d0ed128aae5fa08e6222d83cb74e39b6d6a74b79898446b979c188a82eeaa4d8"
"app/src/main/assets/audio/units/leviathan/attack/Leviathan_Attack_03.ogg","45076","71da2fb30106e2aa8dcb139b90fa81249420299dcd790ec5efba7699bdb5593b"
"app/src/main/assets/audio/units/leviathan/attack/Leviathan_Attack_04.ogg","40803","def107926ac3d1fb017dd1f1e8fab995909aeb1cf51e19ccef2cbac1d57a5766"
"app/src/main/assets/audio/units/leviathan/attack/Leviathan_Attack_05.ogg","40561","7bb2d6b09c4cd789d63b877af4a60355e3f4cf7d56fe4af195e1ae22a1fc35b5"
"app/src/main/assets/audio/units/leviathan/attack/Leviathan_Attack_06.ogg","43070","e988374a3c4e20bea70e49e588040440f7cdd67c55ee2c4b64df47460d8bcce1"
"app/src/main/assets/audio/units/leviathan/attack/Leviathan_Attack_07.ogg","50311","239bd901aaa6f9f3d67e5bfb9a3000631033c78c3fd31ddd9268e1dc59f13f4b"
"app/src/main/assets/audio/units/leviathan/attack/Leviathan_Attack_08.ogg","53497","7160b928c0cb742d6a6b52b03726c1030d7d488f081afeabb8c509409fcb73e9"
"app/src/main/assets/audio/units/leviathan/attack/Leviathan_Attack_09.ogg","46465","eac14004eb1f047ac5a2875e814657cbe05deafd957bec5c85ca5184b67ddbf7"
"app/src/main/assets/audio/units/leviathan/deploy_move/Leviathan_Yes_00.ogg","63377","c526dc8eae746e2ecb0c3fcb0c2fe0ea005bdb534afedc641ac30a8cca78b2c2"
"app/src/main/assets/audio/units/leviathan/deploy_move/Leviathan_Yes_01.ogg","62998","81694de90b1c863cc194d9a342eed24163a59bf1d04527e7e82a35300ce2a02d"
"app/src/main/assets/audio/units/leviathan/deploy_move/Leviathan_Yes_02.ogg","56274","0f875218be4ce9041d33ef37740edd2fa35dd5ab5ec08f28ee9391a1fe0c8b76"
"app/src/main/assets/audio/units/leviathan/deploy_move/Leviathan_Yes_03.ogg","59018","da2c2a5eb42a1fcc6f9846a9a544de9b551da8ee44b9052f5a3a7b59849c2e34"
"app/src/main/assets/audio/units/leviathan/deploy_move/Leviathan_Yes_04.ogg","59162","7c81861f744ba7a75f5005592f5889075a37b71dd7a9692cbdd52098cf905e0f"
"app/src/main/assets/audio/units/leviathan/deploy_move/Leviathan_Yes_05.ogg","72032","b453b757b331e25351da085428113ed3de1e980cd7ac40c794ba41216ffa82ba"
"app/src/main/assets/audio/units/leviathan/deploy_move/Leviathan_Yes_06.ogg","59831","f169d407a99d8ea58663dbef32f4958e21c306c72f7270ad8ac235bf95a3eee8"
"app/src/main/assets/audio/units/leviathan/deploy_move/Leviathan_Yes_07.ogg","59048","d91dbc0bd36f3d75dc19b7b2e54613962bc0bfa478b37cb28237acf8a5cb629c"
"app/src/main/assets/audio/units/leviathan/deploy_move/Leviathan_Yes_08.ogg","56276","4e5097c734b966e9e1f6af1c33929a7b250af98a6d441e66e8eef55eccf7189c"
"app/src/main/assets/audio/units/leviathan/deploy_move/Leviathan_Yes_09.ogg","63439","dd6b5b48be9137a1b0f4f5e52e8ef90620f476022ba2c5aee75e9c1643b8ee95"
"app/src/main/assets/audio/units/liberator/attack/TerranFlyer_Attack01.ogg","25047","e26b10e4b6136fca51b49de96c20efe0393d9c652df5121cc94fbb2f1e94b9a8"
"app/src/main/assets/audio/units/liberator/attack/TerranFlyer_Attack02.ogg","17639","7376178c1c87bea3517c62e3bc34307f5de2b68ed8f8cab6383a3bb376992c3a"
"app/src/main/assets/audio/units/liberator/attack/TerranFlyer_Attack03.ogg","23717","d0cceb3f3453bb174bc06f5caed0485d188852b04180da549fd5480d0fd6c3cc"
"app/src/main/assets/audio/units/liberator/attack/TerranFlyer_Attack04.ogg","19211","fb6241ceca65176291b7d29509e4f4cf5568349c65cd13c2625187d175b9f786"
"app/src/main/assets/audio/units/liberator/attack/TerranFlyer_Attack05.ogg","18812","c98c9d182d2740fd1f2a83046cc721e88466a1020b6843de51db3cfec0f32001"
"app/src/main/assets/audio/units/liberator/attack/TerranFlyer_Attack06.ogg","22402","54a4c8b796b3d31867c81705d0de8c2aa6e1a18a8145b95b909ecf30bed65f3c"
"app/src/main/assets/audio/units/liberator/attack/TerranFlyer_Attack07.ogg","19552","86ccede24651450905bd564148560f1a752aee91aa90f49d0da18e2bf4a14ed9"
"app/src/main/assets/audio/units/liberator/chatter/TerranFlyer_Pissed00.ogg","96033","ad45f7c5cd39031ee1fbb2160961e968e2d6bb9cffa1d8e86acb207dd19234ee"
"app/src/main/assets/audio/units/liberator/chatter/TerranFlyer_Pissed01.ogg","66206","0aa9aef623aa8277396ef4c66e20ae833d685e6e1619424f8b290a78850bbd24"
"app/src/main/assets/audio/units/liberator/chatter/TerranFlyer_Pissed02.ogg","75843","138d0b83a6b44d16d2ebd53d852fdfe09556b13c652d46009d25f7d3874645df"
"app/src/main/assets/audio/units/liberator/chatter/TerranFlyer_Pissed03.ogg","79039","194eaf458589e269ae1fb2cde076fee8d44b74c4d6c77c8d12e4fa4cca391222"
"app/src/main/assets/audio/units/liberator/chatter/TerranFlyer_Pissed04.ogg","77506","4da4e1e1edf4b827578c79725ce658cdede25b044fe96ca7c7b330f0070c8fc2"
"app/src/main/assets/audio/units/liberator/chatter/TerranFlyer_Pissed05.ogg","102194","4a3e58e8be8562231448fc822a90449e050b2a281e68f7bca49319d30fca8bdc"
"app/src/main/assets/audio/units/liberator/chatter/TerranFlyer_Pissed06.ogg","117983","6a6e5a132b8ec516981c64934a4507201905dad0cb9c8b7ba50280a31da2a213"
"app/src/main/assets/audio/units/liberator/chatter/TerranFlyer_Pissed07.ogg","77207","20ca031b8a12cc2977487702bc8aacfe83f3922cca3331d8535c22957437feec"
"app/src/main/assets/audio/units/liberator/chatter/TerranFlyer_Pissed08.ogg","62185","847611dd74997f5106efef26e6ac01d25ce5e7b15945aedc581d38adc7d2d02b"
"app/src/main/assets/audio/units/liberator/death/Liberator_Death_01.wav","59452","d84b595354cff237241fafe401c356660c05dc839b70abda64dd0c93a299adc1"
"app/src/main/assets/audio/units/liberator/death/Liberator_Death_02.wav","64316","17f2b2ca769cb4abd1043cebd169f6c42756762339a8d6c897147c7d34542058"
"app/src/main/assets/audio/units/liberator/death/Liberator_Death_03.wav","81468","36e9c775bc1cd1f7099346a1ee1f30ef932a07d6ff9244eacaa68c951ae1fc32"
"app/src/main/assets/audio/units/liberator/death/Liberator_Death_04.wav","68924","aad30302e9867e6cbd58d317340c30c0ba16fc7cb8432612c411e37bc5395cfc"
"app/src/main/assets/audio/units/liberator/deploy_move/TerranFlyer_What09.ogg","16558","7b684276bdcb6f1bf1c964e27d3b34716a99447d0c9aecf3bf209ad7cd97656e"
"app/src/main/assets/audio/units/liberator/deploy_move/TerranFlyer_Yes00.ogg","13902","a53fe31d51116b7a8f176cf61e322c69133c23411d12f7125ab34714d7ba7c62"
"app/src/main/assets/audio/units/liberator/deploy_move/TerranFlyer_Yes01.ogg","13599","2b6951a21d7494750e514454d33e1259cca69aeee50ca92180a4730fdf11ef7d"
"app/src/main/assets/audio/units/liberator/deploy_move/TerranFlyer_Yes02.ogg","13694","fe92011634c8b005704452c2dd427fee4476145d0fe63d608ea92f0e67828b31"
"app/src/main/assets/audio/units/liberator/deploy_move/TerranFlyer_Yes03.ogg","19544","b0457617d5ce18f54d5b3881f847c39956fa5e023b0d1ceda3d7675bfe7594fc"
"app/src/main/assets/audio/units/liberator/deploy_move/TerranFlyer_Yes04.ogg","14713","e7e9c8a2eeb34bd720a04dfb7cceccba73e5acb6588dd157e76ae2b981545b5d"
"app/src/main/assets/audio/units/liberator/deploy_move/TerranFlyer_Yes05.ogg","16170","5257ca96b0454e2bff5e08e53453a604f01c20e3ccbbbd9ea9db62502efa8a32"
"app/src/main/assets/audio/units/liberator/deploy_move/TerranFlyer_Yes06.ogg","15246","ae684febee7f18bbe40c19b79fb325d11d04f48f2fc6db12ca0a2467bf770eca"
"app/src/main/assets/audio/units/liberator/deploy_move/TerranFlyer_Yes07.ogg","15400","f50cbb5dfc8a1277d46c75cff5ddd4a3a7eeb8244bcb4573bb40433a85b73c41"
"app/src/main/assets/audio/units/liberator/deploy_move/TerranFlyer_Yes08.ogg","18629","d8fa0ee259fc524ac8bd93caf25e02a293386f7a176ad6c564f7295838497467"
"app/src/main/assets/audio/units/lurker/attack/Lurker_Attack3.ogg","35275","8e9a1f5bad739304356a4f522c4724471bb2195768a92d5143f5920c4424a9e0"
"app/src/main/assets/audio/units/lurker/attack/Lurker_Attack4.ogg","33190","75a75bb54655ac1b7f41e7dd95b64e349885c0c5c8e2c21eefd2b0e521a710b8"
"app/src/main/assets/audio/units/lurker/attack/Lurker_Attack5.ogg","40254","4851a6da5388fd8c1e36b0ae9800d7ba19dcde18adea3e2faa60b7117ac490ac"
"app/src/main/assets/audio/units/lurker/attack/Lurker_Attack6.ogg","29456","66bdce68201d94f0ecf44d35407a155cf43d430c28f9357c0faeecd64bb975aa"
"app/src/main/assets/audio/units/lurker/attack/Lurker_Attack7.ogg","32246","b9478d6997602ff0b2fbf47a40bb7a451c389c66b40b8268aa6fe1f3240b5295"
"app/src/main/assets/audio/units/lurker/attack/Lurker_Attack8.ogg","41306","3438e0531e8080d334dcf998294b47cf220e12852d1b12d7b318f11aedd5a638"
"app/src/main/assets/audio/units/lurker/attack/Lurker_Attack9.ogg","41419","9fbd483c4bccad7e38b9cb2d9126b69e93bc3bd9902da89a4ce1ba6e4331b454"
"app/src/main/assets/audio/units/lurker/canonical/037671ae8828b1b8__Lurker_What7.ogg","29119","037671ae8828b1b878b890e07fa74fc0fffa38b276a8ec9ddc38f35fc0a500b6"
"app/src/main/assets/audio/units/lurker/canonical/1119139be16fb396__Lurker_What4.ogg","34670","1119139be16fb396d891348d8113b28c8ff253eef78088ef6ed93cb54ad5535a"
"app/src/main/assets/audio/units/lurker/canonical/15127352eb5e6d45__Lurker_What0.ogg","32946","15127352eb5e6d451a4621abeb5dc7446c13caa0f2fe236eae4f6821e4fe21e9"
"app/src/main/assets/audio/units/lurker/canonical/357bf496315f6fd6__Lurker_Death1.wav","49468","357bf496315f6fd6cddc59de2b8bd24a3d201fd0ab5b97814ef5f315823f39b8"
"app/src/main/assets/audio/units/lurker/canonical/6b71e3dc65498ff4__Lurker_Attack1.ogg","38920","6b71e3dc65498ff4e52cf92ba5c7345a504a11fcb0df000cfb6374577289dafa"
"app/src/main/assets/audio/units/lurker/canonical/73d4e27465fd65f9__Lurker_What5.ogg","41098","73d4e27465fd65f918ed8877c326b5ea44b0c38a43603f6a4953108f8348ff3f"
"app/src/main/assets/audio/units/lurker/canonical/794f5ec1237dee12__Lurker_Attack0.ogg","34760","794f5ec1237dee12e9233a408cd91ebc45384fa95532b9fbc1418e103350ca86"
"app/src/main/assets/audio/units/lurker/canonical/84ecfbbe907db543__Lurker_What6.ogg","29877","84ecfbbe907db5439a994908a61cb2a72e56780bb7b9abd19e0d3a9ecca576a6"
"app/src/main/assets/audio/units/lurker/canonical/b593818d6fddcd5d__Lurker_Death0.wav","44348","b593818d6fddcd5d9dbcad0fe92f267ef3cf3df2a38c6e2440ff9f145e0dfe33"
"app/src/main/assets/audio/units/lurker/canonical/ca3c9e6908278b17__Lurker_What1.ogg","23073","ca3c9e6908278b1743b276f1cc1ee598cfe9f29a165fffe989a0753cd1c7c216"
"app/src/main/assets/audio/units/lurker/canonical/d97a82a5d2c707cc__Lurker_Ready0.ogg","53326","d97a82a5d2c707ccf75b798530345ec0aec840ccc68ff451d621475fdb93d522"
"app/src/main/assets/audio/units/lurker/canonical/f0fddb7c012d61f0__Lurker_What3.ogg","32204","f0fddb7c012d61f0c2c745f2b45cddcfb4199ee348f91759cf51a1d0ad0660e8"
"app/src/main/assets/audio/units/lurker/canonical/f349d8436704409c__Lurker_Ready1.ogg","46839","f349d8436704409c46b4d1b2b2267f5965aa3928499c72e98433be164d844612"
"app/src/main/assets/audio/units/lurker/canonical/f4073d6946fa8c68__Lurker_What2.ogg","28443","f4073d6946fa8c684509c954935ac54a78f37cee66c03e04cb27554aaf6987ce"
"app/src/main/assets/audio/units/lurker/canonical/f41f647e8ac5ae17__Lurker_Attack2.ogg","34469","f41f647e8ac5ae177d59a5ce7d237e32470aac468295330032b5def587229f20"
"app/src/main/assets/audio/units/lurker/chatter/Lurker_Pissed00.ogg","26016","ecba864e4a4edc98188ca3af31e67a7a21f0c8c200aaca4d06f8ba09b31ba5ce"
"app/src/main/assets/audio/units/lurker/chatter/Lurker_Pissed01.ogg","20403","3176b039e1e2fc6a28cbeaa0883f2363e42dbcf67b4f0b7a564a705db71ba47e"
"app/src/main/assets/audio/units/lurker/chatter/Lurker_Pissed02.ogg","40600","53972ce6c959f07e39bc3d4e3517e1d8c5c2a411e585acd3afd1436fd76e759d"
"app/src/main/assets/audio/units/lurker/death/Lurker_Death2.wav","30268","3eeb5cb9fdb313f12c3732f4774ed9ffb8fce52f8359c4885713e0f2c5124cab"
"app/src/main/assets/audio/units/lurker/death/Lurker_Death3.wav","36156","6b98021218eb3ffb4122526f9748c5b58ba46d292a3e26c2be9f0aaf6a8260c5"
"app/src/main/assets/audio/units/lurker/death/Lurker_Death4.wav","35644","f9280ffb45d97dfc8d5a9ee145c2ef351f1dc0ac7bbcc254e88f9934c1f55af9"
"app/src/main/assets/audio/units/lurker/death/Lurker_Death5.wav","42556","f675037e7b6879554fe02916317a613e7993f0f35282791d6ad530dfb074d6d7"
"app/src/main/assets/audio/units/lurker/deploy_move/Lurker_What8.ogg","43234","5cf5442ac9551008af48ef3fc0c64d0477a2d5c0639334ee1333a5e7ee867e5e"
"app/src/main/assets/audio/units/lurker/deploy_move/Lurker_Yes0.ogg","48038","c080138a3cd1a75285b9a0b7781b8b609eddc6f96dadb83ff3b8b763897d88a2"
"app/src/main/assets/audio/units/lurker/deploy_move/Lurker_Yes1.ogg","51764","87803eabb9e921bdf3d87c3a196b63789390930f75e4482b0b78e014fddeeef0"
"app/src/main/assets/audio/units/lurker/deploy_move/Lurker_Yes2.ogg","30480","fcaae1bd87fff72aaceaf7138195f80699b87ff4b3e11226a395bc902b41315b"
"app/src/main/assets/audio/units/lurker/deploy_move/Lurker_Yes3.ogg","34529","71f250fd11f27d64766ffdb8a0143292fe6c3f922c37ed95e0d54979782998cb"
"app/src/main/assets/audio/units/lurker/deploy_move/Lurker_Yes4.ogg","44984","e190d1dd75508b01774700d446b5c137d5eff1fd565ad01c01829b06a99b8ff1"
"app/src/main/assets/audio/units/lurker/deploy_move/Lurker_Yes5.ogg","41739","fb5fa8a7250ce2b6e8c5edad1ee6df80dd654e504aa6a0d72d0ec737109c367f"
"app/src/main/assets/audio/units/lurker/deploy_move/Lurker_Yes6.ogg","37773","10e160d0060962944a500a7f8e2f37e2d0017d7265c615d19894ea19d0dfab44"
"app/src/main/assets/audio/units/lurker/deploy_move/Lurker_Yes7.ogg","43146","30fce871b2d2fa9d44f24ecccec17b79440565e3003aad1bd51fc5fd8a2ce53b"
"app/src/main/assets/audio/units/lurker/deploy_move/Lurker_Yes8.ogg","41033","59d40a44611e59e8646eae5b4f98b8852ab427873bb725b54bf7b9c3be2d55d1"
"app/src/main/assets/audio/units/marauder/attack/Marauder_Attack00.ogg","16500","7803d1edb63b637b67b95bd16babd45590a7f334aa0bb19b53e1fd50ab5aeb6f"
"app/src/main/assets/audio/units/marauder/attack/Marauder_Attack01.ogg","18753","abae10f6e0ac00c987377d63f9ca3ce8f631f93e210feb36669c6bfb70c8e0fd"
"app/src/main/assets/audio/units/marauder/attack/Marauder_Attack02.ogg","23687","5ce29382201bf9a84c01da6609409f1807ed88a8bb819d52f5a8aa3d7ade5fc3"
"app/src/main/assets/audio/units/marauder/attack/Marauder_Attack03.ogg","21146","2d9e4aa7c56a1d61550005bbd9499fbe04cfc0821174d01baa7e93153160c188"
"app/src/main/assets/audio/units/marauder/attack/Marauder_Attack04.ogg","21503","4253017022928a9d1db15a154aaa9363911d6c54fc509810effdaa874c3c5d1a"
"app/src/main/assets/audio/units/marauder/attack/Marauder_Attack05.ogg","12534","ec04cde2d410a4fc61bd087cb188425081b0061efd24a30aca5a50c5cdc31cd9"
"app/src/main/assets/audio/units/marauder/canonical/85f6964ec7ee04f7__Marauder_Death00.wav","40252","85f6964ec7ee04f7822561390e034bd2085fc8ede37e15638214e4df785e60cc"
"app/src/main/assets/audio/units/marauder/chatter/Marauder_Pissed00.ogg","31739","26d24a6b8d4563d7a740ec2ac7651a143bb2f3123fc59b0258666419c172b68b"
"app/src/main/assets/audio/units/marauder/chatter/Marauder_Pissed01.ogg","52880","9e5e542bc3469b19d505900eb1453e007bc32bcb83f28bf50822911482065613"
"app/src/main/assets/audio/units/marauder/chatter/Marauder_Pissed02.ogg","95036","14a33e59d07f26c9e7ef9f073c14239bf49e492c145856fe36300d0b3ee0f874"
"app/src/main/assets/audio/units/marauder/chatter/Marauder_Pissed03.ogg","87799","ecaf0509096cc7705f7d832958b7bb7d99327a9e595909d863f5e9ea9a6578c9"
"app/src/main/assets/audio/units/marauder/chatter/Marauder_Pissed04.ogg","36381","86963ba11abb7c2aa5945017a6fe0bca7292614596fa7bead59d1906613b0b6f"
"app/src/main/assets/audio/units/marauder/chatter/Marauder_Pissed05.ogg","63792","1bde764b9522ca4646ff50f37ad68c0d8cc9074b6738814a9e2995f4f5754c8b"
"app/src/main/assets/audio/units/marauder/chatter/Marauder_Pissed06.ogg","41700","1fecb17ccb9fae8e3fec0acd1c01dcce5ab554466081249b71d15bbfbc007a49"
"app/src/main/assets/audio/units/marauder/chatter/Marauder_Ready00.ogg","22461","5bcdb687a154bfabd8070ae1c0152acfbcc50992f9f62f4b1888e9b3ba829c81"
"app/src/main/assets/audio/units/marauder/chatter/Marauder_What00.ogg","24699","dd65c2f642844eba98459533e1c0a62991d018d5704e9ed2ca5aa93deff4c379"
"app/src/main/assets/audio/units/marauder/chatter/Marauder_What01.ogg","12212","d8c0ec33180870c7e8df8702f0753185acfb7ad67d3485ab525c57040f7e2ff4"
"app/src/main/assets/audio/units/marauder/chatter/Marauder_What02.ogg","21325","1948bedd563220b7a84f0b3c65955826977d4f78498d8753586c57334928c8ca"
"app/src/main/assets/audio/units/marauder/chatter/Marauder_What03.ogg","17834","0e183c53aba3a7341bfacf2356b536e0cd3f2e0254fb7637096beb6534c54dd5"
"app/src/main/assets/audio/units/marauder/chatter/Marauder_What04.ogg","16563","15064b37598426e9eda2d20bca0e7864412c4670cfec1e5fedea1bf89907df2e"
"app/src/main/assets/audio/units/marauder/chatter/Marauder_What05.ogg","27345","eece19a11fddbe19c17734d83dc44178ff858abcafb41ec856129ea367012d9b"
"app/src/main/assets/audio/units/marauder/death/Marauder_Death01.wav","17468","c845a5b58c7a5d3f8dbd4d60c5668874ad47f16ae64d44283c943af1c7a4de65"
"app/src/main/assets/audio/units/marauder/death/Marauder_Death02.wav","31548","34bfa277eca18f967a1576ab8eecafd3c88cc8e89f5c8126c6eece20026721e3"
"app/src/main/assets/audio/units/marauder/death/Marauder_Death03.wav","27452","a659319b562136f7f8f758ba5aea17ae9186e9028764da72ea970ca561b9867c"
"app/src/main/assets/audio/units/marauder/death/Marauder_Death04.wav","30012","9a3a74ec2c6fd12da155e9a0a95b242bb7c2908c490849ea620226d0d2316ad8"
"app/src/main/assets/audio/units/marauder/death/Marauder_Death05.wav","26428","97339abc06f76b6715b9c3f59042c354e8124aae3387f67340cc019527130b22"
"app/src/main/assets/audio/units/marauder/death/Marauder_Death06.wav","27452","bd9b713948c91a2fd0e001be1284b7d81649c8673b12bca87b5e1a2f81563135"
"app/src/main/assets/audio/units/marauder/deploy_move/Marauder_What02.ogg","21325","1948bedd563220b7a84f0b3c65955826977d4f78498d8753586c57334928c8ca"
"app/src/main/assets/audio/units/marauder/deploy_move/Marauder_What03.ogg","17834","0e183c53aba3a7341bfacf2356b536e0cd3f2e0254fb7637096beb6534c54dd5"
"app/src/main/assets/audio/units/marauder/deploy_move/Marauder_What04.ogg","16563","15064b37598426e9eda2d20bca0e7864412c4670cfec1e5fedea1bf89907df2e"
"app/src/main/assets/audio/units/marauder/deploy_move/Marauder_What05.ogg","27345","eece19a11fddbe19c17734d83dc44178ff858abcafb41ec856129ea367012d9b"
"app/src/main/assets/audio/units/marauder/deploy_move/Marauder_Yes00.ogg","19118","eaefd3ff6c9a0576e460a1f6e026d1c088a4af4489b4aa6b85dd71f0ed55b6d4"
"app/src/main/assets/audio/units/marauder/deploy_move/Marauder_Yes01.ogg","12203","58ae71bbef6bab9e7c1db1e6586cef04ee07a1892662fff5eefbac94f3c338cb"
"app/src/main/assets/audio/units/marauder/deploy_move/Marauder_Yes02.ogg","23325","c89838798af14926604725afcb548b6593703bbee4cb7f7f9c402bdd13f5b120"
"app/src/main/assets/audio/units/marauder/deploy_move/Marauder_Yes03.ogg","19997","428461e799535adcabbfd809bcc4c933137876810305f8d5c73db019de5a75e8"
"app/src/main/assets/audio/units/marauder/deploy_move/Marauder_Yes04.ogg","17517","89c4e5084970fd56405c1e9291bceb0cf045226e7c948c26cddbfd904fc48544"
"app/src/main/assets/audio/units/marauder/deploy_move/Marauder_Yes05.ogg","22685","e89c2569c881d87c29e3903aadedb32330dce47cfcd7d240d5e6bc5696e19994"
"app/src/main/assets/audio/units/marauder/deploy_move/Marauder_Yes06.ogg","19806","15432260c67a147cf06a3b52a93c01d6a7f7f11384b184897abdb7a8e3d2d184"
"app/src/main/assets/audio/units/marauder/deploy_move/Marauder_Yes07.ogg","9415","82df436f1342dc16db1bedc0af666a647870bc30328234c77d9f87534e36498d"
"app/src/main/assets/audio/units/marauder/deploy_move/Marauder_Yes08.ogg","11246","ef505389cf68aca743cc8b6df652f78cac174f261bdb39cdfc65fa22052d8971"
"app/src/main/assets/audio/units/marauder/deploy_move/Marauder_Yes09.ogg","16196","9288cf5bc8ba4e1616afe3c9e58e10a79656e91d5e19ec1f7876acae05c5f564"
"app/src/main/assets/audio/units/marauder/deploy_move/Marauder_Yes10.ogg","13264","9dc58e8fd659198e9550d7f3c83776494d34e98f72b66c98bb26bccc5bef6e3d"
"app/src/main/assets/audio/units/marauder/deploy_move/Marauder_Yes11.ogg","13114","5c1e8817b09575e09df147c6f58febe96a8818ae6098cb3512c538b91882661d"
"app/src/main/assets/audio/units/marine/attack/Marine_Attack00.ogg","22451","536862fdfa2e7d92d6f7abaabc665b8746d9ab4e8e7ce762d953a04978f7ae4e"
"app/src/main/assets/audio/units/marine/attack/Marine_Attack01.ogg","18240","49342b3c8159b7a4d25fd267969a73604364a397d76d00c44590b9702d211454"
"app/src/main/assets/audio/units/marine/attack/Marine_Attack02.ogg","32975","ee580d0811d40a917308ac9e02113af75a1efb046d6d65d8bd4d1adc71f3b332"
"app/src/main/assets/audio/units/marine/attack/Marine_Attack03.ogg","19902","96536eb736826ce0259d27346a7a6924ab237aebbea9563ea482762f2c1776ac"
"app/src/main/assets/audio/units/marine/attack/Marine_Attack04.ogg","21104","ba1a232d41d5fbb07d4dc6f743ad7c34556317007b82fc8d1f3a3ddc5a8c3235"
"app/src/main/assets/audio/units/marine/attack/Marine_Attack05.ogg","17222","a7da99fb69514ce32637f58bb4c93887815e349553e9dd408f907d364de25bfa"
"app/src/main/assets/audio/units/marine/attack/Marine_Attack06.ogg","23168","9bd35ba789665f82500901ccad7d50ed432ce05ef792aec8021a68c25bc3622d"
"app/src/main/assets/audio/units/marine/attack/Marine_Attack07.ogg","22096","f200241d3d531188a6fd9e1fdae95d63403735813a7cd5a5be6c92cef21e0e18"
"app/src/main/assets/audio/units/marine/attack/Marine_Attack08.ogg","26094","5f157a13fd94e590ebfffbd6ab0c4b82128de605ce766440ffb0159414bbc4b3"
"app/src/main/assets/audio/units/marine/canonical/1c7875612da270d8__Marine_Yes02.ogg","28987","1c7875612da270d8f04329576e90b3bd8a8cb5eef7395531a5f8c7fe00f25d7e"
"app/src/main/assets/audio/units/marine/canonical/7833881bdea05285__Marine_Yes05.ogg","26154","7833881bdea05285d6224eaac9bfe953f710bda542f54fbb526328be542569c7"
"app/src/main/assets/audio/units/marine/canonical/9434340bd005e86d__Marine_Yes03.ogg","34166","9434340bd005e86d47ad24341efa435689c75c753328c972dfec93278594ffb9"
"app/src/main/assets/audio/units/marine/canonical/99829831a1a6e796__Marine_Yes00.ogg","21745","99829831a1a6e7968bf6ec7933ed3a765d7d7beaf74d8cfd8f788482e925c3d9"
"app/src/main/assets/audio/units/marine/canonical/99bfea009fd3b76b__Marine_Death01.wav","42300","99bfea009fd3b76b4e3c124662fed3559236b34cabf32dd31b7edd1d2c109b2c"
"app/src/main/assets/audio/units/marine/canonical/a1ec93d95dca1b0e__Marine_Death00.wav","25916","a1ec93d95dca1b0eedd21f59769c060118d3862c8280486f4de8e01135cf4f7b"
"app/src/main/assets/audio/units/marine/canonical/abf3beea2818bc1c__Marine_Yes01.ogg","20678","abf3beea2818bc1cc5a41e59a4f988f721e1066b6982cde615b57ee9f1732e4c"
"app/src/main/assets/audio/units/marine/canonical/c4ec5eb61a756935__Marine_Yes04.ogg","23373","c4ec5eb61a756935ae1e7c6874c086e82f898c71920e779a7cb276d2e70d6bd0"
"app/src/main/assets/audio/units/marine/chatter/Marine_Pissed00.ogg","52995","93dc5ec8df671e9244660642c02aae951ef486ecb48e2d664c13a62d5ff1f626"
"app/src/main/assets/audio/units/marine/chatter/Marine_Pissed01.ogg","23686","79213aab8256f04d6d9e9ba8d59b70b888e2322a10f1bb30f1fe51783f0f9e13"
"app/src/main/assets/audio/units/marine/chatter/Marine_Pissed02.ogg","45918","ba0d8b6498b452bebaff063c69ddfa0a0d64c39043005ddda0cd4357eaf120fb"
"app/src/main/assets/audio/units/marine/chatter/Marine_Pissed03.ogg","72158","20e5e1697341e6fd29e22ac83e5ab2600007630dddd9d036f07691105e27a308"
"app/src/main/assets/audio/units/marine/chatter/Marine_Pissed04.ogg","50364","7684473af608fe7c18b247447cf9a7ccff4ff631d5f0ad2424be19425184985f"
"app/src/main/assets/audio/units/marine/chatter/Marine_Pissed05.ogg","39225","8f76fb2e20ae69c28e35b3afaabe8c0fe60df8dc4fb3d5cf4279743c1f8c0afb"
"app/src/main/assets/audio/units/marine/chatter/Marine_Pissed06.ogg","76373","ed9456b9ad56e993f043d4b0b25d0399083b4bc6a7b37376b3231ebd0bb04abe"
"app/src/main/assets/audio/units/marine/chatter/Marine_Pissed07.ogg","54507","01724a2a5f707a42347959a8e66024296eeb44bf590523da70442b7d6ec39747"
"app/src/main/assets/audio/units/marine/chatter/Marine_Pissed09.ogg","29639","b00a14778d0ca3c865e071b55f2d45945f3e59955175bba32366520cfeb29187"
"app/src/main/assets/audio/units/marine/chatter/Marine_Pissed11.ogg","45835","f22d09550cc473a641e9e2f2c1898797cf1b3bfa047a166763179fa0f03745f2"
"app/src/main/assets/audio/units/marine/chatter/Marine_Pissed12.ogg","38054","a982e251de1ce5238ddd455b47ffb92420c849d9334e0dd177bf194eb9e68d06"
"app/src/main/assets/audio/units/marine/chatter/Marine_Ready00.ogg","30381","9cd6ccbd50a50bfac5e61d4597e2f53481b57bc883c5312b5ddc60639ab7c7e0"
"app/src/main/assets/audio/units/marine/chatter/Marine_What00.ogg","24747","99dbbf7c867d77dfd6a86f92d5d16416500491bf458b58118da99164ed91c366"
"app/src/main/assets/audio/units/marine/chatter/Marine_What01.ogg","28968","551c48622b0d082790866d2a8e7c994397bc11719621e1e402d2868ad784f68b"
"app/src/main/assets/audio/units/marine/chatter/Marine_What02.ogg","29254","8735b630d2832d9774df2fcf18d821c18168672dc3673a94bb0ba6376295d8c6"
"app/src/main/assets/audio/units/marine/chatter/Marine_What03.ogg","26243","1e828b86018d15bf707ab92b2dd6cf332fa7ccea8777f9a56842185cb8e2dd22"
"app/src/main/assets/audio/units/marine/chatter/Marine_What04.ogg","33631","0afe3b870adf4c33d1b8a96504fcb955bb94f548acfebf91be59ca11d4a69d09"
"app/src/main/assets/audio/units/marine/chatter/Marine_What05.ogg","32325","1539f9c28f51349f00bea1102d60f80b1b39b064391b9b5ccc6afbf2039a66a2"
"app/src/main/assets/audio/units/marine/death/Marine_Death02.wav","31036","492610a505cb9b6fb901e888bbd1c9bb320c9fc82534c6df22f08b42879dca70"
"app/src/main/assets/audio/units/marine/death/Marine_Death03.wav","15164","510f58881aaf6662ad838ddefe1778886b495ed94271c02976362f783d65130d"
"app/src/main/assets/audio/units/marine/death/Marine_Death04.wav","17980","d4e1ab8fcae0c700cf6175ba09199cc1f827d74dd381e06ff899fb5b4636af11"
"app/src/main/assets/audio/units/marine/death/Marine_Death05.wav","15932","cc31add6494d770e512f66052c8b1b850af074225f2e1af6677224812a504fc0"
"app/src/main/assets/audio/units/marine/death/Marine_Death06.wav","22332","d9cdedbe9a1ce68a24acdf554a7afdbeb117d1e4412cee14804f29eba6ac7300"
"app/src/main/assets/audio/units/marine/death/Marine_Death07.wav","24636","5c04bef7fca62b22bb34f2c7afe8abfcb3d032cd4c279fac7c849472d6724925"
"app/src/main/assets/audio/units/marine/deploy_move/Marine_Yes07.ogg","19737","3a06fe3dfbb44ea76eaa353991dc47c272ce8eae70322adbed14645b9e4afffd"
"app/src/main/assets/audio/units/marine/deploy_move/Marine_Yes08.ogg","19349","ae3d2302a41091f3ec544035d556a49332067b47e5e4f5b9bf08005c094776ea"
"app/src/main/assets/audio/units/marine/deploy_move/Marine_Yes09.ogg","22064","a2f1ab089d33811875827da7ea0c98473ff2fe8746bb8d6371cfdfa1d2549db5"
"app/src/main/assets/audio/units/marine/deploy_move/Marine_Yes10.ogg","19421","18a43feb736b5031c8b21dca0d4a8958d1e9dcad4dcca4fc4122413baa8f0ce4"
"app/src/main/assets/audio/units/marine/deploy_move/Marine_Yes11.ogg","20203","2c1deedd17750cc19574c02d7a3a6813a662c0bc85afe39513a58b159780685c"
"app/src/main/assets/audio/units/marine/deploy_move/Marine_Yes12.ogg","32446","4c419d7ca13d636f7a03d6ad76ab9f96327bb5a775bf07d254e7be8594fdf07a"
"app/src/main/assets/audio/units/marine/deploy_move/Marine_Yes13.ogg","22063","79962be6e62491e1d90df128ff18b3547fbba023a0a64b7af136e26caf12cf10"
"app/src/main/assets/audio/units/marine/deploy_move/Marine_Yes14.ogg","22263","4359ce31c3e2ed5910913a424ea34c1312383afdc73084238e0f5d5f7b8f56da"
"app/src/main/assets/audio/units/marine/deploy_move/Marine_Yes15.ogg","26841","786e48aee21e38799747d806cdc9eae1f489fbc59c5fece6b4c41c88f32689dc"
"app/src/main/assets/audio/units/marine/deploy_move/Marine_Yes16.ogg","24497","b473e8735a60958089fa4665e7b6a92d9d0a2f55ed82608ccf09aee2f6c317b9"
"app/src/main/assets/audio/units/marine/deploy_move/Marine_Yes17.ogg","25315","7066d39fafec185a795dc4c3bc017580601a04b3e7a349dcfbe0a3a244953d47"
"app/src/main/assets/audio/units/marine/deploy_move/Marine_Yes18.ogg","19132","127bd2d9dc6739e17eabdc4b241ca4964ef406a16ce20cf5a32e6fe2ec58f411"
"app/src/main/assets/audio/units/marine/deploy_move/Marine_Yes19.ogg","27563","b946f113f15579a58b215a41d5505ff12a2313e385afb497175c8ada774b78af"
"app/src/main/assets/audio/units/marine/deploy_move/Marine_Yes20.ogg","18078","f927635c4d018a4550dae80dad756507b7ffc62ca52ebad339264856fbd0e0e0"
"app/src/main/assets/audio/units/marine/deploy_move/Marine_Yes21.ogg","20023","9a7f760a90de95a6a2488b43c2642e182dc6cc13a61628b6440033649b1f2aad"
"app/src/main/assets/audio/units/marine/deploy_move/Marine_Yes22.ogg","23995","7364eb005829538e6f0c8f9cacd7eab677ed1adbb4038b4e3bb5ad16ebe49f30"
"app/src/main/assets/audio/units/medic/attack/Medic_Attack00.ogg","17615","c0853534856fd35cd5fa41a9c2fb2a8d79cfa7efa8164799374b4aa34d41a69f"
"app/src/main/assets/audio/units/medic/attack/Medic_Attack01.ogg","20776","6fcfa4a4c821d8fab558afb5437230cfa54f7726a86394309e6285e6cca01ce8"
"app/src/main/assets/audio/units/medic/attack/Medic_Attack02.ogg","15430","ea76bf99d3aa844a2e66d0c60ee4d792aaca95a2446f8089d4f9382e3e636f2b"
"app/src/main/assets/audio/units/medic/attack/Medic_Attack03.ogg","19091","3b5c7260f01c97cb0d07be8f1eeca48214b2b76546c1de5151e66a341558ee0f"
"app/src/main/assets/audio/units/medic/attack/Medic_Attack04.ogg","18752","45440b3c2bb491a39780f08fe80f404d9942a74d544ae994c78c6d32f17db258"
"app/src/main/assets/audio/units/medic/attack/Medic_Attack05.ogg","21003","552653285c0dce2a06a8f5861210a77c6e5f4ac177d0d548e0775c96f741d6df"
"app/src/main/assets/audio/units/medic/attack/Medic_Attack06.ogg","33572","d79c78ee98ecb7319988df037616b694d1ab6c67c0c1ae157b10f14643587393"
"app/src/main/assets/audio/units/medic/chatter/Medic_Pissed00.ogg","57115","f6584395344eb9351dc2dda08f767b407dfa3dbf678d8e233dfaf7355e43dfb7"
"app/src/main/assets/audio/units/medic/chatter/Medic_Pissed01.ogg","36897","42161e93a779dec717210409d2cf1e120e48d44fe1bb94a755786a5aed689dd7"
"app/src/main/assets/audio/units/medic/chatter/Medic_Pissed02.ogg","43155","21cb6a977621006867d6748f67b007fa4c7e2858e8009a500cb5090bc0eb682c"
"app/src/main/assets/audio/units/medic/chatter/Medic_Pissed03.ogg","51825","c864608f54463d6313532dfdeaba9a89fc3009d15652e48ab7dc91e93569e760"
"app/src/main/assets/audio/units/medic/chatter/Medic_Pissed04.ogg","70460","10b552bbc0691751ab810bbdd14acdc2fa542c0b54d5e4cc6f551427f567a5bb"
"app/src/main/assets/audio/units/medic/chatter/Medic_Pissed05.ogg","74831","d5e36506cab00d16bf4d71bfa48771e2f420e51cbde5bd66dce4141630cfa245"
"app/src/main/assets/audio/units/medic/chatter/Medic_Pissed06.ogg","71191","a6d81fc5d9355a68701b3438d79ab9eded773ff346ba04ffc7713b0e22d1daa8"
"app/src/main/assets/audio/units/medic/chatter/Medic_Pissed07.ogg","57398","78754f2a01bc6cbbadf23328c52c7696bcd0f0c137845b8d583a07c36f3ab96b"
"app/src/main/assets/audio/units/medic/chatter/Medic_Pissed08.ogg","60801","ceed850d0be61e4ca6d938103afea809cb7b4806733e479db41d9254e5a0d0c0"
"app/src/main/assets/audio/units/medic/chatter/Medic_Pissed09.ogg","47588","b71a8b87e3f2dde0250fb6aab299f2f7144c595ba58d27575a574229d25ad527"
"app/src/main/assets/audio/units/medic/chatter/Medic_Pissed10.ogg","39300","6427af3a59f3a22b9f86041fb26938f4e30f8b6383a37fa8cb2dabeede517af5"
"app/src/main/assets/audio/units/medic/chatter/Medic_Pissed11.ogg","54542","846c6aea7775b71e56b5cd9b01c21115d3074ff1f68acf3f7f7b4bc896ecdaaf"
"app/src/main/assets/audio/units/medic/chatter/Medic_Pissed12.ogg","51143","39cd5afbc1bd2c3875fbf0228e1104d750fc108d082f26c7b519616046f9c37b"
"app/src/main/assets/audio/units/medic/death/Medic_Death00.wav","32828","bf35653d74b6b59fcd31a880da89d9145a3f0d0115116a9cecc9bb0a9399b160"
"app/src/main/assets/audio/units/medic/death/Medic_Death01.wav","16700","6514e7d43e3fbe38534cac4d3d10638423f4eb699c015be3f0cda566ae74c498"
"app/src/main/assets/audio/units/medic/death/Medic_Death02.wav","12604","cffc48d6465def96be13c14bba6e5f77157c16d9212bbac744d063f8f6e4b49c"
"app/src/main/assets/audio/units/medic/death/Medic_Death03.wav","15164","4ea49d15aede3aed87ec00014a72ae085d56e75c568804c9a0540b67424ecd54"
"app/src/main/assets/audio/units/medic/death/Medic_Death04.wav","13372","11d8690d4098a638af24ef3ee32cec232cd456e270857817536b33482db5b381"
"app/src/main/assets/audio/units/medic/death/Medic_Death05.wav","45372","07033000724c26e781e16dbc643f0b79f38af8a2a2edbe84765cf32676d981fa"
"app/src/main/assets/audio/units/medic/deploy_move/Medic_Ready00.ogg","14194","3c2e9e20c2a08cdfdb2cf428c7d9c97fef758b79e110a938ac093623151b2029"
"app/src/main/assets/audio/units/medic/deploy_move/Medic_What00.ogg","10281","6c189182b67a6ef527109109210db8f2769c8aaecc89da12fd35a87f076c8075"
"app/src/main/assets/audio/units/medic/deploy_move/Medic_What01.ogg","12502","e5e50c6df074cb6b0b6d18e8d14ed67e36020e0c9c44db43309656666c05a9d5"
"app/src/main/assets/audio/units/medic/deploy_move/Medic_What02.ogg","12826","628ca5e8bbdc81127fccecb70306a732be6cddc25ddbb07618247e9308d6a78f"
"app/src/main/assets/audio/units/medic/deploy_move/Medic_What03.ogg","32446","63dc13a53797b0bc591bb3ff86d675087eef82910c6755e2d0cf4c60b12f8d1d"
"app/src/main/assets/audio/units/medic/deploy_move/Medic_What04.ogg","13584","17a0881aa0302d87a0799554a97aeb4c44df9e82842c744166aa3592e334405c"
"app/src/main/assets/audio/units/medic/deploy_move/Medic_What05.ogg","17040","b3645dad0fba8e1f3c8c8557e094e42542afa55c38ead9c4d1cdd0d7ecf89bba"
"app/src/main/assets/audio/units/medic/deploy_move/Medic_Yes00.ogg","15374","4606918949708d312989a8b289a7ae8270340374e6796214421db46a31a6b5e9"
"app/src/main/assets/audio/units/medic/deploy_move/Medic_Yes01.ogg","15341","cfc79b88c287110eae8047eb9b3359836d8470637582c5edf3517845a33d234d"
"app/src/main/assets/audio/units/medic/deploy_move/Medic_Yes02.ogg","16953","417cafe9a675fb1c87465e93b3c455b1d5162bbf861be77f42575558a63d1f99"
"app/src/main/assets/audio/units/medic/deploy_move/Medic_Yes03.ogg","26584","52f9672e48b2c1eece9b172c77846a88a57c69d02572b313b526a7262490ebe1"
"app/src/main/assets/audio/units/medic/deploy_move/Medic_Yes04.ogg","26708","f166a75dba432b3fff9a64677006837dd54da709524664eb9d1a1dc46eb33088"
"app/src/main/assets/audio/units/medic/deploy_move/Medic_Yes05.ogg","22819","bb8701d1a683e63d6a6a2a6d52ffcda2e460bac1fc9c5dda5da14d0f35121b5f"
"app/src/main/assets/audio/units/medivac/attack/Medivac_Attack00.ogg","34276","678465a134eb4dbaf159f66e7d6d770e68fa221a5ff633981361142af1ce72e4"
"app/src/main/assets/audio/units/medivac/attack/Medivac_Attack01.ogg","28276","96afb3c5d9453779e0d6b7395a119954adc5b699989b5edb9ea3e5dbbc34e1c2"
"app/src/main/assets/audio/units/medivac/attack/Medivac_Attack02.ogg","26083","5f53c79a44bd24d82bd46ab31a9b5afda17d93b91b057e5f9a1a32425470f067"
"app/src/main/assets/audio/units/medivac/attack/Medivac_Attack03.ogg","36853","54c5c265d9f1e2caebaa8f55161a77aa82aedf91869353471009d02d2af0767c"
"app/src/main/assets/audio/units/medivac/attack/Medivac_Attack04.ogg","25481","72a30d9ebdeccf23330c562737a04d95a840cc536edd896a83ad4dd44352acff"
"app/src/main/assets/audio/units/medivac/attack/Medivac_Attack05.ogg","21150","a1d8df53ad05367e91840734e2cecdb09c07539e684f85fb2875ba06e4b4a1da"
"app/src/main/assets/audio/units/medivac/canonical/0b2c2c28152164cc__Medivac_Yes00.ogg","25033","0b2c2c28152164ccc827c37ed61ef669715a182c2407a58c4c7f93993b1380fe"
"app/src/main/assets/audio/units/medivac/canonical/0dbbc1a60163b678__Medivac_Yes02.ogg","25169","0dbbc1a60163b67862673f7a2941bbee439f6e4b35e8c33786e672cf493bf2f3"
"app/src/main/assets/audio/units/medivac/canonical/2dcd4885ab4c2363__Medivac_What00.ogg","25223","2dcd4885ab4c23637fcc7fec57dcc751226b9751bcea4644ef83018e44fae64b"
"app/src/main/assets/audio/units/medivac/canonical/4b84bf7215335a6e__Medivac_Ready00.ogg","23585","4b84bf7215335a6eebfe974342f75cbacf8ef4cd7dd9b6f2f9808117510b9941"
"app/src/main/assets/audio/units/medivac/canonical/4e7fba1faba28329__Medivac_What04.ogg","32050","4e7fba1faba28329a6cbbe463bd82dfb67cca76f317cfbc006eeb42ada2cff07"
"app/src/main/assets/audio/units/medivac/canonical/821e64e622518ebf__Medivac_What05.ogg","22719","821e64e622518ebf65bd56d6472fdaac6a1e42bc39c9acc4b27abd617d97ab37"
"app/src/main/assets/audio/units/medivac/canonical/94b52b87e3db595c__Medivac_What03.ogg","21245","94b52b87e3db595c8e8344ad833f4694d37d887b6d17cc1f9d6e6bd069a892e2"
"app/src/main/assets/audio/units/medivac/canonical/a315d03a37fd3eef__Medivac_Yes01.ogg","25099","a315d03a37fd3eef9e3b2658158662f99dac89cd9db1d04230c0511ec36abf3e"
"app/src/main/assets/audio/units/medivac/canonical/da1d8eace8e9af48__Medivac_What02.ogg","26330","da1d8eace8e9af486c004be5123bbc0da064cd533e94a256845fc9be5aaeefb5"
"app/src/main/assets/audio/units/medivac/canonical/e93c18ea39f2c3f9__Medivac_What01.ogg","37836","e93c18ea39f2c3f938674b78ae9b8703ec876e30ecdb66b93baf65c3c5c82988"
"app/src/main/assets/audio/units/medivac/canonical/f045d232d9267cfe__Medivac_What06.ogg","32099","f045d232d9267cfe8d24458b5f47c397e5507e3d8d15c3bfb7fe5d8d1940e4d1"
"app/src/main/assets/audio/units/medivac/chatter/Medivac_Pissed00.ogg","34729","4146c3f0577f5ce854f61bcf8224651b2b9ad8dd03b8f8321cb2e84ae246703d"
"app/src/main/assets/audio/units/medivac/chatter/Medivac_Pissed01.ogg","45276","f497c90a1656bee3c1d94263878374a394935b2f93c614b67a402c4b19ba4719"
"app/src/main/assets/audio/units/medivac/chatter/Medivac_Pissed02.ogg","45274","68fec5b93c81d7dd22f8796301f6727ec67d3cd28130405c6c97c7205ac46f61"
"app/src/main/assets/audio/units/medivac/chatter/Medivac_Pissed03.ogg","80865","8feb90f5b2eab699d75868b4c26d1c006267598760d741fdc25a352a79538311"
"app/src/main/assets/audio/units/medivac/chatter/Medivac_Pissed04.ogg","99268","b2da1d1de50d7389f22c98e71b6bf3462967e83ca43b9e69df4acac9c8ca2683"
"app/src/main/assets/audio/units/medivac/chatter/Medivac_Pissed05.ogg","58900","6d8fae46457d0306984ec6c34a370ba9e753ec429c61234f6ac0b4ffe65d55d9"
"app/src/main/assets/audio/units/medivac/chatter/Medivac_Pissed06.ogg","54522","ddcbc53e5eb11f35ef9d7a52898cb7c33ea7ae076393e267a089feba4b0bc609"
"app/src/main/assets/audio/units/medivac/chatter/Medivac_Pissed07.ogg","41209","cb97a9025f40bf201fbdf09698c1e416851a2ec158f2aa937fc550195034df27"
"app/src/main/assets/audio/units/medivac/chatter/Medivac_Pissed08.ogg","28605","66c0de03ae51d3d933eef63e4fb4037627c70fd632474bcd074c51ffc2bb0a6e"
"app/src/main/assets/audio/units/medivac/chatter/Medivac_Pissed09.ogg","45928","ec51fc1f88abf2c8834dfcd8114f7a861b697414b9627d475493dcb39389ddcf"
"app/src/main/assets/audio/units/medivac/chatter/Medivac_Pissed10.ogg","46520","bb01d3a2e133c870ba83198337282115941350b5cc403e41ba61f9e388065bd7"
"app/src/main/assets/audio/units/medivac/chatter/Medivac_Pissed11.ogg","53611","3cc5dd46fcca67aa801a6ba18eae3f02dc564918b6f65017d255e3f859660e4f"
"app/src/main/assets/audio/units/medivac/death/Medivac_Death00.wav","38204","d0df55f65bf915f1372ebcbb995103ae6c1bef001270a660afb865f4d693176c"
"app/src/main/assets/audio/units/medivac/deploy_move/Medivac_Yes03.ogg","25022","72e5ca2f78118d2521f679a6d3031074083b509eb1a2be8a4bbebd839add500f"
"app/src/main/assets/audio/units/medivac/deploy_move/Medivac_Yes04.ogg","21273","a871fe6286a5ecad2721e611a17400809dcef8b2d11079b6dbac7ed2e26241aa"
"app/src/main/assets/audio/units/medivac/deploy_move/Medivac_Yes05.ogg","26346","7fdee36aa679a2dfd5ada6b4bd438538651dfdb40210f8b27786f1769ba9523b"
"app/src/main/assets/audio/units/medivac/deploy_move/Medivac_Yes06.ogg","32050","35d66503fd2b14e344d5f40a1062d195519b6e394e81e42b7346ed87cda2c71f"
"app/src/main/assets/audio/units/medivac/deploy_move/Medivac_Yes07.ogg","21404","d3c56731d7e2c419093ffad9dc694cd91343ff77a250079e2399a4a71c870bb5"
"app/src/main/assets/audio/units/medivac/deploy_move/Medivac_Yes08.ogg","22530","37144e80b94e239a276f1c229174291add61bcc2a660b992b53db6a626e67e41"
"app/src/main/assets/audio/units/medivac/deploy_move/Medivac_Yes09.ogg","31895","c11eb3dbb6dd835bdd13a973e91db886fb1cb18e5c21f656eb184883cd5a1dc2"
"app/src/main/assets/audio/units/medivac/deploy_move/Medivac_Yes10.ogg","22480","7e490e9e677c705602500e3b4189c3e4a71a9c62bf8309694858c1649c895eef"
"app/src/main/assets/audio/units/medivac/deploy_move/Medivac_Yes11.ogg","21393","8f180eb9a2d5df965bc2100b7060178a0e055166e413c78d51cc106b8b4dacf8"
"app/src/main/assets/audio/units/medivac/deploy_move/Medivac_Yes12.ogg","21322","619bd2de6590853f4cd41db2af596084bf798c58de1dd12831c6131040fd8d0f"
"app/src/main/assets/audio/units/mengsk/chatter/TrooperMengsk_Pissed00_alt.ogg","28125","71a1efbb7220fe021ed9bd10a3acce8a9fd7051fe876ae66f9caf3126f53749c"
"app/src/main/assets/audio/units/mengsk/chatter/TrooperMengsk_Pissed00.ogg","44544","52ecfb7d07395f73ef1a58d554506ed8e818ba94b04e10ece38860c8807f4d1d"
"app/src/main/assets/audio/units/mengsk/chatter/TrooperMengsk_Pissed01_alt.ogg","30341","94a85b55bb940f051711761b84fef1aee9c2611c8129fd635cfc43f4adbd1d96"
"app/src/main/assets/audio/units/mengsk/chatter/TrooperMengsk_Pissed01.ogg","35475","f508bcd84c2b51f1a2188256bba0a430bdb541783cb22f48b5d5f7b08ff9ec37"
"app/src/main/assets/audio/units/mengsk/chatter/TrooperMengsk_Pissed02_alt.ogg","41264","eac8ab702564ce983650d42ec920560b33b21743294ac5b79d5b2191c77f1e43"
"app/src/main/assets/audio/units/mengsk/chatter/TrooperMengsk_Pissed02.ogg","65373","a5ce068ec3573fc88c856a05c375759f13665c367f0a2817ce6f614dcc2494f5"
"app/src/main/assets/audio/units/mengsk/chatter/TrooperMengsk_Pissed03_alt.ogg","29754","607ba9beace38abff78620d584f442e3959a37af2988e55b200cd96e8a4b6589"
"app/src/main/assets/audio/units/mengsk/chatter/TrooperMengsk_Pissed03.ogg","37354","94876869142d59279a4e8634d67405c1dea7d89204bf98533363d551f4fae122"
"app/src/main/assets/audio/units/mengsk/chatter/TrooperMengsk_Pissed04_alt.ogg","37135","03daffe41e2586ec2d2b4c103957b8c3dbee90c33304dbe4bf6a9788c8297360"
"app/src/main/assets/audio/units/mengsk/chatter/TrooperMengsk_Pissed04.ogg","57351","e449704cd205822f90d8aa732c45b7a41d815325e137014ad8a75730259dcf53"
"app/src/main/assets/audio/units/mengsk/chatter/TrooperMengsk_Pissed05_alt.ogg","51322","f98fb8b9239067b95c44c335f354a2c8f95b50eb444f405cba51452e53341170"
"app/src/main/assets/audio/units/mengsk/chatter/TrooperMengsk_Pissed05.ogg","86967","0ca875371bfae00e5d96dcb0dac26dec22debc9ef9b1aa7fb2fb8e9646917fa4"
"app/src/main/assets/audio/units/mengsk/chatter/TrooperMengsk_Pissed06_alt.ogg","35911","6f616acb345d179ac561f0d33bb4cdbbc38f8d79c3e8273afb90fddc44a35010"
"app/src/main/assets/audio/units/mengsk/chatter/TrooperMengsk_Pissed06.ogg","56075","eb241c06e1cccd08ff9b49412aa3b6e404528dbdc98433b7964739647cb77817"
"app/src/main/assets/audio/units/mothership/attack/Mothership_Attack00.ogg","42969","c06188fd3757ab4a3510e240323dae44a6f80c5225e99144b090f7074825055b"
"app/src/main/assets/audio/units/mothership/attack/Mothership_Attack01.ogg","40753","2485f9c5ef10902b2d73fef402a36ec969ba8eab63104e199393570bfdf1c934"
"app/src/main/assets/audio/units/mothership/attack/Mothership_Attack02.ogg","38776","95ce762814eaa4e1bcc1eaa18b5a71c80c48cba7072fcda010cc7b2a7347d17a"
"app/src/main/assets/audio/units/mothership/attack/Mothership_Attack03.ogg","46794","4808238991b291a8893a9a6e9767bdc25ee01532d62af39a1a53b5fb427214ee"
"app/src/main/assets/audio/units/mothership/attack/Mothership_Attack04.ogg","35347","c137c80bcf979b99329c911c7a7aa7f1e85105b9aeab4e1fd4b52eabe52f2929"
"app/src/main/assets/audio/units/mothership/attack/Mothership_Attack05.ogg","36546","9ac19b3ccfbf8eabc519a5b41a666bbcf150c50c5643550fe22fb4629c3c0b8f"
"app/src/main/assets/audio/units/mothership/canonical/2cc2242ebe85d878__Mothership_What00.ogg","62877","2cc2242ebe85d878c1c98fe27f39af358d2fbc3d7a4008f8a026154c89beb13e"
"app/src/main/assets/audio/units/mothership/canonical/7817e4af6be15197__Mothership_Ready00.ogg","63060","7817e4af6be1519747e083a16d4a55b2ffacef4534a98b2c0f8d72ebd46dfcba"
"app/src/main/assets/audio/units/mothership/canonical/ac2c128bbc4c8b18__Mothership_What01.ogg","58614","ac2c128bbc4c8b1872a4d10a01f3b9ec4819dfaf217aff4cb6b12b54f1e74d10"
"app/src/main/assets/audio/units/mothership/canonical/aef2d737c23fad2d__Mothership_What02.ogg","52452","aef2d737c23fad2da9e3b02a9e6ee7719fc91ef03bd1e3025c145b1fcfea8fae"
"app/src/main/assets/audio/units/mothership/canonical/be781eb10de16afd__Mothership_What04.ogg","52312","be781eb10de16afd02be695d21002f1719073d0debacff0baaf94c4259d016e9"
"app/src/main/assets/audio/units/mothership/canonical/e0711a9a0967c49d__Mothership_What03.ogg","64596","e0711a9a0967c49d4a92272db5ca0136e9cde6a8536accb70b2b5f22eed79679"
"app/src/main/assets/audio/units/mothership/chatter/Mothership_Pissed00.ogg","63092","2820879e954ba66452b50438d702afcc5c2a7f9e08b91ef6b9637032f67c59ac"
"app/src/main/assets/audio/units/mothership/chatter/Mothership_Pissed01.ogg","82530","5cb84c1b8511f4c9a67edc6cff543c12443dea1f7e328175cdb45101e77c615b"
"app/src/main/assets/audio/units/mothership/chatter/Mothership_Pissed02.ogg","63816","6d00d59d266be1e72ddc2c4f1f7444e9bd83bde344096ec05d21dadb6f94dc6e"
"app/src/main/assets/audio/units/mothership/chatter/Mothership_Pissed03.ogg","64590","07c1f305218ea47200bde4d73cb91905e47792170fbd7cd9e8ca7e6223e1366d"
"app/src/main/assets/audio/units/mothership/chatter/Mothership_Pissed04.ogg","82058","44b56581536f8bcdf99a538587bf667e7be4d58a745ef0488c97867c81d62034"
"app/src/main/assets/audio/units/mothership/chatter/Mothership_Pissed05.ogg","81486","dd33ffb47ad71ab52b3ca86daa483fb02fa40d3588848a1e02cc4f819c510b82"
"app/src/main/assets/audio/units/mothership/chatter/Mothership_Pissed06.ogg","82233","33408cfb963e1b3b521e34f8674bc8b2b42eb43c5d6a4f0fe824c7ead72489a6"
"app/src/main/assets/audio/units/mothership/chatter/Mothership_Pissed07.ogg","62788","54754a3184d26b73eccfb9a3cb01fec9a22a7e5d563df256c984df872a67ce80"
"app/src/main/assets/audio/units/mothership/chatter/Mothership_Pissed08.ogg","65470","28ad364f064bdfb6845087a66df8622a0d3604f1c50c9b4d43ffbf3bed56fd92"
"app/src/main/assets/audio/units/mothership/death/Mothership_Death00.wav","154684","81a6e1945e21bbe4d81d9fa79cfec6acbcf619da84639eab0b8491cb1e710a68"
"app/src/main/assets/audio/units/mothership/deploy_move/Mothership_What05.ogg","56361","eb0694039b5fd26beb941e3276d324cefcbbbc2fd928ed27ff3a70184ecaf4f3"
"app/src/main/assets/audio/units/mothership/deploy_move/Mothership_What06.ogg","55788","df376fceb6c5397a52cc66982b06f16d1b6b703c4ba42914f4b7ea6ef09aa07a"
"app/src/main/assets/audio/units/mothership/deploy_move/Mothership_Yes00.ogg","37947","756e64a42904fb57717243dc8d3690651502f2177624079d749d69fd25427663"
"app/src/main/assets/audio/units/mothership/deploy_move/Mothership_Yes01.ogg","34717","5ff16f7ae264ee3e45ce36aae43bd3baa25c3ebe130fd27512064ba59b06dbb4"
"app/src/main/assets/audio/units/mothership/deploy_move/Mothership_Yes02.ogg","41344","9af353c9fa21e8053b1f5f707968abb289489503a96b3098e186f8bc885112c8"
"app/src/main/assets/audio/units/mothership/deploy_move/Mothership_Yes03.ogg","34219","6532af3f26dca8510e8761483aa7b329d7ba0d96d633117dceb6e411064dc3d4"
"app/src/main/assets/audio/units/mothership/deploy_move/Mothership_Yes04.ogg","41035","c7210414925ef3f1e7ff3c0697127409ac5b0cb3fdfac28f760b87e2b89ea25c"
"app/src/main/assets/audio/units/mothership/deploy_move/Mothership_Yes05.ogg","37431","1cf2a7d77b80eb47c3ed10e43397c03826aec9804c3d9a6359edcf9e9364a9a1"
"app/src/main/assets/audio/units/mothership/deploy_move/Mothership_Yes06.ogg","36059","dea3ccd56be0f5781a1cbe665ce9cfdf652723f3858c4e5bac152c68f67f76be"
"app/src/main/assets/audio/units/mothership/deploy_move/Mothership_Yes07.ogg","31183","d154bb03ee81ddbf45e991484b4eb7cc50e161c8ed9fe95aa9873362f2e05b03"
"app/src/main/assets/audio/units/mutalisk/attack/Mutalisk_Attack04.ogg","37004","09ade8d6ac21e71483bfc262be33b19555d48f76ae526eb69e3247a5cb885f97"
"app/src/main/assets/audio/units/mutalisk/attack/Mutalisk_Attack05.ogg","29891","24868c78a82df2f5710bf699586898541c90056f6687d8b2558e80aadf67cbdf"
"app/src/main/assets/audio/units/mutalisk/attack/Mutalisk_Attack06.ogg","35024","5eb3f2d3ad1387ac6b412d79fc0b5b09446024199e11168c22275a71bd7dc472"
"app/src/main/assets/audio/units/mutalisk/attack/Mutalisk_Attack07.ogg","34501","0c1398a15f7ca66ec48a96108553b8840db2cb7e910e9b730ba3ea90c3364a8c"
"app/src/main/assets/audio/units/mutalisk/attack/Mutalisk_Attack08.ogg","37788","a01124485840935a3adadc81c1eddec183c9b81756b22d48b09b539c27c5a788"
"app/src/main/assets/audio/units/mutalisk/attack/Mutalisk_Attack09.ogg","33421","2034a9ff1a5a286ba54ef258d9979c521f78c628bd8e8834dfd15e0ab63c69f2"
"app/src/main/assets/audio/units/mutalisk/attack/Mutalisk_Attack10.ogg","30774","53156f7be598d59f11f7cae358daed3f3b00397a7bf224659c4e20f503905689"
"app/src/main/assets/audio/units/mutalisk/canonical/14b82a7fa8fa5fbb__Mutalisk_What0.ogg","42697","14b82a7fa8fa5fbb13aedcb5b97706f0c2fcd9888019d1b581c1b62e82124123"
"app/src/main/assets/audio/units/mutalisk/canonical/26cc738565c47280__Mutalisk_What7.ogg","29084","26cc738565c472804ecca3ee657681b8bff3e2d3ebe4f95b6e08243f5c6278f7"
"app/src/main/assets/audio/units/mutalisk/canonical/29e711e4157b4ff3__Mutalisk_Ready2.ogg","35419","29e711e4157b4ff3ee00c32cfd225b20a46f54af1bb351f396069d21e16512a5"
"app/src/main/assets/audio/units/mutalisk/canonical/30b8397b6c7cc20d__Mutalisk_What4.ogg","26508","30b8397b6c7cc20d6b9c44def8e5a88ad252bbd4e5dd50d1c76137999f9b4fa2"
"app/src/main/assets/audio/units/mutalisk/canonical/316ed1df29238231__Mutalisk_What9.ogg","35882","316ed1df29238231689ba64d91b42fbf727c82b6804e5c74698dc892a2c71828"
"app/src/main/assets/audio/units/mutalisk/canonical/3770e88d1bf25b05__Mutalisk_Attack01.ogg","34481","3770e88d1bf25b055985aceabdaf9362ee7e26ae05169bca3bbdc85761e17cc2"
"app/src/main/assets/audio/units/mutalisk/canonical/3dd8f35cb8bcf2e8__Mutalisk_What8.ogg","36684","3dd8f35cb8bcf2e8bd23b812959a4c2f865b2f3e7a633d4ae3ffd42af6cf4de8"
"app/src/main/assets/audio/units/mutalisk/canonical/3fbacc0899a412e0__Mutalisk_What3.ogg","23727","3fbacc0899a412e03ef888ea84b3fd3114cf49024d9fe7e2616d40c7f95fc6f3"
"app/src/main/assets/audio/units/mutalisk/canonical/411f016b931d821d__Mutalisk_What5.ogg","32533","411f016b931d821d7cf89d1d044302387685f217e8f29c0f5b6457732958d69e"
"app/src/main/assets/audio/units/mutalisk/canonical/5e03d19f43c749a1__Mutalisk_Ready0.ogg","51104","5e03d19f43c749a1f3c8082591b490e49e53ef664248ae2b23e155201161e6af"
"app/src/main/assets/audio/units/mutalisk/canonical/7901f3438f2fc76f__Mutalisk_What2.ogg","32145","7901f3438f2fc76f7997be34d6176f74363c69ac574c054984763e3e89950495"
"app/src/main/assets/audio/units/mutalisk/canonical/7d45a1c5fa8968f6__Mutalisk_Ready1.ogg","45898","7d45a1c5fa8968f61f12d663fe127917e2946e73916ccc7ec4ca2799e93b7568"
"app/src/main/assets/audio/units/mutalisk/canonical/b4b309a2bf9afb3e__Mutalisk_Attack00.ogg","37099","b4b309a2bf9afb3e1cb99aed838f0f3a7eb2b8117daf330844b7f4ec5f093a00"
"app/src/main/assets/audio/units/mutalisk/canonical/b797eeebc5f23cfb__Mutalisk_Attack02.ogg","35346","b797eeebc5f23cfba4facbf26a086d1fddeb1fcee85290c0145cd9d8eb305136"
"app/src/main/assets/audio/units/mutalisk/canonical/c891fd0f08c02346__Mutalisk_Attack03.ogg","36399","c891fd0f08c02346ad8ab1f2210e629e9703165dd44fa6266a904dc599bcd72e"
"app/src/main/assets/audio/units/mutalisk/canonical/d0f17521d23cbaa1__Mutalisk_Ready3.ogg","40112","d0f17521d23cbaa155bcb01f0d83e7b29609ce38626545a4c4c48f973ca3765c"
"app/src/main/assets/audio/units/mutalisk/canonical/e83864685b3dab0e__Mutalisk_What1.ogg","43357","e83864685b3dab0eeeab93dcbafa601d4e4fb235af05cffd553e2da1516e8653"
"app/src/main/assets/audio/units/mutalisk/canonical/f6277fd97c022aed__Mutalisk_What6.ogg","30398","f6277fd97c022aed83762a0367a965a83a7976c6c1dbf765530a2e0ef90003c7"
"app/src/main/assets/audio/units/mutalisk/canonical/f6bbb89f563dab48__Mutalisk_Yes00.ogg","38254","f6bbb89f563dab4823a4bba3ebfe6c62053c78d0b93939b2aef11beba1330c3a"
"app/src/main/assets/audio/units/mutalisk/death/Mutalisk_Death0.wav","61500","aea842fac66bdfc6b9228650ef3e014ad339322cdb8968352ba1b3b5d6a80fa7"
"app/src/main/assets/audio/units/mutalisk/death/Mutalisk_Death1.wav","65852","40df7273441632f723d9603d7cfa03af3bdfaac7430eef1a80ebd1702411fc22"
"app/src/main/assets/audio/units/mutalisk/deploy_move/Mutalisk_Yes01.ogg","37580","745ab9aa5cf45feaa04e7113cde6f302cecb98f43fe2347eb48553ca1bece1c6"
"app/src/main/assets/audio/units/mutalisk/deploy_move/Mutalisk_Yes02.ogg","34161","58e16d32878a8fa2a21d2b851b7de96940ce5d491495ff7cdc00235cbefc7190"
"app/src/main/assets/audio/units/mutalisk/deploy_move/Mutalisk_Yes03.ogg","32145","634aa20d34410c6252fae1946b07979beee266152c9f840951305cc71740cf36"
"app/src/main/assets/audio/units/mutalisk/deploy_move/Mutalisk_Yes04.ogg","39655","a7462977229dceb770ddd3a14e1b1dd5934c8e49f40cc1b68843dddd9549832f"
"app/src/main/assets/audio/units/mutalisk/deploy_move/Mutalisk_Yes05.ogg","38914","70a40be290b4f17c11d668b5ae488461abd3e55c3e2471a5e84c86f5c23b7d85"
"app/src/main/assets/audio/units/mutalisk/deploy_move/Mutalisk_Yes06.ogg","34143","5d69f2c3f381e17f5ee36da48584dfca5fcbc625d15506735f67c86a3c275f78"
"app/src/main/assets/audio/units/mutalisk/deploy_move/Mutalisk_Yes07.ogg","38533","e2fd698924ae98af5a68af0ddad0d2a6a32e237ad4f0c65363f0e3f8a26c209f"
"app/src/main/assets/audio/units/mutalisk/deploy_move/Mutalisk_Yes08.ogg","32620","98f2429cf00073e0b4ebaae8f874b6ba801c5cd8ce473a05a20eaa6f1f6b1e6b"
"app/src/main/assets/audio/units/mutalisk/deploy_move/Mutalisk_Yes09.ogg","34416","d334611a745825e4e5adcb04a959627181803fce27e818cee2ad6faa648a907d"
"app/src/main/assets/audio/units/mutalisk/deploy_move/Mutalisk_Yes10.ogg","35152","ed38ceb2e7255654bd5207ccd6543f872a1af7cb05db9bf3ddd658bbc1df1e49"
"app/src/main/assets/audio/units/nova/attack/Nova_Attack00.ogg","22280","4b411b64441b958339414eaf71d94b9cbe02e2bc8eb4c4f4d459b5cf6ee74854"
"app/src/main/assets/audio/units/nova/attack/Nova_Attack01.ogg","20131","309aea288be68207be9591d4b3e9b8f678fb3be6fafdc1704a143f1f7c8fc849"
"app/src/main/assets/audio/units/nova/attack/Nova_Attack02.ogg","17578","2cc4e9af2830a6dac0c7dd0daeba3331f84e2df536e6c7f1b079c0366ccdcf9a"
"app/src/main/assets/audio/units/nova/attack/Nova_Attack03.ogg","20104","833bcea3db24c2a46566d2322c6c1443049dcc960c8ae5d0a0a2f6d085d39706"
"app/src/main/assets/audio/units/nova/attack/Nova_Attack04.ogg","24215","e8518ad257b2dfc37c978fdb001bf96e69ffa5c345efc5b729fa081b0b8a0f05"
"app/src/main/assets/audio/units/nova/attack/Nova_Attack05.ogg","22894","496d775651b6d66c8742395b87b8d5d88f0f46d5580ad77a0fa9ea5c59091f61"
"app/src/main/assets/audio/units/nova/canonical/0706ba1abb1cb3ab__Nova_Death02.wav","21052","0706ba1abb1cb3abe54bfbc5ee1e54eea06609da8caa64ab18843daab5e96470"
"app/src/main/assets/audio/units/nova/chatter/Nova_Pissed00_alt.ogg","33207","d73f3cfb7a0362d4feb95f6cd17d433a3bdf68eb99182cbfa7a2f3be6222d090"
"app/src/main/assets/audio/units/nova/chatter/Nova_Pissed00.ogg","33207","525cee0cd3666a7e9dfd6eb6fac7ec350357696b3f3bbad8cea542081005ca2d"
"app/src/main/assets/audio/units/nova/chatter/Nova_Pissed01_alt.ogg","35825","47bb00d6b0b4e905db48bcca8c322eb428e14d5830bf8ad4f9061257ee229487"
"app/src/main/assets/audio/units/nova/chatter/Nova_Pissed01.ogg","35825","c02aad26c290420182c282caa54a8c3aed26041ac09dcb8095c71fe3b0b509f8"
"app/src/main/assets/audio/units/nova/chatter/Nova_Pissed02_alt.ogg","56360","b9725d24915cbc934604250bf05d55aca4e6934a67567a3cdf16b3c1cf1f24cd"
"app/src/main/assets/audio/units/nova/chatter/Nova_Pissed02.ogg","56360","f37d707b862f60400eb10facc4757a38b6970317b8b78df4c4b2f86b4d7810eb"
"app/src/main/assets/audio/units/nova/chatter/Nova_Pissed03_alt.ogg","42647","79c8e712059b6c0ef653913e2c94fb81e10a4d1bda227158590b6a9b958e943e"
"app/src/main/assets/audio/units/nova/chatter/Nova_Pissed03.ogg","42647","dcb1680be4fc3bbc48d70ffc1e89ab190717fea0303f70affe1afab4146bf74b"
"app/src/main/assets/audio/units/nova/chatter/Nova_Pissed04_alt.ogg","23765","b78bdb3ba9d861fa88bfd39aa44c3d3eef79b8c9a3f2114b7ca3a7e71708ec60"
"app/src/main/assets/audio/units/nova/chatter/Nova_Pissed04.ogg","23765","ef76f1cce60bc2f47e981840a25eee1b870ac7ad6d09bf0e8d3c17509738ec9b"
"app/src/main/assets/audio/units/nova/chatter/Nova_Pissed05_alt.ogg","40462","b82d883f1c8714947019c1347ecdb1fc1acc36ba255bbd6bca91a4a0a6180778"
"app/src/main/assets/audio/units/nova/chatter/Nova_Pissed05.ogg","40462","418362a3e0a517bb204c5643610964e3cfc30546f02b5222aa1caeaec74555c3"
"app/src/main/assets/audio/units/nova/chatter/Nova_Pissed06_alt.ogg","35262","d5b18b3c1db0c714acc90c740aaa05ce1b7e0c0dbf15ed17f5041b2116b5ab3f"
"app/src/main/assets/audio/units/nova/chatter/Nova_Pissed06.ogg","35262","d2d5cdf9a98964e119a1fbd81d845273cd07c14243f2cb8b147bbbec47741e5e"
"app/src/main/assets/audio/units/nova/chatter/Nova_Pissed07_alt.ogg","55793","21a68aeb3e5f991093795f263e74042343483e84341dab40ce8ad05148979529"
"app/src/main/assets/audio/units/nova/chatter/Nova_Pissed07.ogg","55793","d230de032e9cb3e28bf1f8c0b0f565766e0178688369e6a50c0d9cf9d9d9fe5b"
"app/src/main/assets/audio/units/nova/chatter/Nova_Pissed08_alt.ogg","46927","60ce7740b5048f27ab7d41e95a670dcca65809336273f33a480f7ca1f177aff2"
"app/src/main/assets/audio/units/nova/chatter/Nova_Pissed08.ogg","46927","e2ebf523a7223b3f8bdf53be2e11e53f1b9f9563c6843a37e29c2c7043bcbf4f"
"app/src/main/assets/audio/units/nova/chatter/Nova_Pissed09_alt.ogg","15944","466e4421385e926a4ea150bca9db9fabd31750095bbaaf02f182d773a0f009b6"
"app/src/main/assets/audio/units/nova/chatter/Nova_Pissed09.ogg","15944","25abfe02cd9028feea740195d15893c7b11b4984fdab84188010f896927c6f5d"
"app/src/main/assets/audio/units/nova/death/Nova_Death03.wav","31292","d9711c057cec7cb32acf190262d5d96479886aefdd623fa20190a053f2752d1d"
"app/src/main/assets/audio/units/nova/death/Nova_Death04.wav","33852","20d21e1daad7a5d0b4d4ced6f78483f22635fafc6f880775642ea5286ca293d9"
"app/src/main/assets/audio/units/nova/death/Nova_Death05.wav","17468","d552b3dafe69d481fbac1d5b56327aa570ab96923b0d20ce4956e56abc7d7801"
"app/src/main/assets/audio/units/nova/death/Nova_Death06.wav","39484","5978fe09daf9d8db3e8676fdc20689a464035dc23b6de7ebf22777ea4c390230"
"app/src/main/assets/audio/units/nova/deploy_move/Nova_What04.ogg","16346","322dc7280b7b85b6a0e87df87c234f59a752ac3146b601649c012db46271e7fc"
"app/src/main/assets/audio/units/nova/deploy_move/Nova_Yes00.ogg","20678","adb8554de10cdd93dfca7171c724a1ac7345b171f586409092ae149a925360c4"
"app/src/main/assets/audio/units/nova/deploy_move/Nova_Yes01.ogg","17112","3474a5b3d1d1915a47ff09a1799fc64dbec9690e6013c89f2ccbff263b9cc014"
"app/src/main/assets/audio/units/nova/deploy_move/Nova_Yes02.ogg","13570","43074cd80de0da00a0d623a8319d741747c539f59f6755087c1f996bfedd8567"
"app/src/main/assets/audio/units/nova/deploy_move/Nova_Yes03.ogg","12647","777f3de51b7b2a25c7ffd59cd4f98a0c62fb3bf3e30edb9e3428114da6eb3cc6"
"app/src/main/assets/audio/units/nova/deploy_move/Nova_Yes04.ogg","20798","bd70daadc5a8718319dbc03f8ede1ee3110fd009d30681aff979c8d72d084de1"
"app/src/main/assets/audio/units/nova/deploy_move/Nova_Yes05.ogg","16934","4bbde09161679598ab981975252526264539728eb8cdbe6242f475daba7d52a6"
"app/src/main/assets/audio/units/nova/deploy_move/Nova_Yes06.ogg","14195","f9ba6bb04a3990abbb0e724ae71d959254fce73f11973d88bf6de6f8ad82b1fe"
"app/src/main/assets/audio/units/nova/deploy_move/Nova_Yes07.ogg","19040","bda75d208988010ebc7e28c580e742ff1d47b91f9ee6bcaa16f40d439c292a4a"
"app/src/main/assets/audio/units/nova/deploy_move/Nova_Yes08.ogg","19760","8ca19c93b16ff86bdefcddbaefa81f9bff4cab44e80521bf31b2c9056664cf07"
"app/src/main/assets/audio/units/observer/canonical/332fbec01d8402e1__Observer_Ready01.ogg","55638","332fbec01d8402e1530a5084fdfca39c66ccf7d197ac5d275af51c1f8ee68b75"
"app/src/main/assets/audio/units/observer/canonical/3bda8bc79b282135__Observer_What01.ogg","38007","3bda8bc79b2821351e52ddc78a369759bc0b27efda91e151c5a68115906e6e0d"
"app/src/main/assets/audio/units/observer/canonical/6fb811e602c1d87d__Observer_What00.ogg","35353","6fb811e602c1d87d5fb6ddc4234325a90f2e8d2d3af179e51dec4f07095b62e7"
"app/src/main/assets/audio/units/observer/canonical/c6ef5e2a3f88ad77__Observer_Ready00.ogg","44656","c6ef5e2a3f88ad77130b5acaf1156c2ac5e3ff5ea12038346d3ddc352bc65130"
"app/src/main/assets/audio/units/observer/chatter/Observer_Pissed00.ogg","38696","a7e9921836e195c372158a3324ce9f8e7519edd359b9f8f30619bb69c5827ef7"
"app/src/main/assets/audio/units/observer/chatter/Observer_Pissed01.ogg","65446","7254f8ffd2014fca083494d88aa1c0de3230eddc1e4d933fa7113ddaff1ad97d"
"app/src/main/assets/audio/units/observer/chatter/Observer_Pissed02.ogg","54524","db1edf3860e285679bf0a9df9e25d3f817dde0911dcf0ce0828c30bd4577a052"
"app/src/main/assets/audio/units/observer/chatter/Observer_Pissed03.ogg","38185","a2a836d603cb539f6ce1da89390988654bea8b443489e953795b0f04125378c3"
"app/src/main/assets/audio/units/observer/chatter/Observer_Pissed04.ogg","38783","dde366c2fd93874ea6cd65de25e0790180bbd5736a6f8559e5f56f06887b68f1"
"app/src/main/assets/audio/units/observer/deploy_move/Observer_What02.ogg","42029","0feb5cb09967277d0750c26f0619ed066f3775b54a51b0bc997f9d9cfad0f36b"
"app/src/main/assets/audio/units/observer/deploy_move/Observer_What03.ogg","45120","b66c26a32d1877c5159a489654528ef577c9693444eec836d0c33ec88bf4ce52"
"app/src/main/assets/audio/units/observer/deploy_move/Observer_What04.ogg","47753","5fa5189d5a4712540ecaa366442c729e2f342a0bac2a555725a7a73cca6a1baf"
"app/src/main/assets/audio/units/observer/deploy_move/Observer_Yes00.ogg","45880","7933ccf371788abbca4dbf06d8e5f8acbc63abc1bc255a6d0e879a299316fdd5"
"app/src/main/assets/audio/units/observer/deploy_move/Observer_Yes01.ogg","39104","9415ea12099606d26c367dab790d6bfd870720ba66429c38fc83cc09fa141490"
"app/src/main/assets/audio/units/observer/deploy_move/Observer_Yes02.ogg","34419","cd6fdc4e90747025532ab76a5c908ed12312cf429c9b93638070aae967153be7"
"app/src/main/assets/audio/units/observer/deploy_move/Observer_Yes03.ogg","34315","54854ccfd3524b1da2972bab0bb5ca90a6c14d9f18cf1d5ffdeff714eb52266e"
"app/src/main/assets/audio/units/observer/deploy_move/Observer_Yes04.ogg","29385","8208c98ae388803fde732913a3f4ce406f28572f09767244f1d91f8ba2c12959"
"app/src/main/assets/audio/units/observer/deploy_move/Observer_Yes05.ogg","30280","fbe9c663177287206c75d1bfc7f6dc5356dff79ec3d7bbd18eb8bfefac95d741"
"app/src/main/assets/audio/units/observer/deploy_move/Observer_Yes06.ogg","33345","fea95825058fb5494793872e98e9ce01317b45ed72f6b15a0def85f3d181e36d"
"app/src/main/assets/audio/units/oracle/canonical/054867e93a6622de__zVO_ProtossOracle_ProtossFlyingCaster_006.ogg","28815","054867e93a6622dec19cd576aab990cc70f878085d0391eb659e8e2a2bfdc33f"
"app/src/main/assets/audio/units/oracle/canonical/0b1b69eb6c83fec8__zVO_ProtossOracle_ProtossFlyingCaster_019.ogg","27247","0b1b69eb6c83fec8b05960861c8dd4d955f30940c49321808977a5d607468b45"
"app/src/main/assets/audio/units/oracle/canonical/0e8bee3a0966afe2__zVO_ProtossOracle_ProtossFlyingCaster_026.ogg","34354","0e8bee3a0966afe2c9a0cd89dbea64c4f535eeadadf8725c50e9b4c246eda78c"
"app/src/main/assets/audio/units/oracle/canonical/0fd96bd98a656547__zVO_ProtossOracle_ProtossFlyingCaster_008.ogg","26144","0fd96bd98a656547e9ad95b87918c8b21e3d008e28311da03b5d60828ff62c97"
"app/src/main/assets/audio/units/oracle/canonical/1f2a0c06a3f49e7f__zVO_ProtossOracle_ProtossFlyingCaster_027.ogg","52675","1f2a0c06a3f49e7fa278eadda8e22f144d4f4b414dd9fe698245806e0fb7720e"
"app/src/main/assets/audio/units/oracle/canonical/292f340224445e62__zVO_ProtossOracle_ProtossFlyingCaster_024.ogg","47332","292f340224445e62d48591409529b9c72adeb4337ce427e6088a6a3084ad9557"
"app/src/main/assets/audio/units/oracle/canonical/2ecbcdb40ecdce28__zVO_ProtossOracle_ProtossFlyingCaster_032.ogg","76150","2ecbcdb40ecdce28b8511544f67120ce3a0041f4aff288c05c073cc817ce9a9c"
"app/src/main/assets/audio/units/oracle/canonical/3bca2a7dede457dc__zVO_ProtossOracle_ProtossFlyingCaster_012.ogg","25642","3bca2a7dede457dc8c1ee9f5f5429c1c942653dacc5604fb11a6e05f704ff0ad"
"app/src/main/assets/audio/units/oracle/canonical/4ef2f8836aed216e__zVO_ProtossOracle_ProtossFlyingCaster_031.ogg","79543","4ef2f8836aed216edcd8bf9d0d660512f0a216be7686986665b5edf87edddb4a"
"app/src/main/assets/audio/units/oracle/canonical/551ff5709aee69d0__zVO_ProtossOracle_ProtossFlyingCaster_018.ogg","29411","551ff5709aee69d0969418c8936440f4a6527886d7f97e80635428357d004ab0"
"app/src/main/assets/audio/units/oracle/canonical/598e17fef0b871b0__zVO_ProtossOracle_ProtossFlyingCaster_025.ogg","33671","598e17fef0b871b055b6d80c9ebe6eb6fb6ffabdd9cac7c1c1cd28df5797ab04"
"app/src/main/assets/audio/units/oracle/canonical/5d18b78ddf1d8c32__zVO_ProtossOracle_ProtossFlyingCaster_016.ogg","24346","5d18b78ddf1d8c321b98782081fe8e71494be9f3ad295cb0c4ceb9811ce169f1"
"app/src/main/assets/audio/units/oracle/canonical/6af2eaf51afd9760__zVO_ProtossOracle_ProtossFlyingCaster_010.ogg","26033","6af2eaf51afd9760343609574d7561dfa0b182e34d3fe57b40516889b82dc9ef"
"app/src/main/assets/audio/units/oracle/canonical/73ed833459d51972__zVO_ProtossOracle_ProtossFlyingCaster_015.ogg","24264","73ed833459d519723af6a540c0b42cd78d5e0e34bd8e40b15d47da50f08fa172"
"app/src/main/assets/audio/units/oracle/canonical/76c27aca297391a3__zVO_ProtossOracle_ProtossFlyingCaster_014.ogg","19045","76c27aca297391a32821a29ffba72c3c49c2fa52915121848c57a33ab0f7ae5b"
"app/src/main/assets/audio/units/oracle/canonical/80533a2b03b64843__zVO_ProtossOracle_ProtossFlyingCaster_029.ogg","56678","80533a2b03b64843397e9ffac21e371bb15636cf6a78820c0755c41ccbe96098"
"app/src/main/assets/audio/units/oracle/canonical/96b67d5965c3d4ff__zVO_ProtossOracle_ProtossFlyingCaster_013.ogg","29897","96b67d5965c3d4ff71be048dabbe38b132dabff5f00741855ae6832e046439d0"
"app/src/main/assets/audio/units/oracle/canonical/a7ae45b20f703938__zVO_ProtossOracle_ProtossFlyingCaster_020.ogg","20899","a7ae45b20f70393865d3f75a6143c341ec0a1245c67db6748b78511b0a237023"
"app/src/main/assets/audio/units/oracle/canonical/b2208f000dc96279__zVO_ProtossOracle_ProtossFlyingCaster_034.ogg","48650","b2208f000dc962795147d04511eab712de4ad8fff348d1383c1f053d73701a48"
"app/src/main/assets/audio/units/oracle/canonical/b4d92a7bc5b68939__zVO_ProtossOracle_ProtossFlyingCaster_017.ogg","22697","b4d92a7bc5b68939553472be47feab0067a62ff1c31a8b00622a833841f5637c"
"app/src/main/assets/audio/units/oracle/canonical/daa78e1729b60b35__zVO_ProtossOracle_ProtossFlyingCaster_028.ogg","84462","daa78e1729b60b35261bd21aad53ba3c995b80617bb49cf69e264f6f4018fde5"
"app/src/main/assets/audio/units/oracle/canonical/dad58ebd58545e67__zVO_ProtossOracle_ProtossFlyingCaster_009.ogg","38830","dad58ebd58545e678564f4c2bd26c8d1d7d6ef27e8d11a557069b0ddb5944372"
"app/src/main/assets/audio/units/oracle/canonical/dd7231b819003a9a__zVO_ProtossOracle_ProtossFlyingCaster_011.ogg","18327","dd7231b819003a9a690cda9e4f2676037b04b4285007300c2d4d0fb207e56c68"
"app/src/main/assets/audio/units/oracle/canonical/e7a26f0768c1e3b6__zVO_ProtossOracle_ProtossFlyingCaster_030.ogg","99492","e7a26f0768c1e3b65ad97031634e63bd5e35e80ead202f06fe6180c2678b744d"
"app/src/main/assets/audio/units/oracle/canonical/ea2ffba2ee212792__zVO_ProtossOracle_ProtossFlyingCaster_007.ogg","24804","ea2ffba2ee2127927355d7835aca0dfc2b4f9c8923410dfbf5ab060dab4d84ec"
"app/src/main/assets/audio/units/oracle/canonical/eeb1b26843f5b2f5__zVO_ProtossOracle_ProtossFlyingCaster_005.ogg","37107","eeb1b26843f5b2f5994f63c583a30a68cdc02de89760a4ff3bef4041577a5243"
"app/src/main/assets/audio/units/oracle/canonical/f19e549e7d11ab88__zVO_ProtossOracle_ProtossFlyingCaster_021.ogg","28941","f19e549e7d11ab88f1074170d2f042120a6ad0e121018296317bef58c94a721d"
"app/src/main/assets/audio/units/overlord/canonical/089ed882fe3e3862__Overlord_What6.ogg","39439","089ed882fe3e386288203b11a37a6a82a20daddb4801b508ca01732484cef7e7"
"app/src/main/assets/audio/units/overlord/canonical/25525383c0c7c040__Overlord_What7.ogg","31700","25525383c0c7c040e4289f09442e10f6a1c81b6592fc7db9f6d833e2215c8183"
"app/src/main/assets/audio/units/overlord/canonical/28870814a8a46efd__Overlord_What3.ogg","26872","28870814a8a46efd2488f6532aee7d99c605f70653b657fda55b56fe5ef03f62"
"app/src/main/assets/audio/units/overlord/canonical/411a6f7d7a9084a1__Overlord_What4.ogg","50521","411a6f7d7a9084a1ccfcca440cfd65776626ba987d0d6a7f7944c928dc0d5599"
"app/src/main/assets/audio/units/overlord/canonical/4b245a6ca6a91ff6__Overlord_Death2.wav","26940","4b245a6ca6a91ff60f5c8a54ede811b535eef3106d68001e7d0c4086b5e2438b"
"app/src/main/assets/audio/units/overlord/canonical/6a7edce1da4904c4__Overlord_Death1.wav","35132","6a7edce1da4904c4cff7163f56086c5c3e6304f71457718eeaee874262485823"
"app/src/main/assets/audio/units/overlord/canonical/6b747c53402854fa__Overlord_What2.ogg","48580","6b747c53402854faec64627c8291a28e3e6fa41311d85ee3bd98b6ef8489dff1"
"app/src/main/assets/audio/units/overlord/canonical/6d5297797fa76865__Overlord_Ready0.ogg","41791","6d5297797fa76865a12cbaae63e4d1b45e3d86d91109ff9b36ba135cbd95fa21"
"app/src/main/assets/audio/units/overlord/canonical/73aae6c657e4ac1a__Overlord_Ready1.ogg","57249","73aae6c657e4ac1a8f117459eaf00dd49bf926136651ad409cc52deed4bd44f1"
"app/src/main/assets/audio/units/overlord/canonical/7d0ea308b8834dfc__Overlord_What8.ogg","43983","7d0ea308b8834dfc4cc25f06bd3d8204bb8d26321ed41c04892c1f35e2b5fed0"
"app/src/main/assets/audio/units/overlord/canonical/be10564ea4821cc0__Overlord_What0.ogg","34339","be10564ea4821cc037eba9469d23e94d25e093d598d8750093e7c39f9a80953a"
"app/src/main/assets/audio/units/overlord/canonical/da0096d78aa31d15__Overlord_What5.ogg","41674","da0096d78aa31d151616203980c348cdedc5a47eac151c510da62d16ea80526e"
"app/src/main/assets/audio/units/overlord/canonical/e9a771b48f1117dd__Overlord_What1.ogg","41920","e9a771b48f1117dd394ac359a09929eec3304913187b83b9772a36144508d8fd"
"app/src/main/assets/audio/units/overlord/canonical/ee3a14eb95cacedf__Overlord_Death0.wav","26684","ee3a14eb95cacedfacb1f1cc3fea116ea7724bd9246f8824259b9b0d4bea411f"
"app/src/main/assets/audio/units/overlord/death/Overlord_Death3.wav","26684","8447560c3f60233effca6041d82b0a01973e45b3344d12a66f246ba023aac51a"
"app/src/main/assets/audio/units/overlord/death/Overlord_Death4.wav","26428","76b75fea46c05caed9c528677600eb7808b017261d907cf20231b375bcfe557c"
"app/src/main/assets/audio/units/overlord/death/Overlord_Death5.wav","28732","726061acad6700b9ea4972a49caba108577057e96f3150a655d943e365ecdeb5"
"app/src/main/assets/audio/units/overlord/death/Overlord_Death6.wav","25916","d28fa683d0788326921883083d571e8fdd7081b042683fd55a18996fb73f3654"
"app/src/main/assets/audio/units/overlord/deploy_move/Overlord_Yes0.ogg","47507","34082b1355a239617bf8eeb835f9ba14e3ceb9102ceb7ae6f28033210418b65a"
"app/src/main/assets/audio/units/overlord/deploy_move/Overlord_Yes1.ogg","36523","5e7f54aaf64624e96c358e954940e8d99d85bb0275ebf9dd7f513bbab088de0f"
"app/src/main/assets/audio/units/overlord/deploy_move/Overlord_Yes2.ogg","39552","068826b3e82403612962825f8ea4db0bdfbcf8bb006b972def23538c02dfacf5"
"app/src/main/assets/audio/units/overlord/deploy_move/Overlord_Yes3.ogg","48318","3641ebf8891616ffbfc3a2a641388e717fdc37c3a4566cc470879ee0045e34cf"
"app/src/main/assets/audio/units/overlord/deploy_move/Overlord_Yes4.ogg","36382","1df08651d1da79f2e6fb16441790528f750fa9ee187e6800389f555c16dd2113"
"app/src/main/assets/audio/units/overlord/deploy_move/Overlord_Yes5.ogg","51418","9e05046ec3a826c905531b47ed14067511336ef9fa6a5111bf3542d730ea49f3"
"app/src/main/assets/audio/units/overlord/deploy_move/Overlord_Yes6.ogg","49454","e0b1568408a0a6607864d99fb646ec10f1db8a65194f6fc66b308b6ad525c14f"
"app/src/main/assets/audio/units/overlord/deploy_move/Overlord_Yes7.ogg","38181","1ec3f56892a6ef0cb0476c4288e14e276ffb6c08366cea09678d1962bb312d71"
"app/src/main/assets/audio/units/overlord/deploy_move/Overlord_Yes8.ogg","53657","ae71cde94bd29cfc865af6d39901159097d13fd41e6e41afb0208a10f6f49147"
"app/src/main/assets/audio/units/overlord/deploy_move/Overlord_Yes9.ogg","50910","2d0fb9761f305030a448c82b481419004a74b119c87804665dd99ec6c080720f"
"app/src/main/assets/audio/units/overseer/canonical/16882ec924b0bda9__Overseer_What0.ogg","32898","16882ec924b0bda90ec001bc347e3c968f76b0382df1c1d2cc1d6579f8ca4059"
"app/src/main/assets/audio/units/overseer/canonical/2c461eede2543480__Overseer_Ready0.ogg","35413","2c461eede25434802799a35b8d2ad0ef099034dbb393ac775526db6b9be6f589"
"app/src/main/assets/audio/units/overseer/canonical/4ae6d37ae6d02aca__Overseer_What2.ogg","50816","4ae6d37ae6d02acaaca3d7caa8d25aa660c36db8399a5415ae03b6c729cc4584"
"app/src/main/assets/audio/units/overseer/canonical/7adaec42755c356d__Overseer_Death0.wav","33852","7adaec42755c356d56c4d2f6f3f75847c5aa4928ce88a93921889eb9a01e2680"
"app/src/main/assets/audio/units/overseer/canonical/84ee24c6f1bcb40e__Overseer_What5.ogg","26555","84ee24c6f1bcb40ee4b543b65ee4028ddcdce41d8f46c68131c2fff1c3a11242"
"app/src/main/assets/audio/units/overseer/canonical/a3581c59a3ea10ed__Overseer_What3.ogg","44615","a3581c59a3ea10ed589f04cbc6babf578ca509d8430b04ac6f87bfd98e06469f"
"app/src/main/assets/audio/units/overseer/canonical/d000d9e1870f1a19__Overseer_What4.ogg","41012","d000d9e1870f1a193fe2206c76d9394e46c4422349b6fac54882349122bca092"
"app/src/main/assets/audio/units/overseer/canonical/d9e4b60ebc1fa1fe__Overseer_What1.ogg","36689","d9e4b60ebc1fa1feaef31e44c478d4b85bb8cf9dfc3a7214851cc627f30de4c4"
"app/src/main/assets/audio/units/overseer/death/Overseer_Death1.wav","31804","cc43f7b8ae53f1d3afa280fc552279f2d90a22bb5072fd72446869b6cb18e173"
"app/src/main/assets/audio/units/overseer/death/Overseer_Death2.wav","31804","27b40eed735e5dd18e6d807e59b5200d4d2136b434022e1b206c15078642963f"
"app/src/main/assets/audio/units/overseer/death/Overseer_Death3.wav","27708","07128881fc049d0a6b5ecd648c34b8753908f236a6fd3671f19641fedcf30a98"
"app/src/main/assets/audio/units/overseer/death/Overseer_Death4.wav","28988","7244ae7a8fc3bbd5393e774102a1890c21f41a160adc5904809bde18ad6cd0be"
"app/src/main/assets/audio/units/overseer/deploy_move/Overseer_What6.ogg","34486","5c127de011002879d11be72593aa2a6aaeb86939018e10c1ab4b751e3d4f76d4"
"app/src/main/assets/audio/units/overseer/deploy_move/Overseer_Yes0.ogg","35545","76397a79cbe1b1a4df49759e743d9fb109aa6052502f6ee0f0d21458bf5c42df"
"app/src/main/assets/audio/units/overseer/deploy_move/Overseer_Yes1.ogg","34952","eeeb54e4bc58cb3cf78dfa4f0fec5b5fa2c83d1d2af79bf78471b165de6d693b"
"app/src/main/assets/audio/units/overseer/deploy_move/Overseer_Yes2.ogg","45968","785f195c04a3d90cece11a3b7d1cfce7a57ab61b4d611e5ac74d296f7615bd2c"
"app/src/main/assets/audio/units/overseer/deploy_move/Overseer_Yes3.ogg","27812","50ccc4242d39a8341b23fe12d70c1c935813d7f1e1fdf4aac9017fda9d8c63dd"
"app/src/main/assets/audio/units/overseer/deploy_move/Overseer_Yes4.ogg","49280","f955720a4a3b0e65ab42dcd8d9ff8b50889a5d0fd5ac547215e6f7f9c72f8ca0"
"app/src/main/assets/audio/units/overseer/deploy_move/Overseer_Yes5.ogg","55891","fe485ca84af8f12ad16f6efdbe805dee573022b1d80bcd4aed51c7c6753c70c8"
"app/src/main/assets/audio/units/overseer/deploy_move/Overseer_Yes6.ogg","47691","c2136d219eaf79693d1d6e4156df47923ea315553f6ea35abc78b56779b9bb1e"
"app/src/main/assets/audio/units/overseer/deploy_move/Overseer_Yes7.ogg","58440","33a183e4a8e7658a8e23ad68434af60a9359f8a3353604488ecf162588484cd9"
"app/src/main/assets/audio/units/overseer/deploy_move/Overseer_Yes8.ogg","29070","b11ef7ff0827af00ee97d10e2e263e7d64a5a8631158d45b6b4b3cede3751694"
"app/src/main/assets/audio/units/phoenix/attack/Phoenix_Attack00.ogg","21327","aedf65bfa5114981c2084f6dc90fe7125da550be84c2d3b0b656a3bb75bc5ed1"
"app/src/main/assets/audio/units/phoenix/attack/Phoenix_Attack01.ogg","18890","cf3cd3d1a736b6e4689a5403956feeecfcda76f63f7fb5333cc5275376b4f5b1"
"app/src/main/assets/audio/units/phoenix/attack/Phoenix_Attack02.ogg","20904","c5af2b0d8cd3767edfd3fb6bc1e8cbb4b88b8555ccceb759751c0f9044700989"
"app/src/main/assets/audio/units/phoenix/attack/Phoenix_Attack03.ogg","21007","47ab496f62f3c03167806ec2dd54dbac6db43f6727a06c39a70186f3f638ea03"
"app/src/main/assets/audio/units/phoenix/attack/Phoenix_Attack04.ogg","21724","51ddc5d17a0f0675d690139a3f8ca72255d852e61bfbede9480bddc6865ea940"
"app/src/main/assets/audio/units/phoenix/attack/Phoenix_Attack05.ogg","18181","ffb07c9be75a414abd4909cd3b99abe82bb454c295136dff0ec6311b88074325"
"app/src/main/assets/audio/units/phoenix/attack/Phoenix_Attack06.ogg","27046","f35131c1f71319c103254cbdc01368d40c7acf6aada3047942a4aebf92ec1b34"
"app/src/main/assets/audio/units/phoenix/canonical/301ec0ec59de8eb6__Phoenix_Ready00.ogg","21476","301ec0ec59de8eb6dea4539c81d3137381b1f2c2dfae3e4cfd20e26d24d963da"
"app/src/main/assets/audio/units/phoenix/canonical/4554bdd1efd21f74__Phoenix_What02.ogg","18154","4554bdd1efd21f74d18d28cc77268b30905e01854f9dc157375061855c026f4d"
"app/src/main/assets/audio/units/phoenix/canonical/4684cd17eb07b4e9__Phoenix_What00.ogg","22974","4684cd17eb07b4e90b2710cbc75778ccc5b8ba1e9802a3e783c3e9495a939747"
"app/src/main/assets/audio/units/phoenix/canonical/6ed01f1bdbcb5583__Phoenix_What03.ogg","21658","6ed01f1bdbcb55831901dded1997c9da281ed0bcb085486d49bfb41d3398d1a1"
"app/src/main/assets/audio/units/phoenix/canonical/fe208960cbae34b6__Phoenix_What01.ogg","30961","fe208960cbae34b6ede431544c302aea6e7737206d35055cbcf7b443c9927f93"
"app/src/main/assets/audio/units/phoenix/chatter/Phoenix_Pissed00.ogg","30504","afedf6a3b5650be29283f8689e6cf49c2fe4f30d67f5b73b5f718fb23a6f535b"
"app/src/main/assets/audio/units/phoenix/chatter/Phoenix_Pissed01.ogg","32386","51f4478ac288a27e626c3f47388b7ba39026fad737a8f930eae60066c8018f8d"
"app/src/main/assets/audio/units/phoenix/chatter/Phoenix_Pissed02.ogg","29533","990b6a45522045c550af93eccfcf52ed0d5cf984ae7d73064551212f08e11593"
"app/src/main/assets/audio/units/phoenix/chatter/Phoenix_Pissed03.ogg","23837","9bdbf33ece0762d417e9e068a1318e53b7c5a8e47d1fc376b936b819d38fcb98"
"app/src/main/assets/audio/units/phoenix/chatter/Phoenix_Pissed04.ogg","42114","55d620017f3288bd9e212aaa9bdf77cc35acbc6d710f5f32318b6dbc70852e43"
"app/src/main/assets/audio/units/phoenix/chatter/Phoenix_Pissed05.ogg","19105","76e44ef3551f9281c9230759ed19c2d64a55726753c53ccf48a6307bc6917ce3"
"app/src/main/assets/audio/units/phoenix/chatter/Phoenix_Pissed06.ogg","41753","9653b171fc587ad7be764ee44346a3e6ff76e14c68cca2c2b5b988ab1ed82982"
"app/src/main/assets/audio/units/phoenix/chatter/Phoenix_Pissed07.ogg","94212","9ce6ab67c583ea3678e363efd7910d9e94f426995fbca510387b38dc66e8da91"
"app/src/main/assets/audio/units/phoenix/chatter/Phoenix_Pissed08.ogg","34718","3cf873c694c80e028e9187086721976318be38c483eccdd211a8eb72f45e1132"
"app/src/main/assets/audio/units/phoenix/death/PhoenixDeath1.wav","21820","54abe3885137d009d23e671424a5e333bc7bc1fb1a88c4e1499cdadc88a95d96"
"app/src/main/assets/audio/units/phoenix/deploy_move/Phoenix_What04.ogg","21654","f878490318bc42c0d66b5e89fb674294a2361411286d0bc5e82acd2398032f6f"
"app/src/main/assets/audio/units/phoenix/deploy_move/Phoenix_What05.ogg","25743","17fac5b86eda92625b7b98f430ef47df869bed95a9d67cd9701474c5ce1e1039"
"app/src/main/assets/audio/units/phoenix/deploy_move/Phoenix_What06.ogg","25988","f47a636a39a4e5e819e240ac51801958f8b032c51efd62bba4cfc5a4f7163344"
"app/src/main/assets/audio/units/phoenix/deploy_move/Phoenix_Yes00.ogg","16372","2663623191a8af938c028a2a354361f943652e9a138dfe81aaff7e1bf29a9103"
"app/src/main/assets/audio/units/phoenix/deploy_move/Phoenix_Yes01.ogg","22725","414f71aa09f285637cfe64ef3c3f30d6bbf16e93f86386cdf12094e3375415dc"
"app/src/main/assets/audio/units/phoenix/deploy_move/Phoenix_Yes02.ogg","28838","637a56b3724b707babad47cb5f80d95739919358fadf11e27aad8d95e1d882c0"
"app/src/main/assets/audio/units/phoenix/deploy_move/Phoenix_Yes03.ogg","17408","fa3cea44f7c3624fe5b9ecb78fe2d1a17468ebe4217dea97662cb0723623f17a"
"app/src/main/assets/audio/units/phoenix/deploy_move/Phoenix_Yes04.ogg","24821","685940f7a0fe01c2d215c9808d77920f5ae8f5e527a336497d1c6322a7f7ea4b"
"app/src/main/assets/audio/units/phoenix/deploy_move/Phoenix_Yes05.ogg","24402","54da0eb5bc7b17e312523a04480dfe1d785025f89f2163509122506d7533078b"
"app/src/main/assets/audio/units/phoenix/deploy_move/Phoenix_Yes06.ogg","20872","db17822b24ede05abed94f516c4fd48680a07f6dd7d5dd23778eada16ed8bc74"
"app/src/main/assets/audio/units/probe/chatter/Probe_Pissed0.ogg","26394","0bf1de1ddcc399f570802696ae5665f08ebd7599b0ed5af19bf970c765763fc3"
"app/src/main/assets/audio/units/probe/chatter/Probe_Pissed1.ogg","27947","98ec7fcbc134b2fdf923da1f1643a4b7b5d4c7d1deee4ccaa89e5ed6078d62ab"
"app/src/main/assets/audio/units/probe/death/Probe_Death0.wav","102972","0dc6bd132e8fa43f003273b9321be36d4bf37c0d73dce36928b8b5f97a3aeb74"
"app/src/main/assets/audio/units/probe/deploy_move/Probe_Ready0.ogg","36281","65f17690b70073b42b2cc39c9a47dee7b929e41ba1c6eedb7ec5c6f55b436435"
"app/src/main/assets/audio/units/probe/deploy_move/Probe_Ready1.ogg","33706","89a7ce6bfdf4fc70b4df63c905d2d8b4f8b88071e627c0fbec5df9a62d68f41f"
"app/src/main/assets/audio/units/probe/deploy_move/Probe_What0.ogg","19125","ebf3f255307482d655a22b95430fe27cb1bd690815e18acba70a38d6408f2a4e"
"app/src/main/assets/audio/units/probe/deploy_move/Probe_What1.ogg","24154","c9e5fcfee30ca5c9ea8ca8f42715173222894ca6abdf28a685cc49e9e7eadc24"
"app/src/main/assets/audio/units/probe/deploy_move/Probe_What2.ogg","18977","bdc32f656703ada5be692e21ca665c03e1a7f80a35c51d4d375a6618900551ef"
"app/src/main/assets/audio/units/probe/deploy_move/Probe_Yes0.ogg","28115","b352dfed27e63c1352b3a6504861b8235f0e15d0f718a68ce1cfff568ef9ce09"
"app/src/main/assets/audio/units/probe/deploy_move/Probe_Yes1.ogg","31183","5ee6a14c58f547bd034af55163855f3e9e4f7223a2f454fa112cebe3e44f31f2"
"app/src/main/assets/audio/units/probe/deploy_move/Probe_Yes2.ogg","34100","9a6e517bad9593a3d54f3cc6f6d022bf05347beb47042e98757a46412b7950eb"
"app/src/main/assets/audio/units/probe/deploy_move/Probe_Yes3.ogg","32714","5c12f331597f08cdf8fe767fa41a31ae6fdc6829fac5fb1e1ce402ac5281250b"
"app/src/main/assets/audio/units/queen/attack/Queen_Attack0.ogg","27512","3711f12d5ed089bc02b7a4d79c03c25a218bbb2b5a56ec387848cb18eac5a7d0"
"app/src/main/assets/audio/units/queen/attack/Queen_Attack1.ogg","28386","84f25dfd7d73090b078063bf300128316eeeb701ad3705f1333a32502a57faa1"
"app/src/main/assets/audio/units/queen/attack/Queen_Attack2.ogg","29355","8128252e1022baeab42b2a6bbce40409c95dfff45c5025adb89e0ea3ab8955c9"
"app/src/main/assets/audio/units/queen/attack/Queen_Attack3.ogg","26821","5fd1b8f1bdefbc7f5971e6691d08cee2d051c88f3c42dacf24e4b82455a84fa7"
"app/src/main/assets/audio/units/queen/attack/Queen_Attack4.ogg","27716","f8c079b7ade49f9804121a950f3070a0d61ccf2bb80e9e5f9cb69fa62c52969e"
"app/src/main/assets/audio/units/queen/attack/Queen_Attack5.ogg","30952","c55241790bf8cf31339bc47b1ed6dcd8d729c6f5dec279e99577e54d30234b1e"
"app/src/main/assets/audio/units/queen/attack/Queen_Attack6.ogg","26068","49005e0e15d5ca334b3cebea7390a243e4f7bfd2765f7505297f0447f3b14f39"
"app/src/main/assets/audio/units/queen/attack/Queen_Attack7.ogg","28672","8fe19a1f5f93c8f82946e97b4cc01f8d44b73bbf56dca93d124bf8635b72a7ac"
"app/src/main/assets/audio/units/queen/attack/Queen_Attack8.ogg","27833","a610edbbe403bbcda7ef86568be172a91147104eb820a7f6e22073794efdc659"
"app/src/main/assets/audio/units/queen/attack/Queen_Attack9.ogg","28040","2481ee896d6af6c5e61bb791bf94b688f01cdc40835bdb89b1ca31f5e248cc84"
"app/src/main/assets/audio/units/queen/chatter/Queen_Ready0.ogg","49392","d9a37b0581c3e0632558822e8364942c01531f3e0e438858dea81d572fa887ea"
"app/src/main/assets/audio/units/queen/chatter/Queen_What0.ogg","31147","d8e3a39d6f666b1344b04b85d94c7f564415f4638bb4afc2ba68cb5e8a181cff"
"app/src/main/assets/audio/units/queen/death/Queen_Death0.wav","45628","4bf6fde459bfa7a01f0bb36f4652eab26f3ed4748276c1f57306c7180fc8c008"
"app/src/main/assets/audio/units/queen/death/Queen_Death1.wav","35900","c53a914e8424a67c68ed8ddb388a33acb7cb533b52e4b465292ca556f5669da5"
"app/src/main/assets/audio/units/queen/death/Queen_Death2.wav","42556","7a954e3fc9b877ac2ce4e50710441b207a311deaf51b93214e214e0126e9e3ac"
"app/src/main/assets/audio/units/queen/deploy_move/Queen_What1.ogg","23454","b002427f40bb27b3474400581a71e6ce1655464c491abc514d672e59c01ee811"
"app/src/main/assets/audio/units/queen/deploy_move/Queen_What2.ogg","35320","79a9911171f1deb4b4c6c0a66dc950baca970a5694bb66e6cb0e7b5053257d15"
"app/src/main/assets/audio/units/queen/deploy_move/Queen_What3.ogg","25453","e95b9005a08ee7bf92c9d4322bfa29fcee56274ab6e905e2be3e9c4a6571dd2f"
"app/src/main/assets/audio/units/queen/deploy_move/Queen_What4.ogg","23465","333857450721b579e1bf400e0f84f8ffaaf96a9f6fbae46409c536531d408117"
"app/src/main/assets/audio/units/queen/deploy_move/Queen_What5.ogg","31367","f6f569140716d8d0b45dfbf529dd171a6c8be15e8c857112ef12a980748b41f3"
"app/src/main/assets/audio/units/queen/deploy_move/Queen_What6.ogg","28088","da432e1d92601e6bfb3c93c8483ceba500b07bc4bba464eb56abd59c919de9d7"
"app/src/main/assets/audio/units/queen/deploy_move/Queen_What7.ogg","26847","73c56e955cfa43401cf1273a0d2c61050e3c058d209ee29303df5284cdb66e46"
"app/src/main/assets/audio/units/queen/deploy_move/Queen_Yes0.ogg","51360","920ce900a0c24844d146499f8509d68ab5bb13a097b7603b1103ef1c0f711482"
"app/src/main/assets/audio/units/queen/deploy_move/Queen_Yes1.ogg","43635","dcf8d192d732be83c54368ce0fdd8bfeb6bb313428871c98647872dd8b72de4f"
"app/src/main/assets/audio/units/queen/deploy_move/Queen_Yes2.ogg","46917","c0044e896f2a12d3a82b39c653c225b69b5790b0c2438b6115de03c57a044ec5"
"app/src/main/assets/audio/units/queen/deploy_move/Queen_Yes3.ogg","45411","28143385bf1faf8f8f0076ce3527f709c4675b65b82d6873128e2b6e6a3d5434"
"app/src/main/assets/audio/units/queen/deploy_move/Queen_Yes4.ogg","49029","ba8181a8f4e22bc7cd72828c76c65124a2c1a0527f80b275cabc6cd95cf6e088"
"app/src/main/assets/audio/units/queen/deploy_move/Queen_Yes5.ogg","46457","b19d55f2cde0738dcc994343633413f2f7d158355391fbb221536f44bd8f34c7"
"app/src/main/assets/audio/units/queen/deploy_move/Queen_Yes6.ogg","58113","823a31533f20fa7ee91984976180e1a844327b37092359291e271346b2413a1d"
"app/src/main/assets/audio/units/queen/deploy_move/Queen_Yes7.ogg","45499","757f91e8e26dd6a4431b716b337fe4274b3a41aaebe2c47bfb4a183b7f4ca1b8"
"app/src/main/assets/audio/units/queen/deploy_move/Queen_Yes8.ogg","50391","d6710df36f65a4a3ddcae398aba2331002862666142ee11ef579816a8f0cdafc"
"app/src/main/assets/audio/units/ravager/attack/Ravager_Vox_Attack01.ogg","20667","e7ef66b13717bce365a1e1dfde308140df27d239f4d5ad53ea436856fe0d7d1a"
"app/src/main/assets/audio/units/ravager/attack/Ravager_Vox_Attack02.ogg","21663","3d39a2e274d575bcaf94d3d9c0e05a4db17690871a5b0e9b7490d94d21fa30b1"
"app/src/main/assets/audio/units/ravager/attack/Ravager_Vox_Attack03.ogg","21441","7705d4cad68c4bb6b61edf3d5fd7133f8c04fe4d9896cf232384436f34c0189b"
"app/src/main/assets/audio/units/ravager/attack/Ravager_Vox_Attack04.ogg","24084","172890607c047bac3fdaafaf316c695872b5e6aae76e6a60222c920f722f14fd"
"app/src/main/assets/audio/units/ravager/attack/Ravager_Vox_Attack05.ogg","21668","91fc83d7494a73c97c1f17ecec0177e7ebe41c6a1f8398447e1fcd052981151b"
"app/src/main/assets/audio/units/ravager/attack/Ravager_Vox_Attack06.ogg","22156","d1da732cf202ec8d4b6585095a46c502b1ed30db3345ff4c796caa24a1751e56"
"app/src/main/assets/audio/units/ravager/attack/Ravager_Vox_Attack07.ogg","21683","756e42ae47158dece1c288a5af7ec3faaff2b6ca51be54fd130e30231e415aba"
"app/src/main/assets/audio/units/ravager/attack/Ravager_Vox_Attack08.ogg","23963","a3d9bf115598cc1cd712dd9783aeb33a3b9aa5d0adf67d7b8bd1513da1ec2237"
"app/src/main/assets/audio/units/ravager/attack/Ravager_Vox_Attack09.ogg","20155","6e0936f24bf9243312cb56275531fab32763aef9e53bbe86f8b3a272da658714"
"app/src/main/assets/audio/units/ravager/canonical/4b7ce0fad57060fd__Ravager_Vox_Death01.wav","52028","4b7ce0fad57060fdeea64de9c0cc7c02773afbba5222d58675fe8aa139566f8a"
"app/src/main/assets/audio/units/ravager/canonical/50ae460ca5a7ed4e__Ravager_Vox_Ok05.wav","48956","50ae460ca5a7ed4efaa4574a51e8c0480766a93c3fc9714abbb3ebb420352e06"
"app/src/main/assets/audio/units/ravager/canonical/942c6e3dd4051aca__Ravager_Vox_Ok02.wav","45628","942c6e3dd4051aca71ecaea2bc7e7e5142273f5b36fdb3e18986eccc947d648a"
"app/src/main/assets/audio/units/ravager/canonical/9c83c4c057f0e63b__Ravager_Vox_Ok01.wav","36156","9c83c4c057f0e63b518c0d29bde748af831a52298c470a586b72688129e633b9"
"app/src/main/assets/audio/units/ravager/canonical/c5bfdec79daaa7c3__Ravager_Vox_Ok03.wav","40508","c5bfdec79daaa7c31eb04b5b7fcf307338edccbba3b51741bcce6e81ecc68591"
"app/src/main/assets/audio/units/ravager/canonical/dfd825a5098c7c6c__Ravager_Vox_Ok04.wav","49468","dfd825a5098c7c6cdc7097cea5db2fcdc5698f28fb9c5cd338fbda62dc54bbc6"
"app/src/main/assets/audio/units/ravager/chatter/Ravager_Vox_Pissed01.ogg","19355","a257cdb5b2e2a68b93b98f1e04674c12686de76c6344202f0e65cc5f7158dbed"
"app/src/main/assets/audio/units/ravager/chatter/Ravager_Vox_Pissed02.ogg","15739","68f57c47ebb7790e93b10c013da360490969c2ead05ac5ecbe5d3546aa30223d"
"app/src/main/assets/audio/units/ravager/chatter/Ravager_Vox_Pissed03.ogg","34146","78f4a53a44f24aa79fff5b5985d99d4bb95d4c89cd5c543415d5a4ecab1423ed"
"app/src/main/assets/audio/units/ravager/chatter/Ravager_Vox_Pissed04.ogg","30632","157410897dbbec04985866cda1ae8805c1e355f8bfc3881ee10e5d2bc0e60bda"
"app/src/main/assets/audio/units/ravager/death/Ravager_Vox_Death02.wav","35388","97f4e7435e5d914f0f28b0ffeaf47c431b67580f982fde75f04617ac6eafefdf"
"app/src/main/assets/audio/units/ravager/death/Ravager_Vox_Death03.wav","47676","d508cea913ad0a1d46994db4b62146cbccb74db53fe801284ebf0e58a0a9fcf1"
"app/src/main/assets/audio/units/ravager/death/Ravager_Vox_Death04.wav","26172","68453c31d64ef0d06d8f89a40ad72ef02b9d2552819b3d9a3c45bcc803edcc63"
"app/src/main/assets/audio/units/ravager/death/Ravager_Vox_Death05.wav","43068","29393d6c79b84737c07cd267b14538f394d6869fa9fdb7f28e1ec918f1192063"
"app/src/main/assets/audio/units/ravager/death/Ravager_Vox_Death06.wav","41276","4db32f0e87989dcb715f77518a6dfff3327180caa1520dec5d4dce8387964449"
"app/src/main/assets/audio/units/ravager/death/Ravager_Vox_Death07.wav","38460","4972c114b57afc94a62cee5aa6e2bbfbe5ac21d3c545177466ff12ffc4ebf6f5"
"app/src/main/assets/audio/units/ravager/deploy_move/Ravager_Vox_Ok06.wav","49724","a951f8a374cc3862369bd1163e947987da6690ad6b41b553ab375995b3e70256"
"app/src/main/assets/audio/units/ravager/deploy_move/Ravager_Vox_Ok07.wav","40508","606029b5f9ebad235af935b3ccc5e0e1dc9fe38930000a60d962554d8b6e9bd7"
"app/src/main/assets/audio/units/ravager/deploy_move/Ravager_Vox_Ok08.wav","39740","e0b2726f40086fd9d775cb4ff3f2760e15a1bf41fcb888aab176337914e64032"
"app/src/main/assets/audio/units/ravager/deploy_move/Ravager_Vox_Ready01.ogg","19915","171e8e4eebfcc600d9647880f74ef486f571307a17aee345ffd92132ba622dd3"
"app/src/main/assets/audio/units/ravager/deploy_move/Ravager_Vox_Ready02.ogg","26245","fe9802202e09f6973901e96987486bb568762cde4158c21f7522dbada16f06c6"
"app/src/main/assets/audio/units/ravager/deploy_move/Ravager_Vox_Ready03.ogg","18853","18d687616c56373ccf30e8b5f4c373a58c0fb9c3e0f7aa333cc6399f94c1ef21"
"app/src/main/assets/audio/units/ravager/deploy_move/Ravager_Vox_Ready04.ogg","20014","63ac1b0ac58df3a94a5e0e7c96b4d674d283b396100e3fc10031b5323940ee29"
"app/src/main/assets/audio/units/ravager/deploy_move/Ravager_Vox_Ready05.ogg","21058","1fe6af9fd420ccf246672a64e46cdf815b517d7cc1975ac1e682de82d00aa374"
"app/src/main/assets/audio/units/ravager/deploy_move/Ravager_Vox_Ready06.ogg","20854","8068e37ca9134e7d1ae41d8da4ebcdf6cb57ef03d43ed4cc85cf1372b0c0f037"
"app/src/main/assets/audio/units/ravager/deploy_move/Ravager_Vox_What01.ogg","26990","1c50cb268939bc36437ca952296fdbcf8992efbc5dea6c20bf3fa879ee399a8a"
"app/src/main/assets/audio/units/ravager/deploy_move/Ravager_Vox_What02.ogg","28547","fcfef0d82adedf9984f5bcd9732ca45bf1bbe34cf35567fa10055bf3dea3cf4a"
"app/src/main/assets/audio/units/ravager/deploy_move/Ravager_Vox_What03.ogg","25702","9382a64857484e244bae5bb13d8f2eb6e747aa0751a8c08535195c7d81b6b230"
"app/src/main/assets/audio/units/ravager/deploy_move/Ravager_Vox_What04.ogg","23538","9f6bca6bab0e070650f2a41deacdd088d2aa01e01670abf9a0d88e3f0cee6832"
"app/src/main/assets/audio/units/ravager/deploy_move/Ravager_Vox_What05.ogg","27612","0931e6e179fb8f87e793238554b198a4bd2ae359d1068490919162fde288709d"
"app/src/main/assets/audio/units/ravager/deploy_move/Ravager_Vox_What06.ogg","31364","f774d9b14cce50da899bf0967b25c31002c4921d25f880cbf42b6469388e5a30"
"app/src/main/assets/audio/units/ravager/deploy_move/Ravager_Vox_What07.ogg","22361","0ddc85242d4b88ec1e08f33c77ff354a7520a0c2b73da7fc697b2652708930bf"
"app/src/main/assets/audio/units/raven/attack/Raven_AutoTurretAttack0.wav","146586","fb498ec6071a8b605a21ccf8c088bec03d5276d949be5c536f3b33c1c6b52c35"
"app/src/main/assets/audio/units/raven/attack/Raven_AutoTurretAttack1.wav","148236","5a680fab88d42fae9208ab653678e67548d6a20acbe53be95130861663e9fbdf"
"app/src/main/assets/audio/units/raven/attack/Raven_AutoTurretAttack2.wav","150074","76f712f4150797c1b336fd2bf48078a68ddedf6394876334440968fbbaf4f5ce"
"app/src/main/assets/audio/units/raven/attack/Raven_AutoTurretAttack3.wav","157320","08fde100d58b3450f9c93d682ff50bdfbb20c41bde303b2e3608334e263552fc"
"app/src/main/assets/audio/units/raven/canonical/7f9944e368b91d43__Raven_Yes00.ogg","20324","7f9944e368b91d43bf0cd0f1020e38634b5359163c4fad691cbf3b9de28af4b7"
"app/src/main/assets/audio/units/raven/canonical/a720d48826f264ab__Raven_PointDefenseDroneWhat0.wav","279080","a720d48826f264ab25505a994cb3681aab057589292829c3bf0e199282918010"
"app/src/main/assets/audio/units/raven/chatter/Raven_Pissed00.ogg","35952","6d57eff157e5a407264173f90423decc92a9bf9f7a6b0a9b00e4ebec680dfcb5"
"app/src/main/assets/audio/units/raven/chatter/Raven_Pissed01.ogg","53657","679fa499383c546da7ecf6473d018f5f75c4040c5f7af3480a9cd523590445ac"
"app/src/main/assets/audio/units/raven/chatter/Raven_Pissed02.ogg","28660","a1a00646cbe4742bd6b0f11a9497fc742913a28a2e10b9cb0d8b9efa79bdfda7"
"app/src/main/assets/audio/units/raven/chatter/Raven_Pissed03.ogg","18712","d0b227ae48417a4e016ec89c93073ba7cd392415209730e2810d117cf75d32ff"
"app/src/main/assets/audio/units/raven/chatter/Raven_Pissed04.ogg","33336","ffc19bb800d83d0bafc152434b071186c113b2ddc743bb33f3413d8ca914d121"
"app/src/main/assets/audio/units/raven/chatter/Raven_Pissed05.ogg","44502","e37d6736d636641e5206d01499f5be51bfb848828859a992249326b207be4d58"
"app/src/main/assets/audio/units/raven/chatter/Raven_Pissed06.ogg","48121","6308d64ed854d3581f6f82193fcb85b9193e3cb799424911918dd33e16f5cec9"
"app/src/main/assets/audio/units/raven/chatter/Raven_Pissed07.ogg","34920","161701ad8ddf59261048bcebe8d4938db74c7e4eb6d639fc71b008c80a8ec504"
"app/src/main/assets/audio/units/raven/chatter/Raven_Pissed08.ogg","60923","73d9f42173ada3af402654e25a7ee9e249140283cb95133ce67870e66bd2cd26"
"app/src/main/assets/audio/units/raven/chatter/Raven_Pissed09.ogg","35446","a61c2559653be6226f65615d5337cb4b052089baf05de14caa180ec2593ba0bf"
"app/src/main/assets/audio/units/raven/chatter/Raven_Pissed10.ogg","111021","50a477131f493dca24692afce27b63c249aad0ef7c8d1be1ba340f6964553ecd"
"app/src/main/assets/audio/units/raven/chatter/Raven_Pissed11.ogg","31967","0671da139528d60170ddb9647eba2638f8baff05ad15675bfc21b63fcc743cfe"
"app/src/main/assets/audio/units/raven/chatter/Raven_Ready00.ogg","22512","90ab0ff7950f0938bef98d039133edc311b34d18cab9e48007403ea9795b3af7"
"app/src/main/assets/audio/units/raven/chatter/Raven_What00.ogg","20408","3dd32018715cef77a23f4128069d9abb2865ea6ed8d40129793b59b49188e9f9"
"app/src/main/assets/audio/units/raven/chatter/Raven_What01.ogg","31959","1aa88c781167c183d3c39b03f45fb615d0f5daa3365ab45759fce24317c452fe"
"app/src/main/assets/audio/units/raven/chatter/Raven_What02.ogg","29727","61404a3117d388413579cefb8604266afebb7bc7586aa757ffc65aa9122d1021"
"app/src/main/assets/audio/units/raven/chatter/Raven_What03.ogg","19975","be921160ad63f4d978bac008943f545634428e25d152d7a33caf17b4251782b7"
"app/src/main/assets/audio/units/raven/chatter/Raven_What04.ogg","13426","14a2708e3c7e9b6ad454313f1a890d71766083d4bdaac0b3330fc90356735636"
"app/src/main/assets/audio/units/raven/chatter/Raven_What05.ogg","23063","b277831e43ad1f5b3ce113be92702080deadc360ccf8e7b8804f99096d9b6f31"
"app/src/main/assets/audio/units/raven/deploy_move/Raven_Yes01.ogg","22690","eef117c6f7750030282911a236ab056e66737fd4769ce4b3e38f2dfc0b234b7a"
"app/src/main/assets/audio/units/raven/deploy_move/Raven_Yes02.ogg","15600","1bff3dea84969155180356f7be4f32a821346cec773b9efd5761c130bed8a412"
"app/src/main/assets/audio/units/raven/deploy_move/Raven_Yes03.ogg","27889","4ef00f88a804562b58bf4b560931564e8686f7865e63d85a8ed38546d0edef5e"
"app/src/main/assets/audio/units/raven/deploy_move/Raven_Yes04.ogg","29255","d451b16c13e885e0ad12d441de9a2a3c7addd2705b655885aadc485e3961889e"
"app/src/main/assets/audio/units/raven/deploy_move/Raven_Yes05.ogg","20633","6a41105ccf6bdb9e7e6e419e7f08325a74a4f903316af3a77818fe6cfc0186ea"
"app/src/main/assets/audio/units/raven/deploy_move/Raven_Yes06.ogg","11773","a7babebec4843679fc59fb8fde13ea3d15aed5591e72dd803b10b4dbb1d58499"
"app/src/main/assets/audio/units/raven/deploy_move/Raven_Yes07.ogg","19337","d023367edad6f8c837f89afaf9cff3411acf14fa33b885c266a0a22eb02af703"
"app/src/main/assets/audio/units/raven/deploy_move/Raven_Yes08.ogg","19284","7358d046e72500d598c1cd7918201d5b4e528fec5aa8ab9994bf4a4822781ac9"
"app/src/main/assets/audio/units/raven/deploy_move/Raven_Yes09.ogg","21207","52c973570e0646155aa72a5ef761b10bf7f67638f1612f1904be81a37c626edb"
"app/src/main/assets/audio/units/raven/deploy_move/Raven_Yes10.ogg","14574","ec3a497cd83427f149299fda3d1cdb42fa4f6a14d15b5499f7bfb0dc4afa90f6"
"app/src/main/assets/audio/units/reaper/attack/Reaper_Attack00.ogg","22956","8823126f64bf24e270c0c841086d7217eae82fac0102428dc5870b432f79633c"
"app/src/main/assets/audio/units/reaper/attack/Reaper_Attack01.ogg","25321","f8c509635e42a6d36a420136eb12bf437609b8780cdc7e9bf7dd649bbb98a2ec"
"app/src/main/assets/audio/units/reaper/attack/Reaper_Attack02.ogg","23356","b1402b1df40364a4a5ec9c9d0623d7ec5cd60255f91ac871275b4504a5ef39f8"
"app/src/main/assets/audio/units/reaper/attack/Reaper_Attack04.ogg","19473","d8544db1bd9dbb15590db959e980253697fc3d4286ad8147b9ca25a2b3cd57a2"
"app/src/main/assets/audio/units/reaper/attack/Reaper_Attack05.ogg","23001","95f2b9e09743737682eb214a893ffe7e39aa193ebcc852e9a719e704878d0f6a"
"app/src/main/assets/audio/units/reaper/attack/Reaper_Attack06.ogg","24394","a756ba0e3cdc2825a2be6417893eb907b59922d5698efe3b8ba7b2bb2c87cb48"
"app/src/main/assets/audio/units/reaper/canonical/0fd46838e12daa52__Reaper_What03.ogg","26478","0fd46838e12daa523e743e053119179ab55f97504124e53170b2dabc71d6c1ad"
"app/src/main/assets/audio/units/reaper/canonical/1ea2f1f0bdbd6699__ReaperWhat06.ogg","21883","1ea2f1f0bdbd6699883df3d4cdedc8d18c826db88a5cf4621b073d58b56a15f3"
"app/src/main/assets/audio/units/reaper/canonical/307709577eafaea4__Reaper_Yes01.ogg","18410","307709577eafaea421b910b76c67d750c20cef4f147e94c8d9f33254386bb4e6"
"app/src/main/assets/audio/units/reaper/canonical/34bf3941dc285a60__Reaper_Yes00.ogg","27011","34bf3941dc285a608f122d9f44d75f85bbf34903581169c49707daf506e32905"
"app/src/main/assets/audio/units/reaper/canonical/44b1ab1107dc610b__Reaper_What01.ogg","33500","44b1ab1107dc610b24272242e81c6ce66058caae7b1b03d339b1db967b7d820e"
"app/src/main/assets/audio/units/reaper/canonical/4dd90f7076e45ac9__Reaper_Ready00.ogg","45391","4dd90f7076e45ac987d572020beb27eb907faa5708eab5536f85fc979d126752"
"app/src/main/assets/audio/units/reaper/canonical/6b3460a813c80b1f__Reaper_What04.ogg","34321","6b3460a813c80b1f8859891e0c6ed8009ce6be05865fd951d1fd679ba3a50d53"
"app/src/main/assets/audio/units/reaper/canonical/75873cfcb2b9ef5e__Reaper_Death00.wav","19772","75873cfcb2b9ef5e20450c36285ccdc9c367b6a75063b5502cb7cd3c95b6bc3d"
"app/src/main/assets/audio/units/reaper/canonical/97b55045c6e6883f__ReaperWhat05.ogg","21898","97b55045c6e6883f92da850ea1b6ae4f14c6cb33132e5c13663e6f0119597f55"
"app/src/main/assets/audio/units/reaper/canonical/a6be31be1e5608a2__Reaper_What02.ogg","40014","a6be31be1e5608a2eb83a3ef524de17f49363ed644135be089d02cbf46a74753"
"app/src/main/assets/audio/units/reaper/canonical/f6048e094415eec0__Reaper_Death01.wav","61500","f6048e094415eec03db9eae13bd323a55ff132f3f9075f2d1af5d96ae368aaff"
"app/src/main/assets/audio/units/reaper/chatter/Reaper_Pissed01.ogg","59607","6a0d7c013ae2daf35cdba8898a29ca340e03fcf6e4e4ca759e060af76f848f8d"
"app/src/main/assets/audio/units/reaper/chatter/Reaper_Pissed02.ogg","39987","7bffd5a8a5157c12e2ea3f49076fc32ededa274825aeee4e4ae4ce8be4427ffa"
"app/src/main/assets/audio/units/reaper/chatter/Reaper_Pissed03.ogg","50342","5ae10ec37f963656b7b05f561010e620140beaeb3ae88582ef1ad3d74f59c9cc"
"app/src/main/assets/audio/units/reaper/chatter/Reaper_Pissed04.ogg","40085","d20da9edf1971620cc38899af05b3743f02f687a038fd410438e755faf68c165"
"app/src/main/assets/audio/units/reaper/chatter/Reaper_Pissed05.ogg","45432","0121d3b3c5bf9714d9519f9a37d8fb378a125806fd2d1cf67a4b3e814dc5bcee"
"app/src/main/assets/audio/units/reaper/chatter/Reaper_Pissed06.ogg","81849","e24e9d1bdf8eb0e0060cb6a7802a2f0b54017b2b74593edf4aab2fd618472e55"
"app/src/main/assets/audio/units/reaper/chatter/Reaper_Pissed07.ogg","45573","1c893997e6ddaf9a3134092cab894e2d3f57b2affb81c93297d5618d87e6b161"
"app/src/main/assets/audio/units/reaper/chatter/Reaper_Pissed08.ogg","45448","2067b6ec30bed73d48711033390a42d805e640c46f58096e4b5e16de4413c132"
"app/src/main/assets/audio/units/reaper/chatter/Reaper_Pissed09.ogg","50186","4747315490a2dfb18584f5617d88271d7b0da7408d3a7286b931d8216d4f4c6d"
"app/src/main/assets/audio/units/reaper/chatter/Reaper_Pissed10.ogg","82106","a22c014d16a76d42ed7584976376b08342c154d90f439c200476fe019f25cd05"
"app/src/main/assets/audio/units/reaper/chatter/Reaper_Pissed11.ogg","50371","5f71cdb1b9f3cd39e430e7090ece3abdb611604a324c1fb8e3d034bfc6f4e480"
"app/src/main/assets/audio/units/reaper/chatter/Reaper_Pissed12.ogg","72245","56daa0c19499752aeb1fa99832cd70677894aec46dce31956a99a571b99a3985"
"app/src/main/assets/audio/units/reaper/death/Reaper_Death02.wav","18492","8596e01002701d769c89d8434141d2b7e6d0f16cb4cc72af0598b1201dacf6df"
"app/src/main/assets/audio/units/reaper/death/Reaper_Death03.wav","22588","9ee6c9cd58d5861cd8983952f06a569be605d83d6c243a6e95600d02b6b3f442"
"app/src/main/assets/audio/units/reaper/death/Reaper_Death04.wav","30268","e61ec09a731c8d1ffa10c1dacc839e766a697bebf9ff5b87e768c88d7186878a"
"app/src/main/assets/audio/units/reaper/death/Reaper_Death05.wav","22844","412dddba2866bf12df53db68725f6f667508e8196c180eaf4d8593a1099824e0"
"app/src/main/assets/audio/units/reaper/deploy_move/Reaper_Yes02.ogg","23827","3ea91a50b4d83602e37f6c3e7e9f6656ea58021ee26f7bef1188f18854579ae2"
"app/src/main/assets/audio/units/reaper/deploy_move/Reaper_Yes03.ogg","15080","5387c4142dffa4563eab4e5e3ba323fc7f575bfa1ccb477e2f3134bf7a458ca7"
"app/src/main/assets/audio/units/reaper/deploy_move/Reaper_Yes04.ogg","8779","f86fcbd7c3eba26b9b205962074910492b5508a55dc42ddef574773e5960c813"
"app/src/main/assets/audio/units/reaper/deploy_move/Reaper_Yes05.ogg","11987","9f982cd79e3c70d8f01ae06efd15cc24c8487ce2ddfd79d47fbd2db764091633"
"app/src/main/assets/audio/units/reaper/deploy_move/Reaper_Yes06.ogg","24669","e2eb882a872bf598c0d1b2ed724151791adcbf93df063a5e792969bedba7d8b7"
"app/src/main/assets/audio/units/reaper/deploy_move/Reaper_Yes07.ogg","12502","5562f0ae2cf5469a1195b4beec793fbb8e04034c07e8cfd45e28357078232468"
"app/src/main/assets/audio/units/reaper/deploy_move/Reaper_Yes08.ogg","11869","bbd4ab7b0ff22db00c2c87862460c79e08d0bee5fa2e3ddb573e8c04efa7b7ac"
"app/src/main/assets/audio/units/reaper/deploy_move/Reaper_Yes09.ogg","14616","0d3677d50df3403388430d21a1c6056556cbfb2ab4aa7e4e4177e1311cab5993"
"app/src/main/assets/audio/units/reaper/deploy_move/Reaper_Yes10.ogg","12374","0e0d7b68e0293f3d4940d8403cc11fc612693bb18731d8deccaef2955c13fd03"
"app/src/main/assets/audio/units/reaper/deploy_move/Reaper_Yes11.ogg","17330","0c48dccf8e3e4dc545519727666d3e9168e449e0efc5fd7300c2373b48de2c2b"
"app/src/main/assets/audio/units/reaver/attack/Reaver_Attack00.ogg","16992","48b2580849fe7454ca287987873fe47983fac0d297f6d41172cb3978ad2c8d4a"
"app/src/main/assets/audio/units/reaver/attack/Reaver_Attack01.ogg","16201","51dc3cef1f60e2e5ac7cf11d9ec667921095071154a12396f3a1af7b1b842b75"
"app/src/main/assets/audio/units/reaver/attack/Reaver_Attack02.ogg","14412","260217a418edf2cfba3b462e50491b91d50be59a718943cd16f68fdf46b72418"
"app/src/main/assets/audio/units/reaver/attack/Reaver_Attack03.ogg","14845","5b35878de217e2b9eb94d224336ce40b747d98c82c3427151c50a44c8cf4adf7"
"app/src/main/assets/audio/units/reaver/attack/Reaver_Attack04.ogg","15653","2ca336f8aa9eb0ec59f46812d7e2b2f961323c07b687f5be765291ddc48fe7b6"
"app/src/main/assets/audio/units/reaver/chatter/Reaver_Pissed00.ogg","20527","d998e469040f2c5d3ba36a3d28a6ecd1e472fede766cbda5eb98e43467c2e1b7"
"app/src/main/assets/audio/units/reaver/chatter/Reaver_Pissed01.ogg","17729","c3f6674f55d77bdd43272d880d9c197b7534c2a386666c470b07adb67a42b631"
"app/src/main/assets/audio/units/reaver/chatter/Reaver_Pissed02.ogg","23066","6e40ca7795a0d377365891ac789a74df3b60ac57712515518712f53beeeb7158"
"app/src/main/assets/audio/units/reaver/chatter/Reaver_Pissed03.ogg","22214","4564a37034b46c15069c69544eace35e2799ee742c5f4eba63471ce2d8137930"
"app/src/main/assets/audio/units/reaver/death/Reaver_Death00.wav","41532","e46135bfa0b6388c179e33c512d0039d4e0ed4b8deac98ca97dc219fd57aabfb"
"app/src/main/assets/audio/units/reaver/death/Reaver_Death01.wav","47164","5b6d3bef443f5acab382c380f7a1b946abde3453a9fca61e8496333651e8348a"
"app/src/main/assets/audio/units/reaver/death/Reaver_Death02.wav","53820","2b79c7445f4ed47d2c6e13be89c385b8e4b3e8f3ad86ecc802cb75af8fa7629e"
"app/src/main/assets/audio/units/reaver/death/Reaver_Death03.wav","47164","258949fa2a1c9056615ea90e03abb0b7fc7b4caacf4d8fe225af655b2bba3ac7"
"app/src/main/assets/audio/units/reaver/deploy_move/Reaver_Ready00.ogg","23460","cc4ca8c3e7b5506d76894ac59ef63d5ec8119f7966547001f5771b9da3bf4174"
"app/src/main/assets/audio/units/reaver/deploy_move/Reaver_What00.ogg","15906","9a302e57ec01d232afca7e77bfc4a1c67a6576ea1ab988b9124e9841c54b1564"
"app/src/main/assets/audio/units/reaver/deploy_move/Reaver_What01.ogg","19312","c65891b49d950b97873af72a1ba3ca64889c18ad7fc0c2d3fe3439b78e66120c"
"app/src/main/assets/audio/units/reaver/deploy_move/Reaver_What02.ogg","17910","b7685370936730973fe44986b37a31e1dafd7b00738ccccb82fdec07ed8dd037"
"app/src/main/assets/audio/units/reaver/deploy_move/Reaver_What04.ogg","14085","db635cd8effc2a516508b594dc580507fd40ba3de71084e722d358872d51f59e"
"app/src/main/assets/audio/units/reaver/deploy_move/Reaver_Yes00.ogg","16267","462c49e8b2c66017253fd28703cca8e2fbe461aa2164f5658e13b62660539c53"
"app/src/main/assets/audio/units/reaver/deploy_move/Reaver_Yes01.ogg","16621","52632a6e2aaa73b111d211892b1eddf92c6a137ce6dccbb924109687d5781ccd"
"app/src/main/assets/audio/units/reaver/deploy_move/Reaver_Yes02.ogg","20443","38da35ad80ce4d509ec980c0afbc24c8732aa17c506225cae4e1e5fb5d538ffb"
"app/src/main/assets/audio/units/reaver/deploy_move/Reaver_Yes03.ogg","19827","27cebe965a96b18d1ba0210170e8ba1f171025514bb45768f33e6d18b4fc575d"
"app/src/main/assets/audio/units/roach/attack/Roach_Attack0.ogg","29928","0abfc68e1a94022c647079e134dae90e8cc7a4b6bc0f619d80e4d454e83242c8"
"app/src/main/assets/audio/units/roach/attack/Roach_Attack1.ogg","31333","83edb03d5a0730fac5f28b487d4eb10453e4b461307a774408a52005101e568e"
"app/src/main/assets/audio/units/roach/attack/Roach_Attack2.ogg","49559","84de8545cbca8fcde9124424f20648112ddc5c7acd52090bc436443f710f5388"
"app/src/main/assets/audio/units/roach/attack/Roach_Attack3.ogg","34700","9d3b2f1f7a08eb0edb097199cb1562f769d63347282a8c15aabe87b0d087c9eb"
"app/src/main/assets/audio/units/roach/chatter/Roach_Pissed0.ogg","37475","7610e36e9aad87e8dda66f6018ead58dc0f3cf059f421becc5eabad6a6e4913b"
"app/src/main/assets/audio/units/roach/chatter/Roach_Pissed1.ogg","30574","1e97e0c4a0a4ed8d871878c005956cc3fb200303c4a62ffc937cc9d4b8c75a1b"
"app/src/main/assets/audio/units/roach/chatter/Roach_Pissed2.ogg","33473","e4cc6a0781a3297d9a6b5eeb9e10dd443a950867ddb10acc7899fb9df176b445"
"app/src/main/assets/audio/units/roach/chatter/Roach_Pissed3.ogg","27465","f046b22677cf49e55f3445c2e15ae483b3632b0ffda636fe72df5a4cde8db063"
"app/src/main/assets/audio/units/roach/chatter/Roach_Pissed4.ogg","33977","3259375323400e9df9f8d6db9a99ab28b13813ca98179e1b2d552903a688015a"
"app/src/main/assets/audio/units/roach/death/Roach_Death0.wav","17724","9173a945c71eba5ff15ce2d1e4043617e22c75e0bf8939b8f3b9c68ccbf7c92a"
"app/src/main/assets/audio/units/roach/death/Roach_Death1.wav","16188","b38e780a1ef213a8643dbacf8fadb1cdadc271d93fb71a59f776f51957e5c6ac"
"app/src/main/assets/audio/units/roach/death/Roach_Death2.wav","12092","66c20a8af659e60694fffd8c7aa8e84fc9a0c65b0c0d2950029af4c802e4cddd"
"app/src/main/assets/audio/units/roach/death/Roach_Death3.wav","7996","f2589530c166d030afc17c73d0094c52e9fcabc3ab7b4f4e6d887d8e397c1530"
"app/src/main/assets/audio/units/roach/deploy_move/Roach_Ready0.ogg","31244","974887710cca10552f6ac4a21fc6f26e32ed5ed784088775fcec56d1310b5312"
"app/src/main/assets/audio/units/roach/deploy_move/Roach_Ready1.ogg","26406","617374cbe505cb3216cdb04755d5e3542ef305bb5dd3603660850acafa855b1a"
"app/src/main/assets/audio/units/roach/deploy_move/Roach_Ready2.ogg","32299","d95861cbc82ecf2fbdd55874332362ccc12e02bd28ea207e10dcb48e8d5f54ad"
"app/src/main/assets/audio/units/roach/deploy_move/Roach_What0.ogg","22250","1c305fe5ddc18d6912cba8cdb6334bab866ff5dc4b447f8546344f0a105e93d1"
"app/src/main/assets/audio/units/roach/deploy_move/Roach_What1.ogg","23420","780158b35bddfa312c56937fe74e7a01b29b811c9dc5c440042eebe72324f1e2"
"app/src/main/assets/audio/units/roach/deploy_move/Roach_What2.ogg","25254","a18efe8ef4a2e8c2cc514265341f50df3674b771da24e34bf82da536a9e86d51"
"app/src/main/assets/audio/units/roach/deploy_move/Roach_What3.ogg","19336","db4518a08bfe49eac027161b105cbe6b75ec9548d619cdd87336d4cdc4f1145a"
"app/src/main/assets/audio/units/roach/deploy_move/Roach_What4.ogg","16677","abfa3e8aeb72fe5392735b81cb6ef0250cc1e879b47aac5a12e425d3c771d299"
"app/src/main/assets/audio/units/roach/deploy_move/Roach_What5.ogg","24871","d821c5b7d401073ad8fa2496ce0e01134f48e604bb522c66afb2feed77e54724"
"app/src/main/assets/audio/units/roach/deploy_move/Roach_Yes0.ogg","33058","e466cb2a9bced25fefe5605b0b0b25ac04f6135b6f1581ea55715588377947bf"
"app/src/main/assets/audio/units/roach/deploy_move/Roach_Yes1.ogg","31264","88c07d28d3b831be6129f4875c489f264f44d443d64eaf4a7ca60c58b10e67a9"
"app/src/main/assets/audio/units/roach/deploy_move/Roach_Yes2.ogg","29726","4a83a47abaf30b875cd00f5177461439c9989eb1c72f0bf68a0995b27e1e3587"
"app/src/main/assets/audio/units/roach/deploy_move/Roach_Yes3.ogg","43661","f3bcf8771fbb080d2fb0023de613d267708b631b0f07909d8e02099ee97f212a"
"app/src/main/assets/audio/units/roach/deploy_move/Roach_Yes4.ogg","28010","4061b255b095e775dd7ed507b52dcd34b0a6c4bd13a50cb59a11da59beb128db"
"app/src/main/assets/audio/units/science_vessel/attack/ScienceVessel_Attack00.ogg","35513","89eeac2b2459b81ab7cf8e238e12135942a142be359c91860116c9dcd202b57f"
"app/src/main/assets/audio/units/science_vessel/attack/ScienceVessel_Attack01.ogg","39446","9ae5bdbea1804cde1c28ffc0f95e4c33ea27206fc58e306886490a20755b37b4"
"app/src/main/assets/audio/units/science_vessel/attack/ScienceVessel_Attack02.ogg","39426","b91641ddb90bedf9212c42a6c2f3275805f9df46ce3e11c10ef2585e51e3e447"
"app/src/main/assets/audio/units/science_vessel/attack/ScienceVessel_Attack03.ogg","32031","3734d217bf8dfd2845c311b360d78afe1a256431ed611aec826c570fc14328a5"
"app/src/main/assets/audio/units/science_vessel/chatter/ScienceVessel_Pissed00.ogg","61683","c816cb67454126ff46d13076da69494db60b214f837f75d5858ad2420189c1f8"
"app/src/main/assets/audio/units/science_vessel/chatter/ScienceVessel_Pissed01.ogg","94001","f97f9ce9ad0a711b9e7e36fa7d8795929ae0e43b95e756466fcf2bcc41d541ea"
"app/src/main/assets/audio/units/science_vessel/chatter/ScienceVessel_Pissed02.ogg","66318","210a1d1d30c88fb74f587938d60e65f2fb2f2aff3a99e79e5e3e79e4e08e39cf"
"app/src/main/assets/audio/units/science_vessel/death/ScienceVessel_Death00.wav","121916","a23fd3994a875fcb257256cac6e7dec3ee204ce826964675f331f894df180c3c"
"app/src/main/assets/audio/units/science_vessel/deploy_move/ScienceVessel_Ready00.ogg","38698","426d702318246a22e5dbbd23661a27fe0c659a2070ed27ae208fe20df69fad8b"
"app/src/main/assets/audio/units/science_vessel/deploy_move/ScienceVessel_What00.ogg","42825","ec748a403d242b75570d8ea3e46f5558a4d2956a1bdc366064308577e97bee67"
"app/src/main/assets/audio/units/science_vessel/deploy_move/ScienceVessel_What01.ogg","36434","f49002041f411157bba3227c05aaa202d71e71ad918c4273669559690c062d6e"
"app/src/main/assets/audio/units/science_vessel/deploy_move/ScienceVessel_What02.ogg","36012","cd8af096fcebab0c807f80b697914200b1e51e56531d2a6cf031b4c9aec74fd3"
"app/src/main/assets/audio/units/science_vessel/deploy_move/ScienceVessel_What03.ogg","33376","59ae84969db0582ca196a64d620e1bdaf1c8609c564d4453b4c90780097f2e12"
"app/src/main/assets/audio/units/science_vessel/deploy_move/ScienceVessel_Yes00.ogg","32576","ab8fb5424f3cc047345a6858567c8d3900bdddec6a501fcbbf54434d06a97850"
"app/src/main/assets/audio/units/science_vessel/deploy_move/ScienceVessel_Yes01.ogg","35828","0ea03c141e38fb2b6823285d84f812ec4b1c8ed2928d44a935201d297c7b5dbc"
"app/src/main/assets/audio/units/science_vessel/deploy_move/ScienceVessel_Yes02.ogg","35441","920604901609e6ae1b9e1482c446a6ef78c8d6a6edb15e833edd5a48da5e345d"
"app/src/main/assets/audio/units/science_vessel/deploy_move/ScienceVessel_Yes03.ogg","33409","f5a02090fe3dfdfd0977d34cfa595d9b8897c574f86127c5039e8198f5c8ba82"
"app/src/main/assets/audio/units/scout/attack/Scout_Attack00.ogg","45639","bf8151ee4e60605235fd71f626cf7e28f8697d24bc61ff5f9870379e1478a371"
"app/src/main/assets/audio/units/scout/attack/Scout_Attack01.ogg","44596","171fa8880489339e7f0130e2c9590d2cb23edf87b0ee19c61de2681d2d27e10b"
"app/src/main/assets/audio/units/scout/attack/Scout_Attack02.ogg","59087","4cb5f047ef3195ac5b4a9bca3585e280a0e1e79c48d735721c149c5b7a20f09f"
"app/src/main/assets/audio/units/scout/canonical/325d908c4ae31955__Scout_Ready00.ogg","47214","325d908c4ae319550d26b3626a30a0f7264319b3b25d4708686ae65150213a31"
"app/src/main/assets/audio/units/scout/canonical/53af8738cd535aac__Scout_Death00.wav","102716","53af8738cd535aac11ca16faaf1a0cf7a225c87888e575cb5c3e04850777e50d"
"app/src/main/assets/audio/units/scout/chatter/Scout_Pissed00.ogg","47437","d1109c20f6d30643e278108acec51e28446b157ee482df90e2d326ced99176a4"
"app/src/main/assets/audio/units/scout/chatter/Scout_Pissed01.ogg","38289","2e6764945654441204b963f742f411d3ffabffaccc537aaceaf1b71ad3433b7c"
"app/src/main/assets/audio/units/scout/chatter/Scout_Pissed02.ogg","65185","d5341ebc8a6608d119abd57f06cf48dbc2a563284f7205fd057861aeafed0c9c"
"app/src/main/assets/audio/units/scout/chatter/Scout_Pissed03.ogg","46088","815f16182ed1380575a223e819ef8c081c10ce4a67335a121586b0e04303cbde"
"app/src/main/assets/audio/units/scout/chatter/Scout_Pissed04.ogg","46494","02a5860940825a4a0e98b00653c7533a0f5ea2b0d5999ee5e54cb2dcb897cd6b"
"app/src/main/assets/audio/units/scout/chatter/Scout_Pissed05.ogg","73126","0cb4c548bf9c6aa859d58d301839cd5796f56756d4fc6bafda1dbc6f7f073276"
"app/src/main/assets/audio/units/scout/death/Scout_Death01.wav","44348","e26f69187a46a1cb65c03f13c8464811eed0d297f5309507e1abffa805710628"
"app/src/main/assets/audio/units/scout/death/Scout_Death02.wav","30268","0ec00f023e9e046a8352d2251dcbda42a94af673623e2d929bcc53ce72ffa5be"
"app/src/main/assets/audio/units/scout/death/Scout_Death03.wav","34108","a284485a79628d972e8cbe729c4ea3a2f6b246a2fd7870c56fa07df3397dd4c5"
"app/src/main/assets/audio/units/scout/death/Scout_Death04.wav","32572","714657dc1f92341a5c269baead685f049648ee7d318c4ccdd9b64119f4e0aa30"
"app/src/main/assets/audio/units/scout/deploy_move/Scout_What00.ogg","34451","167dda8f8bfce89cf665f5de40461d74f0f13468370a890ab76cdee81cf2a66c"
"app/src/main/assets/audio/units/scout/deploy_move/Scout_What01.ogg","34971","68bab1a91b3b5ac21f24b2c51a35afbf7ead9f15df2fa936d13b8fa89189569a"
"app/src/main/assets/audio/units/scout/deploy_move/Scout_What02.ogg","31538","820757f19b0b2c40eee48316208df4e0b33be05d5b9cb8481fecb97a4aaebc3f"
"app/src/main/assets/audio/units/scout/deploy_move/Scout_What03.ogg","32286","bbc0014c10b92a6b388e98223877f20d9f6db5aa1ac330604a41d79569bb595c"
"app/src/main/assets/audio/units/scout/deploy_move/Scout_Yes00.ogg","35464","f0e26a6ba5fe7ce2f86e400cb424595651574d2b6485d8e7372b49406d1a95bd"
"app/src/main/assets/audio/units/scout/deploy_move/Scout_Yes01.ogg","30131","85c3c615b3aa6ca77508207f6ad2702c821ae6dc38eea4c72ec4a69050c6fe9e"
"app/src/main/assets/audio/units/scout/deploy_move/Scout_Yes02.ogg","36251","f36c02d22f14b2e695911a0a2e83f28f6a8878b8eb9e8f50d536e63234ff9f27"
"app/src/main/assets/audio/units/scout/deploy_move/Scout_Yes03.ogg","28699","8225ac06fdc41fa83e8d6b269aaaaaf9c38b9a6e292e8fdf8a453e4d6d71231a"
"app/src/main/assets/audio/units/scout/deploy_move/Scout_Yes04.ogg","36219","37fa5e99ff9f4a8be509d3fc325b223cf64d798a99c33c3715670a079a45e4bd"
"app/src/main/assets/audio/units/scout/deploy_move/Scout_Yes05.ogg","40823","f2424a40795065c92c7954c36341b756c366d8a4613e0e15d940461fe8f5d7a1"
"app/src/main/assets/audio/units/scv/attack/SCV_Attack00.ogg","26030","7b8e9dbdb9bbaa7a8e6ea75bb5bbce9e460c64c083c35af3374cec76a4ef2f45"
"app/src/main/assets/audio/units/scv/attack/SCV_Attack01.ogg","36553","9483eadd5b4c83f163118aea442428d9b205097eb69af2f37e64aa21706c19b5"
"app/src/main/assets/audio/units/scv/attack/SCV_Attack02.ogg","35258","00fb4037b922c2c08e92b06efdd664f47c83e07e9e4ca99e7cc1e529b7bfa1cc"
"app/src/main/assets/audio/units/scv/attack/SCV_Attack03.ogg","32381","4f4c625f7d5abae356d20efbe9d8a36b105817f72874f043c31badc13fa249f3"
"app/src/main/assets/audio/units/scv/chatter/SCV_Pissed00.ogg","76604","5cf85c6ee5db3477720465d7836e4a84d72a22c94291c5a55606e9a7bf4a9d82"
"app/src/main/assets/audio/units/scv/chatter/SCV_Pissed01.ogg","134235","e875f49a5465a6606ef52b38042d1d8277ca825a1c389c227e81b9b5fec753f4"
"app/src/main/assets/audio/units/scv/chatter/SCV_Pissed02.ogg","70606","14198c5e8db71e8228d4f1dba2817ef48aa7c179525a1c03eb43590c91219b8f"
"app/src/main/assets/audio/units/scv/chatter/SCV_Pissed03.ogg","59430","a7645abd0fabd8547b74b6e55fd3183d0d782e2ed7e69d71115c28ea5b982a24"
"app/src/main/assets/audio/units/scv/chatter/SCV_Pissed04.ogg","62413","9639e056efc7e5636307103f9bbf54bc57ad8459545bc88d5fa1dc7d6725f74e"
"app/src/main/assets/audio/units/scv/chatter/SCV_Pissed05.ogg","85639","f53597671d04208fe355abe4c110f43dbf2376624266d8e7f6c97c3434a12e6f"
"app/src/main/assets/audio/units/scv/chatter/SCV_Pissed06.ogg","57841","106e1aafd64523ad102fab94203c0f859f6a3d85192b3d9d10ad0e333f60b533"
"app/src/main/assets/audio/units/scv/death/SCV_Death06.wav","24380","2251c780d94afd338ec6be09cfa2b7c20811c0aa416fddf81d10de58588b3606"
"app/src/main/assets/audio/units/scv/death/SCV_Death07.wav","21308","35fadd47763dd699143493955520e92ff924983f9fecbc9661e9e881a7d65724"
"app/src/main/assets/audio/units/scv/death/SCV_Death08.wav","22332","38d114c3ef3dbc0eaf6c009df052e95eaf40b8c45b6c96eeb8f6199ad9789bca"
"app/src/main/assets/audio/units/scv/death/SCV_Death09.wav","26684","c08f952402a2ca32e41a561c7f131dac92487cfd52cd866b3b7b1b92e989b968"
"app/src/main/assets/audio/units/scv/deploy_move/SCV_Yes09.ogg","31872","ec7bd434446b325dc5cf00a8628c690ece81c2428a2797fb99fed4a429611dbf"
"app/src/main/assets/audio/units/scv/deploy_move/SCV_Yes10.ogg","24530","ed9fda8d8e4cea365bf0a5251a3513f95dc81325cb97bcd5907e09bf0144a7a5"
"app/src/main/assets/audio/units/scv/deploy_move/SCV_Yes11.ogg","26819","5fcdf4d0ac1bdcb2eadec606a7f0da6b24e0fc331e5b247c80553bf011e892a0"
"app/src/main/assets/audio/units/scv/deploy_move/SCV_Yes12.ogg","27686","fee286f5092f23bb4062429bcba40fd90f5f0ceb744a155f84d620cddb41698e"
"app/src/main/assets/audio/units/scv/deploy_move/SCV_Yes13.ogg","16846","a639fdf83dd943687eec87e5658dcaf46dd23ab91ef292c44b727412f3ad147a"
"app/src/main/assets/audio/units/scv/deploy_move/SCV_Yes14.ogg","21788","ce888d4ec4e1f03db0e898623b5a7ebe559c12af4f513a72f1a19d049ca80f2c"
"app/src/main/assets/audio/units/scv/deploy_move/SCV_Yes15.ogg","19379","1914d31ce7d88b91a3c1eb842c7fc243c750653573521e16f9d6e1a9a762e728"
"app/src/main/assets/audio/units/scv/deploy_move/SCV_Yes16.ogg","14262","381fe9676f6422f6f3c09ac2694c0ffaeb8b043815af2dc820d256ef45ad73d4"
"app/src/main/assets/audio/units/scv/deploy_move/SCV_Yes17.ogg","22300","b8481b45b0ef8180b5c86e1c3c3ab6f619951aa7ce68d8fa4e5540ad5f5fc3b6"
"app/src/main/assets/audio/units/scv/deploy_move/SCV_Yes18.ogg","20055","6c1b5e7da54cd7969d36debc24dc231cd835930a0273c283008b347506b3ea61"
"app/src/main/assets/audio/units/selendis/attack/Selendis_Attack00.ogg","29914","d3513f599c6d8d582e7f8b1178169c54fae2358700f6be5c783a7c5027923bdf"
"app/src/main/assets/audio/units/selendis/attack/Selendis_Attack01.ogg","28173","8fb80b7dca6d5ab6b951d3c57dc62326457180e1d7cf6298de30cd8f077a89dd"
"app/src/main/assets/audio/units/selendis/attack/Selendis_Attack02.ogg","33143","e69143e165af97a913a6be7304a66c4bbb1567f90216a8ad17c300852d931766"
"app/src/main/assets/audio/units/selendis/attack/Selendis_Attack03.ogg","24677","8c2bc9f6fb9a80b3faf32fc3a4665a393b441090a84ef714a30c8da08eae378c"
"app/src/main/assets/audio/units/selendis/attack/Selendis_Attack04.ogg","24884","a6bd5db4cc4101f1069b8d395a749c3d7fb02b3751ddcfc2a8ee970392bb758e"
"app/src/main/assets/audio/units/selendis/chatter/Selendis_Pissed00.ogg","40222","efba9436f933ca60b87bd2a9c405a6d091d076a7e7be62b74e74a36769fec5eb"
"app/src/main/assets/audio/units/selendis/chatter/Selendis_Pissed01.ogg","39968","8f57fee576657d6ef476dc988c9cdadf542bf3f2b23b8a834f94ebd07d759803"
"app/src/main/assets/audio/units/selendis/chatter/Selendis_Pissed02.ogg","42808","309025edeb1b2b1714d97b4d1aff35e953de2b0d100e6629e6fe954a52361bfb"
"app/src/main/assets/audio/units/selendis/chatter/Selendis_Pissed03.ogg","46939","dc89317082a57e95302782f3c67805a1620ad78f3cae5d14ef7f329207796796"
"app/src/main/assets/audio/units/selendis/death/Selendis_Death00.wav","56636","f2bb9d624887cab52c5c293c55e15dab18600ec3c160911e920d8a673153c95e"
"app/src/main/assets/audio/units/selendis/deploy_move/Selendis_Ready00.ogg","38505","e9b2c94da229bc3a1ac93f743757d6f63b7defaf95cfebf373fd01f891568e93"
"app/src/main/assets/audio/units/selendis/deploy_move/Selendis_What00.ogg","31745","321a989c1e9798a8a7f89cfa4b0ed26b0d8d6e383dfffb40e3eebdf9d5e2cb76"
"app/src/main/assets/audio/units/selendis/deploy_move/Selendis_What01.ogg","43178","95bb93b728d6382782e68cbb17ea6a15dd82a710da68c9f8f7c69f7450a33d6f"
"app/src/main/assets/audio/units/selendis/deploy_move/Selendis_What02.ogg","49553","74129f30444f8dd2214a68cc9d5ad62243428d01652b215b1b2eefb764fbedb2"
"app/src/main/assets/audio/units/selendis/deploy_move/Selendis_What03.ogg","41864","91218f553be4ff0f71cc6a1c3d6615ec16454b69013de6b4af303ef67552b069"
"app/src/main/assets/audio/units/selendis/deploy_move/Selendis_Yes00.ogg","28073","91e72711f43855a0689637904d2cebd18cac85f4b6eacbed64367ad9c3cb8d3f"
"app/src/main/assets/audio/units/selendis/deploy_move/Selendis_Yes01.ogg","32696","a8ca60749924cf9e0fb71ec5525d6cc4493a2a8cbbe3d445818e9c140e4ab0e0"
"app/src/main/assets/audio/units/selendis/deploy_move/Selendis_Yes02.ogg","21954","9b63f89aa21aa132dde9cc7959ed427aa8616f7dd2d0faef7a256ec9c3ac1e84"
"app/src/main/assets/audio/units/selendis/deploy_move/Selendis_Yes03.ogg","22150","e6dee0d27d25b0c6d574b2c2b771ad302d23e5b678ea1c9ebe4b29ba1fa06b53"
"app/src/main/assets/audio/units/selendis/deploy_move/Selendis_Yes04.ogg","32200","bb8f4283ad4033b025c97b3db0c9d8868554fe86d23a746d6f0651cbe1f923d1"
"app/src/main/assets/audio/units/sentry/attack/Sentry_Attack00.ogg","28269","5b82287d9bf18b60e7792a2310c5ba74a222703eb82e0ec6700c0198833787e3"
"app/src/main/assets/audio/units/sentry/attack/Sentry_Attack01.ogg","28119","5b31cf0ffca1765bddb33d8242f8e2cbe6aba007c6548c81556c4ddfe1bce9ce"
"app/src/main/assets/audio/units/sentry/attack/Sentry_Attack02.ogg","29059","ce778da9b0e677110a89a29556a6a0ec3f389515d293a71ba184b63ee402d593"
"app/src/main/assets/audio/units/sentry/attack/Sentry_Attack03.ogg","28227","7a00ccd983f1ce4d48dfac7aa8325bbe5f6464ad59b2ddab5bfdd3441302fee8"
"app/src/main/assets/audio/units/sentry/attack/Sentry_Attack04.ogg","24852","95d990c2fbf8a8af16756aa075fdb7abba519073133d62224c06c5907baf1692"
"app/src/main/assets/audio/units/sentry/attack/Sentry_Attack05.ogg","25569","0265efec8b71e3a21f60bd4fd484fc47b734f2fb503627a60c4c087e43d95b1c"
"app/src/main/assets/audio/units/sentry/attack/Sentry_Attack06.ogg","30543","13e84dfe578515ed659978dd33f3d53e4e7855641361d8aa580e991a33608a2b"
"app/src/main/assets/audio/units/sentry/chatter/Sentry_Pissed00.ogg","46978","7b1a6c5142ce876208f57f28fda96fbad7e5bb8f68bbef304f8ac1a53111e78e"
"app/src/main/assets/audio/units/sentry/chatter/Sentry_Pissed01.ogg","46871","04fd2b2f90db27c15d54da7e95e9e6443e0ca6f876a07a801a89534093cf4c45"
"app/src/main/assets/audio/units/sentry/chatter/Sentry_Pissed02.ogg","31850","0bac258fab37567927f09dceef7b03dd5dbeab710f4715de3476dd54152d8efb"
"app/src/main/assets/audio/units/sentry/chatter/Sentry_Pissed03.ogg","29139","667b7105d9aa45ed9454f53caf7aacc048c797404683abca4ef660db8ac604b0"
"app/src/main/assets/audio/units/sentry/death/Sentry_Death00.wav","61500","b46245d33db0cac1e84614bfc4e35227ef577b0768b9568717997b6808533901"
"app/src/main/assets/audio/units/sentry/death/Sentry_Death01.wav","61500","ae0b1c1c4b5e6f05133d074e997915ca70d9abb8a44339344dabdb8887bea214"
"app/src/main/assets/audio/units/sentry/death/Sentry_Death02.wav","74300","7ece7dc2472ec8539e74e810b92746455a110e23247981723a7d12116755c561"
"app/src/main/assets/audio/units/sentry/deploy_move/Sentry_Ready00.ogg","66838","e97931d6fd7c482a0c45bea4e594c6d5904ab61a619e0dc0237c1b0380cee4b5"
"app/src/main/assets/audio/units/sentry/deploy_move/Sentry_Ready01.ogg","65270","0c8078b7162ebb165fad000097c52dfa31f73b0f6b8730ec7e5d9c43017e25ce"
"app/src/main/assets/audio/units/sentry/deploy_move/Sentry_What00.ogg","34222","48f2c31a9c753d0ea578e687ce0506219b4efa881e9647777210364289af61f6"
"app/src/main/assets/audio/units/sentry/deploy_move/Sentry_What01.ogg","33598","a0fd79454dbb542fbe9692f279e9883843b69137e422f8e987ac5f5ba45570aa"
"app/src/main/assets/audio/units/sentry/deploy_move/Sentry_What02.ogg","31988","50491a973527fd7dcc91352bfc051e025d85110b8f84daaee70adef398f92bcc"
"app/src/main/assets/audio/units/sentry/deploy_move/Sentry_What03.ogg","28549","17cee3cd654ef5f8eca1c7c48006cd48fdaca20795e08dd0c61b2e45312534ec"
"app/src/main/assets/audio/units/sentry/deploy_move/Sentry_What04.ogg","40742","6aaf9a137813899aa0c53428df6733203b67fb2941fd4649a84ff3827a48009d"
"app/src/main/assets/audio/units/sentry/deploy_move/Sentry_What05.ogg","43389","b9bb893fbc62c7b86c694c6ba7890b3f914ba2fc23e4cabf4fd5869f60e77e57"
"app/src/main/assets/audio/units/sentry/deploy_move/Sentry_Yes00.ogg","45253","7efdc136d739f51c37415ada1a893a37a25fceb428103c9467d16a20772af73d"
"app/src/main/assets/audio/units/sentry/deploy_move/Sentry_Yes01.ogg","61637","7b626bb530dd8a4c53eab3df2ae457afc7659768360e6542b5a68632a9f11d6b"
"app/src/main/assets/audio/units/sentry/deploy_move/Sentry_Yes02.ogg","41986","468950f5630c56b5c1d6f12e3a50676f62742026cde089a57933d2981061ea8c"
"app/src/main/assets/audio/units/sentry/deploy_move/Sentry_Yes03.ogg","65237","738b0f56bb6e0167e5d1bace3e34c2573605a96c2328fce13683731e62b4ee29"
"app/src/main/assets/audio/units/siege_tank/attack/SiegeTank_Attack00.ogg","49664","cdf45602a14515a1ec72477c1bffed8a18256bfe3050e105e5732160c00ffef6"
"app/src/main/assets/audio/units/siege_tank/attack/SiegeTank_Attack01.ogg","49296","cd2805681f506cce68f54a1f567b805deaf247aedab3594451877b0ab8368203"
"app/src/main/assets/audio/units/siege_tank/attack/SiegeTank_Attack02.ogg","47409","329c0fe82ca20053ce81a9642694fe7820a60a5ff595bb0442406e9e79edb834"
"app/src/main/assets/audio/units/siege_tank/attack/SiegeTank_Attack03.ogg","44718","34ce52e410c366d675b7b692535990785c1d5372a05c1394b577bde4a3eed1b8"
"app/src/main/assets/audio/units/siege_tank/attack/SiegeTank_Attack04.ogg","43884","e5b9a5c1acea7712aada5be3c30994d52c0c876ecca1ff6eedc6adca10c19bfc"
"app/src/main/assets/audio/units/siege_tank/attack/SiegeTank_Attack05.ogg","43013","c97faad16a1c64a94a91369a6c1c16d795f5fa478938434a0d5171939cba2a58"
"app/src/main/assets/audio/units/siege_tank/attack/SiegeTank_Attack06.ogg","54519","0d543d40c129909a8ea807b6fbb8dad32267cdd5d6675c94ce7733ed4ec40608"
"app/src/main/assets/audio/units/siege_tank/attack/SiegeTank_Attack07.ogg","43446","613415dff1a85abb7f8fbfbd071676c8246fa22b20eea1ee772b19253caa63eb"
"app/src/main/assets/audio/units/siege_tank/attack/SiegeTank_Attack08.ogg","43379","c7ca7ae091eaae5117eaae654706e40c90503e248b739f1e7f8ad95b0d433b50"
"app/src/main/assets/audio/units/siege_tank/attack/SiegeTank_Attack09.ogg","39704","0bda9c8c5e8db560b902b226343580e167d8739c3ed67f4d9c8f5bee54f56251"
"app/src/main/assets/audio/units/siege_tank/canonical/5ba2110701726c02__SiegeTank_Yes00.ogg","40719","5ba2110701726c02754d8030d1dc8e28f4205eb5380dd87b1697f3d24b8b2e95"
"app/src/main/assets/audio/units/siege_tank/canonical/780ebb517abf5569__SiegeTank_Death00.wav","76604","780ebb517abf5569e9e1d97f4b7e0da6ca1bceb3f5840ef8fc641e0c92621231"
"app/src/main/assets/audio/units/siege_tank/chatter/SiegeTank_Pissed00.ogg","60958","7a16f3521503888fcd0a582bc829b52dc44078c1528b5a17570bcb362991d9c1"
"app/src/main/assets/audio/units/siege_tank/chatter/SiegeTank_Pissed01.ogg","49746","30db179befc81f2caa51e186f2190f6a665a878ff104b97298a4ccd8dfb1e918"
"app/src/main/assets/audio/units/siege_tank/chatter/SiegeTank_Pissed02.ogg","62050","bd1c6086eed838d2dc27e9f0cfe2234c50902733ee5cae8afe2e8725539eeb17"
"app/src/main/assets/audio/units/siege_tank/chatter/SiegeTank_Pissed03.ogg","70680","aefe3ae5eee975b53a765f692a0eca6befa7f31cba53aca14a79d3b29f9edf01"
"app/src/main/assets/audio/units/siege_tank/chatter/SiegeTank_Pissed04.ogg","67546","81ac2dc856c20871e9a0cdd60bd31e42232980d739bc4a012e581e1e95a6b93b"
"app/src/main/assets/audio/units/siege_tank/chatter/SiegeTank_Pissed05.ogg","48027","5edaf685b2666749e8f72293eec82bddd32e34c7c9365e449bc0ec6cdb2cf437"
"app/src/main/assets/audio/units/siege_tank/chatter/SiegeTank_Pissed06.ogg","149858","4cc1d148671766297ad52e01b8d565b41bbdaa3f3dc5da3a7976603c40e165b1"
"app/src/main/assets/audio/units/siege_tank/chatter/SiegeTank_Pissed07.ogg","62623","98f0db93e7b24fdebfac513438ee1dcd4dab09a9004a3b138c06cb79227a9a5a"
"app/src/main/assets/audio/units/siege_tank/chatter/SiegeTank_Pissed08.ogg","69987","ab900a34847799d9a7534ebde2af6968943c79526cf0dd9a504ef559b6fa1761"
"app/src/main/assets/audio/units/siege_tank/chatter/SiegeTank_Pissed09.ogg","131111","4a3aa3d4a8bbfd26222ec4ec910a86bea1e39b4d58d3fe8c58d9346185c55613"
"app/src/main/assets/audio/units/siege_tank/chatter/SiegeTank_Ready00.ogg","40541","87d6eeae70f1f766147d6d221c8a9451cc2c574c934512db3c1f0677806e1195"
"app/src/main/assets/audio/units/siege_tank/chatter/SiegeTank_Ready01.ogg","42360","b91df68dbc83a73eb379c629b5589219335e0a79e36aee45ffaadbe8c07c785e"
"app/src/main/assets/audio/units/siege_tank/chatter/SiegeTank_What00.ogg","28943","6db0b681d074e5fc3aa8281f13906e5dcd512ffc8a0421fb1719e5d0089851b7"
"app/src/main/assets/audio/units/siege_tank/chatter/SiegeTank_What01.ogg","29710","332cedf36489c789997374bc848e42c5079838f5465ba52e4b7931e10add18b4"
"app/src/main/assets/audio/units/siege_tank/chatter/SiegeTank_What02.ogg","29587","9d4f761658d133da3032f07c7ee8777fc8544c759e8f66cc534e79fbdbcb3155"
"app/src/main/assets/audio/units/siege_tank/chatter/SiegeTank_What03.ogg","28988","55fafd883aaf27261a54f1edd90f7bc71b2d2760ebf28413508f765c8db41628"
"app/src/main/assets/audio/units/siege_tank/chatter/SiegeTank_What04.ogg","30988","9dc9fa7e842605c8a1c349f5274f4cee6ec05644e7b5ff803f8afe1770e7ab19"
"app/src/main/assets/audio/units/siege_tank/chatter/SiegeTank_What05.ogg","40385","d53edee2d86c4ce0ba1f9cd0147f44c2eeea3c534220226b0a1de399805ac512"
"app/src/main/assets/audio/units/siege_tank/chatter/SiegeTank_What06.ogg","31571","a899aac8b4e3e920e3b19d8be5465fafed0e901240f8729cf7c096791a4cb31f"
"app/src/main/assets/audio/units/siege_tank/chatter/SiegeTank_What07.ogg","36860","7cde4a9446deed3ef55f7d64454a60c7977bdaf0b3b4bef1bb44cc381c2f8386"
"app/src/main/assets/audio/units/siege_tank/death/SiegeTank_Death01.wav","58684","699ee02a49c1da87a0c3d3daafe943d57caa2406bb74660aee2284438fbd2ca9"
"app/src/main/assets/audio/units/siege_tank/death/SiegeTank_Death02.wav","59196","9791e115a6c808e102e9f69da7cda07f3b6adfc2f753cc9906493c995f7632f2"
"app/src/main/assets/audio/units/siege_tank/death/SiegeTank_Death03.wav","53820","0d41f1463bfb6bdbede649e94670acf0d5aaeac8090396c97eb697ddb088328f"
"app/src/main/assets/audio/units/siege_tank/death/SiegeTank_Death04.wav","28732","97a456843d68358fc557d6b2013ac187664535ee98256d5a77b481530cb987b0"
"app/src/main/assets/audio/units/siege_tank/death/SiegeTank_Death05.wav","27196","4ccf72320306c570698a5fd2cdd35b3d66d470fb893404b4928de655485fe20a"
"app/src/main/assets/audio/units/siege_tank/death/SiegeTank_Death06.wav","27196","b92c60b5b52560372a3b7ffcbc4c4516d49eb45d02fc1c2bfc5a1602b7badea4"
"app/src/main/assets/audio/units/siege_tank/deploy_move/SiegeTank_Yes01.ogg","47212","d3b444d095266bbfea7b62d00414a924d7dd0fa8ac82057f324f728e738e3acc"
"app/src/main/assets/audio/units/siege_tank/deploy_move/SiegeTank_Yes02.ogg","44740","1dfc05c08dc8fc8262d34ce1d7dbffdafba76e550e0652c3722d08962fce14b8"
"app/src/main/assets/audio/units/siege_tank/deploy_move/SiegeTank_Yes03.ogg","36861","a5a0df1ed693c46beb10bf70248392eb3eb938b1c6d1861aab7cb24fb0b5490e"
"app/src/main/assets/audio/units/siege_tank/deploy_move/SiegeTank_Yes04.ogg","33494","2e21e3a6c1b5c941050a8f24cc05262a698792b2ec74f5ca12fb85d842647e79"
"app/src/main/assets/audio/units/siege_tank/deploy_move/SiegeTank_Yes05.ogg","34441","e23eb9b2fd7f02ed0cb0b8322e15bf24384647cb75b48659213077af0b7ab411"
"app/src/main/assets/audio/units/siege_tank/deploy_move/SiegeTank_Yes06.ogg","43630","cd97f9f10725b311c7d87ad46198c12b8b7520745d590dfd6fb74deee740a201"
"app/src/main/assets/audio/units/siege_tank/deploy_move/SiegeTank_Yes07.ogg","48477","659551ccca082e944377cc17971530de4e7f46d7cac05214b9c205d686f90884"
"app/src/main/assets/audio/units/siege_tank/deploy_move/SiegeTank_Yes08.ogg","47220","6e9d0aa74104e65ba9358f50e8c46062ff9879fea409719eb6b56f69aca5a72b"
"app/src/main/assets/audio/units/siege_tank/deploy_move/SiegeTank_Yes09.ogg","32678","18721694e64d643fe5bf65bb3dc48ef1806fb280743a29ce902980f25cc888d7"
"app/src/main/assets/audio/units/siege_tank/deploy_move/SiegeTank_Yes10.ogg","43728","4eb9200c7d787b21bf088de90dc91c9aa78ad08d2186aa528753d1985ef6cbb6"
"app/src/main/assets/audio/units/siege_tank/deploy_move/SiegeTank_Yes11.ogg","43418","016c8905a29b14c24bb32c466eadbeffddb76273bc534630412dfdc14eab891e"
"app/src/main/assets/audio/units/siege_tank/deploy_move/SiegeTank_Yes12.ogg","48540","0463f472cb7c1f0b04898fe5236251358693002734fedb9e8b59c3bd67242873"
"app/src/main/assets/audio/units/siege_tank/deploy_move/SiegeTank_Yes13.ogg","49041","98b9e0909bab79e952b9c8926d914228b8f9f5e8ef9388d86ad28ec219f75118"
"app/src/main/assets/audio/units/siege_tank/deploy_move/SiegeTank_Yes14.ogg","36861","a45ade7f5ae7329a8c2c6989e3abeca7977557a28a8b3708a4983912e58eaa73"
"app/src/main/assets/audio/units/siege_tank/deploy_move/SiegeTank_Yes15.ogg","42858","52e7f213f9a3d556d8beb893a737208abc104df8f74f683aeac548939951ac50"
"app/src/main/assets/audio/units/siege_tank/deploy_move/SiegeTank_Yes16.ogg","41616","0373a67d7eb32d05a0eedbb4f6407c7ceb86bf853ca1dc3a0949687a3d9308d8"
"app/src/main/assets/audio/units/spectre/attack/Spectre_Attack00.ogg","24798","6ff6fe2fd0000bb4cb501226598a402a032006c99776d466d8e8a82d6839575f"
"app/src/main/assets/audio/units/spectre/attack/Spectre_Attack01.ogg","16004","96bba6fad356f9ea070b6cc9b19059466d61695139075a3b0916ba7188ea7b46"
"app/src/main/assets/audio/units/spectre/attack/Spectre_Attack02.ogg","15029","cf2bc42357f398b224089ba6c0bed14b0ab0b13e737591a654d5dcd6a1a17570"
"app/src/main/assets/audio/units/spectre/attack/Spectre_Attack03.ogg","24165","84ec3adcb4aacd74c9cc1eed561b2f876c2c35136e1d34e7492e05b344c52030"
"app/src/main/assets/audio/units/spectre/attack/Spectre_Attack04.ogg","30309","a558d6be718dc242484762345ff6606c0926d77861c9c6cf082ad1f98231c2f7"
"app/src/main/assets/audio/units/spectre/attack/Spectre_Attack05.ogg","21460","77134ea86b445f237686395f3442e85f3f13dea1eee93edac0e2807680c564ca"
"app/src/main/assets/audio/units/spectre/attack/Spectre_Attack06.ogg","30674","31e6be02c31d28c0a18ba18407170090adada55b410aa06699d377a856546392"
"app/src/main/assets/audio/units/spectre/chatter/Spectre_Pissed00.ogg","153657","47d0c6954de6e109f3461b8a49f05ae3f77967ae3ac41ed245aa7f8d713d01b5"
"app/src/main/assets/audio/units/spectre/chatter/Spectre_Pissed01.ogg","71796","51b686782bd3e1045796cf97b91b7043f53ae54de9964abf9e7c6050bf4d33d2"
"app/src/main/assets/audio/units/spectre/chatter/Spectre_Pissed02.ogg","38051","17b5dc4a967958099670619a5bec2d6ee6b97e1fc57861a2c675a67d45d04b23"
"app/src/main/assets/audio/units/spectre/chatter/Spectre_Pissed03.ogg","194054","4978e1307f1d909fb84fe00ac30cc52cb6113c43effc4b5638c858f72e5d2ec5"
"app/src/main/assets/audio/units/spectre/chatter/Spectre_Pissed04.ogg","187422","67b91e3eb42661c622b302e948d52b1b56e3a9cf7d57bb6c8c9f261b7959c8f2"
"app/src/main/assets/audio/units/spectre/chatter/Spectre_Pissed05.ogg","47820","6215724ceda94233f2bed3bb095173d8815cddf699b1402a039382eba2a39e69"
"app/src/main/assets/audio/units/spectre/death/Spectre_Death02.wav","35132","9637567dbcec3e3e0f90e0bfdab464cad2e4ee1b6b40f20377e4ffad6222eb84"
"app/src/main/assets/audio/units/spectre/death/Spectre_Death03.wav","23356","58a88552081de3a9fafcfd260bfe7e506d76512082b8d7442c62765fa971c929"
"app/src/main/assets/audio/units/spectre/death/Spectre_Death04.wav","21052","0ea2412281e00c387524c6f5d9980771bef8ce851adea82157ae434bf2247d99"
"app/src/main/assets/audio/units/spectre/death/Spectre_Death05.wav","21820","d1bd23c7331e378be1580a787c77fe1b2c3339d0fc312a53a837699717998bda"
"app/src/main/assets/audio/units/spectre/deploy_move/Spectre_What02.ogg","17825","c5e0d1206277222e31650b6bada6215fa63627a23115522d0bc75fb050fb83b6"
"app/src/main/assets/audio/units/spectre/deploy_move/Spectre_What03.ogg","23483","47bfee9f9f8baae83729c866b22e56d96b5bcd1452d0b58d9d5f22860b0ac30d"
"app/src/main/assets/audio/units/spectre/deploy_move/Spectre_What04.ogg","21782","77790b1914dd476f2e8653c346a694afade4140e26e19846e7f62e0b8917751f"
"app/src/main/assets/audio/units/spectre/deploy_move/Spectre_What05.ogg","23512","6fb34d57fdeac4157bc40e401814bcdf09d9b5dd6c5827d81fb8f2f69e1a4699"
"app/src/main/assets/audio/units/spectre/deploy_move/Spectre_Yes00.ogg","29283","c11aca2091c6d67a983e101a3e8848c031578f3be25a9e522d7819a063612476"
"app/src/main/assets/audio/units/spectre/deploy_move/Spectre_Yes01.ogg","31548","e851a01363944a25ea5aa37248d64d20671ae5a7012cf759d6153c5fa675042b"
"app/src/main/assets/audio/units/spectre/deploy_move/Spectre_Yes02.ogg","23303","7efa5768d2139eab6f82a89855d450cc8e42d755ec4259afb38175102b748dd8"
"app/src/main/assets/audio/units/spectre/deploy_move/Spectre_Yes03.ogg","26668","dce2fb343e1c99cdeca130150fc77a2ceb7f468048a9088fb3f7de33a3d4750f"
"app/src/main/assets/audio/units/spectre/deploy_move/Spectre_Yes04.ogg","22139","8f6a4656e3e87fdac21b94ef147671eabffb3e3afb4aed8dc988509e9a1fc429"
"app/src/main/assets/audio/units/spectre/deploy_move/Spectre_Yes05.ogg","27916","78313779a333abd1c38f12b6388ffdefbeff7d24a7f2dd6316de71f6d2168fc3"
"app/src/main/assets/audio/units/stalker/attack/Stalker_Attack00.ogg","38270","e147d973ee6604a0a2797719b15e7afc2be964b5be956bdcd79db49025b2efcf"
"app/src/main/assets/audio/units/stalker/attack/Stalker_Attack01.ogg","34638","1181681967690974cfd60124b0725248dfda879589ffbace35a6019bf22230c4"
"app/src/main/assets/audio/units/stalker/attack/Stalker_Attack02.ogg","36834","fc9478b0e5cd2c31f7163b9aac758aefd6e2f57bed62d6bb7a3c10aec15274dd"
"app/src/main/assets/audio/units/stalker/attack/Stalker_Attack03.ogg","36096","c60ad218252f3ba538f2591ba3206d24dca415484e637db4f20ca07543716e3e"
"app/src/main/assets/audio/units/stalker/attack/Stalker_Attack04.ogg","38521","7785cc1dd77aa0907c824b958503db2a1b556b70cc706906fab861af663e02d1"
"app/src/main/assets/audio/units/stalker/attack/Stalker_Attack05.ogg","38078","f0c8bad23996a70e5e273a66a04741f340fc9c19621503901b4810ac4b9b3fcc"
"app/src/main/assets/audio/units/stalker/attack/Stalker_Attack06.ogg","34813","953898b9be2276000518cc99d26c0f5af95d196ab093574a3051e9e893a35f13"
"app/src/main/assets/audio/units/stalker/attack/Stalker_Attack07.ogg","29806","9e266e41e47ac2fe952799a6edbcbd217420e2c8527f4b42fbf7f900728d3a3b"
"app/src/main/assets/audio/units/stalker/chatter/Stalker_Pissed00.ogg","63766","ac82b9eb8da377cc2e098afca199073d7d7e727bd321eb85916deabdf19111ea"
"app/src/main/assets/audio/units/stalker/chatter/Stalker_Pissed01.ogg","53138","4e41bda2e5117784fab8426d832609e1faba7211721440a2cd4d95fcbcd98d62"
"app/src/main/assets/audio/units/stalker/chatter/Stalker_Pissed02.ogg","56704","43fc4e7cec32de52e0688a5871d8e6ddb09d4b03a2533eb136ad91390e021d94"
"app/src/main/assets/audio/units/stalker/chatter/Stalker_Pissed03.ogg","50190","93bd16a37c3f3065e9b8203492e4dbfdfc9b7316afdac94b688267f0451cb2c4"
"app/src/main/assets/audio/units/stalker/chatter/Stalker_Pissed04.ogg","62882","73edb592590cc4e386a5b8f98e4e0b54df2ef88f5807880f2003252982be442e"
"app/src/main/assets/audio/units/stalker/chatter/Stalker_Pissed05.ogg","114403","9a141460d839e4c91789d53e08121e5b2721abb0fada5347319c28686701b59f"
"app/src/main/assets/audio/units/stalker/chatter/Stalker_Pissed06.ogg","42839","6093590e6f1f5fded1cd4f2071e96048361116a4c6b3a6b5d1768aebdcc4bb20"
"app/src/main/assets/audio/units/stalker/chatter/Stalker_Pissed07.ogg","50737","a26c4c470f8f3ed2e15c910380687a9997ac4c11cadeaaf2c8aa208a7a63edd1"
"app/src/main/assets/audio/units/stalker/chatter/Stalker_Pissed08.ogg","84550","0924e394e7a01d126b2883efe11b8d17d723cf0a79b89730e3e8e6cf5182e36f"
"app/src/main/assets/audio/units/stalker/chatter/Stalker_Pissed09.ogg","52438","0bba6782d249667b115a4da2875c86d9205ea02f31a2c541a403a237cb7e01a5"
"app/src/main/assets/audio/units/stalker/chatter/Stalker_Pissed10.ogg","48556","4011129cebdd0d06dd38762b917bbae8600df1c224b0f160f9a237ca7c970fc8"
"app/src/main/assets/audio/units/stalker/chatter/Stalker_Pissed11.ogg","44160","5f7eb2e22b59cb71aab48793e11464d2960d59326b3ee1ad54861857f56519f8"
"app/src/main/assets/audio/units/stalker/chatter/Stalker_Pissed12.ogg","40663","6ee1ff3c3ab0b648a858287f6710627f326f7b4a019b19acc8839ca304fac894"
"app/src/main/assets/audio/units/stalker/chatter/Stalker_Pissed13.ogg","67889","53f75d46f870befb6c4bb88ad0650511a1ed97f76b01c44fe92597486630fb13"
"app/src/main/assets/audio/units/stalker/chatter/Stalker_Pissed14.ogg","66399","dbef56ddb54589e9a99f4df119bfc1ec84584c0cb6b7d52a7439dc85ee0ffd63"
"app/src/main/assets/audio/units/stalker/death/Stalker_Death00.wav","48700","12178ae3db23a7214199879325fe4be0a05a02e7e5fc26da7c6b9d2a0ef34cf0"
"app/src/main/assets/audio/units/stalker/deploy_move/Stalker_Ready00.ogg","43045","67f60b8b5947bdd687c86c6753519ba071cdd310b2fb08a282fe2e260db99e1e"
"app/src/main/assets/audio/units/stalker/deploy_move/Stalker_What00.ogg","41257","24639f450f0bb4ffd5ca98534d5e7e76203757eb4032f82fefa83d2026f721cc"
"app/src/main/assets/audio/units/stalker/deploy_move/Stalker_What01.ogg","42509","6be3f580e7c1816485c74ba60aa28ca07275233e1febe651b01e8b0cc0bfb7d5"
"app/src/main/assets/audio/units/stalker/deploy_move/Stalker_What02.ogg","36207","af1465372a32a7d73cbb04092948cee4052177ba8eeb7cfba8086198e8856db1"
"app/src/main/assets/audio/units/stalker/deploy_move/Stalker_What03.ogg","40562","715034423dd5c8451d4337156f8968e54c15c42da8c69feec0c0252cfd7a2634"
"app/src/main/assets/audio/units/stalker/deploy_move/Stalker_What04.ogg","33328","b8f6b2c7569170e84b369f955adfe58fa0ddd128ebe2d7c4511a8ac31e141112"
"app/src/main/assets/audio/units/stalker/deploy_move/Stalker_What05.ogg","46019","d755fcb414700ac01d276e16c2576cb15a780168fe188ca6fe5f45fe94e2d003"
"app/src/main/assets/audio/units/stalker/deploy_move/Stalker_Yes00.ogg","25357","a292e070aae3f69de98a18cbc5a2e9fe420af5bf5b87957a97d0521967df4681"
"app/src/main/assets/audio/units/stalker/deploy_move/Stalker_Yes01.ogg","39860","38c8c360b5392dfbce7a4c30de4b658cb6d8d0480ede70a7535bacd01267455f"
"app/src/main/assets/audio/units/stalker/deploy_move/Stalker_Yes02.ogg","28773","50da3f5e05713f0e21db1f1a878cfdfc6b8256a3489ed010fc1d1fb3999775f3"
"app/src/main/assets/audio/units/stalker/deploy_move/Stalker_Yes03.ogg","29424","f175e72a52318ba406552cda4f6c0d38b8684dbaeb8671d862f0c7f18eeee3c5"
"app/src/main/assets/audio/units/stalker/deploy_move/Stalker_Yes04.ogg","47068","7d25a80d2cbb2564b8f0c3a19d7605e26650fb20155878748d55a4f1f8cd370f"
"app/src/main/assets/audio/units/stalker/deploy_move/Stalker_Yes05.ogg","38580","c46ef13129bee84a6f8bfc576300dcacddb6cccc7e5f1fbaea987142e8ca33b6"
"app/src/main/assets/audio/units/stalker/deploy_move/Stalker_Yes06.ogg","27608","71f719ae80a348428f4d290250d0ba513da78e644fd1ec9533cae5902bc21330"
"app/src/main/assets/audio/units/stalker/deploy_move/Stalker_Yes07.ogg","28135","d924bab1f62463caa7666cd328b347140f549b5ee34121e9f48c330b99b8f012"
"app/src/main/assets/audio/units/swann/attack/Swann_Attack00.ogg","16574","f773d011ac1170532692f4a3b10055a435f730ec28896efdf2f0c6a9e87fa180"
"app/src/main/assets/audio/units/swann/attack/Swann_Attack01.ogg","28917","149db1a4a5d7541912579fbc247763ff49a76c8a04ea0a36b3f19e9670716238"
"app/src/main/assets/audio/units/swann/attack/Swann_Attack02.ogg","29217","83bb7e83177595be6a5e333aa0a9a5b9cd369914a39baa993426531377d0fa06"
"app/src/main/assets/audio/units/swann/attack/Swann_Attack03.ogg","14627","a552028621bdf8b8fb64e586abbb2e833af482107f6a7d0c4a0d9c021ab22918"
"app/src/main/assets/audio/units/swann/chatter/Swann_Pissed00.ogg","35012","403a7abc01f6fff2dd8fa89f4ff92846c0c357b4f3f5d541a0cd561ff833246b"
"app/src/main/assets/audio/units/swann/chatter/Swann_Pissed01.ogg","41366","9cbdcfba85075efa67a14051c1f182331ae4ba8005585d14b235e607e7c91f90"
"app/src/main/assets/audio/units/swann/chatter/Swann_Pissed02.ogg","36844","c782db5de49626ab647a8716b6508ba8fb0aa52d46bf49077a03e6c383ef3eec"
"app/src/main/assets/audio/units/swann/chatter/Swann_Pissed03.ogg","35241","3a830d450462c53d87441e72d4f81c78649a4dfb6e65018cba4fce9431b3f9f3"
"app/src/main/assets/audio/units/swann/chatter/Swann_Pissed04.ogg","48329","5f16f56fe0ba1cd1c5692eff863ee74016f3e57d7aec0d9a9c420b7c70d7c5e0"
"app/src/main/assets/audio/units/swann/death/Swann_Death02.wav","20284","236f0c3cea10cc23b39dd90b144ed0d222c3ee4e19221d56b77aad7e27dd3447"
"app/src/main/assets/audio/units/swann/death/Swann_Death03.wav","21052","096d24059e99752cd31a42259f4c09ad86279b9bc685baf11534ac42cef05a8b"
"app/src/main/assets/audio/units/swann/death/Swann_Death04.wav","22844","682078c87c2679a20ff7bc654c75a8c91bdc68fe9d953c1eed8ab515012b4f30"
"app/src/main/assets/audio/units/swann/death/Swann_Death05.wav","35644","3536803c397f5bec6a24520e40a8118f559cc0cbe4cb14678358326875e6fef0"
"app/src/main/assets/audio/units/swann/deploy_move/Swann_Ready01.ogg","12909","34bb93ef277245fea4d07964576d6c2bfe8c496bba541959889e159d22d36695"
"app/src/main/assets/audio/units/swann/deploy_move/Swann_What00.ogg","14938","4ac98cb972f32f60cfbef407e6f050fb6af01912d140a502d4873573f90064a5"
"app/src/main/assets/audio/units/swann/deploy_move/Swann_What01.ogg","13904","153bbc7e0792306d3bcfa0758d707fe81accf36cc74d4d09b7f8b9a1e6844524"
"app/src/main/assets/audio/units/swann/deploy_move/Swann_What02.ogg","20976","bc4e10d65e22ee7e9056f9747bfe795b27b6738cdbc0f6eebdd8f68add950cb4"
"app/src/main/assets/audio/units/swann/deploy_move/Swann_What03.ogg","21978","c8dfdddf4619ecb53f07d06cc80a09d00ba94663f5a172a13de30fd6ec7ac3db"
"app/src/main/assets/audio/units/swann/deploy_move/Swann_Yes00.ogg","12583","8292c84622195a43503258cc239d7c8341ce3faf3101447d3c02cb0fe6595ce5"
"app/src/main/assets/audio/units/swann/deploy_move/Swann_Yes01.ogg","12085","b6df83fe24641ac631d7cb18a5dbcf44d370d19fe9f309fda85a4021a7b7b35f"
"app/src/main/assets/audio/units/swann/deploy_move/Swann_Yes02.ogg","17533","bf6aa3a74c47999ffcf6d182e8ae626c529bdade3684136e194443c8c0f5d4c0"
"app/src/main/assets/audio/units/swann/deploy_move/Swann_Yes03.ogg","21716","6bae0974665475aff3418031f470f6e1a96310fa7c1d665c192bb7cc651065db"
"app/src/main/assets/audio/units/swarm_host/attack/SwarmHost_Attack_02.ogg","25402","89a98d7eff0df6ac5b035bfec139421c32ac9de1d71c7c64821bd4267934b649"
"app/src/main/assets/audio/units/swarm_host/attack/SwarmHost_Attack_03.ogg","30209","eacf8ffc9c7c71bf4d73971906bfe9cbd40ea548da5c49e898569614dff7f5f1"
"app/src/main/assets/audio/units/swarm_host/attack/SwarmHost_Attack_04.ogg","37513","d943a9e776cd891f70cd6a347822027f0d6db0e6fa4add814c88ef20ddf96554"
"app/src/main/assets/audio/units/swarm_host/attack/SwarmHost_Attack_05.ogg","26394","105bd9d0fdfe555fc9e903bbb102131f410839921e9854ab16e9a014c10ad9f6"
"app/src/main/assets/audio/units/swarm_host/attack/SwarmHost_Attack_06.ogg","26536","7b0640a43cf8c98144766f4b76200bd13255ba838c89104f3b4c650dc51bd681"
"app/src/main/assets/audio/units/swarm_host/attack/SwarmHost_Attack_07.ogg","38574","a40184ce4df1b0d29cf9a04f8df60bc480633c01554576ff6e19d22846ac5ff7"
"app/src/main/assets/audio/units/swarm_host/attack/SwarmHost_Attack_08.ogg","22466","10a8da6ba9119e89af4fe57b2f56f1111e5be519fc86aaff728af89e4d040ca7"
"app/src/main/assets/audio/units/swarm_host/canonical/10f73fc02ac2f6df__SwarmHost_Death_00.wav","33852","10f73fc02ac2f6dfa0226e3f27efcd95f5a22862e095760136964da7571cc477"
"app/src/main/assets/audio/units/swarm_host/canonical/23d90be4c60895af__SwarmHost_What_06.ogg","24846","23d90be4c60895aff509c578652f44881ec99e5a8f73a0b60eb145f2ea9e52c3"
"app/src/main/assets/audio/units/swarm_host/canonical/43e32d46cb1d05b3__SwarmHost_What_04.ogg","19947","43e32d46cb1d05b30969e8b927de4a26f9b8e86f90e99d48c845128657ed460f"
"app/src/main/assets/audio/units/swarm_host/canonical/9684bbbf50b9bf57__SwarmHost_What_08.ogg","18614","9684bbbf50b9bf57868d0f981c574c7f9a0c17f5c86a69b41134e8f9d4a0291a"
"app/src/main/assets/audio/units/swarm_host/canonical/a48d521326a6915f__SwarmHost_Ready_01.ogg","26639","a48d521326a6915f1625b8b9caf89bc7697c7bd99a3ede4255bea23a6c71e0bd"
"app/src/main/assets/audio/units/swarm_host/canonical/ab716642db1acaa4__SwarmHost_What_02.ogg","18896","ab716642db1acaa4ceb9e301062e77e9588f348c61f13ff77c1ba007f0150a54"
"app/src/main/assets/audio/units/swarm_host/canonical/b45a234f9c9d9ac5__SwarmHost_What_00.ogg","15959","b45a234f9c9d9ac50b5e2faf1277241d1407480870fc9a9f8b3c5bbecaa0df71"
"app/src/main/assets/audio/units/swarm_host/canonical/c9d35b2a40704c99__SwarmHost_What_05.ogg","16186","c9d35b2a40704c9998f33641e44de08c5fa5ebb41e203923d741a9c258e59642"
"app/src/main/assets/audio/units/swarm_host/canonical/cadaa88ffbabff4d__SwarmHost_Ready_02.ogg","26839","cadaa88ffbabff4d67a0bf08f9e4c91d1c08f4b3b99ff01e65bf1333b96c03f0"
"app/src/main/assets/audio/units/swarm_host/canonical/d1251b17805f2cdc__SwarmHost_What_01.ogg","20415","d1251b17805f2cdc670f09c2df2ff8e8e71a3be98b12786a0067b86cc7a85e12"
"app/src/main/assets/audio/units/swarm_host/canonical/da95fcd211959673__SwarmHost_What_07.ogg","24981","da95fcd2119596737daf48274c48392f7ec573ca340d71c0d5a12508472973d0"
"app/src/main/assets/audio/units/swarm_host/canonical/efa77212b2e416fd__SwarmHost_Ready_00.ogg","26425","efa77212b2e416fd7fd71d5556b959b56e19d64c0d78118fe0e57649b7055233"
"app/src/main/assets/audio/units/swarm_host/death/SwarmHost_Death_01.wav","35388","4315f2bfd7585df377be29e494972b38c0721a266f8f286cb9c5fe055a0bd8f8"
"app/src/main/assets/audio/units/swarm_host/death/SwarmHost_Death_02.wav","36668","0bc90ead99a3dca58c7ec18c0a79b1d6e55d10d2b8aba728b2eacab3e6787139"
"app/src/main/assets/audio/units/swarm_host/death/SwarmHost_Death_03.wav","42300","c8b4622e082371057e88ed0ebbbf72cc77bc887dc3c5d6d134b5fb1403391e75"
"app/src/main/assets/audio/units/swarm_host/death/SwarmHost_Death_04.wav","50236","fc028f93722b7f88cdf021be6129bc1cab4d6d04a9bd9406bc58fc538e617a3a"
"app/src/main/assets/audio/units/swarm_host/deploy_move/SwarmHost_What_09.ogg","24311","aa16a4fdfcd2d6439caac328f5ec6bcbb180415141a9f8ab6dfdd1b5a56fb854"
"app/src/main/assets/audio/units/swarm_host/deploy_move/SwarmHost_Yes_00.ogg","23592","e4470f38f7275f303e78fa7b0739361783954cd6630a59ec396758b97fa51977"
"app/src/main/assets/audio/units/swarm_host/deploy_move/SwarmHost_Yes_01.ogg","21560","c2303461b1dc6109d842d19079c7d349af9e2db6106563765ce1aad54cb0b841"
"app/src/main/assets/audio/units/swarm_host/deploy_move/SwarmHost_Yes_02.ogg","26211","834107386498e09aac69150b4455ec841b75ee0b9726525e5fd97bb1ab4eceb4"
"app/src/main/assets/audio/units/swarm_host/deploy_move/SwarmHost_Yes_03.ogg","23003","642a7aaa32abc2ff5a7ae29195577e3b67728cadf117ce3557c695206a5f7a05"
"app/src/main/assets/audio/units/swarm_host/deploy_move/SwarmHost_Yes_04.ogg","19739","163fae1d6e65ea746ea10c705744866cca69da8403727caeff7510a0fe82f7ba"
"app/src/main/assets/audio/units/swarm_host/deploy_move/SwarmHost_Yes_05.ogg","22478","b16f28deddd7d0c0b90d4b0ea531eadfe534d5d935441af0d5e16b8d998ce5b3"
"app/src/main/assets/audio/units/swarm_host/deploy_move/SwarmHost_Yes_06.ogg","21397","de4a4a8bf1df00468756318ddece52b839d1aaeddf2c839cecd95f92b42e0a81"
"app/src/main/assets/audio/units/swarm_host/deploy_move/SwarmHost_Yes_07.ogg","22957","87275f250dfeaa3842cf1a0cdd93c0060d31bb92ca945781f6d6347b21df714e"
"app/src/main/assets/audio/units/swarm_host/deploy_move/SwarmHost_Yes_08.ogg","20165","9360c8269b691aa3b2badda133e0a8344180e76cdb2e064b39d65e5a4853b7b4"
"app/src/main/assets/audio/units/tempest/attack/TempestVoid_Attack00.ogg","27556","cb59f3c8f5704b047033ed8c749efc4631bca931c64b890b4c3e9d6046cbc704"
"app/src/main/assets/audio/units/tempest/attack/TempestVoid_Attack01.ogg","26796","aefda6fc45cbb1d09dc6b21b86263103ce78b6c69a4fc5f0c64b715b71b55cd5"
"app/src/main/assets/audio/units/tempest/attack/TempestVoid_Attack02.ogg","21169","1affb48c2a76c3e2de3088aa73959b94f50f8a4f470976e68905951b972a4a72"
"app/src/main/assets/audio/units/tempest/attack/TempestVoid_Attack03.ogg","23516","cafcc5e17b2d86c715231b113de8b6ee56a561cc5ea29d760b28713990bf75cc"
"app/src/main/assets/audio/units/tempest/attack/TempestVoid_Attack04.ogg","25271","34b39ec4b42a78efc42965247366a07a9ae512139ff8712b8756b3e88cdf7d59"
"app/src/main/assets/audio/units/tempest/attack/TempestVoid_Attack05.ogg","26512","9ff4d29d440c39e07f0ca17872688598cc7a5ca9dc999689350e9cc31d465541"
"app/src/main/assets/audio/units/tempest/attack/TempestVoid_Attack06.ogg","30298","c7233d241d8d9ea6d73bf7b2fc8800d1a7b3ce3a798a31d8e8431f515ededb4a"
"app/src/main/assets/audio/units/tempest/canonical/1ddce9af94f49f66__zVO_ProtossTempest_CarrierShip_015.ogg","38315","1ddce9af94f49f66483c88e19fb2e28ea4132b2404bc56842e5ff0570eeaf565"
"app/src/main/assets/audio/units/tempest/canonical/2022f315de1e4d5f__zVO_ProtossTempest_CarrierShip_017.ogg","30527","2022f315de1e4d5f3770a23096b2da0823d718024008c36f20b906ddc7eae4cb"
"app/src/main/assets/audio/units/tempest/canonical/270841f8d38fb546__zVO_ProtossTempest_CarrierShip_018.ogg","24003","270841f8d38fb546a8782edfbea586c232be55b22f20be2430f220ec6727ced2"
"app/src/main/assets/audio/units/tempest/canonical/29c2dff36e854601__zVO_ProtossTempest_CarrierShip_032.ogg","45012","29c2dff36e8546019c699f6f37f405acf2cd07b82dc3e746df432e688f4f27cb"
"app/src/main/assets/audio/units/tempest/canonical/35ff71c66c3d5c7e__zVO_ProtossTempest_CarrierShip_039.ogg","51132","35ff71c66c3d5c7e06265ed8952e778dcf77fd0e92b99117f54b54ed5c6e7e52"
"app/src/main/assets/audio/units/tempest/canonical/4076c8150c33b9b5__zVO_ProtossTempest_CarrierShip_026.ogg","28492","4076c8150c33b9b5413b0050e030c34f670d5d2cd86ef8015868ed2f06943161"
"app/src/main/assets/audio/units/tempest/canonical/435b5e38bb84de0b__zVO_ProtossTempest_CarrierShip_035.ogg","46684","435b5e38bb84de0bc2527b454c685300a4987c1fa594ce38452cc80862648d93"
"app/src/main/assets/audio/units/tempest/canonical/4951215010e2adbd__zVO_ProtossTempest_CarrierShip_007.ogg","33762","4951215010e2adbd48f9248ebc168da8232ff5cf0bc40d4d376aed360f1e5b97"
"app/src/main/assets/audio/units/tempest/canonical/5690ba77f7775927__zVO_ProtossTempest_CarrierShip_008.ogg","32247","5690ba77f77759276f460126502400a67788f2bfa7f42f7ed3b7a0a338078c43"
"app/src/main/assets/audio/units/tempest/canonical/5ecc058d34f59649__zVO_ProtossTempest_CarrierShip_016.ogg","33116","5ecc058d34f596497d69ba284a7aa1acd47dabbe00834ffd642f9452a427d6e2"
"app/src/main/assets/audio/units/tempest/canonical/661e45ce59a24987__zVO_ProtossTempest_CarrierShip_022.ogg","31902","661e45ce59a249872573091ac8f50ad91e665d849e332cb34dfe2a20174f5a59"
"app/src/main/assets/audio/units/tempest/canonical/6c1a045a80796580__zVO_ProtossTempest_CarrierShip_024.ogg","31237","6c1a045a80796580fab5250a7951faeb4a94bc53562346e8e1a8f53691ac2ec0"
"app/src/main/assets/audio/units/tempest/canonical/6cfef2178d968312__zVO_ProtossTempest_CarrierShip_006.ogg","36658","6cfef2178d9683125fa5aaf186c5e7ffed46ef13b226e6d90afc74d11a300bae"
"app/src/main/assets/audio/units/tempest/canonical/74d3556adc660e84__zVO_ProtossTempest_CarrierShip_011.ogg","39041","74d3556adc660e840dd374c90004bcc8fa759399fa29447cbbf27fd82808ada7"
"app/src/main/assets/audio/units/tempest/canonical/7a1ed72ea366cf4b__zVO_ProtossTempest_CarrierShip_005.ogg","33660","7a1ed72ea366cf4b7c54648ef65d1e90aecbefaded6a661674f5f4a2196afc6a"
"app/src/main/assets/audio/units/tempest/canonical/7ad4ccfbfb24d43e__zVO_ProtossTempest_CarrierShip_034.ogg","51939","7ad4ccfbfb24d43e5bb6204b13e9faf347dc2a50641c3a7019044bc2055a886b"
"app/src/main/assets/audio/units/tempest/canonical/89245973f268ac3d__zVO_ProtossTempest_CarrierShip_014.ogg","22118","89245973f268ac3de53afe593db355c9a6a640c737043530ee5d6c18f9ca1716"
"app/src/main/assets/audio/units/tempest/canonical/a323d9bfe356f91c__zVO_ProtossTempest_CarrierShip_027.ogg","25907","a323d9bfe356f91c3bbc81141a64a6a7ea875f98849244712ad436254c3350ed"
"app/src/main/assets/audio/units/tempest/canonical/a66626519682d93c__zVO_ProtossTempest_CarrierShip_023.ogg","41393","a66626519682d93c75910d103dfb156c68230533b945ec881999940ce1d8b383"
"app/src/main/assets/audio/units/tempest/canonical/a8658375b2b0bfe7__zVO_ProtossTempest_CarrierShip_036.ogg","41910","a8658375b2b0bfe746c12e01718321ffdea8c2ae0faeeec9315492b0cecf9f35"
"app/src/main/assets/audio/units/tempest/canonical/a96d92172e41530b__zVO_ProtossTempest_CarrierShip_019.ogg","23859","a96d92172e41530b0b831f4bd33809451020c08582d85fa671f7451481e6effd"
"app/src/main/assets/audio/units/tempest/canonical/b5c27f0564e698c0__zVO_ProtossTempest_CarrierShip_012.ogg","41028","b5c27f0564e698c0f26433e6c1e55c7f7124ba77829a62bdcf1352aede7e8bc2"
"app/src/main/assets/audio/units/tempest/canonical/b73fa6810b169d6d__zVO_ProtossTempest_CarrierShip_038.ogg","81388","b73fa6810b169d6dfb942e08bc24610aa13bae35115f08d59fd8744ebfec98f9"
"app/src/main/assets/audio/units/tempest/canonical/b7e94b9661bb6012__zVO_ProtossTempest_CarrierShip_040.ogg","6161","b7e94b9661bb601205c0f7ae7ec221550956e6ff7eaf003fdbd4c44cdc9f9dd7"
"app/src/main/assets/audio/units/tempest/canonical/c161307172a24832__zVO_ProtossTempest_CarrierShip_013.ogg","25932","c161307172a248326cc5b62f4d18550b6069de975a3899bb94afaa110595eed6"
"app/src/main/assets/audio/units/tempest/canonical/cad890630aa1ceb6__zVO_ProtossTempest_CarrierShip_031.ogg","51152","cad890630aa1ceb631463a35b0bf71cf0bdb5535354681aed7a1e9f9d56853e3"
"app/src/main/assets/audio/units/tempest/canonical/d0e22b9507722ac7__zVO_ProtossTempest_CarrierShip_033.ogg","30401","d0e22b9507722ac7bd9fdf8fc7e1955efc47b5e069411bbc653f5f621e5700c1"
"app/src/main/assets/audio/units/tempest/canonical/d333804a78f95651__zVO_ProtossTempest_CarrierShip_021.ogg","31497","d333804a78f956517bdd8fdee733a9d6c0f7b0f2119d6b8623ccfbbbb869e5ac"
"app/src/main/assets/audio/units/tempest/canonical/d42bb3029dbd3eda__zVO_ProtossTempest_CarrierShip_037.ogg","51723","d42bb3029dbd3edabf872855289674bc3053864837a53b196617a711b75793a6"
"app/src/main/assets/audio/units/tempest/canonical/d4fb7775b8e0ec01__zVO_ProtossTempest_CarrierShip_025.ogg","30389","d4fb7775b8e0ec01a2052e80e5225a3fb6a7e979c7eb6e381bfe4a33fe3a53a6"
"app/src/main/assets/audio/units/tempest/canonical/d64268c95762a680__zVO_ProtossTempest_CarrierShip_010.ogg","45263","d64268c95762a680d95454c52c464a566025bb6ec37ad5317f72961a8a17f44f"
"app/src/main/assets/audio/units/tempest/canonical/d9507cd589582a66__zVO_ProtossTempest_CarrierShip_040.ogg","41083","d9507cd589582a6674b0bf3011286d2b38f61cedca79a16444e3e70cc335865c"
"app/src/main/assets/audio/units/tempest/canonical/e04f15940b8e3f1c__zVO_ProtossTempest_CarrierShip_009.ogg","38803","e04f15940b8e3f1c726fdba216d0ef8634ab4cc0cd8ec1eb91433438d92af9b2"
"app/src/main/assets/audio/units/tempest/canonical/e9f2c416db279a87__zVO_ProtossTempest_CarrierShip_030.ogg","59782","e9f2c416db279a87e7204e3f884c5cdaf64f9b5899e9f3eafd134f0f21f395d8"
"app/src/main/assets/audio/units/tempest/canonical/fa9369c7c668e2a2__zVO_ProtossTempest_CarrierShip_020.ogg","33768","fa9369c7c668e2a22b12673da25bccdeb25a8d1ce33ef8202cfcbbacbb3ca8b6"
"app/src/main/assets/audio/units/tempest/chatter/TempestVoid_Pissed00.ogg","43227","29251306c82320ab49bcfc1beed689225860ef0ba8647ba3070e239296aae6bd"
"app/src/main/assets/audio/units/tempest/chatter/TempestVoid_Pissed01.ogg","54430","94b2214b57269f9f568c10bf221fe75d4eaf86b4b38549001b214176102da708"
"app/src/main/assets/audio/units/tempest/chatter/TempestVoid_Pissed02.ogg","76234","2ba31d7c365754c9637476440ae27e282597205d39552d8a34f9daeddb9b2dc9"
"app/src/main/assets/audio/units/tempest/chatter/TempestVoid_Pissed03.ogg","91295","5f348fddeb014143d30cf4f7f75a5e369ad89ea8fca97ad334750eb9fff625be"
"app/src/main/assets/audio/units/tempest/chatter/TempestVoid_Pissed04.ogg","90306","b6a9096a81b7f2f0d922fabfba4eb4d96e1ad49f109d3b60e1f8100645fa4f1d"
"app/src/main/assets/audio/units/tempest/chatter/TempestVoid_Pissed05.ogg","57418","2c0c989390759120b9eb7f7408320566611fda32dff7cab83ba04621d464ed6b"
"app/src/main/assets/audio/units/tempest/chatter/TempestVoid_Pissed06.ogg","52312","e24f81cc8ef5975932b20248f37da75edd4c55b843f74f1d80631b5f6d95aedd"
"app/src/main/assets/audio/units/tempest/chatter/TempestVoid_Pissed07.ogg","31515","1fc02b7f51e1d165abf0911e9338f5f25b0c15c922a51bb0403c0ea2b932ff86"
"app/src/main/assets/audio/units/tempest/deploy_move/TempestVoid_What04.ogg","35292","3bb8bcfca13354b42e0cb786f704af979801759522a438cf154add32ee01b306"
"app/src/main/assets/audio/units/tempest/deploy_move/TempestVoid_What05.ogg","39466","426f7d5bc0d21ba53c44b0fa5aaea3b39bf03f86e1833b5876553bb0af39a948"
"app/src/main/assets/audio/units/tempest/deploy_move/TempestVoid_What06.ogg","28651","41134cd285effd71e527e773d7f456a6a91733b530a497a8de8a0da4e7f0d5f9"
"app/src/main/assets/audio/units/tempest/deploy_move/TempestVoid_Yes00.ogg","16788","b670462f58d5623a1f1e4e44a8453a5f5cbb9986998d3db60ca517e2c6a19429"
"app/src/main/assets/audio/units/tempest/deploy_move/TempestVoid_Yes01.ogg","29057","d261f45f89de57060ba6787532287acb49f36312b47ee09727b416bde37ca931"
"app/src/main/assets/audio/units/tempest/deploy_move/TempestVoid_Yes02.ogg","28872","12d39654195b37032562d065343202e18a145028e802c880442e8d93bbcf207b"
"app/src/main/assets/audio/units/tempest/deploy_move/TempestVoid_Yes03.ogg","20584","6e24c4dfd940b8d33e8787159bf7b5570668bfc99f31e8b891212618ddba8ea1"
"app/src/main/assets/audio/units/tempest/deploy_move/TempestVoid_Yes04.ogg","31036","46563e4df59c1e0fd893d2202e5ce096cdd80587a1a258784f185de7c9389d6d"
"app/src/main/assets/audio/units/tempest/deploy_move/TempestVoid_Yes05.ogg","23455","697df380fa93fbf0c98caa0a19d54e3bf90d732835448d379d8184e0505a78b1"
"app/src/main/assets/audio/units/tempest/deploy_move/TempestVoid_Yes06.ogg","22217","0a49c65919d97a76abb77718033d5c79b267022f12d9e2654f3e95fbb3b60578"
"app/src/main/assets/audio/units/thor/attack/Thor_Attack00.ogg","27729","1370d99962381b2620b724e2b59872a4791763b3d36df6c6feb5d49641c105a4"
"app/src/main/assets/audio/units/thor/attack/Thor_Attack01.ogg","24717","3ab6a334ed1904d43391ea83c04188bf74c649e5f6d0f19eb7eeae6e2c5bbbdd"
"app/src/main/assets/audio/units/thor/attack/Thor_Attack02.ogg","30541","04db0b3ecfd257d57c0aee4806d5da369c14c6c62a6fc905ba643d89b7158d3a"
"app/src/main/assets/audio/units/thor/attack/Thor_Attack03.ogg","27704","ff24b7473b59753113faea63e709871029cc9f06ddd6d709029d0f5dc551c6d2"
"app/src/main/assets/audio/units/thor/attack/Thor_Attack04.ogg","26608","ebc09cc091024eecef15b4b93e35f37260ec18f6adf4d52bd5f32213a29a102a"
"app/src/main/assets/audio/units/thor/attack/Thor_Attack05.ogg","25519","0dd873e0c899fcf617e74a013c7f6cbbe2048b3a8d3e1804f726994efe9f5138"
"app/src/main/assets/audio/units/thor/canonical/18bee6f07ba4beaa__Thor_What06.ogg","27775","18bee6f07ba4beaa7e7b56405ceffb12faa87ed80f4c759325480369df888840"
"app/src/main/assets/audio/units/thor/canonical/263a02b5bca4fd96__Thor_What04.ogg","22190","263a02b5bca4fd9651b688f01b8e8b62092dbe5eb167ad5921bd004e5e69cf6d"
"app/src/main/assets/audio/units/thor/canonical/805242a354fc2698__Thor_Ready00.ogg","28458","805242a354fc2698d721b47345924a65f9a89ad660adb2c598d8001c084aa728"
"app/src/main/assets/audio/units/thor/canonical/a9e434512c742ec4__Thor_What02.ogg","34380","a9e434512c742ec49b2a1c9356e80349c50dc848276c6e0d33230ebcc5d2ced2"
"app/src/main/assets/audio/units/thor/canonical/cb3042b056db0ff4__Thor_What03.ogg","26717","cb3042b056db0ff46e2c56370002b617251790acae5a2fd695e13b4b4c508136"
"app/src/main/assets/audio/units/thor/canonical/d1d9612834e6869c__Thor_What07.ogg","35501","d1d9612834e6869c4feec80378f3018a7b57df40797bae8ff8ff9d3c7e640106"
"app/src/main/assets/audio/units/thor/canonical/f0aa3baa4ab12df6__Thor_What05.ogg","28309","f0aa3baa4ab12df654ee4fd5b6b7fc0d1b667a1b6721bc2372861baeb672c4ce"
"app/src/main/assets/audio/units/thor/canonical/f9fae3073185f50a__Thor_What00.ogg","32295","f9fae3073185f50abe4f813325093b74864afc71fded930deccae44a28e48f6a"
"app/src/main/assets/audio/units/thor/canonical/fb103190f41719fb__Thor_What01.ogg","30634","fb103190f41719fbb84733feca1550074f9cc2c204e0d8efc1d341c945136264"
"app/src/main/assets/audio/units/thor/chatter/Thor_Pissed00.ogg","41858","c36822d8ad6f67288351a4cee9020aea8a9fbad8e149b55bf252e030b94bb3b3"
"app/src/main/assets/audio/units/thor/chatter/Thor_Pissed02.ogg","33571","e5124c8a5ac8453ec6976bb939e6dc28c465b29ff6c823d8fea6d69cdc193820"
"app/src/main/assets/audio/units/thor/chatter/Thor_Pissed03.ogg","74570","076c1fa807b61c3afea259b82d9bf815fccdd84fb162652aa79e725f9e506fa0"
"app/src/main/assets/audio/units/thor/chatter/Thor_Pissed04.ogg","65527","d2c32cf32a97af8ed6a6b566a5810960e52454484470df121f660cfbfd867555"
"app/src/main/assets/audio/units/thor/chatter/Thor_Pissed05.ogg","35417","ad10293bfce6ac3119b877f342015aec42d8a7e2683849dee92d0e76f95a486b"
"app/src/main/assets/audio/units/thor/chatter/Thor_Pissed06.ogg","45197","79d3e1744ba65c9f24910094ed7dfa97f1254db9d6bbc78a10706347e62af176"
"app/src/main/assets/audio/units/thor/chatter/Thor_Pissed07.ogg","45268","ae5ec96386e2916e3af998a87fae60f9c4d33b506bd085aa228ac523c21b8199"
"app/src/main/assets/audio/units/thor/chatter/Thor_Pissed08.ogg","59798","1082dee21c6389fe308d39442c7642b7e5045290b6b4195dfc15e4ffa02c178b"
"app/src/main/assets/audio/units/thor/chatter/Thor_Pissed09.ogg","40969","6981d7af2cb551e826cd3be35c9c3f1e70b979c34517b7875ddbae89e7becb49"
"app/src/main/assets/audio/units/thor/chatter/Thor_Pissed10.ogg","34003","82bdda3bcb2371cd3e88d4e960aa29230d359796b26656bc49f2c6c4574f1356"
"app/src/main/assets/audio/units/thor/chatter/Thor_Pissed11.ogg","75293","0508f6caf9e236009b2a4dcabca8e852e23ccde0fe04ea23e9395c47d849b7b1"
"app/src/main/assets/audio/units/thor/chatter/Thor_Pissed12.ogg","80607","24ef2770c1686b5a5cd74598f6bb44144eaf2ad7632f404050e07e5dc8a35325"
"app/src/main/assets/audio/units/thor/chatter/Thor_Pissed13.ogg","128124","4ebc964076cb74ee465bc5f471a045a5c8a12bf7f3da759c535d9e49b0295608"
"app/src/main/assets/audio/units/thor/death/Thor_Death00.wav","55612","ca413fc74e2eb596de8510920f6a197694efa033ff77691b8c04490570f58045"
"app/src/main/assets/audio/units/thor/deploy_move/Thor_What08.ogg","28803","29c4007b82c69281c715f7f8349081439ba8aa3b14855694884e4f7448d6ceb5"
"app/src/main/assets/audio/units/thor/deploy_move/Thor_Yes00.ogg","27223","e229fa52330b69d2876e8aaad1ba6f8510c0cf65e87480eb8790bf42b4a1a439"
"app/src/main/assets/audio/units/thor/deploy_move/Thor_Yes02.ogg","21273","32e39be18f7a2c3711ed07b2ed3739b43cf72a5799ca71b173a567e4da78a837"
"app/src/main/assets/audio/units/thor/deploy_move/Thor_Yes03.ogg","22367","42ca5124a5935dc04ff84cf5beaf2fdb235e0555ac492f0a1715151fc5ac26db"
"app/src/main/assets/audio/units/thor/deploy_move/Thor_Yes04.ogg","24113","1091022fefcbed3b1688aae93ebd4ff609d44bfe9ae5a0b69cf6e5f2efcdc48d"
"app/src/main/assets/audio/units/thor/deploy_move/Thor_Yes05.ogg","18695","a651ebde34b4966cddb84d6856b02a76fb86c56cb415740113e14182ae950b7a"
"app/src/main/assets/audio/units/thor/deploy_move/Thor_Yes06.ogg","21274","494045391c8daa2f343e63bddf9a9fd9100e683dff6cb5b23235779e68d6a71f"
"app/src/main/assets/audio/units/thor/deploy_move/Thor_Yes07.ogg","21738","a3540a38f367cdbecb1226a4e332312058837119f3e6c02b4e0b868a214ac758"
"app/src/main/assets/audio/units/thor/deploy_move/Thor_Yes08.ogg","20492","1e70b11a9a5781bca20f0fec9f4f446a39df0ea34ee39ec2b8679d736c50f43f"
"app/src/main/assets/audio/units/thor/deploy_move/Thor_Yes09.ogg","16029","30963eee1f0963e0b59c2f03eea4cb3a2cd12018aa19b940888323eac9d83ff5"
"app/src/main/assets/audio/units/tychus/attack/Tychus_Attack00.ogg","18746","24ad917062645e1ca9ab8e028962859448d9baaca898c527c83c558093afbaeb"
"app/src/main/assets/audio/units/tychus/attack/Tychus_Attack01.ogg","22783","f39e754f253165c828b4e45183cbb4b47d40a1abd3879b201a6d707a9f566cb9"
"app/src/main/assets/audio/units/tychus/attack/Tychus_Attack02.ogg","22293","94b971fa8d27559ecbafee5f1e684d4805d7b1ccce733be34c57b22555f10a55"
"app/src/main/assets/audio/units/tychus/attack/Tychus_Attack03.ogg","31552","dad3be3d6ba8e43e5b93f0f61ff5f09eec30d56b738d3c7031af60808851597c"
"app/src/main/assets/audio/units/tychus/attack/Tychus_Attack04.ogg","24434","660f5e0858401764f643521a62fe946d33634579f80d4b75dd0ac20861ebe1b6"
"app/src/main/assets/audio/units/tychus/attack/Tychus_Attack05.ogg","26536","39e5cd3e0c807bf72b7287e7d9e2f315f245c49a6134f93e9b058e21cffacf88"
"app/src/main/assets/audio/units/tychus/attack/Tychus_Attack06.ogg","29050","677aeec15e1cedb9946b9ab31a57f8ef491023795de294c0b81eaa043cb2cf2c"
"app/src/main/assets/audio/units/tychus/chatter/Tychus_Pissed00.ogg","35639","7f1a03acd3a4170d8ab42000f363c28c9975c338e201b8fc9cb7cd86d4396ffd"
"app/src/main/assets/audio/units/tychus/chatter/Tychus_Pissed01.ogg","36076","7fce2654dea460903ec159dbc2ff110305e517492f1524508cff55b10060f345"
"app/src/main/assets/audio/units/tychus/chatter/Tychus_Pissed02.ogg","49992","e7f0566e6fd13fd47628567e227d37211a33d1e92ea5186c68044cad066e8930"
"app/src/main/assets/audio/units/tychus/chatter/Tychus_Pissed03.ogg","60481","bd0be9b346f15dd2d8d776194b0f7e7b0065476c29a3f9f8d1ef4c3e5223aef7"
"app/src/main/assets/audio/units/tychus/chatter/Tychus_Pissed04.ogg","53975","4605bc09ad890c7d3debe38c263fbd19971a913fef462021c5bad6d020505947"
"app/src/main/assets/audio/units/tychus/chatter/Tychus_Pissed05.ogg","44946","d814ebcd2ae02fea5c9c03be0ff7978022068e3df5ef00689fd5ed8bfb8e52a9"
"app/src/main/assets/audio/units/tychus/chatter/Tychus_Pissed06.ogg","43492","9f04aff58d328d7716bfea8b086a1c51caef2afeab71243a75bfed85288dc4b7"
"app/src/main/assets/audio/units/tychus/chatter/Tychus_Pissed07.ogg","51073","c41ce32002447b9419e9fe8860ab0d7bb9916e4d304fe0599b9589e5aa980d9c"
"app/src/main/assets/audio/units/tychus/chatter/Tychus_Pissed08.ogg","74514","3efda298015f97baca7bc738d908a5574aa26cc942d6073f56c1b721eeb0d0af"
"app/src/main/assets/audio/units/tychus/chatter/Tychus_Pissed09.ogg","54743","7dd8b15927650776f431d11d101a93c7ab67e9179c85436182cbe2190050d79c"
"app/src/main/assets/audio/units/tychus/death/Tychus_Death03.wav","21820","80259600d3f7c3396070b239b8f3c75950839739ba93d219c92f0ebd77c3f1da"
"app/src/main/assets/audio/units/tychus/death/Tychus_Death04.wav","33340","e4a6e83f0fee15a759e0a46a64b239d0f361e5f1fda2e1c8214774745ab61317"
"app/src/main/assets/audio/units/tychus/death/Tychus_Death05.wav","25916","59149950a0538d2cc049c65fa2aeef8f8bcf01c4ef0c7914310c47b7ec556e1c"
"app/src/main/assets/audio/units/tychus/death/Tychus_Death06.wav","32060","4b07ef09a5e7208c8462b49b565ff25a2a627853c61ed7c84d2ecd540d9a6712"
"app/src/main/assets/audio/units/tychus/deploy_move/Tychus_What01.ogg","21408","174f8b752e62ac03b73f1d162545d0e65dce2d155a7fc727e6117f59f547de24"
"app/src/main/assets/audio/units/tychus/deploy_move/Tychus_What02.ogg","29313","0df0433c5b0249bb990601729da560647b57d4143e394035d21ad1b47b77853d"
"app/src/main/assets/audio/units/tychus/deploy_move/Tychus_What03.ogg","25329","8d9cd63d2de3a6b8f63d93cb580001ddcaa29d584572609fe868c9f36246dda5"
"app/src/main/assets/audio/units/tychus/deploy_move/Tychus_What04.ogg","24717","54a952b57c79968edd9bdfc2bdb316573aff7824b94e93c7406fe3d9acc27428"
"app/src/main/assets/audio/units/tychus/deploy_move/Tychus_Yes00.ogg","21937","0647d1d01b1c9c1fa64361e5ab997b244206cacb05f1b4fc898f1939c683fe70"
"app/src/main/assets/audio/units/tychus/deploy_move/Tychus_Yes01.ogg","37414","92d6684e235ea1f6cf4f7dbe8fc28f63a044af8e72cad8d14be6336c7928aa68"
"app/src/main/assets/audio/units/tychus/deploy_move/Tychus_Yes02.ogg","29423","0aaf1c777a5aaee29640e6c883e7a60cef58f6825a3d203c40041fcce31b82a3"
"app/src/main/assets/audio/units/tychus/deploy_move/Tychus_Yes03.ogg","31954","dca9f6e11ea035080893740495851917d09a3fcc25b4e872253de436444bfcfd"
"app/src/main/assets/audio/units/tychus/deploy_move/Tychus_Yes04.ogg","34567","05202e6539204fb960d58d79cab63f3237bd596caa94a21cbdc734a48d6dc348"
"app/src/main/assets/audio/units/tychus/deploy_move/Tychus_Yes05.ogg","37800","5a2de9e157f735a1ad3287db2a75c0774fc9d1ab1b0dc2be0b984dda74c64583"
"app/src/main/assets/audio/units/ultralisk/attack/UltraLisk_Attack0.ogg","53574","935086b6bae7a2e8deafdace1d25741374c2061736455080e2d9f3726474b963"
"app/src/main/assets/audio/units/ultralisk/attack/UltraLisk_Attack1.ogg","57620","5ba0556770bbba5f79ff0059df514acf5c46088a99260f346a53c53985c2f717"
"app/src/main/assets/audio/units/ultralisk/attack/UltraLisk_Attack2.ogg","49150","9e13ed480e3071ec58e224c4bd3aee066ab2f3dcb35521d7f2c90a74fdc306b7"
"app/src/main/assets/audio/units/ultralisk/attack/UltraLisk_Attack3.ogg","51197","0aa441c478a1d5359999af49a8246afc34e9336840c5799df4edf9c73ed5dedb"
"app/src/main/assets/audio/units/ultralisk/attack/UltraLisk_Attack4.ogg","51171","3d5a19392e28a58062355b0e109838b54056915e8dc2205f7984669657621d1a"
"app/src/main/assets/audio/units/ultralisk/canonical/2ae6b0ca265d1ebc__Ultralisk_Death0.wav","234556","2ae6b0ca265d1ebc691fd22c84fedc03b581e05d0f5f08394d60be2668e3372d"
"app/src/main/assets/audio/units/ultralisk/canonical/34af522615990422__UltraLisk_Ready0.ogg","45334","34af5226159904228397d09d69930a1a9ccc9ce5c552f232b567ff9f8f6c3f5e"
"app/src/main/assets/audio/units/ultralisk/canonical/425c7619bf512c0b__Ultralisk_Death1.wav","234556","425c7619bf512c0bf5e8e2edad06ec493e8c740ad197f50dfd1ba6b83b16cad7"
"app/src/main/assets/audio/units/ultralisk/canonical/44fdace49821a470__Ultralisk_Death3.wav","249916","44fdace49821a4707c6a715aa230b15ca584a56302c6f7dd0e41d1f5432c1738"
"app/src/main/assets/audio/units/ultralisk/canonical/afe833451e0471e4__UltraLisk_Ready2.ogg","42558","afe833451e0471e401c971714cfa529a7fe1cac293acc17f4a794639e8cd0ec4"
"app/src/main/assets/audio/units/ultralisk/canonical/b480d13cd51d5807__Ultralisk_Death2.wav","234556","b480d13cd51d580720f37142eae709b6bf30afb31ded161fe66371a9dca366d5"
"app/src/main/assets/audio/units/ultralisk/canonical/dcafe166983c9e83__UltraLisk_Ready1.ogg","30148","dcafe166983c9e83b3cd50b1927acc7e9b71d08924ca9796371b251bcd506c0b"
"app/src/main/assets/audio/units/ultralisk/canonical/ede0f008fa6142c0__UltraLisk_What0.ogg","32396","ede0f008fa6142c0e269aed1793ad8d59d21c47b27ebc604eabf87b874815f06"
"app/src/main/assets/audio/units/ultralisk/death/Ultralisk_Death4.wav","234556","46f765a9d46db080192ea2356e8595f79c9af65714c4774b5911576cecbe6c6c"
"app/src/main/assets/audio/units/ultralisk/death/Ultralisk_Death5.wav","259644","3c97750249481fbcbc59c305184130b85522b3c34be6dc4367aadd83682b8efa"
"app/src/main/assets/audio/units/ultralisk/death/Ultralisk_Death6.wav","238652","aeaa6ffbcd021a0dd7025e0ba4d43ee86852141fdb511f25a9f0864a96324d5c"
"app/src/main/assets/audio/units/ultralisk/death/Ultralisk_Death7.wav","249404","409ddbc7fdb5214533acffc799d889b693c5e78901f25e73d0fa01bb7afe6968"
"app/src/main/assets/audio/units/ultralisk/deploy_move/UltraLisk_What1.ogg","39177","05a91dcfc4be80c0906fc8e2d896c349e54757598d0417d0b84bd2553abe9001"
"app/src/main/assets/audio/units/ultralisk/deploy_move/UltraLisk_What2.ogg","30893","98147c6411b8a7810ed227e1605462e7337e4888e985788acad54937ba239ac8"
"app/src/main/assets/audio/units/ultralisk/deploy_move/UltraLisk_What3.ogg","32067","e919864a85ea9e3dce9ffe48d948049fcda9599abac371013b5cd76118d5b529"
"app/src/main/assets/audio/units/ultralisk/deploy_move/UltraLisk_What4.ogg","34285","90dee89a8b83463bde4422f9c7e54e5b9c8a623987e92d24e4385c9dbd1c119d"
"app/src/main/assets/audio/units/ultralisk/deploy_move/UltraLisk_What5.ogg","30913","17b9e29f328ff901fcb7f3a569054407b008f72d40c0e9d4e307df88a36792f4"
"app/src/main/assets/audio/units/ultralisk/deploy_move/UltraLisk_Yes0.ogg","44372","6cff6e3a224d7619c7d5c4420b77c7a7c82c8610e31cdd80dbd2bbf0d9de0bc4"
"app/src/main/assets/audio/units/ultralisk/deploy_move/UltraLisk_Yes1.ogg","43575","d6b4e0125d8c61ef82c3200cb6ed313ed7bf6a8d15bb8e4ae5fca24408a613b7"
"app/src/main/assets/audio/units/ultralisk/deploy_move/UltraLisk_Yes2.ogg","41359","d42707e481df2fb34fb48966f9bd6e648c25b9e0971a832735d3d79c3dc482b7"
"app/src/main/assets/audio/units/ultralisk/deploy_move/UltraLisk_Yes3.ogg","41087","680013b4f962acd879837375718b8e0470d937589c7bb62b3f8e7eeea513968a"
"app/src/main/assets/audio/units/ultralisk/deploy_move/UltraLisk_Yes4.ogg","53167","80771260a3395dcd8f2dbea22888333d233b8fcce03d8a3a42578ab794c97e3e"
"app/src/main/assets/audio/units/viking/attack/Viking_Attack00.ogg","27114","51f40474b6b42979f850147176eb7c856eb0db9520ac494050b9e555da9b3718"
"app/src/main/assets/audio/units/viking/attack/Viking_Attack01.ogg","24824","86f38f2e0f6c1c85150e903c9c78c6c2dad4d0425a3b840c65584c48ec80e196"
"app/src/main/assets/audio/units/viking/attack/Viking_Attack02.ogg","28553","99f3b57c67e0497000c8d10e1721d506ff7e2b7a51e72074cf2f0a96cea47ab4"
"app/src/main/assets/audio/units/viking/attack/Viking_Attack03.ogg","30943","169d45621bb48bdd42ea49bd4d8dc7e21ce7a6ec498982558d50f79f6a388f17"
"app/src/main/assets/audio/units/viking/attack/Viking_Attack04.ogg","30215","c8ed7717a1aa66b858fdbf0c407215ed1719fb4c287e1ac53bef2962d2e18c2b"
"app/src/main/assets/audio/units/viking/attack/Viking_Attack05.ogg","24761","427f49660c64532568c84a9a6469490e38482a368a73d247178930b212e54896"
"app/src/main/assets/audio/units/viking/attack/Viking_Attack06.ogg","39794","157f587c249095acea323ebd939dfb14b888061a6bcd1991bf0b3cb3065fd8a2"
"app/src/main/assets/audio/units/viking/canonical/1ecb43efd8d4b339__Viking_Yes00.ogg","29218","1ecb43efd8d4b339786fd1ab8b6724fd1110ab4ccf02b08592e751aea09feb11"
"app/src/main/assets/audio/units/viking/canonical/318cc3152d9d4006__Viking_Ready00.ogg","20322","318cc3152d9d4006f6d41319521589e242811261643a7b94ae1340366fd6674f"
"app/src/main/assets/audio/units/viking/canonical/4b79842102ff2fea__Viking_What01.ogg","40777","4b79842102ff2fea62a0ea1d1dd34883dd794782be12bf2d3266162f59e519d7"
"app/src/main/assets/audio/units/viking/canonical/63f55ad9be900176__Viking_What03.ogg","26333","63f55ad9be900176810d60e3c86348385c9397823dcbe07bf8ffb40fb7d4c98b"
"app/src/main/assets/audio/units/viking/canonical/a3c7bf089590b77a__Viking_What02.ogg","26429","a3c7bf089590b77a28c389a6f9a650f24dc0449c0dd9b180ed21c1ef20a3c01d"
"app/src/main/assets/audio/units/viking/canonical/dfd673f38f3436ab__Viking_What04.ogg","24958","dfd673f38f3436ab4235ae41e5656a95919dbc93f296da51dfd567c5e96f5fe3"
"app/src/main/assets/audio/units/viking/canonical/f41aef37a950c396__Viking_What00.ogg","35084","f41aef37a950c396a97f111fc993275dde419e2902b5479459d0fd91bda39937"
"app/src/main/assets/audio/units/viking/chatter/Viking_Pissed00.ogg","64770","121abaa0a6f7dd05d2ddbd1b022fdc4ffc3b370870a9bee8ae9d72ec2b52256b"
"app/src/main/assets/audio/units/viking/chatter/Viking_Pissed01.ogg","30963","20a2d6aab18cde6443d1552582465628ea90f8232b3098f716439e324e461d67"
"app/src/main/assets/audio/units/viking/chatter/Viking_Pissed02.ogg","44449","f72d0f5fe9ab8b1469c4d265c2ebdc2cddc8ec169a2131a069e001cfadc23d21"
"app/src/main/assets/audio/units/viking/chatter/Viking_Pissed03.ogg","60197","0e02644438d16c872201a1d85932d29695029b28abba2b816301383c038a52ce"
"app/src/main/assets/audio/units/viking/chatter/Viking_Pissed04.ogg","91079","037ade3ded982b6ecf5413771980f6affc2bc63c6218ad1265a1dad5df065671"
"app/src/main/assets/audio/units/viking/chatter/Viking_Pissed05.ogg","39242","aea8cc9be45b1a760d1d81a007c65c367aaa8593ba1368cbef8e62d3d1c887e8"
"app/src/main/assets/audio/units/viking/chatter/Viking_Pissed06.ogg","46610","6c6a1993d0cb530a6dfd968bef5f82e4fb57565cf6ab269a203087dbf851ec79"
"app/src/main/assets/audio/units/viking/chatter/Viking_Pissed07.ogg","48594","3863ae804aa072c0e6755a88ab4d26dec32439ac53d349609ecf340e6063435b"
"app/src/main/assets/audio/units/viking/chatter/Viking_Pissed08.ogg","93598","193c5932761595ad9d68c49051a633875e85bb50a2a28df8d8b96e6996a8a1da"
"app/src/main/assets/audio/units/viking/chatter/Viking_Pissed09.ogg","148928","088be70c5b28774de99f011d9940956b435c3a8db12d468ed71835dbc29f62bf"
"app/src/main/assets/audio/units/viking/chatter/Viking_Pissed10.ogg","39949","0c522f7f98acfa6072052a12da71e49b622cac087cd1c3e87d5ab522683fab99"
"app/src/main/assets/audio/units/viking/death/Viking_Death00.wav","87612","4f2e8425876430d00003d16600f13a2c1027ce5fe063397089643d30c9e35f69"
"app/src/main/assets/audio/units/viking/deploy_move/Viking_Yes01.ogg","22320","77ebaf3d7a2612c8c1f4e3f41e5f5230b9374b9672f6bb236b3d23781ceef047"
"app/src/main/assets/audio/units/viking/deploy_move/Viking_Yes02.ogg","19237","734f7dc6d58b459adce91be3bc1db87838f08bd11b05a82e3170299ea4d3fcbb"
"app/src/main/assets/audio/units/viking/deploy_move/Viking_Yes03.ogg","20153","1dace9d32000ed5c33e910ca58a81988326bf89d3e6840207a9846a129517f1f"
"app/src/main/assets/audio/units/viking/deploy_move/Viking_Yes04.ogg","19190","0d9058f0b13d9ab86860c6830e9502d0a6602e84d3f8167f5d637e0da6eed1e7"
"app/src/main/assets/audio/units/viking/deploy_move/Viking_Yes05.ogg","25573","1ffe3765fce2655d5019f97f5a3ae12d3127bc89bd1cf8f6d8d0d8ddd0e7ff7a"
"app/src/main/assets/audio/units/viking/deploy_move/Viking_Yes06.ogg","20691","c504ef492d0419ed3dc135c10fb0a5a255d3df3bbe30d479dcaeaaa93ab711e6"
"app/src/main/assets/audio/units/viking/deploy_move/Viking_Yes07.ogg","24371","836dd7bdae5837850986f95bfa8cb8c8e440038aaf4265345ef94dd5374d65a0"
"app/src/main/assets/audio/units/viking/deploy_move/Viking_Yes08.ogg","19936","175fe17c2f8857d970df6e97d69a05a1620ddbbb2ec24898ab43d4fa93cd0c60"
"app/src/main/assets/audio/units/viking/deploy_move/Viking_Yes09.ogg","20674","9f34f157d7fea6ea4a75ca934572406c07e7ca63e7258dbd1ea0ebd4434dba51"
"app/src/main/assets/audio/units/viking/deploy_move/Viking_Yes10.ogg","25027","583027c9c9a0eae24869e493fd80a477e7d36555c584bfd06da4fb38a2665cc2"
"app/src/main/assets/audio/units/viper/canonical/42a0aaf238a6e236__LairViper_What_03.ogg","30170","42a0aaf238a6e2362c9dc5f5c3e628552481e3961727fefa51a8020e3a7ea9bb"
"app/src/main/assets/audio/units/viper/canonical/5354a102ea938063__LairViper_What_04.ogg","26623","5354a102ea938063bf01c9e0a671e85ceef850e470007cba08445f791b52c8e2"
"app/src/main/assets/audio/units/viper/canonical/8a8ff7bbc9b27f68__LairViper_What_00.ogg","26443","8a8ff7bbc9b27f688c5bb95f351600ed011a84aa705e89b807f924ba140e8d5f"
"app/src/main/assets/audio/units/viper/canonical/910d0e0bd8e7e92e__LairViper_What_02.ogg","26301","910d0e0bd8e7e92e5c6b7ca48de7d6cf5a98c07339cd807c1fae23d0b372b658"
"app/src/main/assets/audio/units/viper/canonical/9cc4b9ae04d17a0c__LairViper_What_05.ogg","24930","9cc4b9ae04d17a0c29b1c2b8f2d4551360eb8bb9fbecf62cf96085b60a62e601"
"app/src/main/assets/audio/units/viper/canonical/9efcef90d6a6305f__LairViper_Ready_00.ogg","41860","9efcef90d6a6305f83cea55139e07b8c1969c89916b71f692c79a4523408fb70"
"app/src/main/assets/audio/units/viper/canonical/a9e4474b15193c06__LairViper_Ready_02.ogg","31088","a9e4474b15193c06d7a35a6049875baaef4d751e71b79a4613b2d36e4445c4b9"
"app/src/main/assets/audio/units/viper/canonical/da24d653f218de2c__LairViper_Ready_01.ogg","34521","da24d653f218de2c11959b997658f43a9c602eba4046c5907f516920143c3894"
"app/src/main/assets/audio/units/viper/canonical/ecffb64d6ac5938f__LairViper_What_06.ogg","28436","ecffb64d6ac5938fc39a10cc604d17ad3aeb6fc032fe884e296b47ddfe8591c7"
"app/src/main/assets/audio/units/viper/canonical/f2c205b381816f02__LairViper_What_01.ogg","31042","f2c205b381816f026d047fcff34d3bfee70dffbc3dd044f75a4a10faa57812e6"
"app/src/main/assets/audio/units/viper/death/LairViper_Death_01.wav","33084","840c0fda996fd26c685b6ef7db279717c28b02be2129b84658f45294bfc430f2"
"app/src/main/assets/audio/units/viper/death/LairViper_Death_02.wav","34108","20b3d2b531059c99383e36666aa0a9b04c0be88d63880d54cc143bfd7afa8af8"
"app/src/main/assets/audio/units/viper/death/LairViper_Death_03.wav","48956","9d7b03bf9e81679f5dd53bfbbc5e089f690eacfafbee9438912cf99ac30f5794"
"app/src/main/assets/audio/units/viper/death/LairViper_Death_04.wav","34620","bf8810b61f2939de2ccb06b2ff43a9990cd72064b0e3a84f11c34b62a6d8117a"
"app/src/main/assets/audio/units/viper/deploy_move/LairViper_What_07.ogg","31906","a8c8e1e76a076ed343cf8ada92312cc5c296e6b0e2a9f20dfd83a6b3f172717c"
"app/src/main/assets/audio/units/viper/deploy_move/LairViper_Yes_00.ogg","23660","1de6fbbf44c5e51daab0eab8676b36f27736088cf85158c5ec659a1e778d3fd9"
"app/src/main/assets/audio/units/viper/deploy_move/LairViper_Yes_01.ogg","19113","df7740fb439c33328a10fd8ef5fb5b523b992d549c84ff3c8e8ab424fa896412"
"app/src/main/assets/audio/units/viper/deploy_move/LairViper_Yes_02.ogg","21132","a7e7fa8f107cc089730eaaa58a6b081a2c0080bc5f9c80f73a5089b6e9c51981"
"app/src/main/assets/audio/units/viper/deploy_move/LairViper_Yes_03.ogg","17540","642111d3f6180e04f736de8d91863861558ff859d5302e20bd63f85b22a4fb6a"
"app/src/main/assets/audio/units/viper/deploy_move/LairViper_Yes_04.ogg","19320","8868e06fc8b1e6cc412b59bece4fe64e5f037e0ca7108fff3fe356cf700f1baa"
"app/src/main/assets/audio/units/viper/deploy_move/LairViper_Yes_05.ogg","20269","50f186f2fc217b9dcde7841466a301d02240e6bcdf8f815e3b4087be2204b77c"
"app/src/main/assets/audio/units/viper/deploy_move/LairViper_Yes_06.ogg","24433","37f053a1e36edfce3e422644729ffa55e2c2efedddaab64f6d5ce5d9e72f3b16"
"app/src/main/assets/audio/units/viper/deploy_move/LairViper_Yes_07.ogg","31148","42cb2faaef4287aa3e2371bd291c56bc2116f0a52c981d5df539f7f2ddb95ef0"
"app/src/main/assets/audio/units/viper/deploy_move/LairViper_Yes_08.ogg","23891","05aa58150fa966626d92db2d0cf5aba1d810c4f7794b2eb06fbca43b9be85bbb"
"app/src/main/assets/audio/units/void_ray/attack/VoidRay_Attack00.ogg","40185","d52bfeff898180b1cfa069e23bb93c88432f434cdbe580ef5008d986a107f1c0"
"app/src/main/assets/audio/units/void_ray/attack/VoidRay_Attack01.ogg","39920","23efc49b0b133f1ffb5be908cf9be94129e0a856b7bc78aa88f020094ed06b5f"
"app/src/main/assets/audio/units/void_ray/attack/VoidRay_Attack02.ogg","42448","bdc0830bb00e714c33b001d8604db5f6dfc63ca67278b310011830c089a17a63"
"app/src/main/assets/audio/units/void_ray/attack/VoidRay_Attack03.ogg","30664","91d2673aab3930c796807632376941c713913e6066aea68227225ce014877f0e"
"app/src/main/assets/audio/units/void_ray/attack/VoidRay_Attack04.ogg","46205","a16c8b8753386537536d880516ebfa1534c040ad42f71e0c198fed84bc69c08a"
"app/src/main/assets/audio/units/void_ray/attack/VoidRay_Attack05.ogg","36851","44c32c50ab1a29ef231de53a7128851d6a8c688861521ab6cf5458dddd9f781f"
"app/src/main/assets/audio/units/void_ray/attack/VoidRay_Attack06.ogg","28629","504e6e55d9c94b87dc5cc02604d77cc0d325c809e6e29d8d09e332f45d9d2d74"
"app/src/main/assets/audio/units/void_ray/canonical/3e284b04eac71b07__VoidRay_What00.ogg","43311","3e284b04eac71b07fd6384178f9d5db7fa51d2424aaced8b5bc412685eae7545"
"app/src/main/assets/audio/units/void_ray/canonical/40dcb1d96c5a7105__VoidRay_Ready00.ogg","39750","40dcb1d96c5a710538157720eda0dd2e1565d303fcd89ade2880bb81b2cba4e1"
"app/src/main/assets/audio/units/void_ray/canonical/46907b3432ceca2b__VoidRay_Ready01.ogg","33136","46907b3432ceca2bf168c8c2d6b676909beacaa10cf5192495a70a18f26ab3f9"
"app/src/main/assets/audio/units/void_ray/canonical/46ffc0059efddd80__VoidRay_What01.ogg","48093","46ffc0059efddd805b87fb8d1d3268e47617ed4abc533b049d9b529f0db2e978"
"app/src/main/assets/audio/units/void_ray/canonical/84fdc5c70265aac9__VoidRay_What02.ogg","40079","84fdc5c70265aac954dd7244811dc95f2599d1a326a64a6e75da19323a40de04"
"app/src/main/assets/audio/units/void_ray/chatter/VoidRay_Pissed00.ogg","59641","43b6a2511268d06333d537db8f44e603906f7428b1e79f6860e8decafd0f543b"
"app/src/main/assets/audio/units/void_ray/chatter/VoidRay_Pissed01.ogg","47400","a1b81b52dc43f8bbddc960093c468b60b3d8dce5bbb3d72e4e13a63a128ab8e0"
"app/src/main/assets/audio/units/void_ray/chatter/VoidRay_Pissed02.ogg","65146","903f1cfbba5e9ae1ba6d5213fe857da098c098f395d59577ed1e3e817974d1ab"
"app/src/main/assets/audio/units/void_ray/chatter/VoidRay_Pissed03.ogg","41778","212f222586552707d28799f3a69e8ab53edd1af0ae755521af5412a28f9d1adf"
"app/src/main/assets/audio/units/void_ray/chatter/VoidRay_Pissed04.ogg","72208","16e08e1c5865176885ecb677a41530c59921bc2349783d38269c5ed813263788"
"app/src/main/assets/audio/units/void_ray/chatter/VoidRay_Pissed05.ogg","40050","81837ee157a1e46d2bf9fe47245db78a60321096a71e1de4e741b1a6788861a3"
"app/src/main/assets/audio/units/void_ray/chatter/VoidRay_Pissed06.ogg","55124","1045103a1b66aa8829375391f0da3d1df6829dba8cd46bb7001ecc0e4710d26b"
"app/src/main/assets/audio/units/void_ray/deploy_move/VoidRay_What03.ogg","32995","6de2c2a9da022a6ea60cd534202488295d70da4d14ef3185f03970798f85dc68"
"app/src/main/assets/audio/units/void_ray/deploy_move/VoidRay_What04.ogg","36178","89b71d76916879b01f6631e3fc60f2e6f31db6016b0ab0b71c89ea2758baa640"
"app/src/main/assets/audio/units/void_ray/deploy_move/VoidRay_Yes00.ogg","41594","44cf767cee5fe32edc11aea3f97a661c9a59e662e33a895f86478836a3f715fa"
"app/src/main/assets/audio/units/void_ray/deploy_move/VoidRay_Yes01.ogg","34655","55d715decccade1e4770c1a59a44fbed45df1036bf3390d7c2ee96d9d673a105"
"app/src/main/assets/audio/units/void_ray/deploy_move/VoidRay_Yes02.ogg","39676","fa837e62265526de05d91f7559ab053981ee76b3a099d4546fced11755a3e844"
"app/src/main/assets/audio/units/void_ray/deploy_move/VoidRay_Yes03.ogg","38255","b80fa41e911ebe14cf69ab8a0853bfb2e48491617796833e405d6a123f1ec2a4"
"app/src/main/assets/audio/units/void_ray/deploy_move/VoidRay_Yes04.ogg","39835","bdfcffdc80a45b7bcf96b601d677d3d888f6f35d9fde715a6bbef2165818372d"
"app/src/main/assets/audio/units/void_ray/deploy_move/VoidRay_Yes05.ogg","34633","6d8a45da3458889c780c52840f3a73a842ffcff9bb41bd3f8f44a63bda423eea"
"app/src/main/assets/audio/units/void_ray/deploy_move/VoidRay_Yes06.ogg","36458","509330d53f3f215095d9df45b21f604a01cc16eb072961fab613b3a37ecc4541"
"app/src/main/assets/audio/units/void_ray/deploy_move/VoidRay_Yes07.ogg","25472","c4a3f685d41ae0e38a314c5f09a673d82ea38755305c270e635529860e962f6f"
"app/src/main/assets/audio/units/vorazun/attack/Vorazun_Attack00.ogg","37032","2f4b66d1f4475cc4e1d460b7d1b369483dd007c4856c68c8f7f890c8595f0d69"
"app/src/main/assets/audio/units/vorazun/attack/Vorazun_Attack01.ogg","28973","3546fa8f78a2fa67f2336110fc472578f68144162183bf7159031409a014b6a9"
"app/src/main/assets/audio/units/vorazun/attack/Vorazun_Attack02.ogg","29648","2c079834a9197cfa74234815c0a364b73e60f3dd2cc311d5192427642d4b3f2f"
"app/src/main/assets/audio/units/vorazun/attack/Vorazun_Attack03.ogg","34017","71fd80e6e7505b5137e9a685fef430ebefa906a98ace7d8967bc91ad05829483"
"app/src/main/assets/audio/units/vorazun/attack/Vorazun_Attack04.ogg","33013","57291d3844a8acbe5a2af81ca198465fffa7ec171cf3c26e75fad5d12470a22d"
"app/src/main/assets/audio/units/vorazun/attack/Vorazun_Attack05.ogg","40508","c920ada2d755a231fdefe530ac44eac5b0f6a425d8664a2ccd378c78afbcb361"
"app/src/main/assets/audio/units/vorazun/attack/Vorazun_Attack06.ogg","30525","e5484ee3dbd7e54ed16c0e9d9b75ee02ae1f9498d86265de152e6211a15858ff"
"app/src/main/assets/audio/units/vorazun/chatter/Vorazun_Pissed_08.ogg","53896","dcce62e013fa4ff953c33963a0c340866cb981d7d94eefaf926ffa7ce6cc500a"
"app/src/main/assets/audio/units/vorazun/chatter/Vorazun_Pissed_09.ogg","48902","28cba0c646005069812b815dc3bb76cdfd1291766f49ef69a878c3b9a0c7090b"
"app/src/main/assets/audio/units/vorazun/chatter/Vorazun_Pissed00.ogg","50806","b4d1ffcf0ead76e1a3daea9d517c9ae475a79965aaed2d9457cb09a8d892ec99"
"app/src/main/assets/audio/units/vorazun/chatter/Vorazun_Pissed01.ogg","92619","ab89c8b3334e3e987bd0d6c20a6b953f71017cd314e731caef0125b36aaded2b"
"app/src/main/assets/audio/units/vorazun/chatter/Vorazun_Pissed02.ogg","114239","98f9a877d4273a4c1ce64a9a431dbfbacc597902dbd4061b8365c7e90302e3e8"
"app/src/main/assets/audio/units/vorazun/chatter/Vorazun_Pissed03.ogg","45531","1ce7463db3eb6accd4dacb077df6f4cf861f97649fe5c7928b2274ff3deb38dc"
"app/src/main/assets/audio/units/vorazun/chatter/Vorazun_Pissed04.ogg","76932","ac1189122f78f42b3534d2a3f66dfcb0f887d691bc80ea56c92b1288cc8771de"
"app/src/main/assets/audio/units/vorazun/death/Vorazun_Death00.wav","131644","4b061d3b4220aa03f876592b9d70d55d52f646da863e0a5017058795352680f9"
"app/src/main/assets/audio/units/vorazun/deploy_move/Vorazun_What03.ogg","34058","6a242c2bc8e4b5a23973ee7b3901c79e0877c6b99553d1cae216fe50c66fd914"
"app/src/main/assets/audio/units/vorazun/deploy_move/Vorazun_What04.ogg","29303","9908dfc3a3e287895bfe8e7b1c7259dfbca6fe210f205071489791d9413c6ddf"
"app/src/main/assets/audio/units/vorazun/deploy_move/Vorazun_What05.ogg","28137","b981f942f6590fa097caeb644ba530e5e8cde010a0fe74a67c7aa5e96aa8ad74"
"app/src/main/assets/audio/units/vorazun/deploy_move/Vorazun_What06.ogg","27678","47b5cd3eceaf4bbf57b045d927b805958acce1ea61b37622b1d2e97a336f1a9d"
"app/src/main/assets/audio/units/vorazun/deploy_move/Vorazun_Yes00.ogg","35550","d414311d1c63284459e75aae4e35ddb0dbbc2b328dc90a42aabe010b9f5ed056"
"app/src/main/assets/audio/units/vorazun/deploy_move/Vorazun_Yes01.ogg","37196","083365a1677e3e3ee84afb5585e574edfb143da6bc3a4d33808b3d0b5a75983e"
"app/src/main/assets/audio/units/vorazun/deploy_move/Vorazun_Yes02.ogg","39796","74a9754826e178c7b6b9a60065671ccae4ff595eb01a3900aa963374844ba22a"
"app/src/main/assets/audio/units/vorazun/deploy_move/Vorazun_Yes03.ogg","29082","ef877115399764ebd873bef2f546ecca00d6c48a905d3510a6bc2a23aedb985b"
"app/src/main/assets/audio/units/vorazun/deploy_move/Vorazun_Yes04.ogg","28286","fc6bd84d5e6a76d46ee4018bc2622794c3bdfd85fddd1a65a4549bca4ae421c0"
"app/src/main/assets/audio/units/vorazun/deploy_move/Vorazun_Yes05.ogg","34215","2c24e930a212c785a026e4932ba74f5d88332cf63af70c22ec11a722c7f1d8e3"
"app/src/main/assets/audio/units/vulture/attack/Vulture_Attack00.ogg","17460","fc4cfac2183440effa9d906256619da53e7b6f9edf2ec2977b963018b3db2216"
"app/src/main/assets/audio/units/vulture/attack/Vulture_Attack01.ogg","35943","ba8ed068ffbc344379e305c1847edcb9988e6a18890528ebf7de4aa48f086e47"
"app/src/main/assets/audio/units/vulture/attack/Vulture_Attack02.ogg","24313","fe5fc004befe08f889b9e3f0e11508a9112ea5de69a4cdc0b3dcb186ed755beb"
"app/src/main/assets/audio/units/vulture/chatter/Vulture_Pissed00.ogg","31608","c0bf15e7cc1ef00f3ea39266e75132ddf5460cad7931612b0ab75c35ec9f94bf"
"app/src/main/assets/audio/units/vulture/chatter/Vulture_Pissed01.ogg","48490","9f5642348c35bdaad8aea545fd6eb1ecc80454592e8e617be944cfd3ab3af04b"
"app/src/main/assets/audio/units/vulture/chatter/Vulture_Pissed02.ogg","34134","babb747a374434d3c723738bd6438020ad12339b9961af6bdb5527801c4eb51f"
"app/src/main/assets/audio/units/vulture/chatter/Vulture_Pissed03.ogg","53913","07c0c8f803b0758950a532cdcae9b9ac640da2bc1d2274825fd701db7caf8749"
"app/src/main/assets/audio/units/vulture/chatter/Vulture_Pissed04.ogg","232574","6740029ac72ff172538e42095612a253d8bd04095faaa8cea47049db8d3fdd2f"
"app/src/main/assets/audio/units/vulture/chatter/Vulture_Pissed05.ogg","53341","a98bd5c180056208c54507f2adc46df2909aa332636299f25b6a80fb270baef9"
"app/src/main/assets/audio/units/vulture/chatter/Vulture_Pissed06.ogg","72409","ca960c52183bdddecead48d58b4e224c0a78945adfd04e7f17da65d394db1a4e"
"app/src/main/assets/audio/units/vulture/chatter/Vulture_Pissed07.ogg","90147","0bc2d78b41c1248473c77748fc078529ac07f0e4dae35c29c56583a8006f4fec"
"app/src/main/assets/audio/units/vulture/death/Vulture_Death02.wav","15420","5fb2d9d0502ee5897f99293ea80350677f3f17d4dac405554c5cd84cced6ff0f"
"app/src/main/assets/audio/units/vulture/death/Vulture_Death03.wav","26428","0fb6713ae6c0ce4a7045f2e3373db720f2e5687f21cd478defb7adfd2d524e3c"
"app/src/main/assets/audio/units/vulture/death/Vulture_Death04.wav","21052","748c772b590b7a2b032c2f9b173d0bfa462ae764dfa56ebac4e6cdaf8cd02613"
"app/src/main/assets/audio/units/vulture/death/Vulture_Death05.wav","31292","22e80e1218f68fec9cc872e35289119539fca6d1feaac0570eedd3fed8ea68ed"
"app/src/main/assets/audio/units/vulture/deploy_move/Vulture_What00.ogg","30957","6fe6de53b5ee1043d68fb08f19afa905504db8cd1f226f2ac2a00b9107e0c46e"
"app/src/main/assets/audio/units/vulture/deploy_move/Vulture_What01.ogg","37085","258728fcc514dcb279a913045d94be76068d2957e6753b18878255570f0bc6b2"
"app/src/main/assets/audio/units/vulture/deploy_move/Vulture_What02.ogg","31905","f16df01d51a6ce56aed238da868aed66b96110b3b442bb40b54432b7ee0035c0"
"app/src/main/assets/audio/units/vulture/deploy_move/Vulture_What03.ogg","31331","5026bd9a9d2d9911a36d03948e2ff1e714159a257b8aa810c8bce6fefea54c27"
"app/src/main/assets/audio/units/vulture/deploy_move/Vulture_Yes01.ogg","16550","3b1d79aef621d168d375053d8b87809ddebf1010b6cb57aac99f718ab902f852"
"app/src/main/assets/audio/units/vulture/deploy_move/Vulture_Yes02.ogg","8106","f332cbad65c2ee144951c2acdf072f345b8c9389581c280d51a75421a89ec7f5"
"app/src/main/assets/audio/units/vulture/deploy_move/Vulture_Yes03.ogg","17697","15fcd057536a5c98bd3e370289a01ba374e026d9dfd59a498ef2e040ec1186b0"
"app/src/main/assets/audio/units/vulture/deploy_move/Vulture_Yes04.ogg","13185","cb5e8fd39ae8e4ec16e9abe1e44f30fa39e2540118d8a217ae3f72457e278ffa"
"app/src/main/assets/audio/units/vulture/deploy_move/Vulture_Yes05.ogg","15267","9f3fb66397278ae56af63bb65059167c5b155024455c7453c7dd6378a6a534e6"
"app/src/main/assets/audio/units/vulture/deploy_move/Vulture_Yes06.ogg","18662","ad65668532e2eedbb44286fdaac2215240c83f4cbd37a2044e2a450710dd92d7"
"app/src/main/assets/audio/units/warbot/attack/Warbot_Attack1.ogg","16613","43544376794e0f15684c378ef3ed750fcafd83fe537e01868b6f40c0c1a5159a"
"app/src/main/assets/audio/units/warbot/attack/Warbot_Attack2.ogg","20346","e22412fb96ba6af32ae9324a48ae73eb709f65df106debf1edf1f118ac7e3c80"
"app/src/main/assets/audio/units/warbot/attack/Warbot_Attack3.ogg","18205","1a0f4274feffc360a8d80407f401d721073e2f226564b4966cea856a515238d2"
"app/src/main/assets/audio/units/warbot/attack/Warbot_Attack4.ogg","17148","a7348356982d0ba274c3c754826b82cd15475661ef76a8cecdd073f99f0598d5"
"app/src/main/assets/audio/units/warbot/attack/Warbot_Attack5.ogg","24595","41e0f2e3f493f14d778ae7cd69640a576208c88ccebcc6a69fab98db3e7f1bc2"
"app/src/main/assets/audio/units/warbot/attack/Warbot_Attack6.ogg","18241","fc887b84f01c3491315d9c4a3a032d897d3711fd7a9f5f9d3a4587f5ca4a6bc6"
"app/src/main/assets/audio/units/warbot/attack/Warbot_Attack7.ogg","24835","a54530a50a840fd40da4bc28a640b4eab179595ab70914def40ccfb572cf1ef3"
"app/src/main/assets/audio/units/warbot/deploy_move/Warbot_What5.ogg","14972","8607083ddece4c834ff6be8d5898ba20a22eb4da449b96807d7d51cd23c10646"
"app/src/main/assets/audio/units/warbot/deploy_move/Warbot_Yes0.ogg","11141","86b150302f6c0239939241349202b235649d66c2ff1e6d70148dbc9befd5bd85"
"app/src/main/assets/audio/units/warbot/deploy_move/Warbot_Yes1.ogg","10102","8b04860f766af71cf6e6e9087ea79a7316e502dc72f6e0aa173a40bdd74804f0"
"app/src/main/assets/audio/units/warbot/deploy_move/Warbot_Yes2.ogg","16360","74c5dea57c8427c036de8ec61601abaa48fc1bc5d3e057952b006651384611e6"
"app/src/main/assets/audio/units/warbot/deploy_move/Warbot_Yes3.ogg","16188","ae12c587f4942f006a7fbc4391fd02f0645bb5baa1eb2db2563efb05bbf2f488"
"app/src/main/assets/audio/units/warbot/deploy_move/Warbot_Yes4.ogg","16211","6c1b7863bf75793b40a64dc860226a806f61145faeb76bda9994040b2d7d9447"
"app/src/main/assets/audio/units/warbot/deploy_move/Warbot_Yes5.ogg","11783","6bda3817f9509695a0459a6e0a58ea5fef1ccf7fce04af895c5d1715cc2f8c81"
"app/src/main/assets/audio/units/warbot/deploy_move/Warbot_Yes6.ogg","23575","5f31a3e4e5fe07ff2768796479c084ddd3d36225dffbf975476d9073932c6214"
"app/src/main/assets/audio/units/warbot/deploy_move/Warbot_Yes7.ogg","10962","8a000d86470f5332247400ff8cbfd08fee356f331c88267bc0de1f24dc7d9cd7"
"app/src/main/assets/audio/units/warbot/deploy_move/Warbot_Yes8.ogg","16099","23f4c9075ec0ca0f52685856b73ab1840db4acd508054e227215e9df76db62d9"
"app/src/main/assets/audio/units/warp_prism/canonical/12815ad31b81af6f__PhasePrism_What00.ogg","35151","12815ad31b81af6fd447a7effcae2e362eb424f18a711f3ae870183d69abf2e4"
"app/src/main/assets/audio/units/warp_prism/canonical/3021ef8ff6d9010b__PhasePrism_What02.ogg","41897","3021ef8ff6d9010b4a892d3c926097c5c180982674a1d23adb6157ad55b0e54e"
"app/src/main/assets/audio/units/warp_prism/canonical/6664228e95e8697b__PhasePrism_Ready00.ogg","30643","6664228e95e8697b5b01049efea16ee6f59990d1a605e19d1019a6dc3cfaf5a1"
"app/src/main/assets/audio/units/warp_prism/canonical/82289ce1e8c8403a__PhasePrism_Ready03.ogg","31143","82289ce1e8c8403a440b893610c24f7adb0ba52fdd61f755b081bba872dcc5d0"
"app/src/main/assets/audio/units/warp_prism/canonical/befa306416ed3935__PhasePrism_What01.ogg","50379","befa306416ed39353362465e8775165b6180201497af6633633fd81a5571f96b"
"app/src/main/assets/audio/units/warp_prism/canonical/c26a7e1d12cb6647__PhasePrism_Ready01.ogg","34322","c26a7e1d12cb664731fa5c17d86b266dce5dba8eed3eaf410c855fe87e6e59a8"
"app/src/main/assets/audio/units/warp_prism/canonical/cc75bf81fcf6ac6a__PhasePrism_Ready02.ogg","29114","cc75bf81fcf6ac6a485f10eab3fbb9678875df677fb4620d4413dd3f42208651"
"app/src/main/assets/audio/units/warp_prism/canonical/ceaf8ad7688b4b59__PhasePrism_What03.ogg","47564","ceaf8ad7688b4b59f7e33c0e799d43fe686830c65df378d58881cb2987917de4"
"app/src/main/assets/audio/units/warp_prism/chatter/PhasePrism_Pissed00.ogg","49435","95f2df0a284c1c203e5914431cf97086936de9e618406bd251a3c65fbdf2b47f"
"app/src/main/assets/audio/units/warp_prism/chatter/PhasePrism_Pissed01.ogg","39585","232e62b29020d31c1e1450efaf9645c933fcc99dbc7ed3d91b7654c6f50f883b"
"app/src/main/assets/audio/units/warp_prism/chatter/PhasePrism_Pissed02.ogg","30881","58691a614bc3227672876f59d94c053fe61dfc5f325a1c3a72279b6e4eaf11d4"
"app/src/main/assets/audio/units/warp_prism/chatter/PhasePrism_Pissed03.ogg","33485","52effc82fb8843f8c500d70ef09de9f8008e7e3f6a0ff3beae72120c052f4040"
"app/src/main/assets/audio/units/warp_prism/chatter/PhasePrism_Pissed04.ogg","49959","ac856f042dcb34c7c110ce372d0eda30f2e1be132bb7593376819ce25de3e123"
"app/src/main/assets/audio/units/warp_prism/deploy_move/PhasePrism_What04.ogg","39629","fb2b7fe37c2a9f80bf92bb54aa890dec6e703ad0d73e8bad8b1cea9c9b31e0be"
"app/src/main/assets/audio/units/warp_prism/deploy_move/PhasePrism_What05.ogg","43716","aaa94b354c24fa504947608a45e5005f9df156b0073cfdd089a083d0de0c840e"
"app/src/main/assets/audio/units/warp_prism/deploy_move/PhasePrism_Yes00.ogg","39875","2d8e1fce7f3dabae152f3ebfe235358693cb9e6b0bcca572a5f17277854b264e"
"app/src/main/assets/audio/units/warp_prism/deploy_move/PhasePrism_Yes01.ogg","43714","1f8a37beeab179e2dbb946e32fb76d092301d17ffcba92d78cfabfcb42f0db30"
"app/src/main/assets/audio/units/warp_prism/deploy_move/PhasePrism_Yes02.ogg","48306","7de8dfe02b265c66562e2b7ba538b1c87f3ceb9bc994680cc29f97940d5a8291"
"app/src/main/assets/audio/units/warp_prism/deploy_move/PhasePrism_Yes03.ogg","34648","af945c938fede8baf045e208beabfe9fca07f0e4ca8eda9c9ce5bf42cadf6125"
"app/src/main/assets/audio/units/warp_prism/deploy_move/PhasePrism_Yes04.ogg","45637","f4283c6fa4d10609255e098c94de1672f96373498184359e46d433146901de82"
"app/src/main/assets/audio/units/warp_prism/deploy_move/PhasePrism_Yes05.ogg","50371","3dc0d2ee1c99b6944a9762369a94427a8a57cb6a73ce576ec7b062b8fe43eeed"
"app/src/main/assets/audio/units/warp_prism/deploy_move/PhasePrism_Yes06.ogg","38877","d9df8768584a0f6b3e078a35bfaf8ea871755772918f5ba9926425243a97104f"
"app/src/main/assets/audio/units/warp_prism/deploy_move/PhasePrism_Yes07.ogg","45619","75fae68d3a9ef33fbc9e7e6c2f3ebbd73735c44ab3855d5e531a51dca721eec7"
"app/src/main/assets/audio/units/widow_mine/attack/WidowMine_Attack00.ogg","10230","0d63d4734bfa6c60ddf16650f6aaf70e833beab09261546840107582a3d7f6ce"
"app/src/main/assets/audio/units/widow_mine/attack/WidowMine_Attack01.ogg","10668","02f30c05de48a029ed7ed173a3985495c6b06c3c88aae6d24112543102e2846d"
"app/src/main/assets/audio/units/widow_mine/attack/WidowMine_Attack02.ogg","12674","3dca96e214d13f94eb1cef5a3cdd28b4851a8c195076e2bbbc4c4ca923dc9de0"
"app/src/main/assets/audio/units/widow_mine/chatter/WidowMine_Pissed00.ogg","10743","014982ead8daf7285b54b7abb237089ba38559c0f84238d111276c6c3605391e"
"app/src/main/assets/audio/units/widow_mine/chatter/WidowMine_Pissed01.ogg","11824","c41d99da6977123044d472a5ea41ddbe0270ad1ff316a3645a6ddf3b97762490"
"app/src/main/assets/audio/units/widow_mine/chatter/WidowMine_Pissed02.ogg","10085","da25b255f1d5bbf99e99473505929ca0e847ed0f1324ce87f34d9ba0929a7ddb"
"app/src/main/assets/audio/units/widow_mine/chatter/WidowMine_Pissed03.ogg","8294","d61659575a40229f6b2332659a2b0c7e3a2c17609991394e432fd727ae03f22a"
"app/src/main/assets/audio/units/widow_mine/death/WidowMine_Death00.wav","24124","20aa6d9c13e47c2fd3ca6de10f0547bee3db05c8b39368b3d0b4efbee3fa3cb1"
"app/src/main/assets/audio/units/widow_mine/death/WidowMine_Death01.wav","23100","082a1b5812db784a993b17fd86b54b78735882c5f6215228bcc2f150852de0da"
"app/src/main/assets/audio/units/widow_mine/death/WidowMine_Death02.wav","24892","155b2cb89fba24a0f4deac1882b42df541a562447bb3f1755fa10615230a32ff"
"app/src/main/assets/audio/units/widow_mine/death/WidowMine_Death03.wav","23356","78a90beb9e41612972fdae42a2b0006e355c69b36c88db1716df8b04f491f7da"
"app/src/main/assets/audio/units/widow_mine/deploy_move/WidowMine__What01.ogg","10443","415816d35c5f1f515c34cb4a1190149325b891ffa62bca069e69ee396339d9b7"
"app/src/main/assets/audio/units/widow_mine/deploy_move/WidowMine__What02.ogg","10231","ea62c962019346cdad14f57b6b17be90cd4c2555fbf02637cd528ebc6fde2ecf"
"app/src/main/assets/audio/units/widow_mine/deploy_move/WidowMine_Ready00.ogg","31340","129457833c2ce519f1eddeaabf80796bcd794f5f24da0c88724011bab27433a1"
"app/src/main/assets/audio/units/widow_mine/deploy_move/WidowMine_Ready01.ogg","28515","49b8bb3c87c56d61f5b64d734de4c2e4abf657a9cc120e081c66fb745ea30fc8"
"app/src/main/assets/audio/units/widow_mine/deploy_move/WidowMine_Ready02.ogg","27580","c987c9744551d343f4b72725627e08364ba50e06adaba94ae4ef311db278fdb9"
"app/src/main/assets/audio/units/widow_mine/deploy_move/WidowMine_What00.ogg","8676","9ec44f519146bae00860398fea91e7fd8a07f30a1e244df446c24e78229b054e"
"app/src/main/assets/audio/units/widow_mine/deploy_move/WidowMine_Yes00.ogg","32744","be2ab6a013756c9e2a104461d2f715c3dc717487694a4c0bf53c7a11e085a7c0"
"app/src/main/assets/audio/units/widow_mine/deploy_move/WidowMine_Yes01.ogg","33945","890c2517ed180b73dd88a8e46423f1c32fd3dabc11bbd07452d76e9007dbbc51"
"app/src/main/assets/audio/units/wraith/attack/Wraith_Attack00.ogg","27756","6d69f0afa67f51f5a8f57091d81726d29887b7c6489808921d2da18f98060bcc"
"app/src/main/assets/audio/units/wraith/attack/Wraith_Attack01.ogg","16490","08bb376ad7a471d950ca783c3df066008d33b5d347829da83e72208df8281139"
"app/src/main/assets/audio/units/wraith/attack/Wraith_Attack02.ogg","17059","1980a68915a0eb703d223e4bd976f76b0b800ea7759afec2317ff6db19ef3b4a"
"app/src/main/assets/audio/units/wraith/chatter/Wraith_Pissed00.ogg","41932","1c19fab238d7a1946ea59140d16744a3992bc07f09a9af9f71c6f6ee76d0f97d"
"app/src/main/assets/audio/units/wraith/chatter/Wraith_Pissed01.ogg","52782","8caf3115facdc7edffbe93d1242b486dc03257e18ae1c793f6af55e45fa930ae"
"app/src/main/assets/audio/units/wraith/chatter/Wraith_Pissed02.ogg","52717","495ec418e102dbb27f6cf4192628f0755e7feda796b6eeb1e87217277cd385bc"
"app/src/main/assets/audio/units/wraith/chatter/Wraith_Pissed03.ogg","29805","9528ce1055de3a94fe140d842f8460a70eaa86fce2db14ed80307636fa7b1dc7"
"app/src/main/assets/audio/units/wraith/chatter/Wraith_Pissed04.ogg","43352","5b7233b32a496b65725f6c17c44477dc075d6ae1da3a54137ee2809f1f724b74"
"app/src/main/assets/audio/units/wraith/chatter/Wraith_Pissed05.ogg","56238","83431e1875d57fd3de9665defc649b14b12b4ffe092463580b3f80a90672e922"
"app/src/main/assets/audio/units/wraith/chatter/Wraith_Pissed06.ogg","60498","503f950a51d8c85aad78a60dd8423aaa4018ce50424e11b5f20af01d06ecdabd"
"app/src/main/assets/audio/units/wraith/chatter/Wraith_Pissed07.ogg","50834","073b8a601c65ffd24c9bd9d06729ac6bb71e3537097df827cd3a9486017ccbcb"
"app/src/main/assets/audio/units/wraith/chatter/Wraith_Pissed08.ogg","66292","e216b17fbf38cd50f1e6c9d808b10875eda734c90ea930b61a3fffc5456e4e91"
"app/src/main/assets/audio/units/wraith/death/Wraith_Death00.wav","56636","c58acd17ee4b0d8d7e1fa410aa4fc784e4dfdf5fcc8db593b0066d4dd3382854"
"app/src/main/assets/audio/units/wraith/death/Wraith_Death01.wav","97852","3cc97f4e81c07d1b9be1bf1247a5c8f8e6d7c12265b99360f466d02d458203fc"
"app/src/main/assets/audio/units/wraith/death/Wraith_Death02.wav","65084","a107ecc4cc7e165d822560c79890afe71ac171165c3d330c079a25248a7f97d4"
"app/src/main/assets/audio/units/wraith/death/Wraith_Death03.wav","63292","720041276962c5f825f71c23964f3672c29e24b6643f620f0a4f3988d0b47a6b"
"app/src/main/assets/audio/units/wraith/deploy_move/Wraith_What00.ogg","35748","e19f6706a8d19a97597dc33710799ab4a8db84f8dca5a35696347168f4c65f04"
"app/src/main/assets/audio/units/wraith/deploy_move/Wraith_What01.ogg","34887","0acf92b84baa0da404ee3df7c84027831334b13c7691a9bba24e1df9ba81fd70"
"app/src/main/assets/audio/units/wraith/deploy_move/Wraith_What02.ogg","32281","fcc16bd4ad56e0e08971dba50a2e57c217ca2f993535c2238ad7929b26918c86"
"app/src/main/assets/audio/units/wraith/deploy_move/Wraith_What03.ogg","31488","d144e38f4413153150892ed1a905aa04a31b7ab1e3f7c210612eee35c63359eb"
"app/src/main/assets/audio/units/wraith/deploy_move/Wraith_Yes00.ogg","29082","3030c13687cae565993beeccdde3e1f47474865ffccec4bbdf728cabb0813504"
"app/src/main/assets/audio/units/wraith/deploy_move/Wraith_Yes01.ogg","24468","fd2825b2d54da8d9097ac0d3eb432f54e25fddca86b9e8af998e3c6d5c1e5aa6"
"app/src/main/assets/audio/units/wraith/deploy_move/Wraith_Yes02.ogg","26131","e9508fc2abcc382e0e82fc5fdcf40e96ae3be9bbcfce50267ac08228bb997b38"
"app/src/main/assets/audio/units/wraith/deploy_move/Wraith_Yes03.ogg","30288","b13202138bd44a0e6e1f42a13b8247c221bae7fc3bef2f7765c33821cc02f106"
"app/src/main/assets/audio/units/wraith/deploy_move/Wraith_Yes04.ogg","24022","8d72b9d881e75bd318acab3182bee1c9ad56c5e6c36dc1fea33d32054d673604"
"app/src/main/assets/audio/units/wraith/deploy_move/Wraith_Yes05.ogg","32356","b6da4d362942bba5af7dfee4ea49cc451f77d25af157411cf8043779b85dec05"
"app/src/main/assets/audio/units/zagara/attack/ZagaraHero_Attack00.ogg","30528","9c9046ad45e335385ee9bf9ea4d3a73e02740b78dbecf85f717b7ef34ea1961e"
"app/src/main/assets/audio/units/zagara/attack/ZagaraHero_Attack01.ogg","24019","5cfcced0ae4f4e1d53a3dacf02e8eb932f729f8d7769d63a9b0787d16f491f31"
"app/src/main/assets/audio/units/zagara/attack/ZagaraHero_Attack02.ogg","19164","c25747124fb07365a3d0c841e98b7d00736681d230ca6c3cdbb90d23e55a7ac9"
"app/src/main/assets/audio/units/zagara/attack/ZagaraHero_Attack03.ogg","27289","dcbd44aa0a30412e226841b7d1441a5715e61ea1ee6fde050b5e84577a6ea3d1"
"app/src/main/assets/audio/units/zagara/attack/ZagaraHero_Attack04.ogg","31304","238fd7e2ce09a312cb03ae35a2b925a050bd8231cb39748189521aa4c8233634"
"app/src/main/assets/audio/units/zagara/attack/ZagaraHero_Attack05.ogg","28277","87cbfc0aed81bf7cfac89945ad276ab426a275dd22fad400f7aecf9030719a4c"
"app/src/main/assets/audio/units/zagara/attack/ZagaraHero_Attack06.ogg","16701","589fb3bd2cf275e475d892162bf71b20650428934b8dba160f2c1355e2d0dcd5"
"app/src/main/assets/audio/units/zagara/chatter/ZagaraHero_Pissed00_alt.ogg","66417","439bbb017dc97159f8742e4d2ff3aaac3b0b61d1234721368eee6ab6ededdb96"
"app/src/main/assets/audio/units/zagara/chatter/ZagaraHero_Pissed00.ogg","62732","50ca8d2e7d2b9bee655fd513281246eb2609f45818c2d9155adc3512ebd7c782"
"app/src/main/assets/audio/units/zagara/chatter/ZagaraHero_Pissed01_alt.ogg","36824","33d2b4c9088f651683a8789f45dde37b3ca597880ce0ebd87d0df29332cae97f"
"app/src/main/assets/audio/units/zagara/chatter/ZagaraHero_Pissed01.ogg","35502","ccb3bdc082138ddf2b0a6a4c6689d6041de9210c436ae6caf1c0d214ad48d0e8"
"app/src/main/assets/audio/units/zagara/chatter/ZagaraHero_Pissed02_alt.ogg","19312","50ff525956f893774bca8ad17b73893885ad84a1879962fe46c794dc4bc2cf64"
"app/src/main/assets/audio/units/zagara/chatter/ZagaraHero_Pissed02.ogg","20532","264ebfed774af41581b9326e318e2bdb7f52f44be97df243b88649f2f13fe770"
"app/src/main/assets/audio/units/zagara/chatter/ZagaraHero_Pissed03_alt.ogg","34533","72eddf4e7f4ad2b2d82afe9c0f64080f279327b64d570131a0c11f26dc173cb6"
"app/src/main/assets/audio/units/zagara/chatter/ZagaraHero_Pissed03.ogg","27680","6539178f5a26b7ce1745cad0a7777b2f5927a6b50ec922e18de1cf16a2d0408f"
"app/src/main/assets/audio/units/zagara/chatter/ZagaraHero_Pissed04_alt.ogg","42613","577bb99c54ad99e615700db66808311c3f281c15cdeac264997f48579087c059"
"app/src/main/assets/audio/units/zagara/chatter/ZagaraHero_Pissed04.ogg","35948","9e40ccfbc7b7597cd6692d367128168635fda6401c30052eea93bafa627746ec"
"app/src/main/assets/audio/units/zagara/chatter/ZagaraHero_Pissed05_alt.ogg","31194","7f22687cca790d61f541ed30e0f9399b1cf45ff5f90382faefb03b5a4cd96b61"
"app/src/main/assets/audio/units/zagara/chatter/ZagaraHero_Pissed05.ogg","25637","9cc064bc51a92a9826ca33da62f5fea4a97fdab1b31293934cebd40df79f1e77"
"app/src/main/assets/audio/units/zagara/chatter/ZagaraHero_Pissed06_alt.ogg","26607","dbc0da4ed96b8875dbe148b2fd2eb5eb17ac9f72603afc05c957d50fb56eaf64"
"app/src/main/assets/audio/units/zagara/chatter/ZagaraHero_Pissed06.ogg","21610","7a2473da805fb10724c043f85938adfa76fd84c279f88755df8770d3a3a8c799"
"app/src/main/assets/audio/units/zagara/death/ZagaraHero_Death00.wav","88380","88ac677766bda8b7f208421896072d06871357252bc05a6475984ab3c71ddc9d"
"app/src/main/assets/audio/units/zagara/death/ZagaraHero_Death01.wav","85308","5bbf1e6493202414280c2e8027d82c656cca43dcb4bcccac426b2da5cd326abf"
"app/src/main/assets/audio/units/zagara/deploy_move/ZagaraHero_What01.ogg","16276","bd8f1f4ed0c2fd95b1d096b47feaf8a83ec9796cb680ef196351d5798b77979c"
"app/src/main/assets/audio/units/zagara/deploy_move/ZagaraHero_What02.ogg","25427","fa4d933b94525764b89dd1847fc8828deb299312f89d0ca36cdbae4a2716e59d"
"app/src/main/assets/audio/units/zagara/deploy_move/ZagaraHero_What03.ogg","25722","b5e4e4d6cc4a57f42464b6342b07673f8fcb7ec1209da95a9426bcfd524df456"
"app/src/main/assets/audio/units/zagara/deploy_move/ZagaraHero_Yes00.ogg","16659","084f74302ee3210e471f4bc3d951ab0a2bccda5637a21b49667dc3bdeb55c9fa"
"app/src/main/assets/audio/units/zagara/deploy_move/ZagaraHero_Yes01.ogg","15846","eb01b19148494e1291062d9f25d7391f492205a30a9786b94226603cdcf80df0"
"app/src/main/assets/audio/units/zagara/deploy_move/ZagaraHero_Yes02.ogg","30075","75c2dd31b5d1104b910e4ed9aefaf0b795cdd2e19518a5c35dcd8a59450458c9"
"app/src/main/assets/audio/units/zagara/deploy_move/ZagaraHero_Yes03.ogg","18851","24bb9d8d7fbd135e7a49139e42625b764b4f6228aeec5b39601439afc1cf0fcd"
"app/src/main/assets/audio/units/zagara/deploy_move/ZagaraHero_Yes04.ogg","27637","688b4daa61fe6f1abd9dd0d228ea2c3f96fda1443920035dba74f7390da8f25d"
"app/src/main/assets/audio/units/zagara/deploy_move/ZagaraHero_Yes05.ogg","31238","55911475766287c80f683f99af2de18a9abe5739fa5ceef8bb68698cbb368b65"
"app/src/main/assets/audio/units/zagara/deploy_move/ZagaraHero_Yes06.ogg","22120","81468bf96cc6e31b671c4d29d3e44043bed24f55d5c37d409bf61b06d9e8d81d"
"app/src/main/assets/audio/units/zealot/attack/Zealot_Attack00.ogg","23749","ea63c1e194d107b65c9f4afddc4c1ccf778c8242740f5709af920eca22637637"
"app/src/main/assets/audio/units/zealot/attack/Zealot_Attack01.ogg","19075","baf47002b7ebfaa65498421b934b0af852665c67c59a44e628b6ef19e96fd053"
"app/src/main/assets/audio/units/zealot/attack/Zealot_Attack02.ogg","21486","772128be731cc52940ba1f52a3c7b5198b7406d233e6d0c6a9bee78c1e5a3945"
"app/src/main/assets/audio/units/zealot/attack/Zealot_Attack03.ogg","21280","f367a2de065613742eb71c35c61188baace4d8177e571f544318cd1347d6983f"
"app/src/main/assets/audio/units/zealot/attack/Zealot_Attack04.ogg","23912","3aeb72c8a12113f0a401575d7128872e7a9afb1246107bac4aadf058fd96572e"
"app/src/main/assets/audio/units/zealot/attack/Zealot_Attack05.ogg","27946","4476f71611d146b191d1c9089134da1ab413b62b086fb05cfa8f6c8ee03f58b9"
"app/src/main/assets/audio/units/zealot/attack/Zealot_Attack06.ogg","29789","9e37c20bda69bff2816b00603601ebf4e291107149774d339d6e5cf8fe6c0ae9"
"app/src/main/assets/audio/units/zealot/chatter/Zealot_Pissed00.ogg","41788","19bee02ff3bf3f28b25f4f915ecec780604b73d25a347ba001a9cbf13ea0ab0e"
"app/src/main/assets/audio/units/zealot/chatter/Zealot_Pissed01.ogg","27845","971a022b2231b83e0ef607e7c5db8b0933cc6acab688b5c089c795980730fdc5"
"app/src/main/assets/audio/units/zealot/chatter/Zealot_Pissed02.ogg","29039","503eb845dcdf5c5f63b9b056045c7188fb071efa063a1e910004da54b24b062c"
"app/src/main/assets/audio/units/zealot/chatter/Zealot_Pissed03.ogg","36884","f4995acde61d606b55d714df5ae024d1527c883823a7894b09524c5b3424a755"
"app/src/main/assets/audio/units/zealot/chatter/Zealot_Pissed04.ogg","28210","076945a1710dcad202af7bb8788e840d7db7a601871e81c1f7a8db121a81ac8f"
"app/src/main/assets/audio/units/zealot/chatter/Zealot_Pissed05.ogg","31697","c3889c2616aaa9d9653e2a59db733624db2f1b24a977d63197d84d3035531909"
"app/src/main/assets/audio/units/zealot/chatter/Zealot_Pissed06.ogg","51402","21a826c01f01c66a209cdd3645eb7f947d6128e95eb969f953085ce2e3237808"
"app/src/main/assets/audio/units/zealot/chatter/Zealot_Pissed07.ogg","62614","f075ae97020e82c28fc03b74bfdf545d63ecff3f465b506ec591b69519d76365"
"app/src/main/assets/audio/units/zealot/death/Zealot_Death00.wav","38972","66018b535cbaa4024041b05c2fc407d495ffc91b72e79886ce719db7d1dc9d58"
"app/src/main/assets/audio/units/zealot/death/Zealot_Death01.wav","52028","9511b4f707d76bc70a3241b5ab4db7d1fe8f18df94140887ca7dbed20f5022d0"
"app/src/main/assets/audio/units/zealot/death/Zealot_Death02.wav","55100","39bfe744a156777cc234e0756d31ae7c7b6cf82031077493e12054997b414eaa"
"app/src/main/assets/audio/units/zealot/death/Zealot_Death03.wav","46396","6cee94a68bd056eba54ea705a8b1be6f24654892d4b5b87799d9e289973e1a42"
"app/src/main/assets/audio/units/zealot/death/Zealot_Death04.wav","47676","771aa43c48bbee7194292f517fd058a63319be3631777dc16fca193c3e0ddd21"
"app/src/main/assets/audio/units/zealot/deploy_move/Zealot_Ready00.ogg","19397","c51451c2b344ce87787173d80296bb2ec92b91efbca7d97617bc79aef96af828"
"app/src/main/assets/audio/units/zealot/deploy_move/Zealot_What00.ogg","28297","1982f37cbd52a2ce0d0a0b215388af332e926eecbc3c00f41b86058bcd230f64"
"app/src/main/assets/audio/units/zealot/deploy_move/Zealot_What01.ogg","22161","3c32875ac7be89183b8ed3391dfec4e56598e182d4a890c8375aa5af87947ffd"
"app/src/main/assets/audio/units/zealot/deploy_move/Zealot_What02.ogg","18190","c4af340de225809b7833575df19ce08305ba67c26e60c710b7ea1d64c5093313"
"app/src/main/assets/audio/units/zealot/deploy_move/Zealot_What03.ogg","24274","bcfbe300b30ebf232e08ab84552e443cc12eb2c06c21e96658c58faf318bfe02"
"app/src/main/assets/audio/units/zealot/deploy_move/Zealot_What04.ogg","25612","126dea2d19536b4db6738d60d0e372272369d90d9e554f265e6ae427e9509a81"
"app/src/main/assets/audio/units/zealot/deploy_move/Zealot_What05.ogg","22887","c7b0cce4dc9c73e1fe51ecd3a1836f720029ad651267b74368dd097aa515757d"
"app/src/main/assets/audio/units/zealot/deploy_move/Zealot_What06.ogg","26779","f386f802d6c478a98722b8fa51f29fb5844c1387076c13c4646af802cbcc15b5"
"app/src/main/assets/audio/units/zealot/deploy_move/Zealot_Yes00.ogg","19428","5f438b1e32d843774bacb6d9915518990886c1641529e15c24c3116d24b397f0"
"app/src/main/assets/audio/units/zealot/deploy_move/Zealot_Yes01.ogg","20863","0571945a150dfe491ad4c60e00594ce8cad9932121c41c8de7a5433fececf82d"
"app/src/main/assets/audio/units/zealot/deploy_move/Zealot_Yes02.ogg","15231","f305f56160b104982fa3fc0ec3f61a9bca6cfeb2a231aa542376e71f94a9b9f7"
"app/src/main/assets/audio/units/zealot/deploy_move/Zealot_Yes03.ogg","19861","53bc17edca1d476f0fa4dac53cc4c26a3013ce365c9de0cf5e1aa38539dd9823"
"app/src/main/assets/audio/units/zealot/deploy_move/Zealot_Yes04.ogg","23386","f9d1bffab9df3fdb395393c925a57a0a966b2f89df20869bad519e1742601d0f"
"app/src/main/assets/audio/units/zealot/deploy_move/Zealot_Yes05.ogg","19021","179e0cdef24936475c83d5afdf69551e8488eddb9c04e6d8b51361c63cd7d70e"
"app/src/main/assets/audio/units/zeratul/attack/Zeratul_Attack00.ogg","81276","93d5c863bae1320a2bdf0f5306ec11e98c40c1c5b73d0d68b1914a188ca7f540"
"app/src/main/assets/audio/units/zeratul/attack/Zeratul_Attack01.ogg","90009","fa855757858170461b496b1fdb4eb71d1311980dc5a19bf2ae7952f41c8d40b8"
"app/src/main/assets/audio/units/zeratul/attack/Zeratul_Attack02.ogg","62512","32348f8e7e49c34fce2d407bfb0d39b78646896b6c5ac423d950d7965e8d8163"
"app/src/main/assets/audio/units/zeratul/attack/Zeratul_Attack03.ogg","74015","435030cddf1eddf1fb1256cb49b478389931f209b80bb1bc9297ed48f9579a73"
"app/src/main/assets/audio/units/zeratul/attack/Zeratul_Attack04.ogg","54800","40086c5ee9dc51baf1eaa4a903521554f9ccf4bebf58073334286e68f5ae59c5"
"app/src/main/assets/audio/units/zeratul/chatter/Zeratul_Pissed00_alt.ogg","65195","4d4e33a06606ef974a00ea1bea5b55444151f9567bd9e40b7e862698fd451c5f"
"app/src/main/assets/audio/units/zeratul/chatter/Zeratul_Pissed00.ogg","114472","da982e3f6e39c20e8c6de67ff3801cb9525a3465619caef6242482baeecd60ce"
"app/src/main/assets/audio/units/zeratul/chatter/Zeratul_Pissed01_alt.ogg","53285","7519460be0750da8c6bf0693d92fd6577693b36c8982200b967a2533f8970564"
"app/src/main/assets/audio/units/zeratul/chatter/Zeratul_Pissed01.ogg","103441","b126411bd09cf3a553120e5ed6980b722eb8c9f94b5b70fe7bfc6f5fbb94096d"
"app/src/main/assets/audio/units/zeratul/chatter/Zeratul_Pissed02_alt.ogg","73936","63d6bbf37e1a23b5d87c00845ad23291dff666c56bfdf1e7fa85107b0016479f"
"app/src/main/assets/audio/units/zeratul/chatter/Zeratul_Pissed02.ogg","118157","fb16d4eb4b32f1dc3ab0cfb4b22cdbbb061e7459784c57a2cd185e8d4ab672e6"
"app/src/main/assets/audio/units/zeratul/chatter/Zeratul_Pissed03_alt.ogg","57526","d9d56a23b0ede0d970efc679729c4c4184edcf4c934561d6a9aaaec3c8519aaf"
"app/src/main/assets/audio/units/zeratul/chatter/Zeratul_Pissed03.ogg","95325","45d89e0711f4a400faf01471c34f47d49206e410a0190c2ee6c34027d5d74c97"
"app/src/main/assets/audio/units/zeratul/chatter/Zeratul_Pissed04_alt.ogg","79368","5e240fe20fb0b0cecf7a4035ed8c7c3cda8249b27a3f1b9b737028c89e7d97ce"
"app/src/main/assets/audio/units/zeratul/chatter/Zeratul_Pissed04.ogg","130912","a78a950ecf90f329df23b29668f1c70951e72237632afa3b1d6329dc3d79d15e"
"app/src/main/assets/audio/units/zeratul/chatter/Zeratul_Pissed05_alt.ogg","52549","d8dae1ead578323aeda7c024a1073c9b2d1bf457a0471cbf1c479aaf3624a72c"
"app/src/main/assets/audio/units/zeratul/chatter/Zeratul_Pissed05.ogg","179339","425d97514999dfe32280e987c77f600eef4ab41367bf0c97e2919e2ad86d9121"
"app/src/main/assets/audio/units/zeratul/chatter/Zeratul_Pissed06_alt.ogg","63513","5626a201a9b34cccf4226d339f5ff4aaa3f0125ac7324ec69c53b1ef5fac4d77"
"app/src/main/assets/audio/units/zeratul/chatter/Zeratul_Pissed06.ogg","121412","195c00550915e975d3f4e71491decc5552585bb5c163c54a1160e1b3f2f8b134"
"app/src/main/assets/audio/units/zeratul/chatter/Zeratul_Pissed07_alt.ogg","87950","b294f12f53b768214eb58ef93233e021828b7732c5791eb3334c83e44092950c"
"app/src/main/assets/audio/units/zeratul/chatter/Zeratul_Pissed07.ogg","78085","43336c5631bed0cdf54ab6e45c0ce476e935117e1a04425fb57d7c0ea2c6a37f"
"app/src/main/assets/audio/units/zeratul/death/Zeratul_Death00.wav","262204","08b58887d3aee6e96bbfcc211c488543916057b3049c41827e79a16c1b759fa4"
"app/src/main/assets/audio/units/zeratul/death/Zeratul_Death01.wav","280124","f228f52728dc1da11945a3ff0ed7826b5c4c4b08646ecf89b41051974e19ce2e"
"app/src/main/assets/audio/units/zeratul/death/Zeratul_Death02.wav","294972","bcacc0701291b26ee362b4761bcaf641882355450bdd7ad084cff1ec7a820bb2"
"app/src/main/assets/audio/units/zeratul/death/Zeratul_Death03.wav","305724","7c53294cc7bdd68136e33f6cde665fe45aa8613c4cbe45e948e17e412be29cef"
"app/src/main/assets/audio/units/zeratul/death/Zeratul_Death04.wav","347708","09438237ed5fa6d7647beaed51cd7f024011655ae94a2adfdaac78b8ad91a41f"
"app/src/main/assets/audio/units/zeratul/death/Zeratul_Death05.wav","369724","8a3ee79ffee13adb4be0a1d90196a12af0dccff6f3f986483f393a2f3e8a9e5b"
"app/src/main/assets/audio/units/zeratul/deploy_move/Zeratul_Ready00.ogg","79492","6e580f268a7197c20b8b8372206c1bc7f5e8b584a28169d063bf6f2f4e04be67"
"app/src/main/assets/audio/units/zeratul/deploy_move/Zeratul_What00.ogg","98636","e62614a6c8fe0224c8d2ab3526fd8b66740ad4dd6b1625c604d9032f1226404e"
"app/src/main/assets/audio/units/zeratul/deploy_move/Zeratul_What01.ogg","82089","f715fbdc3ab931030c68eb744bd782ebb62b4bde22924ef4ed5e6154cbc6d88f"
"app/src/main/assets/audio/units/zeratul/deploy_move/Zeratul_What02.ogg","59036","b4d14858df890a88596f067350cc349b20d8c01001fc4dd03d1da01a76d80fc3"
"app/src/main/assets/audio/units/zeratul/deploy_move/Zeratul_What03.ogg","73635","d6bf2e085822fd23f990d58c5bb2c45910b492f900d1359c56fa858ab4bcafa8"
"app/src/main/assets/audio/units/zeratul/deploy_move/Zeratul_What04.ogg","65293","7ddfb717a81abd211bf498df0043cd94d848e1982da895e46f87e0e353db4edf"
"app/src/main/assets/audio/units/zeratul/deploy_move/Zeratul_Yes00.ogg","82630","540e52a9f7466902b91af256e92dd0e72e55a0da22be58dd68e8a53b2e5da041"
"app/src/main/assets/audio/units/zeratul/deploy_move/Zeratul_Yes01.ogg","77521","7974027bfbb222b00b1c78d8521191b08aea82b88199b1662e3d53f9c5488b22"
"app/src/main/assets/audio/units/zeratul/deploy_move/Zeratul_Yes02.ogg","66154","dd11868d865e32efc55ad1c553a4fbd3387b37049f6a91f419da688b6a39d372"
"app/src/main/assets/audio/units/zeratul/deploy_move/Zeratul_Yes03.ogg","90050","9cba3d5f54e277f732ed3eeafec2246789995ed8705afcc05044ffaf012f17a2"
"app/src/main/assets/audio/units/zeratul/deploy_move/Zeratul_Yes04.ogg","79972","116d80300f787ad73135ab9deb3c4927cf852209befda9b342e924fcc0b0321a"
"app/src/main/assets/audio/units/zeratul/deploy_move/Zeratul_Yes05.ogg","62530","8fc7cd933c7af0fc48e87c66ffff4355763cb7a8af600db0eef5dba8ad165085"
"app/src/main/assets/audio/units/zeratul/deploy_move/Zeratul_Yes06.ogg","88314","dae62b7c799e0bfd1cc5b11d164e8c93fc88b3c4ae4a3f92cbb53709a1ddbc8f"
"app/src/main/assets/audio/units/zeratul/deploy_move/Zeratul_Yes07.ogg","68072","afdccf3ba7a9a9f854ae0aa5d35b4bf727278783a79f5132482361267dec5e43"
"app/src/main/assets/audio/units/zeratul/deploy_move/Zeratul_Yes08.ogg","77627","570d2cb420fbd749237be59a82939e0561d8e38231de037e4ab7655654c4e3f7"
"app/src/main/assets/audio/units/zergling/attack/Zergling_Attack0.ogg","15520","8c5c352c132b4b958b6f185c87f9c6b7374e0480e28e9681935c1b2217030353"
"app/src/main/assets/audio/units/zergling/attack/Zergling_Attack1.ogg","19173","8ffe68b5a4395dae5648713da27486ea8585d9f1dcea11d12c968a0423a82974"
"app/src/main/assets/audio/units/zergling/attack/Zergling_Attack2.ogg","21772","4e688bc9f557e67db5bf6b64484fd3580794a278b73647c110da23af61031a46"
"app/src/main/assets/audio/units/zergling/attack/Zergling_Attack3.ogg","23128","bbebe351f5ad0fb898ad1e3f1a95743b6a3e6ab5e9d90dab17918143683ca11a"
"app/src/main/assets/audio/units/zergling/attack/Zergling_Attack4.ogg","19143","10e9b145489ab40271e50a6d36704d9023a5870ec83d227d8578d35816ef44a5"
"app/src/main/assets/audio/units/zergling/chatter/Zergling_Pissed0.ogg","33354","4967ccb1c9c981db0aba59b935cc718ffad5ee723811179cef71623fd487dc2c"
"app/src/main/assets/audio/units/zergling/death/Zergling_Death0.wav","44860","199375c7594d0ca7113057ca1c2c086efad27760d3db742f5d1be926d11b17c8"
"app/src/main/assets/audio/units/zergling/death/Zergling_Death1.wav","35900","7d451093b0aa9f1541c47eca2e801d1b19eb3cd3b918c640f08e1687192442bf"
"app/src/main/assets/audio/units/zergling/death/Zergling_Death2.wav","37436","debac4319c56a04e29a0d5b582b54d4a106c35e03bf268f7903f54eb7e7a85a7"
"app/src/main/assets/audio/units/zergling/death/Zergling_Death3.wav","36412","f3eed1a5a5d5edf9452396923dd250395baaa58d386078b18494f4af70de9279"
"app/src/main/assets/audio/units/zergling/death/Zergling_Death4.wav","33596","e9f66e59927dc9c7e87e65728dbcf17826decfb78fa0a0da506818a570c616ac"
"app/src/main/assets/audio/units/zergling/deploy_move/Zergling_Ready0.ogg","59305","a913b420ee2bb1a42ad6b09a2a128f5dbeca49d14f9070fc03e42a55251b5218"
"app/src/main/assets/audio/units/zergling/deploy_move/Zergling_Ready1.ogg","55368","39d01690c477fb6f74e36ac3545c6df7760cd8f9120c38f61be4207d31903fef"
"app/src/main/assets/audio/units/zergling/deploy_move/Zergling_Ready2.ogg","51720","2c521c6c2c94f5f2349d0d9928a46e70de4d158753ddaf006913b17028a8ee94"
"app/src/main/assets/audio/units/zergling/deploy_move/Zergling_What0.ogg","19122","3f108dcab610d06f208d5444c51bc85d62116837527111942d947028eaebb08a"
"app/src/main/assets/audio/units/zergling/deploy_move/Zergling_What1.ogg","19086","c44a5233d8253649e9f2d919036f606ebdaf8b0d4ea90097f9bc51a7e7dfe6cc"
"app/src/main/assets/audio/units/zergling/deploy_move/Zergling_What2.ogg","15707","a7bbf401e018181d0eb789c36f30e3095aedde8b125e730c5b6dd69f737f7f89"
"app/src/main/assets/audio/units/zergling/deploy_move/Zergling_What3.ogg","17750","1e3fc866d255705f623c41c3c746264aabaa3131c783a673c0d1c0d3610eaee5"
"app/src/main/assets/audio/units/zergling/deploy_move/Zergling_What4.ogg","32335","f642d7eb99f5495c83655b450da6fb331ec6eb8f71f2a617336cc439fcdc13fb"
"app/src/main/assets/audio/units/zergling/deploy_move/Zergling_What5.ogg","35283","509212ea99a7ece324b3bb237eac3acfbf67982277dec0076c3846a26a65a828"
"app/src/main/assets/audio/units/zergling/deploy_move/Zergling_Yes0.ogg","29077","213813fdd880c9478f5f60118432b91b2ac2f1b6536419e04f4bd55481bbad77"
"app/src/main/assets/audio/units/zergling/deploy_move/Zergling_Yes1.ogg","28630","f97d6d3e984fa21080dc72b262d7a1e1e21c855dcec599d3bb8dfc0a26a3e8b7"
"app/src/main/assets/audio/units/zergling/deploy_move/Zergling_Yes2.ogg","38152","85f4669b962a903ffb371a8acf8bd1d8b5081bc21be59e0f5f414be0d25e34cf"
"app/src/main/assets/audio/units/zergling/deploy_move/Zergling_Yes3.ogg","26076","e1f7bac81d934189d2f9d004dc8d0b4a8d9726e8cbc76a605522c23d43680704"
"app/src/main/assets/audio/units/zergling/deploy_move/Zergling_Yes4.ogg","31004","46b03155d80b330f90260afafa1a159524a3cb7a4084f0c24cfa328e46730783"
"app/src/main/assets/audio/units/zergling/deploy_move/Zergling_Yes5.ogg","34419","2cd506c77c214de9f80f972a0d25bb3f4f8d567ff5a407f3509a7a37934e76e9"
"app/src/main/assets/audio/units/zergling/deploy_move/Zergling_Yes6.ogg","40329","b27b53aabc9ec99d05bd654e81c678b1bc618d1ab1d3b31c6cc868ec28bea0b8"
"app/src/main/assets/images/buildings_hd/academy.jpg","362969","b30a86b8aee2e0c545651c227682d076786c84cc1594d8a3639c22822fab78f5"
"app/src/main/assets/images/buildings_hd/armory.jpg","548435","f96096c2da626f12b0f91f12b9efc240ef96304635e1ac5560e8f259a6d4b898"
"app/src/main/assets/images/buildings_hd/barracks_proxy.jpg","232353","aefb119644d5fc0a9913f453bc108aedfacea1fcca60205b4d2332ccfc5df4d4"
"app/src/main/assets/images/buildings_hd/barracks.jpg","577457","6594b9f084ce41bc53d388e85637b3a0b75ecbfbb1268a11645dbe82bc63e7b7"
"app/src/main/assets/images/buildings_hd/dropship.jpg","235335","2a7f1357f11245471e8472c5cbaa3efec1d1927d23b6bf077387b60842a67c04"
"app/src/main/assets/images/buildings_hd/engineering_bay.jpg","521184","8cdd1c247f00ad4fe2a47fc3dbe395bdaf692e362c536bb55b09424ca2451f54"
"app/src/main/assets/images/buildings_hd/evolution_chamber.jpg","760062","39c1128ebb330e020ecf59706ea35087bc7a0333c5bc9a0a81f1efd8ace0b7bf"
"app/src/main/assets/images/buildings_hd/factory.jpg","559642","33540f6fe0aac0133dc9da9e15af3131b04c837032f018cda5ef5e0f95122e27"
"app/src/main/assets/images/buildings_hd/forge.jpg","664630","7b2c44f9da8245a978c320e4a3b20392caa41d31e0609db6a51b0e2e22f5800f"
"app/src/main/assets/images/buildings_hd/gate_chronoboosted.jpg","244906","47830715374e25e8dab77055eb720d9c25b9c57e3bf3a1d576a33139ea57ab12"
"app/src/main/assets/images/buildings_hd/gateway.jpg","648869","04d67a32d0b0b9ebedd219928437aa8f64a5249492d1d8c91d5153c2d4bc058a"
"app/src/main/assets/images/buildings_hd/hatchery.jpg","510110","a076a94a2f48ae13a6d7afc6868cfc846ede2214955440c6813407ba9e363084"
"app/src/main/assets/images/buildings_hd/hydralisk_den.jpg","250806","1ae1599807a5a0be0fa2501b058e4c2cf3875baba1634b7a959f879a05ad23f7"
"app/src/main/assets/images/buildings_hd/lair.jpg","371544","5baef6f825957c33bcd5cf62a8fdf0b81234deb8343fd6e985d72760e34d54e0"
"app/src/main/assets/images/buildings_hd/nexus.jpg","649734","2a67243adeefbd47fb123dddd09b9b2bcf09a150b67ce0d6d2cf91fb9a6600b6"
"app/src/main/assets/images/buildings_hd/observer.jpg","235488","8e3c3f3e4bf48e6a674fff55b0c39a59bd45389427aa4f9e8f3a4381b705868a"
"app/src/main/assets/images/buildings_hd/omega_worm.jpg","357500","4494c075984b5e7d68cafc6930ced46b44e134f8b5ac66fa482f031922d93856"
"app/src/main/assets/images/buildings_hd/orbital_command.jpg","589162","539478025d284d75682ada0056568b4bfc95c328ef9727991b5d9e0aa96c7bbd"
"app/src/main/assets/images/buildings_hd/overcharged_nexus.jpg","265042","589b8ed607780fdeb668cc4cdd16d40f985a1b7575c09d4462a43147619c33e9"
"app/src/main/assets/images/buildings_hd/overlord.jpg","228310","a674b96d26314874028ba458e2d35405df5b586254d38e9d2bc00f99e4c91663"
"app/src/main/assets/images/buildings_hd/overseer.jpg","269336","777652996215ecdd8cde8794d296e68feb501dd75ba63ed1ed9e8ca091c47ed0"
"app/src/main/assets/images/buildings_hd/power_field.jpg","206665","1281af1b5ea941399ec1c699b0f782878b44a9c8477944cdc753d8e52d6aa774"
"app/src/main/assets/images/buildings_hd/pylon.jpg","360599","94b66ee9cda4d556c2a26ba58cbf26cb8347845933bde7646a81388a2f1a2f30"
"app/src/main/assets/images/buildings_hd/roach_warren.jpg","546766","1e1f0bf32fd158787c3290c03d74c485e6dbbac75f9ed8374f727429f01d897a"
"app/src/main/assets/images/buildings_hd/spawning_pool_six_pool.jpg","273152","7281485d83b58349bb37d572171b77df200f38945a91379d3f02ce6f7c36c998"
"app/src/main/assets/images/buildings_hd/spawning_pool.jpg","611097","350c9fe71560aaf533c59be02ad0c75b40771690965e0b3e0f8c2d14ebf3491e"
"app/src/main/assets/images/buildings_hd/supply_depot.jpg","622583","8391eb99eb8ca12e9eeb3c0e339641ea1e2d0ec15b7cd74186eed361335331ea"
"app/src/main/assets/images/buildings_hd/tech_lab.jpg","565628","7294fef2666e8d20599764f3807aec489c9196a6f5168b88e36719949da2a94e"
"app/src/main/assets/images/buildings_hd/twilight_council.jpg","583897","d4aa69cca382472d1e8af4fa5bd4c3cae847d7c46941deb85ca4d2ed656bcd2f"
"app/src/main/assets/images/buildings_hd/warp_gate.jpg","697723","e37016c0f0903b63c90f657a8378c7c08d05209a12de23827482980bf4cee9d9"
"app/src/main/assets/images/buildings_hd/warp_prism.jpg","286090","03736d258175dcf1c9bda87624eb595329bca6241f39a9556ae22bd5abf7d8cb"
"app/src/main/assets/images/rules/deployment_card_reference.webp","13688","1f9aa7b003da7dc57c7901dbeb992be2b5b9d4f4b155c752690387dacc0c908a"
"app/src/main/assets/images/rules/faction_card_reference.webp","56256","fa03386ccde99ff9fa83299a49996ed46070e54e9af518378a794abbcaec6e98"
"app/src/main/assets/images/rules/mission_card_reference.webp","27650","876e10de6c03df6d0a42a569a9b20cabb26fee81443aea42e9699a8032f0386e"
"app/src/main/assets/images/rules/tactical_card_reference.webp","54246","327707ef5d4dff5cff6a39b594c673c4526d490c97ef63c5861517ce03813062"
"app/src/main/assets/images/rules/unit_card_armour_reference.webp","67566","c76c1af928a7133c9aa9016fb3aa3482c50dae1510df6f16d1caed3e21b004f3"
"app/src/main/assets/images/rules/unit_card_combat_tags_reference.webp","67130","26f8993ec8008f2af42be1a32c20cd929dbb3ca29cb5b10dc86b270dfedb9cb5"
"app/src/main/assets/images/rules/unit_card_evade_reference.webp","67618","e22aa3988d129a0fb52425d9aa0565d833ade8e74276d4edf435653b31b9f24c"
"app/src/main/assets/images/rules/unit_card_faction_tag_reference.webp","67476","770db304308f621b2b17206d3121fbdea1495f5d252f22fc1fc809dd066143ef"
"app/src/main/assets/images/rules/unit_card_front_reference.webp","67336","e8508486c2b5215b518e011f7c3027af73827c7def891b8282679df6de7ee2d6"
"app/src/main/assets/images/rules/unit_card_hp_reference.webp","67522","c8efeab283bbe8ca553f22b81f3c07a676ea138844502e207d07e8657fb1c3dc"
"app/src/main/assets/images/rules/unit_card_reverse_reference.webp","57566","8b0ae6375d4aa88a5e4359d4156c3676b983bc4645ae0591d1014d6252681735"
"app/src/main/assets/images/rules/unit_card_shield_reference.webp","67568","55a96b658ba2a00eb12df112a8d072b36600cf65cfeef597eef350ee904d3032"
"app/src/main/assets/images/rules/unit_card_size_reference.webp","67562","d04d56918cf5eff50d9aa79453549ecf3d373f6caee74a26180ee528336328f2"
"app/src/main/assets/images/rules/unit_card_speed_reference.webp","67510","670555ab3b8a14490cddf2b3d9bcb5e6baed573abfa4d8767497aef362f9d598"
"app/src/main/assets/images/rules/unit_card_supply_reference.webp","67644","bad507b089e17518ba3a245828b8aa3e214d27ee7c3d419b5e40e7f32b625856"
"app/src/main/assets/images/rules/unit_card_weapon_reference.webp","67556","26c4e3c1201a546c455ba959a1e101c7635b565a929158e94c28366afffef7aa"
"app/src/main/assets/images/rules/weapon_profile_reference.webp","11044","9daf0a0c78226f5cbc56525518bf87bb7745e0cc45456c8d83ad619851adc526"
"app/src/main/assets/images/tactics_hd/academy.png","240971","0751e8c3435e84764d0e72256b43693c9fb3e0d738780db89e8ba7de27d256d5"
"app/src/main/assets/images/tactics_hd/armory.png","226429","62f128469f5260dde856f0c3896e7af5b60e71ba63795fe62dd3630f9b46a20d"
"app/src/main/assets/images/tactics_hd/barracks_proxy.png","266478","84525014f6e3b723751a6070e23f547d0596e35da8b5bd3365b9b4dfe5f794f0"
"app/src/main/assets/images/tactics_hd/barracks.png","284663","6aed007997766200417b6041c5388f3006e6fbb34c41c84e44194f9d3e697b63"
"app/src/main/assets/images/tactics_hd/dropship.png","227799","b4eedbd971abcf3a67a02063d3eec8a3586b664c7897219e09f370573d02a9a0"
"app/src/main/assets/images/tactics_hd/engineering_bay.png","213504","f69877d058a3c30191d5e68889aa7db6b8ea6733b2f82e8fe71996f52dd45d1f"
"app/src/main/assets/images/tactics_hd/evolution_chamber.png","367610","143d8832a21d1e8c67a4432f0d83ffbb623cf966919013cce2d4154f24fe98f5"
"app/src/main/assets/images/tactics_hd/factory.png","259128","4f8665dc9fc5048fcc28e1369cd56fe0dcd0852c57cd0f0c3ee1c1b72a3fee9e"
"app/src/main/assets/images/tactics_hd/forge.png","322234","59284fb728a02ae7ea39c8b9c49011df61f31199ad2805296fbd8a2db62f058b"
"app/src/main/assets/images/tactics_hd/gate_chronoboosted.png","282158","80433cddf6eb0206ccfeef83dcb773c077e0cecdeb933cea3aab9ce7db1813ad"
"app/src/main/assets/images/tactics_hd/gateway.png","306020","20e8facd690b14b61334028000ee99b2ffb3ab8320ed3c9add2621295cc008c1"
"app/src/main/assets/images/tactics_hd/hatchery.png","238178","047f72e4254f55ccab34fa6d6e59c36e5bf6b1e996ffb74ba276462f0790cd6d"
"app/src/main/assets/images/tactics_hd/hydralisk_den.png","265745","c8d4089d5680783ab109445c47abe76484c79327e03d6d2dc8e4984ce3f2ec63"
"app/src/main/assets/images/tactics_hd/lair.png","291442","1c7cd2cf6aa83e3745b86c19d1a47fb4d0c5c5f0ba8360308b0539b768d49728"
"app/src/main/assets/images/tactics_hd/nexus.png","263077","85390db714f5b0aabadddbbe7ec0e12b964c795d1826ec57bf1a3f18ba5bc323"
"app/src/main/assets/images/tactics_hd/observer.png","209949","b9c3db0e9e6f548fa5b70ca78b2587abcf0cfed30176cab021a7c5b65699c138"
"app/src/main/assets/images/tactics_hd/orbital_command.png","225847","0a20c5d423e92cd1f944dc8d24209e7a26998be34284de535098f5ba860dcdc8"
"app/src/main/assets/images/tactics_hd/overcharged_nexus.png","302425","852496866fe7c2c08c157b90661213b944a73b8790da828f041be0dc63d2340c"
"app/src/main/assets/images/tactics_hd/overlord.png","208520","a8b5fff8afef0a6d6c4a4393577a7ade8b4899ee95bcc1eede6aaf8a06a841db"
"app/src/main/assets/images/tactics_hd/overseer.png","306129","f45a6aeae5622805e574a4a1638d7380a629bbeb44ad06a3c42292ab22c23b27"
"app/src/main/assets/images/tactics_hd/power_field.png","170151","f529752a83b65ff949718abc7f202dd968fce19d72b9cebd6f30134b6fbdc853"
"app/src/main/assets/images/tactics_hd/roach_warren.png","278047","fd5747f4ba5aab62d3016591dcbfe6e64b75f8063b132399c764c49fef553214"
"app/src/main/assets/images/tactics_hd/spawning_pool_six_pool.png","293638","f2fa445a9d5148e09a7c1dd6c3a5067390b757e3bfc0c4dcd90700123e993c7a"
"app/src/main/assets/images/tactics_hd/spawning_pool.png","317241","37fddc113547f4a4d4b0bf00363b457b6fe79c668913b2eb119eefd1ceb5fba4"
"app/src/main/assets/images/tactics_hd/supply_depot.png","271608","8ed62b0ff8ffa2d559acc07febe2d675b1acbbe455c59f13c54e22cbc4e808e5"
"app/src/main/assets/images/tactics_hd/tech_lab.png","219980","00e01024605670f4703d8a2cdca197e7f3678bea24b93b57fdbb6cc5c10862dc"
"app/src/main/assets/images/tactics_hd/twilight_council.png","226089","f0a3f057bda35f245ca6bf6fc92d815fa96b915c1eed4a87e3377138eb23adde"
"app/src/main/assets/images/tactics_hd/warp_gate.png","331561","8368f9a601e0d551a8c6b6795a472a2acffa250e4823196c0987a463e8a91f0e"
"app/src/main/assets/images/tactics_hd/warp_prism.png","300764","37951e44fc6f2d345a22ce5f9135d39714ea0fe39a3ff0f763556209b8e03200"
"app/src/main/assets/images/ui/about_creators.png","2436242","8df7cb7cd4d52cc3e5657557f21cf1f4884881ab1f2d3548ec7da05a54a8dd54"
"app/src/main/assets/images/ui/bg_generic.jpg","812585","2141fb38629396c84f886c024d689ae7da7e4081bd1fcd7b1e19b47e1caebe6b"
"app/src/main/assets/images/ui/bg_music_jukebox.webp","284988","62f3bf8e48526f1688d4f80309e99c689d044854f387f67bfd19a6ba063dd4dc"
"app/src/main/assets/images/ui/bg_music.jpg","873007","ecaab4eeb73c75c62c0101e56f7cd6317d04bcc57135927af0ad9606a2386970"
"app/src/main/assets/images/ui/bg_protoss.jpg","883991","17629ee87a0b6f5c9e617f27fe8ddeccb2eb420a89d11d11c2d2feddd65b5631"
"app/src/main/assets/images/ui/bg_rules.jpg","846198","a1d7eeaf32bdbd9129032ebb454ede6549a8ad23741a67156b7a02af5ecaf368"
"app/src/main/assets/images/ui/bg_terran.jpg","856204","76ddd578d4c5df5fc90704e13ffee2d761c60312bbb89b9cda25f358efddb1d6"
"app/src/main/assets/images/ui/bg_trackers.jpg","856277","111c5dee6a113d2dfda4da9eddad1e55a221d40f4f1882b4e17e985e5443911a"
"app/src/main/assets/images/ui/bg_zerg.jpg","942561","c5ffdea38331b8a2cb5d08f297105c4d54068a8944c7debb7fa6b31f67f077d7"
"app/src/main/assets/images/ui/faction_icons/protoss.png","9050","c2a8cb20a6aa81dfaad5c29cac8467b15c6d52d9e2613926ee069bab3f64f8c6"
"app/src/main/assets/images/ui/faction_icons/terran.png","14658","cf5464a924f4cfac00d91854efb15edb4a1810e513b731e3e26b7228fe2a8ce6"
"app/src/main/assets/images/ui/faction_icons/zerg.png","17705","eab5574851d9d38e1fcf7b3d6cf956c6b54ea4ba58ce54d573de33b05071fd74"
"app/src/main/assets/images/ui/faction_themes/protoss_khalai.png","221124","dac0df5c0f1cec6da29d5878f85865dd5ba186252938bee1667e64d8bb8c39c4"
"app/src/main/assets/images/ui/faction_themes/protoss_nerazim.png","233302","0a80c647e273c389c623e128d38a8a44dd83c8ac5f87cbf6a41fef00293ea2e8"
"app/src/main/assets/images/ui/faction_themes/protoss_purifier.png","278942","e14499f258cd2b633b50333d401b46cad855adf744016a752b05fd1fa4358de0"
"app/src/main/assets/images/ui/faction_themes/protoss_taldarim.png","226163","381118874baac52b3fdedbebce6e4ee0faf3dc4fbafc75fb3c32826166b0178e"
"app/src/main/assets/images/ui/faction_themes/protoss_templar.png","273170","97e2f8fccb53fa42c5ac1625b49ca50c828e153f9022223b1e8c7b08919dcb12"
"app/src/main/assets/images/ui/faction_themes/terran_armed_forces.png","118886","547a787ad6972c36d25e6ea8674b95ff6c06a3dd3cd3e5d4f704bf29e73de797"
"app/src/main/assets/images/ui/faction_themes/terran_dominion.png","232423","7db5b468fdd5e043d50ca3da536ab88dce1f1cf5cdc8aeb80c17097f5b1a592f"
"app/src/main/assets/images/ui/faction_themes/zerg_primal.png","256440","c000813e7af9be5261dacfb61dcff402a7a71a5a7d475e407d54010a038b4338"
"app/src/main/assets/images/ui/faction_themes/zerg_swarm.png","140935","f23c6b666e528fd691493834def2ed553e782496b50f2f34b8e0c77890b08f10"
"app/src/main/assets/images/ui/frames/protoss_rect_ui.png","195412","34707efcca318f63be073900737914accce1fe4ac51dca8743dc6fd8fe92aaa4"
"app/src/main/assets/images/ui/frames/protoss_square.png","251609","e6f2b401109325f17529ce7478c40a956a74b1baabc4f04ae834ccd07f946637"
"app/src/main/assets/images/ui/frames/terran_rect_ui.png","206109","f26fca8f86a6ad2e05a1854bc72de902f706efbf20f7a35673caf19aafe7a1e7"
"app/src/main/assets/images/ui/frames/terran_square.png","226271","8af5b3b1c01b9645a484b4c0f0c3f2edea6e0be14a70daef0f1ddb235a4d28d9"
"app/src/main/assets/images/ui/frames/zerg_rect_ui.png","211883","3fb05a1c96f5bcf1f7eb0ab668a9373db56dcae65a149f735b4ffd2f90642af4"
"app/src/main/assets/images/ui/frames/zerg_square.png","244207","f184ad73c9483e01072c2c4a114090dbf884abcec7d426210dede6731f70e037"
"app/src/main/assets/images/ui/fx/welcome_emissive.png","301824","23fbe20c8304784ba5546dc9455f71d90f89b04da95a61a2eee60012fb8663a9"
"app/src/main/assets/images/ui/fx/welcome_final_effect.png","727245","74cb8c12ac982d4f85dd08806d1d8ba20502c769eb04f9c8ef97a53a0915c9c1"
"app/src/main/assets/images/ui/fx/welcome_frame_glow.png","68012","1aee13a949d2dae82b0f6e829237f853251ffa57dbcb32c1eb470f85238f642d"
"app/src/main/assets/images/ui/fx/welcome_frame.png","170485","ea81cd2176f7771f208e614850122205c670efcb61cbe745f1d8293865dc326e"
"app/src/main/assets/images/ui/fx/welcome_kerrigan_glow.png","20841","50b776f6c0a5ca50c40321b7ae58fae0d2af05b10c5f94b3cdb6d1d65bfc3183"
"app/src/main/assets/images/ui/fx/welcome_kerrigan_halo.png","21016","0d0a27bad4c438704d677693a7a0895163999073448ee6b93756244a4ca6d4ba"
"app/src/main/assets/images/ui/fx/welcome_kerrigan.png","17373","bc5a1c1e8ab164fe48a50571a7a246ff347b8e18f5d148d6b630ba94260a4e2f"
"app/src/main/assets/images/ui/fx/welcome_official_overlay.png","727245","74cb8c12ac982d4f85dd08806d1d8ba20502c769eb04f9c8ef97a53a0915c9c1"
"app/src/main/assets/images/ui/fx/welcome_platform_glow.png","60096","46f47e96ad8ad3792e9611ed846f282f75f5ff43199f0446ec13c4e636601b80"
"app/src/main/assets/images/ui/fx/welcome_platform.png","315861","a33109b5668ccb40fee496a591e7941a242d586e3ec643c48fb7822ea014261a"
"app/src/main/assets/images/ui/fx/welcome_protoss_glow.png","24303","d582a0cfc0e51fc3ae10df136a592fe7a50c97e1380138d222df0cfa7773bf2b"
"app/src/main/assets/images/ui/fx/welcome_protoss.png","20563","378062f22a8fe2516c48c15b464b8e6cc0f204798264a1f843fb90a5c159f7de"
"app/src/main/assets/images/ui/fx/welcome_raynor_glow.png","25016","3684c5066563c7e880cecc82ce75bbf6e49e1ff522f70a3068e825e74a006393"
"app/src/main/assets/images/ui/fx/welcome_raynor.png","26280","770ec5ab177716c873e670e7bae58fc1bdb96410fab68d0e11fca70256d85f28"
"app/src/main/assets/images/ui/game_start/game_right.png","373304","a941d5d986463a88fe88cc0e68a0e16f3e60a9149bdf6c66970927ab9cb219fb"
"app/src/main/assets/images/ui/game_start/start_left.png","370928","a1b93d67b7a8fdcd7dffd76e66fe6b2d4be9e46f56f30b78396fd5e6dce97199"
"app/src/main/assets/images/ui/intro/corridor_frame.png","3114833","9cf50cae8d462f40ba57921901907b1c79d00df56a76a6de6cb3feebe6dba01a"
"app/src/main/assets/images/ui/intro/door_left_underlay.webp","1245140","0e80fd196dd1610f5e009ff4faca11b5cfef351c422168bc421ac2cd01b17c95"
"app/src/main/assets/images/ui/intro/door_left.webp","583734","d10e993919b3d260fa93255961ae9bc9f8d4fc8c88e901cb76ed7971a9096c81"
"app/src/main/assets/images/ui/intro/door_right_underlay.webp","1250038","8619dec1f5919a16891ae22d2b8bbba00f4b35569ca42ae85107d04627dd0b5e"
"app/src/main/assets/images/ui/intro/door_right.webp","595214","0d917d84ff33650fc88b36f03afc84c8fb1ea456d18ba3547d4835ace9ba626c"
"app/src/main/assets/images/ui/intro/glhf_plaque.png","2601999","2cecc3c30d31be7cb2a1d24155c59b3c049237523e8aeaa7563e4c0e7797f795"
"app/src/main/assets/images/ui/push_buttons/protoss_off.png","837103","4b0bd4aa1f2f72ee405f55fb2d6eda6953b7a1ba9ea2a0e4eb4320c138bd50dc"
"app/src/main/assets/images/ui/push_buttons/protoss_on.png","863485","155bd912957968f7ae214f89ea37c00e2b37ffed3c894c107b616989af931276"
"app/src/main/assets/images/ui/push_buttons/terran_off.png","715841","2a2b33ec9c4202280ba9ecc5c619e21154c07f481e97fff6666833f8d12737a7"
"app/src/main/assets/images/ui/push_buttons/terran_on.png","727588","3b6ebf3c8ebeb9294586273da187d99adcb7984892d3cf83224d37e08ed5dbff"
"app/src/main/assets/images/ui/push_buttons/zerg_off.png","882593","718fd220c7b818f0edbc8f003ef288da8df724fe6fa631498cd3684ba868b544"
"app/src/main/assets/images/ui/push_buttons/zerg_on.png","891018","98dd7218d4d2c453aab51606355c85febc16abf84a7fa3f75836476444cf2cf9"
"app/src/main/assets/images/ui/screen_titles/command_console.png","1277044","b0b97f2d6a1a79e803bfb6006cca3ef5a186a85e117b93d717943982a302252e"
"app/src/main/assets/images/ui/screen_titles/command_console.webp","908554","42cf91011bb5ecd2f9586c6aabc3b4f51d9870d657724026365d065c9fd59052"
"app/src/main/assets/images/ui/screen_titles/field_manual.png","569852","fc772f5b4a1019f82e55c8a470232d4315e12769c9a02e7366553c7f40703bfd"
"app/src/main/assets/images/ui/screen_titles/game_setup.png","458702","9a532638a6d6fb37a9d3f21d1a9210f5c5584ec589b0baa96a8b37c4550b4943"
"app/src/main/assets/images/ui/screen_titles/jimmy_jukebox_playing.webp","9668042","1d0e7de6a469100a43dd52f96ccdb581d931ceb0fbb423e15dc00b2517767b12"
"app/src/main/assets/images/ui/screen_titles/jimmy_jukebox.png","1225668","59ed319a3631fe9f629cc2002f723dd2be0424de549b68e36b31f88e862b100d"
"app/src/main/assets/images/ui/screen_titles/jimmy_jukebox.webp","898636","cda1cbbb0d70cc2568866102d7a54f212272acb0e651b5309be2b93bfa1592de"
"app/src/main/assets/images/ui/themes/hybrid/hybrid_emblem.png","1455978","3c696e28c51c83275cd95b552c2be09dd6c2647db4056cdd6fcb282eacb8f186"
"app/src/main/assets/images/ui/themes/hybrid/hybrid_horizontal_frame.png","2308970","124a633883fefed16f619daa8cc9fc9ca773ba985feb1ab765148b74443b754c"
"app/src/main/assets/images/ui/themes/hybrid/hybrid_page_background.png","3611314","b84f2d9a0f2283f5d7341cfafd595535775836bcbe7fea2fddf607a99e1d54f8"
"app/src/main/assets/images/ui/themes/hybrid/hybrid_square_frame.png","1955056","87321ed4a7db0f7b234a2ba744b390b09e10f0cb0a0b68d1db83aca1bb6b89aa"
"app/src/main/assets/images/ui/themes/hybrid/hybrid_title_plaque.png","2857308","d3a9d075d975e817fca4a69d16b48871cfb01bab8100323bd7cfe46686bd9959"
"app/src/main/assets/images/ui/themes/protoss/golden_armada/background.png","2979601","106c2b13fbd5c0b79341349706db72ca1d5694d52dd42cc45d7d5effe2bf5ec2"
"app/src/main/assets/images/ui/themes/protoss/golden_armada/frame_rect.png","165580","1fa4c2e72707084da134617bb09374adfa068936ba78090246ef53545fc6c1af"
"app/src/main/assets/images/ui/themes/protoss/golden_armada/frame_square.png","202925","47a8cf85d5cfdc04160bf71cf46bfd0aa1468086e008748ac7486e261acebb53"
"app/src/main/assets/images/ui/themes/protoss/golden_armada/icon.png","144667","54d398e6ef8ede0bc31b6a43261277061580646def16dc3f29d66072847682a3"
"app/src/main/assets/images/ui/themes/protoss/golden_armada/title.png","736650","6c09d7e97c0a6724cdfdc6119c54405624254402b3502661dffe7e6557debd44"
"app/src/main/assets/images/ui/themes/protoss/golden_armada/title.webp","581614","22b9cb17a31f16c07bb25b72ae5861367cab01710b5e744d99b6ad8ff1fdb58d"
"app/src/main/assets/images/ui/themes/protoss/khalai/background.png","3434687","06188f2b7eafd924569b019199c71d840d80d07c3ee9a131bfafb7dd32e997f7"
"app/src/main/assets/images/ui/themes/protoss/khalai/frame_rect.png","168962","3d934ea99bdf48e3f8b1ea44e400227e50c1439d4950e53a139f74720562e6d2"
"app/src/main/assets/images/ui/themes/protoss/khalai/frame_square.png","204365","f0fd8a1e0d195f3bc3e40551f5dc0d6a09a5fbeb40fe31270164034d8c09a8af"
"app/src/main/assets/images/ui/themes/protoss/khalai/icon.png","271497","1ab30c9f2af3eeba0d5fce516eff1f7926374ea5383f8735ae9dc38089ca59ae"
"app/src/main/assets/images/ui/themes/protoss/khalai/title.png","858134","8913e2d385252fa2ba531c2b3df4829d1a8a29c376ae861c3c52d6c78549bc3f"
"app/src/main/assets/images/ui/themes/protoss/khalai/title.webp","638924","30efd948af00de9cff5f39635f5a23161aa2ab86cd22948f5e9389b3182588d9"
"app/src/main/assets/images/ui/themes/protoss/nerazim/background.png","3162809","3ffaf39aec8e30d7b3054ea8278b2eefb98f736884b61a42cb14eb61c4376394"
"app/src/main/assets/images/ui/themes/protoss/nerazim/frame_rect.png","166187","fca374be142d532ea649ce9a4b9fb1f4806fa57d3e1bca4e960e4b07c8c65029"
"app/src/main/assets/images/ui/themes/protoss/nerazim/frame_square.png","189708","d4163578edeb0d3f99f4c73337739f98e77518fea4d91f76df1b143d9f1a6cab"
"app/src/main/assets/images/ui/themes/protoss/nerazim/icon.png","231720","8d287dd99af1b958d9307460b58edda8b32117fbf527ef23c215b6f43c516144"
"app/src/main/assets/images/ui/themes/protoss/nerazim/title.png","959592","592570ce331b608396e4136efc9698a7a6ee835a68e1b002a326f67e60c15eee"
"app/src/main/assets/images/ui/themes/protoss/nerazim/title.webp","672590","e8b2fed9b7b74d80d7284d20b5b7a26e0b32a595a7f000c7d6fc4e75134ce820"
"app/src/main/assets/images/ui/themes/protoss/purifier/background.png","3302804","9f50844110725e8591aa4067ae53f547aa649a8ab30a711f5d507e80b6995890"
"app/src/main/assets/images/ui/themes/protoss/purifier/frame_rect.png","151659","352dd23643d2a342d6fc84a9ef7ca5fe8286ddbc30e2b1219ebe27bb9bee3671"
"app/src/main/assets/images/ui/themes/protoss/purifier/frame_square.png","186872","9b200c53fdc30fa960cd330bbf088a69034cb2cb2e9598e0701293dd86e2a94d"
"app/src/main/assets/images/ui/themes/protoss/purifier/icon.png","276046","d9b954822f90450981468a1ffbe8994a1133e916ae7e28bd2b8b10d76a0d1be7"
"app/src/main/assets/images/ui/themes/protoss/purifier/title.png","758693","47b74be29b3c982baa74ce5bae227d2cea9e21cbb828b27aa830e202f192227f"
"app/src/main/assets/images/ui/themes/protoss/purifier/title.webp","582968","b138812f0e943ddd893569a7a08c398a5336f1ad0be8645331642c3fd5d2a71a"
"app/src/main/assets/images/ui/themes/protoss/taldarim/background.png","2945639","4d2edf61deb3fd69effa2301a6545b53d94fcd5a38f02818fcd7fd418a0c9902"
"app/src/main/assets/images/ui/themes/protoss/taldarim/frame_rect.png","157802","cc4875aa6393838a9f0643c9571c785a1afb11920e5bb59b004dffeb8f5ad90c"
"app/src/main/assets/images/ui/themes/protoss/taldarim/frame_square.png","196799","cb48802724cf9e14b291365c041be4813498b9c178b7cf71329eea664264a991"
"app/src/main/assets/images/ui/themes/protoss/taldarim/icon.png","224577","993f5d23a93f3178bd02126dd71f78d43d3dce4c6e1b8e18e82eb13c10271b4c"
"app/src/main/assets/images/ui/themes/protoss/taldarim/title.png","751708","6cd9639e76d5cd099a2d7aa7791b6aaf7df9a44bc189c3b622df54b8a82e85c5"
"app/src/main/assets/images/ui/themes/protoss/taldarim/title.webp","564626","5353ab39b975a069b10fde4bb02cd41f272719f92df20f94dee2db3adb7fb4b9"
"app/src/main/assets/images/ui/themes/terran/confederacy/background.png","3623606","eb59c0db1d245bbda790fc71a3b2076060f6672bf490019421790da7c2c52d87"
"app/src/main/assets/images/ui/themes/terran/confederacy/frame_rect.png","188894","0b7a4372e8a26e7b80417c4effa8e9f5a33f5e9eabdae3df6c24be6fe398b414"
"app/src/main/assets/images/ui/themes/terran/confederacy/frame_square.png","188988","0819390792bf03d1f3cc5938a04f98d5fdbc3e43909ec88215db2f23c7f89f28"
"app/src/main/assets/images/ui/themes/terran/confederacy/icon.png","219745","aa83995c015d48e9d667509346aca6cc657bcc64614de6040f6936f307aa20e0"
"app/src/main/assets/images/ui/themes/terran/confederacy/title.png","1886727","52d2219f62587a3c78a835129f28e0672578acb4e8c8ee11196cc383236e8f60"
"app/src/main/assets/images/ui/themes/terran/confederacy/title.webp","1389448","213e0b91b95d8a5afcf31e9633f9e1e526d032b3281a7aca493dbde82d1b2c4b"
"app/src/main/assets/images/ui/themes/terran/dominion/background.png","3393743","0416c1397c3d2fc1a7135a5311d0f2a74da3629d37af928fafcaa8e119e2b501"
"app/src/main/assets/images/ui/themes/terran/dominion/frame_rect.png","192092","6d4a087a9569212c9bfdd65f82ef52857b9da2fb0e80a11a2edce134fe374c73"
"app/src/main/assets/images/ui/themes/terran/dominion/frame_square.png","200256","3f9a8d21d8e7a1536615232da75ecf4fbea6d48ed87c112b34da711732a1dd21"
"app/src/main/assets/images/ui/themes/terran/dominion/icon.png","230173","f4e2d3e2e104f29e88ce25c0a1fac5e551804e0e4455d7eb4cbd361d217d7d01"
"app/src/main/assets/images/ui/themes/terran/dominion/title.png","2097081","dfb952d66295aaf24ee4902bbc702e528655e2cffe27aa7b0af84c98f774ff74"
"app/src/main/assets/images/ui/themes/terran/dominion/title.webp","1539080","aba4bb21a4380cd93384b47363f84569702c340b18a0dad017f34fb9eb526b82"
"app/src/main/assets/images/ui/themes/terran/raynors_raiders/background.png","6417748","dc035a79161d3d098f3623f46f8de6653cdc2f1ffe722264019738e835bd8ceb"
"app/src/main/assets/images/ui/themes/terran/raynors_raiders/frame_rect.png","1744609","9226dd637e857baa8804fda3991026a20a754a700f9999f38bcf048c82da31e0"
"app/src/main/assets/images/ui/themes/terran/raynors_raiders/frame_square.png","1808584","bfb645ad159bd758e5eedbbffb813790fb25022c3dd513891f63191b4ec0c34f"
"app/src/main/assets/images/ui/themes/terran/raynors_raiders/icon.png","249531","d52bc248eb4c28cd8a4a927e5aedc7b0dfef8662b4cba2569e4ea44808f622bc"
"app/src/main/assets/images/ui/themes/terran/raynors_raiders/title.png","1580154","c858372b494b66851f72fc459d6e46a7a84195739303debef3793702032025b0"
"app/src/main/assets/images/ui/themes/terran/raynors_raiders/title.webp","1137350","e365e7e554cd7be7942cea54386e3aa221ca6ccd4ae3a311bee6d53c555f5e0e"
"app/src/main/assets/images/ui/themes/zerg/primal/background.png","3918467","66f749f2c45623d1edbe4f74cb2ba62bbde517c32a2c9df1c5966e19f3275ba2"
"app/src/main/assets/images/ui/themes/zerg/primal/frame_rect.png","217652","a39b6d0111e1b54d052bf0e40c5392b09352f3bd67f430952243b5428e191bd3"
"app/src/main/assets/images/ui/themes/zerg/primal/frame_square.png","213829","f3691d5fcc8595b05952e54c7cfeccc61c3bbbda69a30be2bc944b61625b153a"
"app/src/main/assets/images/ui/themes/zerg/primal/icon.png","258585","d816f2503f68ce5e02935d28c61544b2e1c05262bca5e168f997bfcfc3b95543"
"app/src/main/assets/images/ui/themes/zerg/primal/title.png","1406229","d458b067bdc1796a52beec1135eaf09d8e9128cef9f4a66131036061c3a0115c"
"app/src/main/assets/images/ui/themes/zerg/primal/title.webp","1045470","7068113b6ff690e908aacaf5bfcf67f3389fba4825c3313ac2e5c8022e3a8531"
"app/src/main/assets/images/ui/themes/zerg/swarm/background.png","3487657","6359424bfebbe99db61d06931bd725a0b6b15a1d0c82ebed166a973dd5f4c9f5"
"app/src/main/assets/images/ui/themes/zerg/swarm/frame_rect.png","217040","d983cf73702bc19a221ecd315b97f33eaffa4ef069ae036d3324617d46ff4c7e"
"app/src/main/assets/images/ui/themes/zerg/swarm/frame_square.png","237640","52065c9fc6c809f250af8b6b7be1354f7d3d1df39869d732631dac799fe1f786"
"app/src/main/assets/images/ui/themes/zerg/swarm/icon.png","255264","d0b00d3e1efc002dfbf52ec42d34b5951d11f51cfd176919cd3fd473996c8471"
"app/src/main/assets/images/ui/themes/zerg/swarm/title.png","1620605","b092fe8a4bf7b685bea5486ed66a74e84100319073c22eb192613f48dde8217d"
"app/src/main/assets/images/ui/themes/zerg/swarm/title.webp","1184138","1226c2c122eda6148c46f27a46edf8d6312c19e0df9ad8eeca487d2b5e268182"
"app/src/main/assets/images/ui/victory/exit_door_left.png","704630","32bcf51d9bb4bf2558eb4bff3d09f954a6182edcd5c1d6b0bce4c8e1ecf59315"
"app/src/main/assets/images/ui/victory/exit_door_right.png","646099","385d05dd9be62daa845c96a0fe1b2644330f9eb7c508a4f1e249e0f7b47ada06"
"app/src/main/assets/images/ui/victory/library/protoss/generic/protoss_champion.png","2288017","6f8c274c09d3c8cb65dfadf8290c88081032d3e7433897824fce932f36d3467c"
"app/src/main/assets/images/ui/victory/library/protoss/generic/protoss_warrior_overlooking_a_distant_planet.png","2288911","4002647c217d4ea36cf821e9291fea987d118908ea0a0b912ac2fb39cfc04998"
"app/src/main/assets/images/ui/victory/library/protoss/golden_armada/celestial_protoss_armada_over_a_dying_world.png","2576687","77ad5fbd7e436767f11f8240ecb69030f0079398335f9c036a4138634d0d7868"
"app/src/main/assets/images/ui/victory/library/protoss/golden_armada/psionic_construct.png","2055861","07402014a042f95c9f0f0bdcb2ebd8eb1f9de181f109f28cc6b28d82106c748b"
"app/src/main/assets/images/ui/victory/library/protoss/khalai/gold_executor.png","2299349","c4c4d7f1061b52d87e2c8c77935c82e4a8dbc1cdc61f032b82293b4dc4f94f21"
"app/src/main/assets/images/ui/victory/library/protoss/khalai/stormbound_pylon_and_lone_templar.png","2227268","0b261c506a6be0996235dd19e8b0aa37e1f44eeb6627f97d40b8810f9cb57b9d"
"app/src/main/assets/images/ui/victory/library/protoss/nerazim/nerazim_templar.png","2423783","c703dcf3cff491f81d02a52fed413b13f49b8000e3218d476ae94d4e89e1596a"
"app/src/main/assets/images/ui/victory/library/protoss/purifier/cyan_core_commander.png","3059263","62480d21b604bd83b2c555ba821940205ecb4d12309f9852a34230230417fb23"
"app/src/main/assets/images/ui/victory/library/protoss/taldarim/crimson_taldarim_battlefield.png","2084935","e1d81972d95796778a667924bcb0d07638eeb6e2de329bcb6942ef8289b184fa"
"app/src/main/assets/images/ui/victory/library/protoss/taldarim/taldarim_ascendant.png","2531380","ecbca2a1a2472a53ea6af4e1a3df549cc733aeed716f90586ab1fe0b80e63f4e"
"app/src/main/assets/images/ui/victory/library/terran/confederacy/confederacy_fireteam.png","2156258","8183fcf4b6198b17e25bd2feb14afd2a9643e0ba4885f4b8b8dc8a27acb867dc"
"app/src/main/assets/images/ui/victory/library/terran/confederacy/confederacy_heavy.png","2371815","336d812583782724c78112453514c8ce6a1144d2e439b15ddef36d3c830b8997"
"app/src/main/assets/images/ui/victory/library/terran/confederacy/confederacy_marine_city.png","2381479","72ff17758735c5f2477428b5330eed7bcde05d322061948b1a0e99a19d08cf9a"
"app/src/main/assets/images/ui/victory/library/terran/confederacy/confederacy_marine.png","1598352","8570c524090e203eed30affb436d4d8743735edd166836d11015ee9e81a8ef02"
"app/src/main/assets/images/ui/victory/library/terran/confederacy/heroic_terran_marines_beneath_a_blue_planet.png","2590844","38d75f2c3bc1f0380af40d953eabff4808941efbab0b19496019da29d444976a"
"app/src/main/assets/images/ui/victory/library/terran/dominion/desert_kiss_of_the_sci_fi_soldier.png","2035150","16f9d376179b9881c489c0743bf0e451c596f4d8718de20aa4660608eb265f58"
"app/src/main/assets/images/ui/victory/library/terran/dominion/dominion_marine.png","2351207","860607747d1b00dd4bce8ffc2daeb24015021aa0dbda83045c132cb3c2dfb0e0"
"app/src/main/assets/images/ui/victory/library/terran/dominion/dominion_mengsk.png","2253225","ef69512b0f86210f0bd7bfcd6f4f17094d95acd37636f8704088cbacd8680c93"
"app/src/main/assets/images/ui/victory/library/terran/dominion/terran_operative_in_the_duststorm.png","1734474","05afd5c6cb936d01ef8d6399535e00eafb3a327465becd308def45d4e611bd1c"
"app/src/main/assets/images/ui/victory/library/terran/generic/alien_hive_before_the_inferno.png","1994535","918bca6993a55c9d7e0c87ddccb6183553c14bd846684561fea5a015700161d1"
"app/src/main/assets/images/ui/victory/library/terran/generic/armoured_marines_amidst_the_burning_ruins.png","2259422","2a1751269c5549d2179bd3cbeb3c72cd0fbcbe7d0e3e775c8f8d43ffa9815756"
"app/src/main/assets/images/ui/victory/library/terran/generic/terran_armored_column.png","2586456","1ca4db850c86483cd063c6e5b4637ff315fecb5ba7cc48d4332bf860112f785a"
"app/src/main/assets/images/ui/victory/library/terran/generic/terran_fleet.png","2524717","cd354898d04a0ed6012ff7da63c725fa3a8aadeb9e6b5f3fe2be333d8af6221d"
"app/src/main/assets/images/ui/victory/library/terran/generic/terran_mechs_under_fire.png","2050646","c292781d2e5a87bc4a333a85725dad876fe129d02dfc205eb68ceb2d9482b100"
"app/src/main/assets/images/ui/victory/library/terran/raynors_raiders/raynors_raiders_after_action.png","2434090","dcc36485eae012e82e07a80764c3879c5edb54df785d4b4834cf12bcec8b0783"
"app/src/main/assets/images/ui/victory/library/terran/raynors_raiders/terran_rider_beneath_alien_skies.png","2620003","a6ca8f914e570ab9329ca1cdec601a716681c8032a2850dbd40f7d6b3848a799"
"app/src/main/assets/images/ui/victory/library/tie/tie_neutral_planet_01.png","1915110","6d0c54ae2a4d4424d2d8430fd903b5909f2845bc0999f2cb435e645a5c3dc1f7"
"app/src/main/assets/images/ui/victory/library/tie/tie_neutral_planet_02.png","1776559","c64dc0a1f52751953a7f57911027d00334596b7080509ba8dfce0350842a854d"
"app/src/main/assets/images/ui/victory/library/tie/tie_neutral_planet_03.png","1770334","155a96cdc9e125bacbdf4973a93dc2e0db543d99b19148dcc0114528941e45a5"
"app/src/main/assets/images/ui/victory/library/tie/tie_neutral_planet_04.png","1659368","266acb14f25cad023e068dde887d482de1e5b7bc5d4203580751888599e6057e"
"app/src/main/assets/images/ui/victory/library/tie/tie_neutral_planet_05.png","1831300","38e3ce16ed36442dc92440dda1ba83999de9189a66a110f65d7db08f4ea76f48"
"app/src/main/assets/images/ui/victory/library/zerg/generic/apocalyptic_zerg_hiveworld_under_crimson_skies.png","2187304","304d0d50e0e6cc8b1a95ef046209e4503fb1b4e8708f974990d05d09f64dc6ff"
"app/src/main/assets/images/ui/victory/library/zerg/generic/horned_behemoth_over_the_ruined_city.png","2171936","a6fdc2011b7cd88eb26d6e3fe5e03be428b3f762c4d5faea784639bd1e2355ae"
"app/src/main/assets/images/ui/victory/library/zerg/generic/zerg_leviathan_over_a_burning_battlefield.png","2266969","72fdbb3b05d4788e77cec2e0ca53065fae96f4d06885b565569cfebe48ed8b85"
"app/src/main/assets/images/ui/victory/library/zerg/swarm/alien_brood_queen_among_glowing_eggs.png","2318711","eb8ea161a08a4ac756d2c753613e0ae77ffa8c5b0185615d840784eb50435098"
"app/src/main/assets/images/ui/victory/library/zerg/swarm/alien_hive_brood_in_bioluminescent_caverns.png","1842892","f818cb5825f50758d061f8faf70f60eb6bf243db019adae2745aab7fa1b9b6cc"
"app/src/main/assets/images/ui/victory/library/zerg/swarm/alien_leviathan_amidst_cosmic_nebula.png","2352676","7fdfc2e90c8adaaf6c36d629fc6ff4fa27bf433d2fca118feb7f1892c7739a46"
"app/src/main/assets/images/ui/victory/library/zerg/swarm/Kerrigan_Queen_of_Blades_S26Ultra.jpg","1137432","9382becfb5b697dc1fb91bc988ec5bfb6e8ccbcf6fbab57147077984d6eaa185"
"app/src/main/assets/images/ui/victory/library/zerg/swarm/Kerrigan_Ruins_S26Ultra.jpg","1999133","5efe91b79225e2714c3cdaad8641dea0eacceb4a931b53de4577d29767ce8c3f"
"app/src/main/assets/images/ui/victory/library/zerg/swarm/zerg_swarm_brood_queen.png","2415090","f116435830990853c37fb7d104fb5351dc51ba0a306b887f7720731f89637bf9"
"app/src/main/assets/images/ui/victory/library/zerg/swarm/zerg_swarm_broodscape.png","2548910","26316089a4de503e60cb35d68b18ca121d592b3d684d9a3b94fdb1562b4acc44"
"app/src/main/assets/images/ui/victory/library/zerg/swarm/zerg_swarm_hunter.png","2544574","eeb27e3ca1e466215099235ccf13c79d2272072d3f319ec77169258facfc698c"
"app/src/main/assets/images/ui/victory/protoss.jpg","796256","7e9d72eaff367c5018fe46793c65ed3053194017526a3bf6e47d49faeb403166"
"app/src/main/assets/images/ui/victory/terran.jpg","1012719","65354feb3524a7da13b16db8150e729ca968f175d7aacf72d45344d55b93ba29"
"app/src/main/assets/images/ui/victory/zerg.jpg","599711","83b9fe6f99dfa89537cdf578797edaaeb278170121999410a22df8c57665b735"
"app/src/main/assets/images/ui/welcome_final.png","4387371","02ab0d796b1d246711ea70b3b3ca90c6b9e5f23d28fa40783af3c12e18d8c49b"
"app/src/main/assets/images/ui/welcome_master_1080x2340.jpg","1511826","6c08c6835ff8a27ac524d8c95d7d20b1d918f41f51b71181837d2e9c25c0ccb9"
"app/src/main/assets/images/units_hd/jim_raynor.jpg","238473","acf64b6d9545e578c3dd51c934160b1a13b18c0851aed80c925cd8cb420c8ab6"
"app/src/main/assets/images/units_hd/kerrigan.jpg","241047","e9ed2e4fd1ca0f00cc18249c6ac32127fb39c95dfe8d06836a235da60e834860"
"app/src/main/assets/images/units_hd/queen.jpg","158016","8798b55128d2b20ea9d927aec684a6b27173b4e1b106640c899318b6b1386e9c"
"app/src/main/assets/rules/abilities.tsv","33032","a1c7104029c35ecd98125e32103738a35e1b21c683470a7f74d9fa49fbbd4d39"
"app/src/main/assets/rules/ability_index.tsv","2655","91c8ac7e40e0e4ac40c18aed19048d286e3578f96288004cc9c7401b26518133"
"app/src/main/assets/rules/core_rules.txt","427856","c35d82ef908fa46d4fe404a47dd4d10fec3dc019e933aae7b26f83bb0f6b073d"
"app/src/main/assets/rules/faq_qa.tsv","22123","68e41dfccb79453eaff7bd34db78d08c43f598259b3a933bb60a9ba32e7a8809"
"app/src/main/assets/rules/faq.txt","33949","3e201de6d6d5a045184afade89a70db1eede531574d8cda845353fd6087cea61"
"app/src/main/assets/rules/glossary.tsv","37524","5440efd40d7d17a769b273d077853d7abfe933f0293675b406f6e8e0488842b0"
"app/src/main/assets/rules/protoss_cards.txt","94130","eaf09f9510a7ca1dbd196c867ffdb5765815dba0b382fea4539470ccf0eab701"
"app/src/main/assets/rules/terran_cards.txt","92702","ef91d557c1727ee222fcfc9a1712230505c6fc13722d8070c1b6c6ddd7142a34"
"app/src/main/assets/rules/zerg_cards.txt","125922","8a2b44ea2b21f68cbb568c220f2bb10d6b42e9183dd2f48b7f06f74a723855ef"
"app/src/main/java/com/sc2tmg/soundboard/AbilityAudio.kt","308","c3b6be893b0fa8bb39845fdcb011059ab88012ef73d5b1e012f12caec2859307"
"app/src/main/java/com/sc2tmg/soundboard/AbilityBehavior.kt","5158","608901778d5597e15bee90e5438709c80a14dbb3650099dd6b3813da876ea013"
"app/src/main/java/com/sc2tmg/soundboard/Catalog.kt","14171","2f0473e74aede48364f088b4915bbea3090d51a894f3cc1347b75f5c75c8beaf"
"app/src/main/java/com/sc2tmg/soundboard/CollectionStore.kt","2018","02e96ea858dc04b90abd3ff0dbc789d87d3a30b49a163c5de22475264eeb3396"
"app/src/main/java/com/sc2tmg/soundboard/GameStateStore.kt","7323","ee599fa516e1d3a02056ca68962ae8b9c4ae750d1871108f18bd31043d97fcf3"
"app/src/main/java/com/sc2tmg/soundboard/MainActivity.kt","484446","86d78b0b839817f452df66c87f0e83d3be60b17a4fbaa9e2ee859d079dba761c"
"app/src/main/java/com/sc2tmg/soundboard/MatchIntroRegistry.kt","6103","a6e94c4fb6e62c9fc4750aac075ae8f991c177acf5a7185c84746d870d6da034"
"app/src/main/java/com/sc2tmg/soundboard/MusicPlayer.kt","35364","9ea0c9c1419b835b07372e2c1e03763f0e65b94c3b28bd196c1ac889a617b1b4"
"app/src/main/java/com/sc2tmg/soundboard/MusicStore.kt","5285","5e61ef9aaec8f7619571d25e38276024be44a2c1e539969a13fa206d4a378dd9"
"app/src/main/java/com/sc2tmg/soundboard/OfficialUpdates.kt","5289","55a752afbef6ae51affe8bfd44856f02055f76dbb7635a15f796eec8d70d2ad4"
"app/src/main/java/com/sc2tmg/soundboard/PendingEffects.kt","14409","2c2262a66f5822227d4f4b9a854f7e156c2512c10f4b8be953d0e135b7654aeb"
"app/src/main/java/com/sc2tmg/soundboard/PhaseAnnouncer.kt","9643","4ba3447b214899268ab17686691b4537c2edab1dc5ef336350d7aabce65bd4eb"
"app/src/main/java/com/sc2tmg/soundboard/PortraitSources.kt","24106","c52d2bab993c9c71d0842a8e6d7fa54642da77c06159f583400a9a64091f3c28"
"app/src/main/java/com/sc2tmg/soundboard/QuickRules.kt","20432","beccda79fc9fe2c932445bc9f83432598e1a0f934e3695213fa48c33de7fc30a"
"app/src/main/java/com/sc2tmg/soundboard/ResultAudioRegistry.kt","5408","8e820c45822f2fb1a067fa56c31438813414516c84fbf3a497286b687b6ad3ce"
"app/src/main/java/com/sc2tmg/soundboard/RulesEngine.kt","178572","6017460db8d08bf3281d7f980790600dc9a35e715f035e732c69df1c65040360"
"app/src/main/java/com/sc2tmg/soundboard/SoundPlayer.kt","63407","9999d856549bf22f48a9aaf9545f91995f6787a67dac8992ecf40d080391e021"
"app/src/main/java/com/sc2tmg/soundboard/ThemeStore.kt","598","b0b56d5db50f55aa7d82e31b4a794f5c8b1ee759bc95e000ae56f41fd7fbf1d6"
"app/src/main/res/drawable/ic_launcher_background.xml","232","7fdfb9afdf41dd80903a8d112274c467aec95dbfaaaa9145c1d5dcc4f46c96b9"
"app/src/main/res/mipmap-anydpi-v26/ic_launcher_round.xml","269","81927c8477f888dcc48c966ed13efcf71428d7709280e32135a516b7a156dd50"
"app/src/main/res/mipmap-anydpi-v26/ic_launcher.xml","269","81927c8477f888dcc48c966ed13efcf71428d7709280e32135a516b7a156dd50"
"app/src/main/res/mipmap-hdpi/ic_launcher_foreground.png","26181","6986085db4c97998596e4c739e8db362dc6b8151db8b090811d8b1363b660177"
"app/src/main/res/mipmap-hdpi/ic_launcher_round.png","9935","05191eb717160a440c9f6333968fc87830f22b52420abcec26ec59aff28c3402"
"app/src/main/res/mipmap-hdpi/ic_launcher.png","9935","05191eb717160a440c9f6333968fc87830f22b52420abcec26ec59aff28c3402"
"app/src/main/res/mipmap-mdpi/ic_launcher_foreground.png","12798","50e047d21583194bdf1facb85852647ecec3d2d4ad79f5076a58d15f255f4461"
"app/src/main/res/mipmap-mdpi/ic_launcher_round.png","4999","4400cb4106da19fee006a2ce76971395d0a7d540b1923f96e81356928e04ae27"
"app/src/main/res/mipmap-mdpi/ic_launcher.png","4999","4400cb4106da19fee006a2ce76971395d0a7d540b1923f96e81356928e04ae27"
"app/src/main/res/mipmap-xhdpi/ic_launcher_foreground.png","43396","d74f9c39e73310e9d97b940133bf01f94930dd4b77c131c0eb60d7fedc17d7d4"
"app/src/main/res/mipmap-xhdpi/ic_launcher_round.png","16259","c54803e9e0151b223f2c71d34f7f0af034a7ab3f9deddd0ca7307ac5db0f3314"
"app/src/main/res/mipmap-xhdpi/ic_launcher.png","16259","c54803e9e0151b223f2c71d34f7f0af034a7ab3f9deddd0ca7307ac5db0f3314"
"app/src/main/res/mipmap-xxhdpi/ic_launcher_foreground.png","91641","d01d81aeef497f86941559201c80dddd1e23e9b9a36fa8a0bbea5e22543ec236"
"app/src/main/res/mipmap-xxhdpi/ic_launcher_round.png","33942","b83f463041f108822bf22a54aa6f6e9e7f7d50fccc9eebd93bd0eedc81757532"
"app/src/main/res/mipmap-xxhdpi/ic_launcher.png","33942","b83f463041f108822bf22a54aa6f6e9e7f7d50fccc9eebd93bd0eedc81757532"
"app/src/main/res/mipmap-xxxhdpi/ic_launcher_foreground.png","153789","4dc3ded76af24e9c0021da7b5a62bb3a55164306f4b4495ef96b258a3cb6283a"
"app/src/main/res/mipmap-xxxhdpi/ic_launcher_round.png","56625","16088d8d0c6bad03d1bd40f46f220bc5574a3cdc2f26aa87ace0deb3fb2db6ea"
"app/src/main/res/mipmap-xxxhdpi/ic_launcher.png","56625","16088d8d0c6bad03d1bd40f46f220bc5574a3cdc2f26aa87ace0deb3fb2db6ea"
"app/src/main/res/values/strings.xml","80","3b4dfd935fd89dc0e6e98130801d759ac1760f5a0c94851b9d4c76c360dd13df"
"app/src/main/res/values/themes.xml","479","bc910a3c225d35c2733d64c852068773fa7a6cca1c29de449f52fc096b4b57c6"
"build.gradle.kts","217","61cd8e15a65a3ded440013250aa5c2bbc875158d0cf2db2e8fc5185ec3c69105"
"gradle.properties","136","678c35a27eeda302d6a960484179d118d08fb1edf05c1b40745bc7aed6e88f03"
"gradle/wrapper/gradle-wrapper.properties","250","3d91f0932da99885c41e9dc4e85c9f9a2d3bfef4f0ad87473014dc0827a94884"
"gradlew","840","7ea05b3a30e4cea8b454a7f5643f6a3aae75f83a50a870e05cba5865bf49dcee"
"gradlew.bat","826","8a36254cc7120133054a4a8c798d1d53b2fa6a71e2413e8b5321a674e051ea41"
"settings.gradle.kts","333","4c16b819b2eac20e3074e26d79f1adb2b511d8a14b4a67d7d066d18b030b8fe0"
